event_id,start_date,end_date,duration_days,centroid_lat,centroid_lon,spatial_extent_m,detection_count,mean_frp,max_frp,night_fraction,status,nearest_osm_industrial_power_m,nearest_gppd_thermal_plant_m,nearest_osm_flare_m,nearest_osm_kiln_m,overlaps_cluster_id,overlaps_cluster_recurrence_strength,overlaps_cluster_recurs_multiyear,land_cover_code,land_cover_class
EVT2026_000000,2026-01-01,2026-01-02,2,21.433833333333336,72.97663666666666,274.5,3,1.667,2.49,1.0,closed,1921.4965156276637,10397.13102307616,,,50,Limited,True,10,Tree cover
EVT2026_000001,2026-01-01,2026-01-02,2,22.33953,69.85567499999999,50.7,2,2.01,2.71,1.0,closed,564.7571601172252,9486.661859645717,1038.206656159879,,23,Limited,True,50,Built-up
EVT2026_000002,2026-01-01,2026-01-02,2,22.36484,73.115455,38.1,2,2.195,2.48,1.0,closed,757.6889982318401,1867.0023424404721,,,11,Limited,True,50,Built-up
EVT2026_000003,2026-01-01,2026-01-02,2,22.417265,69.03955166666667,352.4,6,2.018,4.88,0.6667,closed,154.72415971035954,,,14230.783586808688,17,Moderate,True,10,Tree cover
EVT2026_000004,2026-01-01,2026-01-02,2,22.926065,69.82428999999999,161.7,2,0.87,0.97,1.0,closed,151.21328497769926,,,,10,Moderate,True,50,Built-up
EVT2026_000005,2026-01-01,2026-01-02,2,23.056355,69.994675,30.7,2,0.445,0.45,1.0,closed,2125.0968430715575,,,,,,,60,Bare/sparse vegetation
EVT2026_000006,2026-01-01,2026-01-02,2,23.265704999999997,70.28138,151.4,2,0.4,0.41,1.0,closed,208.82361509554036,,,,13,Limited,True,50,Built-up
EVT2026_000007,2026-01-01,2026-01-02,2,23.267509999999998,70.25853,59.1,3,0.67,0.93,1.0,closed,363.62808812190684,,,,12,Limited,True,40,Cropland
EVT2026_000008,2026-01-01,2026-01-02,2,23.315625,70.48647,68.8,2,1.005,1.14,1.0,closed,335.73333199924423,,,,19,Moderate,True,60,Bare/sparse vegetation
EVT2026_000009,2026-01-01,2026-01-02,2,24.689976666666666,73.0033,226.8,3,1.28,1.76,1.0,closed,239.41778133963388,721.4637401221588,,,15,Moderate,True,50,Built-up
EVT2026_000010,2026-01-01,2026-01-08,8,22.336439000000002,69.86701400000001,527.8,10,1.84,3.06,0.9,closed,58.79219493597682,10218.483464879508,667.0722992959568,,9,Moderate,True,50,Built-up
EVT2026_000011,2026-01-01,2026-01-14,14,20.910452499999998,71.459639375,368.7,16,1.14,1.7,1.0,closed,300.8457642255623,1656.4963534279175,,,7,Strong,True,50,Built-up
EVT2026_000012,2026-01-01,2026-01-15,15,22.9302275,70.10743975,465.1,40,3.385,11.73,0.675,closed,731.342498875268,,,,30,Moderate,True,60,Bare/sparse vegetation
EVT2026_000013,2026-01-01,2026-01-18,18,22.932576785714286,69.70239714285715,426.1,28,0.878,2.38,0.9643,closed,134.22323896138738,19547.079114433338,,,1,Moderate,True,10,Tree cover
EVT2026_000014,2026-01-01,2026-03-09,68,21.10513216828479,72.6409184789644,1992.7,618,5.824,46.92,0.7265,closed,601.5971523687812,1599.8322476100373,,,0,Strong,True,60,Bare/sparse vegetation
EVT2026_000015,2026-01-02,2026-01-02,1,20.3557,72.95051000000001,187.2,2,0.71,0.71,1.0,closed,670.2247055299677,,,,,,,50,Built-up
EVT2026_000016,2026-01-02,2026-01-02,1,21.255985000000003,71.595475,200.3,2,2.47,2.47,0.0,closed,1642.4070371906512,,,,,,,40,Cropland
EVT2026_000017,2026-01-02,2026-01-02,1,21.51509,71.35349500000001,306.7,2,1.86,3.27,0.5,closed,2252.072764815044,,,,,,,40,Cropland
EVT2026_000018,2026-01-02,2026-01-02,1,21.542205,70.78722,193.6,2,2.73,2.73,0.0,closed,1280.0055140505683,,,,,,,40,Cropland
EVT2026_000019,2026-01-02,2026-01-02,1,22.170254999999997,70.98758000000001,191.3,2,5.13,5.96,0.0,closed,3123.109519224326,,,,,,,40,Cropland
EVT2026_000020,2026-01-02,2026-01-02,1,22.21153,72.041775,195.7,2,2.7,2.7,0.0,closed,10171.655410264022,,,,,,,40,Cropland
EVT2026_000021,2026-01-02,2026-01-02,1,22.35636,70.90463,190.8,2,4.28,4.28,0.0,closed,131.033793580858,,,,,,,50,Built-up
EVT2026_000022,2026-01-02,2026-01-02,1,22.76348,70.68569000000001,383.9,3,3.793,4.45,0.0,closed,162.55955923432398,,,,,,,50,Built-up
EVT2026_000023,2026-01-02,2026-01-02,1,23.323046666666666,70.56089333333334,303.3,3,3.21,3.21,0.0,closed,3198.1688201789007,,,,,,,20,Shrubland
EVT2026_000024,2026-01-02,2026-01-03,2,21.091575,72.65322,119.6,2,0.735,0.74,1.0,closed,1276.3471222696853,2167.8401597429843,,,,,,60,Bare/sparse vegetation
EVT2026_000025,2026-01-02,2026-01-03,2,21.786600000000004,72.14004,251.9,3,0.683,0.75,1.0,closed,1529.3138590604492,,,,,,,50,Built-up
EVT2026_000026,2026-01-02,2026-01-03,2,22.4008,69.01925,212.5,2,1.225,1.36,1.0,closed,61.47767520031999,,,12544.650743406626,27,Limited,True,50,Built-up
EVT2026_000027,2026-01-02,2026-01-03,2,22.654315,70.98255,94.9,2,0.685,0.84,1.0,closed,1338.8016250355872,,,,,,,20,Shrubland
EVT2026_000028,2026-01-02,2026-01-03,2,23.154004999999998,68.74483000000001,202.8,2,3.28,3.33,0.0,closed,1333.6571557230045,,,,,,,20,Shrubland
EVT2026_000029,2026-01-02,2026-01-03,2,23.1633525,69.766415,329.9,4,5.428,6.52,0.0,closed,716.8535883418883,,,,,,,40,Cropland
EVT2026_000030,2026-01-03,2026-01-03,1,21.032436666666666,70.75456,504.0,3,7.807,8.56,0.0,closed,8634.093137128435,,,,,,,20,Shrubland
EVT2026_000031,2026-01-03,2026-01-03,1,21.33118,73.02555666666666,237.2,3,1.043,1.96,1.0,closed,1956.2994651862502,3894.023915538928,,,,,,40,Cropland
EVT2026_000032,2026-01-03,2026-01-03,1,23.428325,68.71316,112.5,2,0.43,0.47,1.0,closed,269.7170996692785,,,,20,Moderate,True,50,Built-up
EVT2026_000033,2026-01-04,2026-01-04,1,20.3575,72.947745,168.4,2,0.64,0.64,1.0,closed,320.3461898875664,,,,,,,40,Cropland
EVT2026_000034,2026-01-04,2026-01-04,1,20.838945000000002,70.7924,390.3,4,5.035,6.93,0.0,closed,1133.3626824734552,,,,,,,40,Cropland
EVT2026_000035,2026-01-04,2026-01-04,1,21.007983333333332,70.80784333333334,476.6,3,7.15,7.15,0.0,closed,9378.970594919028,,,,,,,20,Shrubland
EVT2026_000036,2026-01-04,2026-01-04,1,21.04934,70.844425,48.6,2,6.655,6.96,0.0,closed,15287.814743652321,,,,,,,20,Shrubland
EVT2026_000037,2026-01-04,2026-01-04,1,21.649859999999997,74.44019,140.3,2,8.735,9.72,0.0,closed,3823.8518541253675,,,,,,,40,Cropland
EVT2026_000038,2026-01-04,2026-01-04,1,23.04638,70.13472,155.9,2,1.3,1.36,1.0,closed,479.6921802735501,,,,,,,20,Shrubland
EVT2026_000039,2026-01-04,2026-01-05,2,22.129585,72.765465,54.1,2,0.345,0.38,1.0,closed,2445.1894839235097,12311.42100116268,,,51,Limited,True,40,Cropland
EVT2026_000040,2026-01-04,2026-01-05,2,22.364734,73.111208,757.5,5,2.404,4.51,1.0,closed,1144.8074197503108,1571.6047066652482,,,11,Limited,True,10,Tree cover
EVT2026_000041,2026-01-04,2026-01-07,4,23.49704,68.57786,285.5,6,1.2,1.91,1.0,closed,266.06348581983235,,,,,,,60,Bare/sparse vegetation
EVT2026_000042,2026-01-04,2026-01-23,20,22.41661227272727,69.03935681818182,389.8,44,1.566,5.2,0.8409,closed,81.74522958580398,,,14157.968020307457,17,Moderate,True,60,Bare/sparse vegetation
EVT2026_000043,2026-01-05,2026-01-05,1,20.03275,73.964225,202.8,2,4.97,5.63,0.0,closed,7218.289833059996,,,,,,,40,Cropland
EVT2026_000044,2026-01-05,2026-01-05,1,20.419705,72.892325,33.7,2,4.04,4.05,0.0,closed,103.37675441645835,,,,,,,50,Built-up
EVT2026_000045,2026-01-05,2026-01-05,1,21.011546000000003,70.791864,623.8,5,4.45,6.36,0.0,closed,9053.200985548923,,,,,,,30,Grassland
EVT2026_000046,2026-01-05,2026-01-05,1,21.200025,73.09761499999999,124.4,2,3.74,4.07,0.0,closed,3254.743907755211,19168.441450873128,,,,,,40,Cropland
EVT2026_000047,2026-01-05,2026-01-05,1,21.434350000000002,72.97604000000001,236.7,2,1.985,2.2,1.0,closed,1945.0496865476441,10462.160481259276,,,50,Limited,True,10,Tree cover
EVT2026_000048,2026-01-05,2026-01-05,1,22.05816333333333,70.04853666666666,290.1,3,3.49,4.0,0.0,closed,385.89512725898874,,,,,,,20,Shrubland
EVT2026_000049,2026-01-05,2026-01-05,1,22.17002,72.05425500000001,206.4,2,4.74,4.74,0.0,closed,10127.792255981654,,,,,,,40,Cropland
EVT2026_000050,2026-01-05,2026-01-05,1,23.122085,70.08394,268.5,2,1.22,1.22,1.0,closed,724.3875739500465,,,,5,Moderate,True,60,Bare/sparse vegetation
EVT2026_000051,2026-01-05,2026-01-07,3,24.689974,73.002846,246.2,5,1.182,1.42,1.0,closed,233.27716355640825,712.8834099364034,,,15,Moderate,True,60,Bare/sparse vegetation
EVT2026_000052,2026-01-06,2026-01-06,1,21.658215,74.47561999999999,155.2,2,5.75,6.52,0.0,closed,1139.8860286500806,,,,,,,40,Cropland
EVT2026_000053,2026-01-06,2026-01-06,1,22.04136,70.39883499999999,175.6,2,1.915,2.35,0.0,closed,659.5082433370933,,,,,,,40,Cropland
EVT2026_000054,2026-01-06,2026-01-06,1,23.40327,68.8845,197.8,2,3.87,4.21,0.0,closed,2271.981296939746,,,,,,,20,Shrubland
EVT2026_000055,2026-01-06,2026-01-07,2,21.391280000000002,70.584495,307.8,2,13.94,25.11,0.0,closed,4596.8746302955315,,,,,,,60,Bare/sparse vegetation
EVT2026_000056,2026-01-06,2026-01-07,2,22.32971,69.749945,43.8,2,1.17,1.48,1.0,closed,574.252185759419,1129.7718320596096,1259.3759361216266,,16,Limited,True,50,Built-up
EVT2026_000057,2026-01-06,2026-01-07,2,22.401114999999997,69.01934,163.7,2,0.65,0.74,1.0,closed,97.0443154392352,,,12577.870661144527,27,Limited,True,50,Built-up
EVT2026_000058,2026-01-06,2026-01-07,2,23.24707,69.86918,95.1,2,0.77,0.83,1.0,closed,419.6736155650065,,,,,,,50,Built-up
EVT2026_000059,2026-01-06,2026-01-07,2,23.26607,70.281285,141.9,2,0.6,0.64,1.0,closed,173.65068904527473,,,,13,Limited,True,60,Bare/sparse vegetation
EVT2026_000060,2026-01-06,2026-01-07,2,23.266395000000003,70.25775,165.3,2,0.71,0.87,1.0,closed,273.44409970561986,,,,12,Limited,True,20,Shrubland
EVT2026_000061,2026-01-06,2026-01-07,2,23.43037,68.7089625,374.6,4,1.488,2.7,0.5,closed,370.44382884470497,,,,20,Moderate,True,60,Bare/sparse vegetation
EVT2026_000062,2026-01-06,2026-01-07,2,23.690835,68.83173500000001,108.8,2,0.615,0.81,1.0,closed,2593.0269108376524,5761.184841030213,,,,,,60,Bare/sparse vegetation
EVT2026_000063,2026-01-06,2026-01-08,3,21.09321,72.65146333333333,202.4,3,0.793,0.88,1.0,closed,1188.4654352144391,2011.8932693850802,,,,,,10,Tree cover
EVT2026_000064,2026-01-06,2026-01-08,3,22.339673333333334,69.85345666666666,164.5,3,2.237,2.7,1.0,closed,761.1232512827258,9404.474727207531,1254.603388910516,,23,Limited,True,50,Built-up
EVT2026_000065,2026-01-06,2026-01-08,3,23.3158675,70.4864225,180.3,4,0.948,1.18,1.0,closed,326.16570819149683,,,,19,Moderate,True,60,Bare/sparse vegetation
EVT2026_000066,2026-01-07,2026-01-07,1,21.751064999999997,72.682385,200.1,2,3.74,3.74,0.0,closed,551.5654223940553,9069.41171567942,10189.473180175042,,,,,40,Cropland
EVT2026_000067,2026-01-07,2026-01-07,1,23.113875,69.42172,52.5,2,4.24,5.91,0.0,closed,133.9732065532509,,,,,,,40,Cropland
EVT2026_000068,2026-01-07,2026-01-07,1,23.452375,72.50422499999999,190.7,2,2.51,2.51,0.0,closed,997.2657294003443,,,,,,,10,Tree cover
EVT2026_000069,2026-01-07,2026-01-07,1,23.549979999999998,68.67857000000001,193.1,2,3.0,3.0,0.0,closed,570.1444434294442,16518.886992079075,,,,,,40,Cropland
EVT2026_000070,2026-01-07,2026-01-07,1,24.115569999999998,69.549515,209.0,2,0.72,0.88,1.0,closed,4904.38146283884,,,,,,,20,Shrubland
EVT2026_000071,2026-01-07,2026-01-07,1,24.549975,69.11221499999999,189.1,2,3.16,3.48,0.0,closed,15057.718477854478,,,,,,,40,Cropland
EVT2026_000072,2026-01-07,2026-01-08,2,21.09888,72.620945,97.6,2,0.945,1.26,1.0,closed,185.98588875874793,3781.069335568229,,,,,,40,Cropland
EVT2026_000073,2026-01-07,2026-01-08,2,23.10407,70.18780000000001,95.1,2,0.655,0.69,1.0,closed,298.9419079605957,,,,21,Moderate,True,60,Bare/sparse vegetation
EVT2026_000074,2026-01-07,2026-01-17,11,22.9261625,69.82317583333334,226.6,12,0.731,0.9,1.0,closed,174.93423731360699,,,,10,Moderate,True,40,Cropland
EVT2026_000075,2026-01-07,2026-01-18,12,22.365958,73.11592900000001,738.8,20,2.277,3.82,0.9,closed,795.243514577008,1827.1227341167562,,,11,Limited,True,50,Built-up
EVT2026_000076,2026-01-08,2026-01-08,1,20.4331825,74.2587075,442.0,4,4.697,4.97,0.0,closed,100.87128953018505,,,,,,,50,Built-up
EVT2026_000077,2026-01-08,2026-01-08,1,20.791706666666666,74.35320333333334,383.4,3,8.263,8.67,0.0,closed,129.0431267659941,,,,,,,30,Grassland
EVT2026_000078,2026-01-08,2026-01-08,1,20.9242825,74.2798075,469.6,4,8.77,10.87,0.0,closed,132.10268317384057,,,,,,,40,Cropland
EVT2026_000079,2026-01-08,2026-01-08,1,21.0589,70.867965,219.9,2,0.725,1.07,1.0,closed,15916.094281708927,,,,,,,20,Shrubland
EVT2026_000080,2026-01-08,2026-01-08,1,21.081558,74.385196,486.8,5,6.168,7.71,0.0,closed,2645.4505466769942,,,,,,,20,Shrubland
EVT2026_000081,2026-01-08,2026-01-08,1,21.0880175,74.35436583333333,841.4,12,7.457,10.05,0.0,closed,35.04943154834723,,,,,,,60,Bare/sparse vegetation
EVT2026_000082,2026-01-08,2026-01-08,1,21.098936666666667,72.84857666666666,240.1,3,11.76,15.76,0.3333,closed,778.5479579358042,14585.045341801351,,,,,,10,Tree cover
EVT2026_000083,2026-01-08,2026-01-08,1,21.23729,74.43764666666667,299.8,3,4.907,8.22,0.0,closed,169.4748026951396,,,,,,,60,Bare/sparse vegetation
EVT2026_000084,2026-01-08,2026-01-08,1,21.622915,73.049875,198.5,2,0.76,0.76,1.0,closed,305.66858510164536,18939.772461339304,,,,,,50,Built-up
EVT2026_000085,2026-01-08,2026-01-08,1,22.49256,73.47545500000001,90.2,2,0.43,0.49,1.0,closed,1523.3164119321605,,,,,,,40,Cropland
EVT2026_000086,2026-01-08,2026-01-08,1,22.820415,69.67197,194.4,2,1.865,2.47,0.0,closed,2125.6904172926997,12176.150716842489,,,,,,40,Cropland
EVT2026_000087,2026-01-08,2026-01-08,1,23.520654999999998,73.519455,192.5,2,2.825,3.09,0.0,closed,3739.270905866619,,,,,,,40,Cropland
EVT2026_000088,2026-01-08,2026-01-08,1,24.488100000000003,71.57374,99.4,2,3.325,3.82,0.0,closed,10345.554287515019,,,,,,,40,Cropland
EVT2026_000089,2026-01-08,2026-01-09,2,22.430039999999998,69.832615,182.8,2,0.65,1.02,1.0,closed,281.58587365956015,1149.498378743548,10326.947938154597,,31,Limited,True,50,Built-up
EVT2026_000090,2026-01-08,2026-01-09,2,23.32705,70.21253,120.2,2,0.74,0.79,1.0,closed,372.53003467143657,,,,34,Limited,True,40,Cropland
EVT2026_000091,2026-01-08,2026-01-12,5,23.313244,70.198328,224.1,5,0.762,0.96,1.0,closed,308.31546206165535,,,,14,Limited,True,50,Built-up
EVT2026_000092,2026-01-09,2026-01-09,1,21.52953,74.20181,234.6,2,4.785,5.06,0.0,closed,149.08095015457414,,,,,,,40,Cropland
EVT2026_000093,2026-01-09,2026-01-09,1,21.80114,73.27234,124.0,2,5.11,5.56,0.0,closed,2265.2328181843927,16586.72513824427,,,,,,10,Tree cover
EVT2026_000094,2026-01-09,2026-01-09,1,22.13033,72.185535,176.9,2,7.39,8.24,0.0,closed,4204.073294002226,,,,,,,40,Cropland
EVT2026_000095,2026-01-10,2026-01-10,1,21.280929999999998,73.195285,207.1,2,5.705,7.05,0.0,closed,2881.514831730334,15877.330442192648,,,,,,10,Tree cover
EVT2026_000096,2026-01-10,2026-01-10,1,21.639525,74.271505,157.7,2,0.62,0.66,1.0,closed,8379.646549957319,,,,,,,40,Cropland
EVT2026_000097,2026-01-10,2026-01-10,1,22.083125000000003,72.09440000000001,144.0,2,2.8,3.11,0.0,closed,14944.937901376188,,,,,,,40,Cropland
EVT2026_000098,2026-01-10,2026-01-10,1,23.134034999999997,68.73078000000001,283.3,2,3.175,3.18,0.0,closed,2707.4967740324337,,,,,,,30,Grassland
EVT2026_000099,2026-01-10,2026-01-10,1,24.45731,69.366185,187.9,2,4.9,4.94,0.0,closed,,,,,,,,40,Cropland
EVT2026_000100,2026-01-10,2026-01-11,2,20.355866666666667,72.94803666666667,99.4,3,2.173,3.19,1.0,closed,477.30199095989167,,,,,,,10,Tree cover
EVT2026_000101,2026-01-10,2026-01-11,2,20.78138,73.94406000000001,320.9,2,1.13,1.7,1.0,closed,18132.650465756073,,,,,,,20,Shrubland
EVT2026_000102,2026-01-10,2026-01-11,2,21.09965,72.62107333333334,269.6,3,1.743,2.49,1.0,closed,266.620895395472,3738.862167761675,,,,,,40,Cropland
EVT2026_000103,2026-01-10,2026-01-12,3,24.689890000000002,73.00136333333334,40.2,3,1.313,1.99,1.0,closed,279.7084087751699,713.5705453853218,,,15,Moderate,True,50,Built-up
EVT2026_000104,2026-01-10,2026-01-13,4,21.093351666666667,72.65327833333333,295.4,6,1.03,2.02,1.0,closed,1360.7392810874321,1970.5158644412045,,,,,,60,Bare/sparse vegetation
EVT2026_000105,2026-01-10,2026-01-13,4,23.429822,68.71333200000001,277.7,5,0.95,1.45,1.0,closed,123.58888260226448,,,,20,Moderate,True,50,Built-up
EVT2026_000106,2026-01-10,2026-01-14,5,23.315842,70.48765599999999,264.6,5,0.614,0.83,1.0,closed,225.5166352381977,,,,19,Moderate,True,60,Bare/sparse vegetation
EVT2026_000107,2026-01-11,2026-01-11,1,20.877325,70.858105,95.2,2,5.575,5.8,0.0,closed,2816.8473249540757,,,,,,,40,Cropland
EVT2026_000108,2026-01-11,2026-01-11,1,21.20594,72.683075,179.5,2,3.96,4.95,0.0,closed,1743.1821021085198,3476.5487669029994,,,,,,40,Cropland
EVT2026_000109,2026-01-11,2026-01-11,1,21.434595,72.9773,208.9,2,0.97,1.47,1.0,closed,2028.5890223650483,10472.626389898449,,,50,Limited,True,10,Tree cover
EVT2026_000110,2026-01-11,2026-01-11,1,21.721046666666666,72.75985,384.5,3,5.78,8.82,0.0,closed,415.86445138621514,14646.014178427607,16254.045598694485,,,,,40,Cropland
EVT2026_000111,2026-01-11,2026-01-11,1,23.09639,69.98787,226.3,2,2.97,2.97,0.0,closed,322.67845072565785,,,,,,,10,Tree cover
EVT2026_000112,2026-01-11,2026-01-12,2,23.247475,69.867505,68.7,2,0.965,0.97,1.0,closed,420.8231347860694,,,,,,,50,Built-up
EVT2026_000113,2026-01-11,2026-01-13,3,20.868003333333334,70.56458333333333,165.0,3,0.66,0.79,1.0,closed,128.75528062848767,,,,26,Limited,True,50,Built-up
EVT2026_000114,2026-01-11,2026-01-13,3,22.430809999999997,69.83235666666667,166.9,3,0.67,0.75,1.0,closed,320.13846909851407,1215.707845450156,10416.547293768257,,31,Limited,True,10,Tree cover
EVT2026_000115,2026-01-11,2026-01-14,4,23.266615,70.282155,235.9,4,0.34,0.39,1.0,closed,227.050197390766,,,,13,Limited,True,50,Built-up
EVT2026_000116,2026-01-11,2026-01-15,5,22.336534999999998,69.86725833333334,634.4,6,2.817,3.96,0.8333,closed,74.87998466346681,10218.683420389252,663.8092870769152,,9,Moderate,True,50,Built-up
EVT2026_000117,2026-01-12,2026-01-12,1,21.502299999999998,73.01633000000001,230.9,2,5.78,5.78,0.0,closed,1638.895370251286,14940.542338876834,,,,,,30,Grassland
EVT2026_000118,2026-01-12,2026-01-12,1,23.00553,72.305275,88.9,2,4.525,5.44,0.0,closed,1752.2672919030188,,,,,,,40,Cropland
EVT2026_000119,2026-01-12,2026-01-13,2,22.400365,69.01921999999999,121.1,2,0.955,1.01,1.0,closed,13.254403629502047,,,12497.317157138543,27,Limited,True,50,Built-up
EVT2026_000120,2026-01-12,2026-01-13,2,23.25686,70.26219499999999,157.7,2,0.695,0.86,1.0,closed,767.4959348105099,,,,29,Limited,True,60,Bare/sparse vegetation
EVT2026_000121,2026-01-12,2026-01-13,2,24.65786,73.876045,79.7,2,0.99,1.17,1.0,closed,122.96371649978714,,,,53,Limited,True,50,Built-up
EVT2026_000122,2026-01-12,2026-01-15,4,22.129625,72.764655,244.8,4,0.455,0.64,1.0,closed,2413.316179704396,12297.885526321157,,,51,Limited,True,40,Cropland
EVT2026_000123,2026-01-12,2026-01-15,4,22.339304285714288,69.85430428571428,305.2,7,2.436,3.83,1.0,closed,699.3829800420949,9468.748957703081,1180.5301089379059,,23,Limited,True,50,Built-up
EVT2026_000124,2026-01-13,2026-01-13,1,21.16644666666667,72.71993333333334,303.2,3,4.757,5.69,0.0,closed,79.61099291878242,3455.0275253392965,,,,,,50,Built-up
EVT2026_000125,2026-01-13,2026-01-13,1,21.617325,70.98974,204.1,2,4.155,5.66,0.0,closed,1409.7141389561089,,,,,,,40,Cropland
EVT2026_000126,2026-01-13,2026-01-13,1,21.892748333333333,72.89841166666666,445.8,6,2.607,3.18,0.0,closed,181.77748680391036,15045.515131301105,,,,,,50,Built-up
EVT2026_000127,2026-01-13,2026-01-13,1,22.149618333333336,72.72639,543.9,6,3.247,3.58,0.0,closed,5306.009788301294,10347.0931603993,,,,,,40,Cropland
EVT2026_000128,2026-01-13,2026-01-13,1,22.322944999999997,72.44575499999999,191.4,2,3.29,3.97,0.0,closed,758.7329000758514,,,,,,,40,Cropland
EVT2026_000129,2026-01-13,2026-01-13,1,22.742778571428573,72.18384142857143,661.7,7,4.667,5.01,0.0,closed,572.5772507215934,,,,,,,40,Cropland
EVT2026_000130,2026-01-13,2026-01-13,1,23.473913333333332,71.97226666666667,305.0,3,8.71,18.71,0.0,closed,3760.4368793273757,,,,,,,40,Cropland
EVT2026_000131,2026-01-13,2026-01-13,1,23.674979999999998,72.00860499999999,206.5,2,6.97,6.97,0.0,closed,837.632914844463,,,,,,,20,Shrubland
EVT2026_000132,2026-01-13,2026-01-13,1,23.79223,72.00920500000001,192.1,2,2.64,2.77,0.0,closed,1843.2823522714848,,,,,,,40,Cropland
EVT2026_000133,2026-01-13,2026-01-13,1,23.853656666666666,72.05891333333334,272.4,3,2.617,3.15,0.0,closed,184.72990283112398,,,,,,,40,Cropland
EVT2026_000134,2026-01-13,2026-01-14,2,21.098263333333335,72.61975333333334,119.1,3,1.5,1.88,1.0,closed,209.0574919951193,3921.067886575969,,,,,,80,Water bodies
EVT2026_000135,2026-01-13,2026-01-14,2,23.593049999999998,68.787275,174.1,2,2.68,2.98,0.0,closed,4028.2032345987914,7739.543443106769,,,,,,20,Shrubland
EVT2026_000136,2026-01-14,2026-01-14,1,21.395136666666662,72.95511,235.9,3,1.007,1.54,1.0,closed,1033.8434461352547,6984.621547056338,,,,,,40,Cropland
EVT2026_000137,2026-01-14,2026-01-14,1,22.379655,73.148415,237.1,2,1.07,1.07,1.0,closed,534.8065633770375,4822.385822490876,,,,,,10,Tree cover
EVT2026_000138,2026-01-14,2026-01-14,1,22.431886666666667,69.0167,238.8,3,4.91,8.45,0.0,closed,2268.671394181096,,,16003.201475841322,,,,40,Cropland
EVT2026_000139,2026-01-14,2026-01-14,1,22.62169,72.03046499999999,135.5,2,35.925,36.47,0.0,closed,7659.448968543634,,,,,,,80,Water bodies
EVT2026_000140,2026-01-14,2026-01-17,4,23.043,68.86659909090909,493.8,11,7.033,11.25,0.0,closed,460.8330963233283,,,,,,,20,Shrubland
EVT2026_000141,2026-01-14,2026-01-18,5,23.313275,70.19920499999999,297.6,6,0.783,1.0,1.0,closed,249.24317740338776,,,,14,Limited,True,60,Bare/sparse vegetation
EVT2026_000142,2026-01-15,2026-01-15,1,21.20686,71.03658,279.9,2,1.335,1.53,1.0,closed,4965.72823760962,,,,,,,20,Shrubland
EVT2026_000143,2026-01-15,2026-01-15,1,21.72645,72.740655,20.5,2,3.265,3.56,0.0,closed,985.6048224866441,12882.067470160779,14448.249634285155,,,,,40,Cropland
EVT2026_000144,2026-01-15,2026-01-15,1,21.752760000000002,69.51879,41.3,2,4.995,5.05,0.0,closed,1084.5911523116258,,,,,,,40,Cropland
EVT2026_000145,2026-01-15,2026-01-15,1,23.1144,70.08378,91.1,2,1.34,1.48,1.0,closed,313.92865440852114,,,,5,Moderate,True,50,Built-up
EVT2026_000146,2026-01-15,2026-01-15,1,24.560715000000002,68.99646000000001,10.9,2,5.4,5.44,0.0,closed,9510.05230522459,,,,,,,40,Cropland
EVT2026_000147,2026-01-15,2026-01-17,3,23.496856666666663,68.57785333333334,138.4,3,1.79,2.3,1.0,closed,286.3688563012429,,,,,,,60,Bare/sparse vegetation
EVT2026_000148,2026-01-15,2026-01-18,4,24.69071166666667,73.00253500000001,311.7,6,1.01,1.54,1.0,closed,152.51014444649908,627.0941374495675,,,15,Moderate,True,50,Built-up
EVT2026_000149,2026-01-16,2026-01-16,1,23.1118,70.16313500000001,93.0,2,6.215,7.08,0.0,closed,191.4248164426687,,,,,,,50,Built-up
EVT2026_000150,2026-01-16,2026-01-16,1,23.256165000000003,70.262925,244.9,2,0.64,0.64,1.0,closed,869.8955997709678,,,,29,Limited,True,60,Bare/sparse vegetation
EVT2026_000151,2026-01-16,2026-01-16,1,23.477475,71.97641999999999,285.5,2,6.835,9.03,0.0,closed,3180.5533663121473,,,,,,,40,Cropland
EVT2026_000152,2026-01-16,2026-01-17,2,22.908176666666666,69.70032333333334,143.4,3,1.15,1.59,1.0,closed,181.28116106536075,17802.36510611565,,,22,Limited,True,10,Tree cover
EVT2026_000153,2026-01-16,2026-01-18,3,20.35573,72.94919,266.0,4,1.302,2.13,1.0,closed,565.4395563876974,,,,,,,50,Built-up
EVT2026_000154,2026-01-16,2026-01-25,10,20.9097425,71.45942666666666,259.6,12,1.291,1.84,1.0,closed,262.7777175431699,1608.4008531404015,,,7,Strong,True,50,Built-up
EVT2026_000155,2026-01-17,2026-01-17,1,22.421155,73.133355,221.9,2,0.57,0.57,1.0,closed,1463.4864567289642,6002.078235272816,,,,,,10,Tree cover
EVT2026_000156,2026-01-17,2026-01-17,1,22.892825000000002,70.90638,200.4,2,5.44,6.5,0.0,closed,2505.8889979746777,,,,,,,20,Shrubland
EVT2026_000157,2026-01-17,2026-01-17,1,22.994925000000002,72.289045,165.2,2,0.695,0.77,1.0,closed,396.5915970909003,,,,,,,10,Tree cover
EVT2026_000158,2026-01-17,2026-01-17,1,23.407185,72.41659999999999,165.5,2,0.735,0.89,1.0,closed,501.13965299945977,,,,18,Limited,True,40,Cropland
EVT2026_000159,2026-01-17,2026-01-17,1,23.811595,71.041805,123.6,2,7.135,7.54,0.0,closed,12400.133448285476,,,,,,,20,Shrubland
EVT2026_000160,2026-01-17,2026-01-18,2,22.33671,69.866685,109.4,4,1.828,2.6,1.0,closed,13.494237263969207,10177.421235293627,629.7059760238691,,9,Moderate,True,50,Built-up
EVT2026_000161,2026-01-17,2026-01-18,2,22.33883,69.85483666666666,86.4,3,2.057,2.73,1.0,closed,679.5327027784381,9535.167825279692,1144.3504334056724,,23,Limited,True,50,Built-up
EVT2026_000162,2026-01-17,2026-01-18,2,23.248185,69.868965,45.3,2,0.705,0.79,1.0,closed,298.33581335615395,,,,,,,50,Built-up
EVT2026_000163,2026-01-17,2026-01-18,2,23.41862,68.60216666666666,298.5,3,7.853,15.85,0.0,closed,1376.503867782078,,,,,,,20,Shrubland
EVT2026_000164,2026-01-17,2026-01-19,3,21.0995275,72.62045499999999,314.6,4,2.308,3.2,0.75,closed,271.13326174472684,3803.850363835992,,,,,,80,Water bodies
EVT2026_000165,2026-01-17,2026-01-19,3,22.92974,70.10708,180.6,3,0.897,1.04,1.0,closed,706.4984176903974,,,,30,Moderate,True,60,Bare/sparse vegetation
EVT2026_000166,2026-01-17,2026-01-19,3,23.430646666666664,68.71137,112.4,3,0.82,0.93,1.0,closed,123.19215871038108,,,,20,Moderate,True,50,Built-up
EVT2026_000167,2026-01-18,2026-01-18,1,21.42532,71.17719500000001,204.4,2,3.03,3.03,0.0,closed,2104.3912197641475,,,,,,,40,Cropland
EVT2026_000168,2026-01-18,2026-01-18,1,21.42685,71.60814333333333,294.7,3,2.81,3.5,0.0,closed,43.078499082876206,,,,,,,20,Shrubland
EVT2026_000169,2026-01-18,2026-01-18,1,21.627525,74.467005,189.5,2,5.88,5.88,0.0,closed,2512.254224676622,,,,,,,40,Cropland
EVT2026_000170,2026-01-18,2026-01-18,1,21.631690000000003,71.3875,379.1,3,3.39,4.19,0.0,closed,715.1636717214102,,,,,,,40,Cropland
EVT2026_000171,2026-01-18,2026-01-18,1,21.805934999999998,72.61166,193.6,2,13.93,13.93,0.0,closed,3919.606018379438,12676.438375721227,12468.98446041863,,,,,60,Bare/sparse vegetation
EVT2026_000172,2026-01-18,2026-01-18,1,21.90091,71.06722,13.3,2,4.815,6.16,0.0,closed,108.14618621474342,,,,,,,40,Cropland
EVT2026_000173,2026-01-18,2026-01-18,1,22.324840000000002,73.39103,186.8,2,5.685,8.06,0.0,closed,765.3043434790544,,,,,,,40,Cropland
EVT2026_000174,2026-01-18,2026-01-18,1,22.557323333333333,70.65876666666666,304.4,3,3.27,3.27,0.0,closed,3049.5153323217564,,,,,,,40,Cropland
EVT2026_000175,2026-01-18,2026-01-18,1,22.69189,71.0843625,393.0,4,2.812,3.23,0.0,closed,2774.097437511477,,,,,,,20,Shrubland
EVT2026_000176,2026-01-18,2026-01-18,1,22.696285000000003,70.99452,190.2,2,7.33,12.25,0.0,closed,1555.4843209282444,,,,,,,20,Shrubland
EVT2026_000177,2026-01-18,2026-01-18,1,23.041205,68.85301,87.9,2,29.715,30.43,0.0,closed,1457.4152220704457,,,,,,,20,Shrubland
EVT2026_000178,2026-01-18,2026-01-18,1,23.322686666666666,70.56204666666667,303.2,3,3.95,3.95,0.0,closed,3260.5159008770675,,,,,,,20,Shrubland
EVT2026_000179,2026-01-18,2026-01-18,1,23.355284,70.633876,691.0,5,4.086,10.27,0.0,closed,626.7770899788727,,,,,,,20,Shrubland
EVT2026_000180,2026-01-18,2026-01-18,1,23.38319,70.614645,190.8,2,5.65,5.65,0.0,closed,467.8671197695768,,,,,,,20,Shrubland
EVT2026_000181,2026-01-18,2026-01-18,1,23.618009999999998,70.46699000000001,192.0,2,2.23,2.23,0.0,closed,66.7535291120199,,,,,,,30,Grassland
EVT2026_000182,2026-01-18,2026-01-18,1,24.657955,73.87616,168.6,2,0.755,0.8,1.0,closed,111.48557566788911,,,,53,Limited,True,50,Built-up
EVT2026_000183,2026-01-18,2026-01-19,2,21.52508,71.45891,220.2,2,3.12,3.61,0.0,closed,7886.276416388936,,,,,,,40,Cropland
EVT2026_000184,2026-01-19,2026-01-19,1,21.040300000000002,73.48878500000001,115.5,2,2.15,2.42,0.0,closed,3246.9786965992203,,,,,,,40,Cropland
EVT2026_000185,2026-01-19,2026-01-19,1,21.072986666666665,73.03607,308.0,3,5.353,8.38,0.0,closed,3027.0186300995315,,,,,,,10,Tree cover
EVT2026_000186,2026-01-19,2026-01-19,1,21.396069999999998,72.95431333333333,241.7,3,0.95,1.3,1.0,closed,964.0422794892355,7115.978837413119,,,,,,40,Cropland
EVT2026_000187,2026-01-19,2026-01-19,1,21.43696,74.30809500000001,131.8,2,0.56,0.66,1.0,closed,4909.317287591463,,,,,,,40,Cropland
EVT2026_000188,2026-01-19,2026-01-19,1,23.72041,68.74360999999999,117.3,2,3.655,4.02,0.0,closed,5125.603905467195,7647.7202258479365,,,,,,40,Cropland
EVT2026_000189,2026-01-19,2026-01-20,2,21.067923333333336,74.43993333333333,347.0,3,3.137,4.26,0.0,closed,1298.176552140296,,,,,,,40,Cropland
EVT2026_000190,2026-01-20,2026-01-20,1,22.163445,72.070305,306.5,2,2.59,2.6,0.0,closed,11775.575849564584,,,,,,,40,Cropland
EVT2026_000191,2026-01-20,2026-01-21,2,22.334584999999997,69.86698000000001,121.4,2,2.625,2.94,1.0,closed,248.13724021493817,10406.703976563875,867.1671929365971,,9,Moderate,True,50,Built-up
EVT2026_000192,2026-01-20,2026-01-21,2,22.365868,73.115346,518.6,5,2.902,4.13,1.0,closed,834.1207256386747,1785.6527331579346,,,11,Limited,True,50,Built-up
EVT2026_000193,2026-01-20,2026-01-21,2,23.4958,68.577125,89.9,2,1.565,1.87,1.0,closed,407.4800277658338,,,,,,,60,Bare/sparse vegetation
EVT2026_000194,2026-01-21,2026-01-21,1,21.563736666666667,72.91535333333333,325.7,3,1.7,2.61,0.6667,closed,1909.0445821577161,,,,,,,40,Cropland
EVT2026_000195,2026-01-21,2026-01-21,1,21.794620000000002,73.23821000000001,259.5,2,5.255,5.56,0.0,closed,3897.859498520674,13278.083510619083,,,,,,10,Tree cover
EVT2026_000196,2026-01-21,2026-01-21,1,22.445585,70.017015,155.9,2,2.835,3.2,0.0,closed,1567.782619041325,19662.225933405196,17153.757519325747,,,,,40,Cropland
EVT2026_000197,2026-01-21,2026-01-21,1,23.156986666666665,68.74513333333333,347.8,3,5.45,5.49,0.0,closed,1099.6379425303944,,,,,,,20,Shrubland
EVT2026_000198,2026-01-21,2026-01-22,2,22.128315,69.86173,168.2,2,2.42,3.5,0.0,closed,1576.7768308434377,,,,,,,40,Cropland
EVT2026_000199,2026-01-21,2026-01-23,3,22.33879333333333,69.85476333333334,147.3,3,2.617,2.99,1.0,closed,688.065829732966,9536.854451733401,1152.8176620911925,,23,Limited,True,50,Built-up
EVT2026_000200,2026-01-21,2026-01-23,3,23.429526666666664,68.71252,182.7,3,1.38,1.63,1.0,closed,129.57400962751598,,,,20,Moderate,True,50,Built-up
EVT2026_000201,2026-01-22,2026-01-22,1,21.519170000000003,71.46284,122.2,2,3.415,4.91,0.0,closed,8402.725607303853,,,,,,,40,Cropland
EVT2026_000202,2026-01-22,2026-01-22,1,21.876134999999998,70.02208,140.8,2,2.72,2.81,0.0,closed,2292.3234338882976,,,,,,,40,Cropland
EVT2026_000203,2026-01-22,2026-01-22,1,21.94219,71.9933,228.7,2,5.505,7.06,0.0,closed,9395.653239451789,,,,,,,40,Cropland
EVT2026_000204,2026-01-22,2026-01-22,1,23.22918,69.80024,316.3,2,7.875,8.49,0.0,closed,596.9793932813955,,,,,,,20,Shrubland
EVT2026_000205,2026-01-22,2026-01-23,2,21.431395000000002,72.97665,115.3,2,0.615,0.73,1.0,closed,1687.4466054213842,10128.11395028096,,,50,Limited,True,10,Tree cover
EVT2026_000206,2026-01-22,2026-01-23,2,22.42954,69.833845,63.7,2,0.685,0.73,1.0,closed,164.41250004425868,1164.6954561965752,10233.689410581479,,31,Limited,True,50,Built-up
EVT2026_000207,2026-01-22,2026-01-23,2,23.170865,70.218455,54.2,2,0.78,0.9,1.0,closed,47.61066318200109,,,,4,Limited,True,60,Bare/sparse vegetation
EVT2026_000208,2026-01-22,2026-01-23,2,23.265523333333334,70.28087,302.3,3,1.713,2.15,1.0,closed,195.304782129307,,,,13,Limited,True,50,Built-up
EVT2026_000209,2026-01-22,2026-01-23,2,23.26575,70.258785,40.5,2,0.71,0.75,1.0,closed,391.06601183105363,,,,12,Limited,True,20,Shrubland
EVT2026_000210,2026-01-22,2026-01-23,2,23.3149,70.487365,131.3,2,0.85,0.91,1.0,closed,308.3263544898806,,,,19,Moderate,True,60,Bare/sparse vegetation
EVT2026_000211,2026-01-23,2026-01-23,1,20.3379,72.96866750000001,287.6,4,1.865,2.34,1.0,closed,766.9150288692333,,,,,,,10,Tree cover
EVT2026_000212,2026-01-23,2026-01-23,1,21.450525,74.23987,196.5,2,0.515,0.64,1.0,closed,2065.4458641743854,,,,,,,40,Cropland
EVT2026_000213,2026-01-23,2026-01-23,1,23.422353333333334,68.60482666666667,310.2,3,4.757,5.36,0.0,closed,897.7975712086875,,,,,,,20,Shrubland
EVT2026_000214,2026-01-23,2026-01-24,2,22.12912,72.76688999999999,15.1,2,0.6,0.61,1.0,closed,2468.9371001248483,12380.11191676209,,,51,Limited,True,10,Tree cover
EVT2026_000215,2026-01-23,2026-01-24,2,22.931240000000003,69.70201333333334,290.5,3,0.84,1.2,1.0,closed,55.65510996625576,19423.952915810216,,,,,,40,Cropland
EVT2026_000216,2026-01-23,2026-01-24,2,22.931300000000004,70.10746333333333,192.5,3,2.707,6.56,0.6667,closed,723.6681487060207,,,,30,Moderate,True,60,Bare/sparse vegetation
EVT2026_000217,2026-01-23,2026-01-24,2,23.314339999999998,70.19911,127.9,3,0.78,1.01,1.0,closed,356.08389900594653,,,,14,Limited,True,60,Bare/sparse vegetation
EVT2026_000218,2026-01-23,2026-01-24,2,24.68931,73.002735,109.2,2,1.055,1.21,1.0,closed,306.88850791823575,784.2544156347229,,,15,Moderate,True,60,Bare/sparse vegetation
EVT2026_000219,2026-01-24,2026-01-24,1,20.355404999999998,72.94945,218.3,2,1.32,1.32,1.0,closed,610.3033830618737,,,,,,,40,Cropland
EVT2026_000220,2026-01-24,2026-01-24,1,20.6625,74.4082825,207.3,4,3.357,5.25,0.0,closed,12178.426810605195,,,,,,,40,Cropland
EVT2026_000221,2026-01-24,2026-01-24,1,21.07999,74.38743600000001,487.1,5,3.874,4.44,0.0,closed,2497.920604283268,,,,,,,60,Bare/sparse vegetation
EVT2026_000222,2026-01-24,2026-01-24,1,23.033715,68.864025,72.9,2,7.205,8.2,0.0,closed,1333.498390574452,,,,,,,20,Shrubland
EVT2026_000223,2026-01-24,2026-01-24,1,24.389390000000002,69.11175,231.0,3,4.763,5.95,0.0,closed,15780.956644969387,,,,,,,20,Shrubland
EVT2026_000224,2026-01-25,2026-01-25,1,21.423556666666666,71.13667333333333,212.1,3,3.277,3.43,0.0,closed,4093.32658332411,,,,,,,40,Cropland
EVT2026_000225,2026-01-26,2026-01-26,1,22.320117500000002,69.8889675,349.7,4,4.27,4.27,1.0,closed,1702.4434400026166,12851.280271520405,208.24528853384774,,47,Limited,True,50,Built-up
EVT2026_000226,2026-01-26,2026-01-27,2,23.312299999999997,70.20007,99.3,3,0.74,0.87,1.0,closed,109.86146503718108,,,,14,Limited,True,60,Bare/sparse vegetation
EVT2026_000227,2026-01-26,2026-01-28,3,23.497406666666667,68.57791666666667,203.6,3,1.483,1.96,1.0,closed,225.91107232407984,,,,,,,50,Built-up
EVT2026_000228,2026-01-26,2026-01-29,4,22.339537999999997,69.854872,404.3,5,1.816,2.82,1.0,closed,635.6359109752206,9461.016051755303,1117.2714740313534,,23,Limited,True,50,Built-up
EVT2026_000229,2026-01-26,2026-01-29,4,22.416761428571427,69.03912571428572,321.1,7,1.681,3.14,0.8571,closed,86.62358061551028,,,14174.30295905358,17,Moderate,True,10,Tree cover
EVT2026_000230,2026-01-26,2026-01-29,4,22.93056142857143,70.10624142857144,295.5,7,1.929,5.38,0.7143,closed,604.3908167243097,,,,30,Moderate,True,60,Bare/sparse vegetation
EVT2026_000231,2026-01-26,2026-01-29,4,22.931224,69.70262,247.6,5,1.062,1.68,1.0,closed,19.005102436124822,19471.67467755253,,,,,,50,Built-up
EVT2026_000232,2026-01-26,2026-01-30,5,23.429612,68.713186,361.3,5,1.11,1.41,1.0,closed,135.11731413183193,,,,20,Moderate,True,50,Built-up
EVT2026_000233,2026-01-26,2026-01-31,6,22.3647475,73.1157225,504.4,8,2.405,3.96,1.0,closed,729.0397221398327,1894.581702784475,,,11,Limited,True,50,Built-up
EVT2026_000234,2026-01-27,2026-01-27,1,21.607675,72.901065,392.5,4,12.582,19.36,0.0,closed,3225.9189601237695,,,,,,,40,Cropland
EVT2026_000235,2026-01-27,2026-01-27,1,23.085355,69.08635,209.2,2,2.85,2.85,1.0,closed,2349.673635402516,,,,,,,20,Shrubland
EVT2026_000236,2026-01-27,2026-01-28,2,23.314805,70.48731000000001,129.3,2,0.895,1.23,1.0,closed,317.7054609323402,,,,19,Moderate,True,60,Bare/sparse vegetation
EVT2026_000237,2026-01-27,2026-01-29,3,22.4302125,69.8327525,241.8,4,0.647,0.9,1.0,closed,268.2276527888664,1172.9872952249402,10340.495020923507,,31,Limited,True,50,Built-up
EVT2026_000238,2026-01-27,2026-01-29,3,24.69029333333333,73.00361,219.9,3,1.303,1.68,1.0,closed,216.0158468294228,695.2258885111514,,,15,Moderate,True,50,Built-up
EVT2026_000239,2026-01-27,2026-01-30,4,20.910307999999997,71.459688,176.6,5,1.536,1.81,1.0,closed,285.30842294215046,1640.6630167050103,,,7,Strong,True,50,Built-up
EVT2026_000240,2026-01-28,2026-01-28,1,21.562655,72.91583,188.7,2,3.16,3.8,0.5,closed,2038.8944637321458,,,,,,,30,Grassland
EVT2026_000241,2026-01-28,2026-01-28,1,21.926625,72.54383250000001,455.0,4,22.177,76.13,0.0,closed,12745.022699590132,,,,,,,40,Cropland
EVT2026_000242,2026-01-28,2026-01-28,1,22.33627,69.86574999999999,269.1,2,0.92,0.92,1.0,closed,103.10242635330546,10184.980912017083,664.5372633377218,,9,Moderate,True,50,Built-up
EVT2026_000243,2026-01-28,2026-01-29,2,22.655305,70.98092,44.5,2,0.485,0.5,1.0,closed,1251.4150818602482,,,,,,,20,Shrubland
EVT2026_000244,2026-01-29,2026-01-29,1,21.104565,72.884765,199.1,2,9.74,10.21,1.0,closed,2002.580220249111,13860.100171005359,,,,,,40,Cropland
EVT2026_000245,2026-01-29,2026-01-29,1,21.176455,72.65364,206.4,2,3.365,4.35,0.0,closed,106.25368392342874,1482.2647141235384,,,,,,40,Cropland
EVT2026_000246,2026-01-29,2026-01-29,1,21.340994000000002,72.999099,615.2,10,4.417,6.07,0.0,closed,140.90640963197905,994.2418902014086,,,,,,50,Built-up
EVT2026_000247,2026-01-29,2026-01-29,1,21.87714,72.83536000000001,189.7,2,3.58,3.58,0.0,closed,3194.15294770799,18344.136082087145,,,,,,30,Grassland
EVT2026_000248,2026-01-29,2026-01-29,1,22.1481,69.41695,220.9,2,4.7,4.7,0.0,closed,4601.979670262334,,,,,,,10,Tree cover
EVT2026_000249,2026-01-29,2026-01-29,1,23.66975,72.002035,249.0,2,5.335,7.06,0.0,closed,63.10778392301701,,,,,,,40,Cropland
EVT2026_000250,2026-01-29,2026-01-29,1,24.108725,72.01834500000001,33.8,2,2.48,3.33,0.0,closed,1361.5268472328976,,,,,,,40,Cropland
EVT2026_000251,2026-01-29,2026-01-29,1,24.42823,71.73792,192.1,2,3.535,3.82,0.0,closed,162.45834307070587,,,,,,,40,Cropland
EVT2026_000252,2026-01-29,2026-01-29,1,24.65726,73.87642,198.7,2,0.69,0.7,1.0,closed,110.47237599886408,,,,53,Limited,True,50,Built-up
EVT2026_000253,2026-01-31,2026-01-31,1,22.34133,69.85813999999999,338.1,2,5.68,6.11,1.0,closed,245.75705996192397,9377.991154538933,746.9813907200163,,23,Limited,True,50,Built-up
EVT2026_000254,2026-01-31,2026-01-31,1,22.429575,69.83198999999999,258.5,2,0.84,1.0,1.0,closed,269.8014368015438,1075.0206909406372,10299.291668454975,,31,Limited,True,50,Built-up
EVT2026_000255,2026-01-31,2026-01-31,1,22.544145,70.259385,332.4,2,0.6,0.6,1.0,closed,1790.0064427184902,,,,,,,40,Cropland
EVT2026_000256,2026-01-31,2026-01-31,1,23.12717,72.64497,234.3,2,2.31,2.44,1.0,closed,3312.556523134883,8258.320035072345,,,,,,10,Tree cover
EVT2026_000257,2026-01-31,2026-01-31,1,24.636943333333335,69.15652666666666,308.0,3,3.987,5.5,0.0,closed,13564.228861371594,,,,,,,40,Cropland
EVT2026_000258,2026-01-31,2026-02-02,3,23.49636,68.57826,164.1,3,1.667,1.9,1.0,closed,285.2749711758375,,,,,,,60,Bare/sparse vegetation
EVT2026_000259,2026-01-31,2026-02-05,6,22.93039428571429,70.10598857142857,273.9,7,1.567,5.46,0.8571,closed,581.7444901776511,,,,30,Moderate,True,60,Bare/sparse vegetation
EVT2026_000260,2026-01-31,2026-02-19,20,22.416554838709676,69.03934612903225,330.7,31,1.291,4.58,0.9355,closed,75.94114903282967,,,14151.569627510851,17,Moderate,True,60,Bare/sparse vegetation
EVT2026_000261,2026-02-01,2026-02-01,1,22.12748,72.765005,40.1,2,1.005,1.28,1.0,closed,2215.3063480001597,12538.879876516803,,,51,Limited,True,40,Cropland
EVT2026_000262,2026-02-01,2026-02-01,1,22.197355,69.66767999999999,229.3,2,3.71,3.71,0.0,closed,3241.850193421363,12730.416344498071,16472.028167336415,,,,,30,Grassland
EVT2026_000263,2026-02-01,2026-02-01,1,22.523719999999997,70.49513999999999,118.0,2,6.445,7.58,0.0,closed,3726.1195277792694,,,,,,,40,Cropland
EVT2026_000264,2026-02-01,2026-02-01,1,24.59792333333333,72.46754333333332,283.5,3,0.96,1.45,1.0,closed,7160.076192396003,,,,,,,40,Cropland
EVT2026_000265,2026-02-01,2026-02-02,2,21.4329875,72.976235,179.0,4,0.812,1.0,1.0,closed,1818.9395214371266,10309.31898654282,,,50,Limited,True,40,Cropland
EVT2026_000266,2026-02-01,2026-02-02,2,23.119739999999997,70.08549666666667,325.5,3,1.403,1.68,1.0,closed,595.2038198483166,,,,5,Moderate,True,60,Bare/sparse vegetation
EVT2026_000267,2026-02-01,2026-02-03,3,22.92631666666667,69.82344666666667,170.7,3,0.837,1.0,1.0,closed,160.91522448053195,,,,10,Moderate,True,50,Built-up
EVT2026_000268,2026-02-01,2026-02-05,5,22.932243333333332,69.70254166666668,410.4,6,1.715,3.17,1.0,closed,96.38909465322295,19535.596825686323,,,1,Moderate,True,30,Grassland
EVT2026_000269,2026-02-02,2026-02-02,1,20.9073425,70.82641000000001,260.8,4,5.075,5.54,0.0,closed,2307.233547990829,,,,,,,40,Cropland
EVT2026_000270,2026-02-02,2026-02-02,1,21.334725,70.922865,197.2,2,8.77,10.13,0.0,closed,3413.9559054434912,,,,,,,40,Cropland
EVT2026_000271,2026-02-02,2026-02-02,1,22.1495,69.41432333333334,472.7,3,2.69,2.85,0.0,closed,4502.106302346885,,,,,,,20,Shrubland
EVT2026_000272,2026-02-02,2026-02-02,1,22.216810000000002,69.71960999999999,204.1,2,2.085,3.62,0.5,closed,3298.7969810670097,9843.928870651233,12784.212682133671,,,,,20,Shrubland
EVT2026_000273,2026-02-02,2026-02-02,1,24.393535,69.507835,31.0,2,5.785,6.04,0.0,closed,11957.164914027097,,,,,,,20,Shrubland
EVT2026_000274,2026-02-02,2026-02-03,2,22.340015,69.85426000000001,77.7,2,2.21,2.86,1.0,closed,670.2907598367628,9391.81258436246,1165.656812349922,,23,Limited,True,50,Built-up
EVT2026_000275,2026-02-02,2026-02-03,2,23.3152,70.48713000000001,204.4,2,0.655,0.86,1.0,closed,314.1365383202588,,,,19,Moderate,True,60,Bare/sparse vegetation
EVT2026_000276,2026-02-02,2026-02-03,2,23.430500000000002,68.71316999999999,148.7,2,1.34,1.6,1.0,closed,64.1616684033748,,,,20,Moderate,True,50,Built-up
EVT2026_000277,2026-02-02,2026-02-03,2,23.941065000000002,72.59064000000001,238.1,2,2.265,2.31,0.0,closed,2231.2936800508523,,,,,,,20,Shrubland
EVT2026_000278,2026-02-02,2026-02-03,2,24.6904075,73.003525,282.1,4,1.065,1.62,1.0,closed,200.95045162913632,680.6628705460075,,,15,Moderate,True,50,Built-up
EVT2026_000279,2026-02-02,2026-02-04,3,21.097524444444446,72.80446222222223,340.8,9,7.538,25.35,0.3333,closed,1120.8710673033231,14844.676080916017,,,,,,60,Bare/sparse vegetation
EVT2026_000280,2026-02-02,2026-02-04,3,24.241613333333333,71.17410666666666,124.6,3,2.26,2.83,0.0,closed,4553.44600061781,,,,,,,20,Shrubland
EVT2026_000281,2026-02-02,2026-02-05,4,20.910352500000002,71.459085,222.7,4,1.167,1.23,1.0,closed,332.9263591018692,1683.3558160930081,,,7,Strong,True,50,Built-up
EVT2026_000282,2026-02-02,2026-02-06,5,22.365564545454546,73.11571090909091,599.1,11,2.761,4.95,0.8182,closed,783.722465214549,1836.011096596172,,,11,Limited,True,50,Built-up
EVT2026_000283,2026-02-03,2026-02-03,1,21.405379999999997,73.01925999999999,287.5,3,0.98,1.26,1.0,closed,4555.571601094698,7783.600944798754,,,,,,40,Cropland
EVT2026_000284,2026-02-03,2026-02-03,1,21.517405,69.831665,200.8,2,3.3,3.49,0.0,closed,8347.127769289224,,,,,,,40,Cropland
EVT2026_000285,2026-02-03,2026-02-03,1,21.604145,74.38609,77.3,2,3.46,4.32,0.0,closed,10182.24162304262,,,,,,,40,Cropland
EVT2026_000286,2026-02-03,2026-02-03,1,21.65853,71.79356,198.1,2,2.535,2.7,0.0,closed,442.9627762104834,,,,,,,20,Shrubland
EVT2026_000287,2026-02-03,2026-02-03,1,21.714485000000003,71.31020000000001,190.3,2,7.845,12.22,0.0,closed,1557.0701625083584,,,,,,,40,Cropland
EVT2026_000288,2026-02-03,2026-02-03,1,21.758205,71.280235,277.7,4,5.02,7.39,0.0,closed,2427.4519928503883,,,,,,,40,Cropland
EVT2026_000289,2026-02-03,2026-02-03,1,21.768349999999998,71.27503,297.7,3,6.67,6.67,0.0,closed,2591.4717549142056,,,,,,,40,Cropland
EVT2026_000290,2026-02-03,2026-02-03,1,21.89902,71.06868,190.8,2,6.855,10.46,0.0,closed,172.38665088624631,,,,,,,40,Cropland
EVT2026_000291,2026-02-03,2026-02-03,1,21.901854999999998,71.128405,190.2,2,6.445,8.61,0.0,closed,168.4973363800005,,,,,,,40,Cropland
EVT2026_000292,2026-02-03,2026-02-03,1,22.64745,71.03379,581.7,4,3.808,4.73,0.0,closed,4842.947679919061,,,,,,,40,Cropland
EVT2026_000293,2026-02-03,2026-02-03,1,22.671916,71.369782,398.1,5,2.706,3.86,0.0,closed,3479.433573424535,,,,,,,40,Cropland
EVT2026_000294,2026-02-03,2026-02-03,1,22.864255,71.21772,199.8,2,4.175,4.5,0.0,closed,1550.0773282589028,,,,,,,40,Cropland
EVT2026_000295,2026-02-03,2026-02-03,1,23.06428,69.105055,203.4,2,4.08,4.94,0.0,closed,2685.8110096024575,,,,,,,20,Shrubland
EVT2026_000296,2026-02-03,2026-02-03,1,23.377706,70.559698,518.2,5,1.888,2.83,0.0,closed,189.80327219030391,,,,,,,40,Cropland
EVT2026_000297,2026-02-03,2026-02-03,1,23.392760000000003,70.47206,207.4,2,2.975,4.26,0.0,closed,1391.1101973501031,,,,,,,20,Shrubland
EVT2026_000298,2026-02-03,2026-02-04,2,22.07318666666667,72.08613333333334,480.7,3,38.963,113.43,0.3333,closed,16251.049443977021,,,,,,,40,Cropland
EVT2026_000299,2026-02-03,2026-02-04,2,22.912655,72.44422499999999,64.5,2,1.755,2.99,0.5,closed,232.25380080113288,,,,,,,40,Cropland
EVT2026_000300,2026-02-03,2026-02-04,2,23.006895,69.245655,309.5,2,0.915,1.11,1.0,closed,603.0609606507376,,,,,,,20,Shrubland
EVT2026_000301,2026-02-03,2026-02-04,2,23.30874,69.19602666666667,254.6,3,5.127,6.17,0.0,closed,590.5576610349057,,,,,,,20,Shrubland
EVT2026_000302,2026-02-04,2026-02-04,1,21.472679999999997,73.05688,217.5,2,2.95,2.95,0.0,closed,4759.560492334848,9831.803578860616,,,,,,10,Tree cover
EVT2026_000303,2026-02-04,2026-02-04,1,23.040835,68.85536,214.5,2,4.855,7.15,0.0,closed,1269.0242317718796,,,,,,,10,Tree cover
EVT2026_000304,2026-02-04,2026-02-04,1,23.129246666666663,72.64615666666667,410.3,3,1.37,1.81,1.0,closed,3123.0561990789765,8513.579957107111,,,,,,20,Shrubland
EVT2026_000305,2026-02-04,2026-02-04,1,24.604734999999998,68.90698,157.3,2,9.47,11.27,0.0,closed,9503.474609551735,,,,,,,60,Bare/sparse vegetation
EVT2026_000306,2026-02-05,2026-02-05,1,22.319945,69.87940666666667,468.9,6,4.942,8.28,0.5,closed,1289.1409891374763,12415.496027175494,320.2638404923305,,47,Limited,True,50,Built-up
EVT2026_000307,2026-02-05,2026-02-05,1,22.71337,71.347235,212.9,2,3.6,3.6,0.0,closed,831.296350445447,,,,,,,20,Shrubland
EVT2026_000308,2026-02-05,2026-02-05,1,22.815975,69.68437,280.3,2,2.3,3.59,0.5,closed,1263.0094285241164,13466.529463893537,,,,,,80,Water bodies
EVT2026_000309,2026-02-05,2026-02-05,1,23.059134999999998,69.66118,49.4,2,1.855,2.01,0.0,closed,1327.7849493185445,,,,,,,40,Cropland
EVT2026_000310,2026-02-05,2026-02-05,1,23.364332,68.63857,682.6,5,7.522,11.98,0.0,closed,560.2993012071087,,,,,,,80,Water bodies
EVT2026_000311,2026-02-06,2026-02-06,1,21.432969999999997,72.97361000000001,109.4,2,1.265,1.32,1.0,closed,1705.8177665287997,10347.111955124268,,,50,Limited,True,10,Tree cover
EVT2026_000312,2026-02-06,2026-02-06,1,21.54008,74.23956000000001,7.3,2,0.39,0.42,1.0,closed,3937.4452119966163,,,,,,,40,Cropland
EVT2026_000313,2026-02-06,2026-02-06,1,23.73722,68.62009499999999,255.1,2,5.455,5.5,0.0,closed,4462.711214354647,4322.043587178725,,,,,,30,Grassland
EVT2026_000314,2026-02-06,2026-02-06,1,24.631185000000002,69.25754,52.9,2,5.585,5.76,0.0,closed,4040.4177414919745,,,,,,,40,Cropland
EVT2026_000315,2026-02-06,2026-02-07,2,23.07246,69.10617,292.4,2,2.915,4.27,0.0,closed,2905.394775042842,,,,,,,20,Shrubland
EVT2026_000316,2026-02-06,2026-02-08,3,22.128606666666666,72.76562666666668,193.3,3,0.443,0.49,1.0,closed,2355.9860544458525,12421.390521049432,,,51,Limited,True,40,Cropland
EVT2026_000317,2026-02-06,2026-02-08,3,22.339640000000003,69.85310666666668,133.2,3,2.213,2.82,1.0,closed,795.9346195107006,9397.924257370516,1290.5104016275109,,23,Limited,True,50,Built-up
EVT2026_000318,2026-02-06,2026-02-08,3,23.03762,68.87232,345.1,3,11.457,21.44,0.0,closed,611.9240331376808,,,,,,,20,Shrubland
EVT2026_000319,2026-02-06,2026-02-09,4,23.429675,68.7112925,191.4,4,1.453,1.73,1.0,closed,172.9728338036595,,,,20,Moderate,True,50,Built-up
EVT2026_000320,2026-02-07,2026-02-07,1,20.35881,73.77411000000001,163.4,2,15.545,20.16,0.0,closed,7666.637776969439,,,,,,,30,Grassland
EVT2026_000321,2026-02-07,2026-02-07,1,20.556446666666666,74.27686333333334,398.3,3,6.703,8.32,0.0,closed,5850.331961430004,,,,,,,40,Cropland
EVT2026_000322,2026-02-07,2026-02-07,1,20.772534999999998,73.69785999999999,156.5,2,7.305,8.31,0.0,closed,2448.3258381669925,,,,,,,30,Grassland
EVT2026_000323,2026-02-07,2026-02-07,1,20.825375,70.757165,209.3,2,10.22,10.22,0.0,closed,3344.249947709915,,,,,,,10,Tree cover
EVT2026_000324,2026-02-07,2026-02-07,1,21.490935,72.87054,240.4,2,2.695,4.57,0.0,closed,2138.7398193385966,,,,,,,10,Tree cover
EVT2026_000325,2026-02-07,2026-02-07,1,21.67628,70.367335,243.6,2,3.71,4.58,0.0,closed,322.4728585629747,,,,,,,20,Shrubland
EVT2026_000326,2026-02-07,2026-02-07,1,21.736915,71.95167000000001,32.6,2,1.64,1.76,0.0,closed,1119.190187121751,,,,,,,40,Cropland
EVT2026_000327,2026-02-07,2026-02-07,1,22.42978,69.834195,105.9,2,0.585,0.61,1.0,closed,122.36052093612426,1206.8872286724122,10247.707424028364,,31,Limited,True,50,Built-up
EVT2026_000328,2026-02-07,2026-02-07,1,22.48446,71.036595,151.3,2,4.11,4.45,0.0,closed,1434.9666601332333,,,,,,,20,Shrubland
EVT2026_000329,2026-02-07,2026-02-07,1,24.549125,69.25139,202.7,2,6.15,6.15,0.0,closed,12169.450594256396,,,,,,,20,Shrubland
EVT2026_000330,2026-02-07,2026-02-08,2,21.646545,72.817275,181.2,2,1.17,1.85,0.5,closed,2881.640397339016,,,,,,,10,Tree cover
EVT2026_000331,2026-02-07,2026-02-08,2,23.363639999999997,68.637355,106.7,2,3.565,4.51,0.0,closed,492.61409907003116,,,,,,,10,Tree cover
EVT2026_000332,2026-02-07,2026-02-08,2,23.49782,68.57666,109.1,2,1.14,1.51,1.0,closed,202.33708578375288,,,,,,,50,Built-up
EVT2026_000333,2026-02-07,2026-02-09,3,24.689443333333333,73.00239333333333,184.8,3,1.61,2.08,1.0,closed,294.212713613785,765.6373965579697,,,15,Moderate,True,60,Bare/sparse vegetation
EVT2026_000334,2026-02-07,2026-02-19,13,22.930539444444445,70.10725722222223,351.8,18,1.203,7.53,0.9444,closed,707.8497979109571,,,,30,Moderate,True,60,Bare/sparse vegetation
EVT2026_000335,2026-02-07,2026-02-19,13,22.9314775,69.703044375,265.9,16,1.115,1.76,1.0,closed,53.23890805095145,19523.264250839,,,,,,10,Tree cover
EVT2026_000336,2026-02-07,2026-02-21,15,20.910155,71.45874599999999,377.5,20,1.212,1.9,1.0,closed,311.9618877762905,1689.006449808815,,,7,Strong,True,50,Built-up
EVT2026_000337,2026-02-08,2026-02-08,1,21.759765,72.75304,76.9,2,2.94,3.44,0.0,closed,4178.689275332984,15520.908821289258,16929.97035112444,,,,,40,Cropland
EVT2026_000338,2026-02-08,2026-02-08,1,22.08445,69.481815,395.1,4,3.277,5.46,0.0,closed,526.5689257910913,,,,,,,40,Cropland
EVT2026_000339,2026-02-08,2026-02-08,1,22.33596,69.86755,170.4,2,2.37,2.78,1.0,closed,135.4025263949602,10289.28000219927,733.8407982829681,,9,Moderate,True,50,Built-up
EVT2026_000340,2026-02-08,2026-02-08,1,22.859935,69.182125,191.4,2,2.05,2.55,0.0,closed,1013.6434406678434,,,,,,,20,Shrubland
EVT2026_000341,2026-02-08,2026-02-08,1,23.12164,70.08299,189.1,2,2.115,2.92,1.0,closed,646.0750056365288,,,,5,Moderate,True,30,Grassland
EVT2026_000342,2026-02-08,2026-02-08,1,23.257319374999998,69.02623125,1353.4,16,4.491,7.16,0.0,closed,184.02496727877585,,,,,,,20,Shrubland
EVT2026_000343,2026-02-08,2026-02-08,1,23.308345,69.19322,204.4,2,2.76,2.76,0.0,closed,815.1618133076329,,,,,,,20,Shrubland
EVT2026_000344,2026-02-08,2026-02-08,1,23.31519,70.48595499999999,188.1,2,0.7,0.7,1.0,closed,406.3302411336978,,,,19,Moderate,True,20,Shrubland
EVT2026_000345,2026-02-08,2026-02-08,1,23.519688,69.132654,484.4,5,2.646,3.43,0.0,closed,1039.585586487924,,,,,,,20,Shrubland
EVT2026_000346,2026-02-08,2026-02-08,1,23.61172666666667,69.04219,300.4,3,2.777,3.55,0.0,closed,612.4203247342301,,,,,,,60,Bare/sparse vegetation
EVT2026_000347,2026-02-08,2026-02-08,1,24.069853714285713,69.35968914285715,1790.5,35,2.022,5.07,0.0,closed,3052.9673415127395,,,,,,,60,Bare/sparse vegetation
EVT2026_000348,2026-02-08,2026-02-08,1,24.154241666666667,69.369325,627.9,6,2.682,3.51,0.0,closed,2892.3242127043845,,,,,,,60,Bare/sparse vegetation
EVT2026_000349,2026-02-08,2026-02-08,1,24.15673888888889,69.28814333333334,1096.0,9,1.814,2.41,0.0,closed,5800.982020498777,,,,,,,60,Bare/sparse vegetation
EVT2026_000350,2026-02-08,2026-02-08,1,24.177155,69.31090499999999,189.1,2,4.195,5.26,0.0,closed,5309.971138657323,,,,,,,60,Bare/sparse vegetation
EVT2026_000351,2026-02-08,2026-02-08,1,24.180415,69.32028,199.9,2,5.4,6.05,0.0,closed,5059.591549122677,,,,,,,60,Bare/sparse vegetation
EVT2026_000352,2026-02-08,2026-02-08,1,24.184862857142857,69.29912571428572,978.0,7,3.117,3.45,0.0,closed,6746.9175535999375,,,,,,,60,Bare/sparse vegetation
EVT2026_000353,2026-02-08,2026-02-09,2,20.356935,72.948345,84.5,2,1.14,1.33,1.0,closed,408.835855148967,,,,,,,40,Cropland
EVT2026_000354,2026-02-08,2026-02-09,2,21.70341,70.01921333333333,514.3,3,1.563,2.03,0.0,closed,444.72917910367653,,,,,,,40,Cropland
EVT2026_000355,2026-02-09,2026-02-09,1,20.636760000000002,73.735315,38.5,2,1.845,2.2,0.0,closed,4433.732622875703,,,,,,,40,Cropland
EVT2026_000356,2026-02-09,2026-02-09,1,21.055236666666666,74.29526333333332,260.8,3,3.773,4.4,0.0,closed,342.4196488354606,,,,,,,50,Built-up
EVT2026_000357,2026-02-09,2026-02-09,1,21.071074285714285,74.3849457142857,1217.9,14,5.792,7.46,0.0,closed,1556.2610686172725,,,,,,,20,Shrubland
EVT2026_000358,2026-02-09,2026-02-09,1,21.081352,74.353914,504.1,5,7.38,7.56,0.0,closed,710.9470163476,,,,,,,60,Bare/sparse vegetation
EVT2026_000359,2026-02-09,2026-02-09,1,21.507315,72.735665,204.0,2,14.8,14.8,0.0,closed,2837.2984956318514,,,,,,,40,Cropland
EVT2026_000360,2026-02-09,2026-02-09,1,21.6192,74.31073,59.2,2,2.755,3.69,1.0,closed,10436.095891305582,,,,,,,40,Cropland
EVT2026_000361,2026-02-09,2026-02-09,1,22.22627,74.024675,192.0,2,2.15,2.15,0.0,closed,714.670603351288,,,,,,,40,Cropland
EVT2026_000362,2026-02-09,2026-02-09,1,23.230103333333332,69.44834333333334,265.6,3,4.273,5.47,0.0,closed,1042.7649164721709,,,,,,,20,Shrubland
EVT2026_000363,2026-02-09,2026-02-09,1,23.44292,68.83507499999999,58.3,2,2.555,2.64,0.0,closed,1752.6260976780359,,,,,,,20,Shrubland
EVT2026_000364,2026-02-09,2026-02-09,1,23.651115,71.717195,118.8,2,1.51,2.25,0.0,closed,1842.6192987135853,,,,,,,60,Bare/sparse vegetation
EVT2026_000365,2026-02-09,2026-02-09,1,24.59947,73.82202000000001,189.8,2,3.81,5.65,0.0,closed,171.61613055754822,,,,,,,50,Built-up
EVT2026_000366,2026-02-09,2026-02-10,2,21.266661,70.521615,701.9,10,4.352,6.39,0.0,closed,5205.862779609435,,,,,,,10,Tree cover
EVT2026_000367,2026-02-09,2026-02-10,2,21.432395,72.97763,41.3,2,0.59,0.81,1.0,closed,1835.8167829243087,10225.664473319372,,,50,Limited,True,40,Cropland
EVT2026_000368,2026-02-09,2026-02-10,2,22.36538333333333,73.11264,136.9,3,2.553,3.43,1.0,closed,1038.9522916720061,1614.6406880507975,,,11,Limited,True,10,Tree cover
EVT2026_000369,2026-02-09,2026-02-13,5,22.430008333333333,69.83319166666668,284.9,6,0.652,0.93,1.0,closed,222.3238188394275,1174.1993575606975,10304.44982307714,,31,Limited,True,50,Built-up
EVT2026_000370,2026-02-09,2026-02-15,7,23.31338625,70.1992175,179.9,8,0.9,1.32,1.0,closed,258.6224898069069,,,,14,Limited,True,60,Bare/sparse vegetation
EVT2026_000371,2026-02-10,2026-02-10,1,20.999885,72.747595,132.1,2,4.13,4.16,0.0,closed,1499.1706082001417,15651.924991785805,,,,,,40,Cropland
EVT2026_000372,2026-02-10,2026-02-10,1,21.131426666666666,70.86686999999999,530.7,3,3.08,3.24,0.0,closed,13683.856241225918,,,,,,,10,Tree cover
EVT2026_000373,2026-02-10,2026-02-10,1,21.54111,72.828485,147.2,2,4.715,6.01,0.0,closed,4267.566478521209,,,,,,,40,Cropland
EVT2026_000374,2026-02-10,2026-02-10,1,23.271165,70.36988,190.3,2,3.615,4.89,0.0,closed,2350.552576257322,,,,,,,40,Cropland
EVT2026_000375,2026-02-10,2026-02-10,1,24.525219999999997,68.98818,171.4,2,2.43,2.75,0.0,closed,5523.569408875801,,,,,,,40,Cropland
EVT2026_000376,2026-02-10,2026-02-13,4,23.49710142857143,68.57791142857143,275.3,7,1.157,2.18,1.0,closed,259.6505798791055,,,,,,,60,Bare/sparse vegetation
EVT2026_000377,2026-02-11,2026-02-11,1,21.066565,70.495345,24.1,2,9.13,9.55,0.0,closed,553.9654657370368,,,,,,,10,Tree cover
EVT2026_000378,2026-02-11,2026-02-11,1,21.58026,70.46037000000001,79.0,2,4.725,5.39,0.0,closed,587.6922555406259,,,,,,,40,Cropland
EVT2026_000379,2026-02-11,2026-02-11,1,24.313995,68.020625,117.4,2,9.81,10.5,0.0,closed,3610.7553890296053,,,,,,,80,Water bodies
EVT2026_000380,2026-02-11,2026-02-11,1,24.422629999999998,68.65545666666667,396.9,3,2.403,2.97,0.0,closed,,,,,,,,40,Cropland
EVT2026_000381,2026-02-11,2026-02-14,4,24.690372500000002,73.00311500000001,190.2,4,1.372,2.01,1.0,closed,192.41025890646864,674.4322353627919,,,15,Moderate,True,50,Built-up
EVT2026_000382,2026-02-11,2026-02-20,10,23.430126153846153,68.71265615384615,258.4,13,1.062,1.59,1.0,closed,63.30955442088179,,,,20,Moderate,True,50,Built-up
EVT2026_000383,2026-02-12,2026-02-12,1,21.524230000000003,74.395465,274.1,2,2.335,2.94,0.0,closed,4843.154293877602,,,,,,,40,Cropland
EVT2026_000384,2026-02-12,2026-02-12,1,22.714005,70.67963499999999,55.4,2,1.865,2.22,0.0,closed,3662.7294186860863,,,,,,,40,Cropland
EVT2026_000385,2026-02-12,2026-02-12,1,22.981450000000002,69.633955,211.3,2,1.41,1.48,1.0,closed,1846.1157253311947,19463.920335600833,,,,,,40,Cropland
EVT2026_000386,2026-02-12,2026-02-12,1,23.039036666666664,68.86334666666666,367.7,3,13.91,15.3,0.0,closed,926.4115468183452,,,,,,,20,Shrubland
EVT2026_000387,2026-02-12,2026-02-13,2,20.3564225,72.94833249999999,303.5,4,1.59,2.47,1.0,closed,448.1162805557845,,,,,,,10,Tree cover
EVT2026_000388,2026-02-12,2026-02-13,2,22.33586,69.86709,75.3,2,2.865,2.93,1.0,closed,115.43712702835282,10280.704528112414,731.3424392570214,,9,Moderate,True,50,Built-up
EVT2026_000389,2026-02-12,2026-02-13,2,22.339256666666667,69.85473333333333,295.6,3,1.303,1.73,1.0,closed,663.3507967899666,9486.696026367088,1139.7088698227933,,23,Limited,True,50,Built-up
EVT2026_000390,2026-02-12,2026-02-13,2,22.858006666666665,69.18691333333334,263.9,3,7.007,12.2,0.0,closed,685.9921070967755,,,,,,,10,Tree cover
EVT2026_000391,2026-02-12,2026-02-14,3,22.315456666666666,69.85801666666667,187.0,3,1.733,2.82,1.0,closed,1103.6637222361996,12124.023389387306,391.3797630213235,,40,Limited,True,20,Shrubland
EVT2026_000392,2026-02-12,2026-02-15,4,21.093527333333334,72.656092,338.3,15,3.144,8.33,0.7333,closed,1633.1697125226972,1946.17162433481,,,,,,60,Bare/sparse vegetation
EVT2026_000393,2026-02-13,2026-02-13,1,21.586199999999998,72.87380999999999,226.7,2,4.075,5.08,0.0,closed,3572.565559473745,,,,,,,40,Cropland
EVT2026_000394,2026-02-13,2026-02-13,1,21.621395,74.29630499999999,181.0,2,3.145,4.1,0.0,closed,9323.948858266293,,,,,,,40,Cropland
EVT2026_000395,2026-02-13,2026-02-13,1,24.303493333333336,72.49608666666667,261.1,3,2.017,2.7,0.3333,closed,6419.680288399991,,,,,,,10,Tree cover
EVT2026_000396,2026-02-13,2026-02-14,2,21.50096666666667,70.87405,199.7,3,5.16,7.25,0.0,closed,1054.077988078769,,,,,,,20,Shrubland
EVT2026_000397,2026-02-13,2026-02-14,2,22.129640000000002,72.76443499999999,77.6,2,0.455,0.51,1.0,closed,2405.507563963934,12293.847248053695,,,51,Limited,True,40,Cropland
EVT2026_000398,2026-02-13,2026-02-14,2,24.314639999999997,68.02446,464.7,3,5.567,7.61,0.0,closed,3215.6854883302312,,,,,,,80,Water bodies
EVT2026_000399,2026-02-13,2026-02-14,2,24.657845000000002,73.876795,208.9,2,1.3,1.45,1.0,closed,47.43257615989502,,,,53,Limited,True,50,Built-up
EVT2026_000400,2026-02-14,2026-02-14,1,21.205725,73.25349,187.6,2,0.45,0.5,1.0,closed,2632.6269350875423,,,,,,,10,Tree cover
EVT2026_000401,2026-02-14,2026-02-14,1,21.51606,73.250885,188.4,2,3.1,3.64,0.0,closed,5504.186595027924,,,,,,,40,Cropland
EVT2026_000402,2026-02-14,2026-02-14,1,22.780525,70.75147,160.3,2,0.72,0.74,1.0,closed,2333.7922179936036,,,,,,,40,Cropland
EVT2026_000403,2026-02-14,2026-02-14,1,23.3584,68.63884666666667,269.0,3,3.043,3.99,0.0,closed,1037.331769157405,,,,,,,10,Tree cover
EVT2026_000404,2026-02-14,2026-02-14,1,23.553220000000003,72.140265,205.6,2,2.46,2.46,0.0,closed,200.66740617818934,,,,,,,50,Built-up
EVT2026_000405,2026-02-14,2026-02-14,1,23.794649999999997,72.483285,201.1,2,2.27,2.27,0.0,closed,464.4887524678109,,,,,,,40,Cropland
EVT2026_000406,2026-02-14,2026-02-14,1,23.83532333333333,71.99577333333333,303.9,3,4.92,6.07,0.0,closed,1020.3876264575819,,,,,,,40,Cropland
EVT2026_000407,2026-02-14,2026-02-14,1,24.001115,71.703195,193.7,2,2.42,2.42,0.0,closed,2093.2447976711037,,,,,,,40,Cropland
EVT2026_000408,2026-02-14,2026-02-14,1,24.110263333333332,72.046285,1648.8,12,5.017,9.13,0.0,closed,3142.448828803293,,,,,,,60,Bare/sparse vegetation
EVT2026_000409,2026-02-14,2026-02-14,1,24.366970000000002,71.87182999999999,205.9,2,2.665,2.77,0.0,closed,2197.7319111620027,,,,,,,40,Cropland
EVT2026_000410,2026-02-14,2026-02-14,1,24.432595555555555,72.05975444444444,869.4,9,3.643,6.19,0.0,closed,2782.8990922470075,,,,,,,40,Cropland
EVT2026_000411,2026-02-14,2026-02-14,1,24.43579,72.042745,191.0,2,2.68,2.68,0.0,closed,4434.389375304819,,,,,,,40,Cropland
EVT2026_000412,2026-02-14,2026-02-14,1,24.44593,72.04077000000001,190.9,2,4.615,5.28,0.0,closed,3868.8669729239573,,,,,,,40,Cropland
EVT2026_000413,2026-02-14,2026-02-14,1,24.49481,72.200515,202.0,2,3.005,3.82,0.0,closed,801.6376302182136,,,,,,,40,Cropland
EVT2026_000414,2026-02-14,2026-02-14,1,24.548725,68.21631500000001,227.6,2,6.355,11.14,0.0,closed,8446.32389792127,,,,,,,40,Cropland
EVT2026_000415,2026-02-14,2026-02-14,1,24.549585,72.1492,202.5,2,5.03,5.33,0.0,closed,3703.8273535462017,,,,,,,40,Cropland
EVT2026_000416,2026-02-14,2026-02-14,1,24.56412,72.07906,191.0,2,3.21,3.21,0.0,closed,3782.642580137564,,,,,,,40,Cropland
EVT2026_000417,2026-02-15,2026-02-15,1,21.70327,70.02104,135.1,2,2.115,2.5,0.0,closed,436.63567323432653,,,,,,,10,Tree cover
EVT2026_000418,2026-02-15,2026-02-15,1,22.04653,72.543385,245.3,2,3.135,3.19,0.0,closed,8275.189659830061,,,,,,,30,Grassland
EVT2026_000419,2026-02-15,2026-02-15,1,22.990145,69.87266500000001,216.5,2,4.05,4.36,0.0,closed,1511.4311474959673,,,,,,,40,Cropland
EVT2026_000420,2026-02-15,2026-02-15,1,23.193725,69.805025,203.9,2,2.365,3.23,0.0,closed,3102.9853992249646,,,,,,,20,Shrubland
EVT2026_000421,2026-02-15,2026-02-15,1,23.266545,70.28046499999999,93.7,2,0.45,0.54,1.0,closed,76.95888779154288,,,,13,Limited,True,50,Built-up
EVT2026_000422,2026-02-15,2026-02-15,1,24.398525,73.61246,262.0,4,1.177,1.96,1.0,closed,10542.054035211559,14722.077814443861,,,,,,30,Grassland
EVT2026_000423,2026-02-15,2026-02-15,1,24.4832,68.22672333333333,331.5,3,5.82,9.22,0.0,closed,10916.659177802761,,,,,,,40,Cropland
EVT2026_000424,2026-02-15,2026-02-15,1,24.675655,73.730645,236.2,2,1.16,1.16,1.0,closed,574.195319259036,,,,,,,10,Tree cover
EVT2026_000425,2026-02-15,2026-02-15,1,24.686695,73.74576,235.6,2,1.595,1.84,1.0,closed,1972.2285119229177,,,,,,,30,Grassland
EVT2026_000426,2026-02-15,2026-02-16,2,22.92501,69.82374999999999,130.4,2,0.78,1.04,1.0,closed,262.6441789247235,,,,10,Moderate,True,10,Tree cover
EVT2026_000427,2026-02-16,2026-02-16,1,20.82464,73.93061999999999,345.6,3,1.417,1.67,1.0,closed,19634.902014940875,,,,,,,20,Shrubland
EVT2026_000428,2026-02-16,2026-02-16,1,21.199225,73.12146,224.0,2,4.57,4.57,0.0,closed,5053.615955828803,,,,,,,10,Tree cover
EVT2026_000429,2026-02-16,2026-02-16,1,21.38921,70.494245,45.6,2,7.795,8.2,0.0,closed,3321.2754657702835,,,,,,,20,Shrubland
EVT2026_000430,2026-02-16,2026-02-16,1,22.373685000000002,73.25039000000001,145.7,2,5.09,5.29,0.0,closed,1335.950552966078,15290.633908824531,,,,,,30,Grassland
EVT2026_000431,2026-02-16,2026-02-17,2,22.316645,69.860795,97.9,2,1.17,1.22,1.0,closed,794.2746309343211,12074.039608428502,89.84712525181187,,40,Limited,True,20,Shrubland
EVT2026_000432,2026-02-16,2026-02-18,3,23.496615,68.579605,249.9,4,2.05,2.96,0.5,closed,173.8213878223885,,,,,,,60,Bare/sparse vegetation
EVT2026_000433,2026-02-17,2026-02-17,1,20.35724,72.949985,174.6,2,0.75,0.86,1.0,closed,531.7723483810094,,,,,,,40,Cropland
EVT2026_000434,2026-02-17,2026-02-17,1,21.00439,71.041095,166.0,2,6.695,6.77,0.0,closed,6545.385956983613,,,,,,,20,Shrubland
EVT2026_000435,2026-02-17,2026-02-17,1,21.520380000000003,70.060345,245.2,2,3.7,3.7,0.0,closed,1317.6434967085875,,,,,,,20,Shrubland
EVT2026_000436,2026-02-17,2026-02-17,1,24.51241,73.86417,324.3,2,3.89,3.89,0.0,closed,7339.554575918332,,,,,,,20,Shrubland
EVT2026_000437,2026-02-17,2026-02-18,2,22.129955,72.766355,111.2,2,0.48,0.71,1.0,closed,2523.593184097537,12281.232501711636,,,51,Limited,True,10,Tree cover
EVT2026_000438,2026-02-17,2026-02-19,3,22.335886666666667,69.86745333333333,150.5,3,2.167,2.65,1.0,closed,134.2355141567471,10292.796179431483,738.6063462865628,,9,Moderate,True,50,Built-up
EVT2026_000439,2026-02-18,2026-02-18,1,20.76209,71.10126,27.1,2,8.165,8.19,0.0,closed,3497.756551143079,,,,,,,10,Tree cover
EVT2026_000440,2026-02-18,2026-02-18,1,21.498386666666665,71.43817666666666,334.5,3,17.523,28.89,0.0,closed,9725.635973994418,,,,,,,10,Tree cover
EVT2026_000441,2026-02-18,2026-02-18,1,22.16723,72.056178,815.8,5,9.158,12.43,0.0,closed,10317.494548635059,,,,,,,40,Cropland
EVT2026_000442,2026-02-18,2026-02-18,1,22.491545000000002,71.96112,166.8,2,4.38,4.71,0.0,closed,5936.121173007514,,,,,,,30,Grassland
EVT2026_000443,2026-02-18,2026-02-18,1,23.084249999999997,70.82844,326.1,3,6.553,8.7,0.0,closed,367.4719352679194,,,,,,,20,Shrubland
EVT2026_000444,2026-02-18,2026-02-18,1,23.094755,69.064955,195.8,2,0.72,0.72,1.0,closed,3560.533138834468,,,,,,,20,Shrubland
EVT2026_000445,2026-02-18,2026-02-18,1,23.273519999999998,72.275115,179.6,2,2.47,2.47,0.0,closed,3017.0299546134092,,,,,,,40,Cropland
EVT2026_000446,2026-02-18,2026-02-18,1,23.79671666666667,72.03734666666666,304.8,3,4.653,6.81,0.0,closed,2658.8769918942144,,,,,,,40,Cropland
EVT2026_000447,2026-02-18,2026-02-19,2,23.173265,70.228115,34.8,2,0.515,0.73,1.0,closed,569.4471495917206,,,,,,,60,Bare/sparse vegetation
EVT2026_000448,2026-02-18,2026-02-19,2,23.266065,70.28166,38.8,2,0.675,0.75,1.0,closed,204.62196734791692,,,,13,Limited,True,50,Built-up
EVT2026_000449,2026-02-18,2026-02-19,2,24.689880000000002,73.003015,156.0,2,1.59,1.82,1.0,closed,245.0299748023137,726.1278881303016,,,15,Moderate,True,60,Bare/sparse vegetation
EVT2026_000450,2026-02-18,2026-02-21,4,22.4301225,69.8327125,195.2,4,0.897,1.15,1.0,closed,271.76077877715227,1162.2019274168138,10332.362497527456,,31,Limited,True,50,Built-up
EVT2026_000451,2026-02-19,2026-02-19,1,20.83814,70.57302,36.8,2,4.145,4.26,0.0,closed,2281.164921704071,,,,,,,40,Cropland
EVT2026_000452,2026-02-19,2026-02-19,1,20.90146,70.55274,196.5,2,4.91,5.83,0.0,closed,2515.5420116205237,,,,,,,40,Cropland
EVT2026_000453,2026-02-19,2026-02-19,1,20.94424666666667,71.38458666666666,300.5,3,2.637,3.11,0.0,closed,1368.5362186572513,10157.704108610173,,,,,,40,Cropland
EVT2026_000454,2026-02-19,2026-02-19,1,20.978445,71.35496,281.4,4,5.498,8.48,0.0,closed,3063.099066691939,14826.590024513762,,,,,,40,Cropland
EVT2026_000455,2026-02-19,2026-02-19,1,21.102490000000003,71.35236499999999,203.9,2,1.78,1.78,0.0,closed,32.230833162941586,,,,,,,40,Cropland
EVT2026_000456,2026-02-19,2026-02-19,1,21.47146,71.6094275,276.5,4,3.26,3.26,0.0,closed,1454.0758489848427,,,,,,,40,Cropland
EVT2026_000457,2026-02-19,2026-02-19,1,21.4951,71.00240199999999,624.0,5,3.136,4.01,0.0,closed,442.7056539353053,,,,,,,60,Bare/sparse vegetation
EVT2026_000458,2026-02-19,2026-02-19,1,21.751013333333333,71.25800666666667,299.3,3,7.113,8.34,0.0,closed,30.506589225924987,,,,,,,40,Cropland
EVT2026_000459,2026-02-19,2026-02-19,1,21.95618,71.26302,202.2,2,3.465,4.8,0.0,closed,162.88192578553162,,,,,,,40,Cropland
EVT2026_000460,2026-02-19,2026-02-19,1,22.19568,71.2034075,486.6,4,6.07,8.58,0.0,closed,1132.6175581819512,,,,,,,30,Grassland
EVT2026_000461,2026-02-19,2026-02-19,1,22.261155,70.26209499999999,196.0,2,1.98,1.98,0.0,closed,288.8088992816551,,,,,,,40,Cropland
EVT2026_000462,2026-02-19,2026-02-19,1,22.280896666666667,71.26585333333333,297.9,3,2.99,4.43,0.0,closed,2719.528591470253,,,,,,,40,Cropland
EVT2026_000463,2026-02-19,2026-02-19,1,22.47197625,71.3205975,559.8,8,6.93,10.64,0.0,closed,1578.725561809442,,,,,,,20,Shrubland
EVT2026_000464,2026-02-19,2026-02-19,1,22.474835,71.35718,200.2,2,2.47,2.78,0.0,closed,4195.113611329282,,,,,,,40,Cropland
EVT2026_000465,2026-02-19,2026-02-19,1,22.51642,70.81170999999999,655.5,5,12.226,29.24,0.0,closed,192.34822699995016,,,,,,,40,Cropland
EVT2026_000466,2026-02-19,2026-02-19,1,22.52267375,70.78763875,917.1,8,4.226,6.08,0.0,closed,2457.967049669567,,,,,,,40,Cropland
EVT2026_000467,2026-02-19,2026-02-19,1,22.52308,70.824315,192.0,2,7.45,7.45,0.0,closed,1682.380963611894,,,,,,,40,Cropland
EVT2026_000468,2026-02-19,2026-02-19,1,22.855293333333332,69.18864333333333,543.3,3,5.427,7.3,0.0,closed,713.3646762167286,,,,,,,40,Cropland
EVT2026_000469,2026-02-19,2026-02-19,1,23.038310000000003,68.871485,89.3,2,4.21,4.84,0.0,closed,538.6463767018811,,,,,,,20,Shrubland
EVT2026_000470,2026-02-19,2026-02-19,1,23.1221,71.12754333333334,296.4,3,2.34,2.34,0.0,closed,751.5125365605403,,,,,,,40,Cropland
EVT2026_000471,2026-02-19,2026-02-19,1,23.14264,70.98418000000001,202.5,2,3.65,3.9,0.0,closed,5993.786234810202,,,,,,,10,Tree cover
EVT2026_000472,2026-02-19,2026-02-19,1,23.256465,70.26237,198.5,2,1.255,1.53,1.0,closed,804.1202165215113,,,,29,Limited,True,60,Bare/sparse vegetation
EVT2026_000473,2026-02-19,2026-02-19,1,23.38683,70.53661777777778,757.5,9,2.7,3.08,0.0,closed,2376.567654864699,,,,,,,20,Shrubland
EVT2026_000474,2026-02-19,2026-02-19,1,23.389931666666666,70.45814333333333,1351.5,12,2.74,4.26,0.0,closed,1483.7169472679043,,,,,,,40,Cropland
EVT2026_000475,2026-02-19,2026-02-19,1,24.657989999999998,73.877095,194.4,2,0.78,1.07,1.0,closed,19.870891580368415,,,,53,Limited,True,50,Built-up
EVT2026_000476,2026-02-20,2026-02-20,1,20.428915,73.53688,237.1,2,0.655,0.94,1.0,closed,10625.859410614368,,,,,,,10,Tree cover
EVT2026_000477,2026-02-20,2026-02-20,1,20.98086,70.79153,252.9,2,4.46,4.46,0.0,closed,5920.113216608972,,,,,,,10,Tree cover
EVT2026_000478,2026-02-20,2026-02-20,1,21.27838,73.02257,129.9,2,1.615,1.67,1.0,closed,4285.758882028555,7639.030072848562,,,,,,10,Tree cover
EVT2026_000479,2026-02-20,2026-02-20,1,21.34997,70.88322,106.9,2,2.895,2.93,0.0,closed,3492.9443381667325,,,,,,,40,Cropland
EVT2026_000480,2026-02-20,2026-02-20,1,22.842305,70.626945,257.1,2,0.995,1.44,1.0,closed,9291.223198109887,,,,,,,40,Cropland
EVT2026_000481,2026-02-20,2026-02-20,1,23.262745000000002,69.96303,255.3,2,12.13,12.13,0.0,closed,1162.4693040247116,,,,,,,40,Cropland
EVT2026_000482,2026-02-20,2026-02-21,2,22.36579,73.11289,163.2,2,1.47,1.89,1.0,closed,1037.9256103805478,1600.8900851055903,,,11,Limited,True,10,Tree cover
EVT2026_000483,2026-02-21,2026-02-21,1,20.340405,72.96737,167.8,2,0.855,1.04,1.0,closed,1070.7635787873248,,,,,,,10,Tree cover
EVT2026_000484,2026-02-21,2026-02-21,1,22.151955,72.55383,82.7,2,2.08,2.18,0.0,closed,11846.430574231257,,,,,,,30,Grassland
EVT2026_000485,2026-02-21,2026-02-21,1,22.550310000000003,73.247235,284.2,2,1.45,1.45,0.0,closed,3630.171113300704,,,,,,,30,Grassland
EVT2026_000486,2026-02-21,2026-02-21,1,22.969156666666667,70.03962333333334,302.0,3,4.383,6.79,0.0,closed,2605.2615966083345,,,,,,,20,Shrubland
EVT2026_000487,2026-02-21,2026-02-21,1,23.12109,72.52449999999999,81.4,2,2.22,2.37,0.0,closed,2065.2717275397067,9036.988494401212,,,,,,40,Cropland
EVT2026_000488,2026-02-21,2026-02-21,1,23.407605,72.416115,322.6,2,0.57,0.71,1.0,closed,479.40489102552965,,,,18,Limited,True,40,Cropland
EVT2026_000489,2026-02-21,2026-02-21,1,24.11578,69.55324999999999,130.4,2,5.925,6.49,0.0,closed,5134.51433663227,,,,,,,60,Bare/sparse vegetation
EVT2026_000490,2026-02-21,2026-02-22,2,20.877056666666665,71.06936666666667,265.4,3,4.81,6.92,0.0,closed,2056.6375581030084,,,,,,,40,Cropland
EVT2026_000491,2026-02-21,2026-02-22,2,21.432423333333332,72.97470333333334,381.9,3,0.653,0.8,1.0,closed,1692.424223000237,10269.607349528464,,,50,Limited,True,10,Tree cover
EVT2026_000492,2026-02-21,2026-02-22,2,23.37249111111111,68.92588111111111,908.2,9,17.449,31.55,0.0,closed,2866.099091951944,,,,,,,40,Cropland
EVT2026_000493,2026-02-21,2026-02-22,2,23.4964,68.57819,225.1,2,2.24,3.62,1.0,closed,288.08759512789146,,,,,,,60,Bare/sparse vegetation
EVT2026_000494,2026-02-21,2026-03-07,15,22.417031739130433,69.0390047826087,411.1,23,1.5,4.23,0.913,closed,114.00863618824685,,,14204.2443576445,17,Moderate,True,10,Tree cover
EVT2026_000495,2026-02-22,2026-02-22,1,20.26793,73.74892,167.6,2,5.715,6.65,0.0,closed,8018.7221320929475,,,,,,,30,Grassland
EVT2026_000496,2026-02-22,2026-02-22,1,20.842485,70.72646499999999,142.0,2,16.045,16.84,0.0,closed,3685.205190933386,,,,,,,40,Cropland
EVT2026_000497,2026-02-22,2026-02-22,1,21.000335,73.718325,136.4,2,3.04,3.53,0.0,closed,9008.421547161657,,,,,,,10,Tree cover
EVT2026_000498,2026-02-22,2026-02-22,1,21.01170666666667,73.68609333333333,418.7,3,4.167,5.69,0.0,closed,9159.658417733048,,,,,,,10,Tree cover
EVT2026_000499,2026-02-22,2026-02-22,1,21.018145,71.32491999999999,176.4,2,3.69,3.69,0.0,closed,4618.004467192433,,,,,,,40,Cropland
EVT2026_000500,2026-02-22,2026-02-22,1,21.02588,70.356535,155.8,2,9.235,11.12,0.0,closed,3884.124832489338,,,,,,,40,Cropland
EVT2026_000501,2026-02-22,2026-02-22,1,21.265676666666668,72.85092666666667,290.5,3,8.94,10.77,0.0,closed,855.1995653933606,4604.740889529803,,,,,,10,Tree cover
EVT2026_000502,2026-02-22,2026-02-22,1,21.480106666666668,70.68743666666667,557.4,3,1.8,2.12,0.0,closed,4529.36854679625,,,,,,,40,Cropland
EVT2026_000503,2026-02-22,2026-02-22,1,21.570045,72.788295,33.8,2,2.405,2.57,0.0,closed,2645.7092526148194,,,,,,,40,Cropland
EVT2026_000504,2026-02-22,2026-02-22,1,21.649066666666666,70.77072333333334,396.8,3,13.397,18.82,0.0,closed,1228.745962244044,,,,,,,20,Shrubland
EVT2026_000505,2026-02-22,2026-02-22,1,21.89301,71.81084,59.0,2,1.27,1.41,0.0,closed,6569.181986270499,,,,,,,20,Shrubland
EVT2026_000506,2026-02-22,2026-02-22,1,22.055915,70.736325,165.3,2,1.45,1.45,0.0,closed,3486.0936157659994,,,,,,,40,Cropland
EVT2026_000507,2026-02-22,2026-02-22,1,22.43315,73.283435,132.4,2,2.845,3.26,0.0,closed,3058.6307648623037,19741.003656159843,,,,,,40,Cropland
EVT2026_000508,2026-02-22,2026-02-22,1,23.261645,70.500455,221.4,2,1.665,1.72,0.0,closed,643.0418045894576,,,,,,,40,Cropland
EVT2026_000509,2026-02-22,2026-02-22,1,24.242383333333333,71.17041666666667,316.5,3,8.43,9.58,0.0,closed,4919.607281718984,,,,,,,20,Shrubland
EVT2026_000510,2026-02-22,2026-02-24,3,23.43041,68.71162333333332,105.9,3,0.997,1.32,1.0,closed,102.13744814569885,,,,20,Moderate,True,50,Built-up
EVT2026_000511,2026-02-22,2026-02-24,3,24.689293333333335,73.00241666666666,185.4,3,1.797,1.99,1.0,closed,310.5159008967969,782.462784893934,,,15,Moderate,True,60,Bare/sparse vegetation
EVT2026_000512,2026-02-23,2026-02-23,1,20.761924999999998,70.944165,87.0,2,1.795,2.02,0.0,closed,1746.3748006806054,,,,,,,40,Cropland
EVT2026_000513,2026-02-23,2026-02-23,1,21.249045,70.663555,321.5,2,4.91,6.49,0.0,closed,6589.875873117859,,,,,,,20,Shrubland
EVT2026_000514,2026-02-23,2026-02-23,1,21.859885,70.828875,256.8,2,3.825,4.86,0.0,closed,4882.47599951514,,,,,,,40,Cropland
EVT2026_000515,2026-02-23,2026-02-23,1,21.89818,70.677315,109.3,2,7.985,8.17,0.0,closed,3218.899212143055,,,,,,,40,Cropland
EVT2026_000516,2026-02-23,2026-02-23,1,23.46201,71.98083,86.1,2,1.865,2.52,0.0,closed,4329.337320265709,,,,,,,40,Cropland
EVT2026_000517,2026-02-23,2026-02-24,2,23.121533333333332,70.0849,258.6,3,1.973,2.84,1.0,closed,713.4757393189265,,,,5,Moderate,True,40,Cropland
EVT2026_000518,2026-02-23,2026-02-24,2,23.689929999999997,68.831905,55.4,2,0.685,0.69,1.0,closed,2633.261758544162,5721.6440255253965,,,45,Limited,True,30,Grassland
EVT2026_000519,2026-02-23,2026-02-25,3,22.337716666666665,69.86726333333333,491.8,3,5.767,11.97,0.6667,closed,124.92413844748187,10098.539534191726,539.9790200697942,,9,Moderate,True,50,Built-up
EVT2026_000520,2026-02-23,2026-02-25,3,22.92716,69.82254999999999,207.7,3,1.09,1.72,1.0,closed,87.73485970432287,,,,10,Moderate,True,50,Built-up
EVT2026_000521,2026-02-23,2026-03-07,13,20.910236875000002,71.45877625,363.5,16,1.765,2.39,1.0,closed,321.23738160189424,1693.9126552670182,,,7,Strong,True,50,Built-up
EVT2026_000522,2026-02-23,2026-03-08,14,22.9305775,70.10624208333333,371.9,24,2.037,8.98,0.7917,closed,604.2116493558965,,,,30,Moderate,True,60,Bare/sparse vegetation
EVT2026_000523,2026-02-24,2026-02-24,1,20.12975,73.74991,199.9,2,0.9,0.9,1.0,closed,3715.528826307511,,,,,,,30,Grassland
EVT2026_000524,2026-02-24,2026-02-24,1,21.00183142857143,73.70833857142857,721.4,7,7.234,12.68,0.0,closed,10057.63190153169,,,,,,,10,Tree cover
EVT2026_000525,2026-02-24,2026-02-24,1,21.00219,70.490735,188.4,2,5.64,5.64,0.0,closed,1707.3461378267918,,,,,,,10,Tree cover
EVT2026_000526,2026-02-24,2026-02-24,1,21.292475,70.67274499999999,187.6,2,5.28,5.53,0.0,closed,2617.674030410194,,,,,,,40,Cropland
EVT2026_000527,2026-02-24,2026-02-24,1,21.38233,73.47886,303.3,3,2.79,3.52,0.0,closed,8465.541110344117,,,,,,,10,Tree cover
EVT2026_000528,2026-02-24,2026-02-24,1,21.73562,70.50596,196.0,2,2.59,2.59,0.0,closed,1530.9048353306925,,,,,,,40,Cropland
EVT2026_000529,2026-02-24,2026-02-24,1,22.24859,73.32166000000001,193.4,2,6.33,8.58,0.0,closed,5212.4131571523,,,,,,,40,Cropland
EVT2026_000530,2026-02-24,2026-02-24,1,23.518919999999998,69.13505333333333,300.9,3,2.577,3.11,0.0,closed,830.7904905852397,,,,,,,40,Cropland
EVT2026_000531,2026-02-24,2026-02-24,1,24.064961875,69.3629075,1034.4,16,2.649,5.07,0.0,closed,3278.753146029874,,,,,,,60,Bare/sparse vegetation
EVT2026_000532,2026-02-24,2026-02-24,1,24.15583,69.37012375,956.1,8,2.904,3.71,0.0,closed,3054.72971849131,,,,,,,60,Bare/sparse vegetation
EVT2026_000533,2026-02-24,2026-02-24,1,24.15623875,69.28975750000001,825.9,8,1.993,3.21,0.0,closed,5677.367958422687,,,,,,,60,Bare/sparse vegetation
EVT2026_000534,2026-02-24,2026-02-25,2,23.44714666666667,69.87729666666667,161.3,3,3.657,4.12,0.0,closed,13870.918335189772,,,,,,,20,Shrubland
EVT2026_000535,2026-02-24,2026-02-25,2,24.658883333333335,73.87615333333333,242.9,3,0.66,0.72,1.0,closed,156.91971753366286,,,,53,Limited,True,50,Built-up
EVT2026_000536,2026-02-24,2026-02-26,3,20.845862,70.542368,477.4,5,6.178,13.54,0.0,closed,3333.549101629671,,,,,,,40,Cropland
EVT2026_000537,2026-02-25,2026-02-25,1,20.416710000000002,73.50777500000001,200.5,2,2.61,2.61,0.0,closed,13740.91765237368,,,,,,,30,Grassland
EVT2026_000538,2026-02-25,2026-02-25,1,20.84348,70.76790500000001,230.0,2,2.095,2.25,0.0,closed,1883.4122786905261,,,,,,,10,Tree cover
EVT2026_000539,2026-02-25,2026-02-25,1,21.044925,74.297135,281.0,2,4.91,5.3,0.0,closed,667.1239463316797,,,,,,,50,Built-up
EVT2026_000540,2026-02-25,2026-02-25,1,21.045569999999998,74.42547,301.8,3,7.083,8.13,0.0,closed,116.1763422362419,,,,,,,30,Grassland
EVT2026_000541,2026-02-25,2026-02-25,1,21.048569999999998,74.308625,207.0,2,5.65,8.51,0.0,closed,523.5066684887784,,,,,,,20,Shrubland
EVT2026_000542,2026-02-25,2026-02-25,1,21.057446666666667,74.38938,903.6,12,7.223,9.36,0.0,closed,54.816225572231694,,,,,,,30,Grassland
EVT2026_000543,2026-02-25,2026-02-25,1,21.061923,74.426261,1030.8,10,7.408,11.4,0.0,closed,930.1735724395062,,,,,,,40,Cropland
EVT2026_000544,2026-02-25,2026-02-25,1,21.0824125,74.3598,491.1,4,4.777,6.76,0.0,closed,807.8164164761138,,,,,,,60,Bare/sparse vegetation
EVT2026_000545,2026-02-25,2026-02-25,1,21.113625,73.69575,193.3,2,2.74,3.35,1.0,closed,8461.045649854745,17860.55655644579,,,,,,10,Tree cover
EVT2026_000546,2026-02-25,2026-02-25,1,21.43281,72.97722,198.9,2,1.47,2.16,1.0,closed,1852.2953774607106,10276.64283617909,,,50,Limited,True,30,Grassland
EVT2026_000547,2026-02-25,2026-02-25,1,21.50445,72.727945,236.3,2,2.4,2.4,0.0,closed,3624.5402317435146,,,,,,,30,Grassland
EVT2026_000548,2026-02-25,2026-02-25,1,22.71582,73.98354499999999,191.9,2,2.97,3.49,0.0,closed,7038.239491039806,,,,,,,30,Grassland
EVT2026_000549,2026-02-25,2026-02-25,1,23.36801,68.920875,489.8,4,5.702,7.81,0.0,closed,3498.665325766428,,,,,,,20,Shrubland
EVT2026_000550,2026-02-25,2026-02-25,1,23.840269999999997,73.5917,206.7,2,3.8,3.8,0.0,closed,5195.178608524849,,,,,,,30,Grassland
EVT2026_000551,2026-02-25,2026-02-25,1,24.24306,71.173755,213.0,2,7.93,7.93,0.0,closed,4668.467502998495,,,,,,,20,Shrubland
EVT2026_000552,2026-02-25,2026-02-27,3,22.43077,69.83244,145.4,3,0.533,0.57,1.0,closed,310.69410183731134,1215.118541469676,10409.55496640422,,31,Limited,True,10,Tree cover
EVT2026_000553,2026-02-25,2026-03-08,12,22.9324575,69.70126937500001,332.1,16,1.429,3.78,1.0,closed,176.85809830282636,19448.569090683846,,,1,Moderate,True,50,Built-up
EVT2026_000554,2026-02-26,2026-02-26,1,20.923896666666668,70.76614666666667,256.2,3,3.563,4.25,0.0,closed,1233.5756319638406,,,,,,,10,Tree cover
EVT2026_000555,2026-02-26,2026-02-26,1,20.942506666666667,70.44693333333333,533.6,3,4.467,6.03,0.0,closed,919.8260252028891,,,,,,,40,Cropland
EVT2026_000556,2026-02-26,2026-02-26,1,20.970245,70.610375,100.8,2,9.62,10.54,0.0,closed,2913.022338832895,,,,,,,10,Tree cover
EVT2026_000557,2026-02-26,2026-02-26,1,21.210304999999998,71.520835,79.6,2,4.195,4.7,0.0,closed,4315.962387792269,,,,,,,40,Cropland
EVT2026_000558,2026-02-26,2026-02-26,1,22.440095,72.184665,144.1,2,6.48,7.18,0.0,closed,3757.76402435747,,,,,,,40,Cropland
EVT2026_000559,2026-02-26,2026-02-26,1,22.824105,69.439535,30.0,2,3.515,3.84,0.0,closed,4426.043542588778,9124.013348945586,,,,,,20,Shrubland
EVT2026_000560,2026-02-26,2026-02-26,1,23.04681,70.13343499999999,140.6,2,1.26,1.37,1.0,closed,539.9284691865316,,,,,,,10,Tree cover
EVT2026_000561,2026-02-26,2026-02-26,1,23.6138675,69.529645,303.6,4,3.755,5.54,0.0,closed,16679.79584926933,,,,,,,40,Cropland
EVT2026_000562,2026-02-26,2026-02-26,1,24.430329999999998,68.65829333333333,330.6,3,4.593,7.72,0.0,closed,,,,,,,,40,Cropland
EVT2026_000563,2026-02-26,2026-02-26,1,24.621916666666664,69.17786000000001,364.8,3,1.497,1.91,1.0,closed,11806.364382715583,,,,,,,20,Shrubland
EVT2026_000564,2026-02-27,2026-02-27,1,20.883384999999997,70.44305,305.6,2,2.315,3.02,0.0,closed,3958.557925480796,,,,,,,40,Cropland
EVT2026_000565,2026-02-27,2026-02-27,1,20.925669999999997,70.6763,47.4,2,12.535,12.74,0.0,closed,3723.8093565615573,,,,,,,40,Cropland
EVT2026_000566,2026-02-27,2026-02-27,1,21.416975,70.46356,198.8,2,10.37,10.37,0.0,closed,2162.034488186187,,,,,,,10,Tree cover
EVT2026_000567,2026-02-27,2026-02-27,1,21.478065,71.033975,67.8,2,5.37,5.81,0.0,closed,4018.5252078266494,,,,,,,40,Cropland
EVT2026_000568,2026-02-27,2026-02-27,1,21.531824999999998,73.045575,137.1,2,17.725,18.6,0.0,closed,3201.682058106693,16243.621380097802,,,,,,40,Cropland
EVT2026_000569,2026-02-27,2026-02-27,1,21.78799666666667,70.76428666666666,325.3,3,7.573,11.0,0.0,closed,3508.1790091879707,,,,,,,40,Cropland
EVT2026_000570,2026-02-27,2026-02-27,1,21.968755,69.81705,297.8,2,3.95,3.95,0.0,closed,2401.0699112470948,,,,,,,40,Cropland
EVT2026_000571,2026-02-27,2026-02-27,1,22.04473,69.14282,121.3,2,4.23,4.66,0.0,closed,2206.321859426483,,,,,,,20,Shrubland
EVT2026_000572,2026-02-27,2026-02-27,1,22.082684999999998,70.607035,185.3,2,1.41,1.42,0.0,closed,1488.2457830417868,,,,,,,40,Cropland
EVT2026_000573,2026-02-27,2026-02-27,1,22.366275,73.11889,199.6,2,1.285,1.61,1.0,closed,637.7236593491899,2060.6090000509435,,,11,Limited,True,50,Built-up
EVT2026_000574,2026-02-27,2026-02-27,1,22.467515,73.2016,367.3,2,5.095,5.17,0.0,closed,322.1537252022264,14472.328557264524,,,,,,30,Grassland
EVT2026_000575,2026-02-27,2026-02-27,1,23.495845000000003,68.576535,167.3,2,1.605,1.75,1.0,closed,415.4328827581725,,,,,,,60,Bare/sparse vegetation
EVT2026_000576,2026-02-27,2026-02-27,1,23.938835,72.59558,175.9,2,7.435,8.55,0.0,closed,1697.850657240305,,,,,,,40,Cropland
EVT2026_000577,2026-02-27,2026-02-27,1,24.48673,68.23068,237.2,2,5.885,7.93,0.0,closed,11069.30529565173,,,,,,,40,Cropland
EVT2026_000578,2026-02-27,2026-02-27,1,24.5345175,72.855655,536.9,4,1.37,1.59,1.0,closed,5254.443553486884,,,,,,,20,Shrubland
EVT2026_000579,2026-02-27,2026-02-28,2,20.83709,70.689465,366.5,2,2.84,4.71,0.5,closed,215.74063515191526,,,,8,Strong,True,10,Tree cover
EVT2026_000580,2026-02-27,2026-02-28,2,20.97174,70.46151,196.7,2,2.94,3.58,0.0,closed,3408.677261957022,,,,,,,40,Cropland
EVT2026_000581,2026-02-27,2026-03-02,4,23.43163,68.71237500000001,160.6,4,1.105,1.45,1.0,closed,106.43850765020207,,,,20,Moderate,True,50,Built-up
EVT2026_000582,2026-02-28,2026-02-28,1,20.52095,74.20962499999999,178.3,2,2.065,2.19,0.0,closed,6342.502674325468,,,,,,,10,Tree cover
EVT2026_000583,2026-02-28,2026-02-28,1,20.794626666666666,73.90540666666668,408.9,3,6.52,6.95,0.0,closed,,,,,,,,30,Grassland
EVT2026_000584,2026-02-28,2026-02-28,1,20.843249999999998,70.624195,198.7,2,6.4,6.4,0.0,closed,3813.6233710486044,,,,,,,40,Cropland
EVT2026_000585,2026-02-28,2026-02-28,1,20.85105,70.586525,22.7,2,2.55,2.62,0.0,closed,2560.356934294816,,,,,,,40,Cropland
EVT2026_000586,2026-02-28,2026-02-28,1,20.872485,70.524255,196.4,2,3.525,4.03,0.0,closed,4096.39164800446,,,,,,,40,Cropland
EVT2026_000587,2026-02-28,2026-02-28,1,20.879195000000003,70.89576500000001,231.5,2,3.5,3.5,0.0,closed,5606.135989346478,,,,,,,40,Cropland
EVT2026_000588,2026-02-28,2026-02-28,1,20.911285,70.70766,200.1,2,7.28,7.28,0.0,closed,1377.8924286972658,,,,,,,40,Cropland
EVT2026_000589,2026-02-28,2026-02-28,1,20.91973,70.45904,225.4,2,4.78,6.99,0.0,closed,2098.1628077047676,,,,,,,40,Cropland
EVT2026_000590,2026-02-28,2026-02-28,1,20.936304999999997,70.441765,42.4,2,9.665,10.33,0.0,closed,1330.3900643203206,,,,,,,40,Cropland
EVT2026_000591,2026-02-28,2026-02-28,1,20.99179,70.35904500000001,287.5,2,12.07,12.07,0.0,closed,6193.582441032245,,,,,,,10,Tree cover
EVT2026_000592,2026-02-28,2026-02-28,1,21.41813666666667,73.67996666666666,361.2,3,8.453,12.88,0.0,closed,8635.77575634543,,,,,,,30,Grassland
EVT2026_000593,2026-02-28,2026-02-28,1,21.63851,73.133595,290.8,2,2.41,2.41,0.0,closed,476.29312872392467,,,,,,,40,Cropland
EVT2026_000594,2026-02-28,2026-02-28,1,21.70606,69.6842,110.8,2,14.04,15.53,0.0,closed,3339.3593610972407,,,,,,,40,Cropland
EVT2026_000595,2026-02-28,2026-02-28,1,21.763835,69.812915,219.2,2,7.14,8.78,0.0,closed,2634.999816289375,,,,,,,40,Cropland
EVT2026_000596,2026-02-28,2026-02-28,1,21.9563,72.7848875,344.0,4,11.39,12.65,0.0,closed,3706.381704820257,,,,,,,40,Cropland
EVT2026_000597,2026-02-28,2026-02-28,1,22.929485,69.232025,175.1,2,2.27,2.69,0.0,closed,683.3686952949747,,,,,,,40,Cropland
EVT2026_000598,2026-02-28,2026-03-02,3,24.6583575,73.87553249999999,273.7,4,1.177,1.68,1.0,closed,182.12276612610324,,,,53,Limited,True,50,Built-up
EVT2026_000599,2026-02-28,2026-03-02,3,24.69038,73.00164,165.8,3,1.41,1.87,1.0,closed,218.56351696385036,658.3018738618814,,,15,Moderate,True,50,Built-up
EVT2026_000600,2026-03-01,2026-03-01,1,20.52562,74.2925575,252.4,4,3.635,3.64,0.0,closed,2609.3737864728905,,,,,,,40,Cropland
EVT2026_000601,2026-03-01,2026-03-01,1,21.002505,70.336825,194.0,2,5.3,5.3,0.0,closed,4102.699576609564,,,,,,,40,Cropland
EVT2026_000602,2026-03-01,2026-03-01,1,21.103859999999997,70.2,372.8,2,3.075,4.2,0.0,closed,1203.8206260067252,,,,,,,40,Cropland
EVT2026_000603,2026-03-01,2026-03-01,1,21.172404999999998,73.42562,57.2,2,5.645,5.71,0.0,closed,4696.107575801143,14265.095192640685,,,,,,10,Tree cover
EVT2026_000604,2026-03-01,2026-03-01,1,21.210935,70.13766000000001,268.6,2,5.535,7.27,0.0,closed,2154.5848873356044,,,,,,,40,Cropland
EVT2026_000605,2026-03-01,2026-03-01,1,21.381123333333335,73.95624333333333,366.5,3,6.46,6.46,0.0,closed,4772.534800487028,,,,,,,40,Cropland
EVT2026_000606,2026-03-01,2026-03-01,1,21.464100000000002,70.449255,186.9,2,6.485,11.63,0.0,closed,1584.2541021507795,,,,,,,40,Cropland
EVT2026_000607,2026-03-01,2026-03-01,1,22.208537777777778,73.99732666666667,561.8,9,9.747,15.98,0.0,closed,4062.1858304769435,,,,,,,10,Tree cover
EVT2026_000608,2026-03-01,2026-03-01,1,22.337765,69.853385,186.7,2,1.31,1.31,1.0,closed,869.6592969808534,9606.172337572449,1325.8914799780266,,23,Limited,True,50,Built-up
EVT2026_000609,2026-03-01,2026-03-01,1,23.001055,71.31759500000001,205.6,2,3.9,3.9,0.0,closed,2247.005757906169,,,,,,,20,Shrubland
EVT2026_000610,2026-03-01,2026-03-01,1,23.02035,71.96831499999999,155.8,2,4.885,5.52,0.0,closed,7823.085922350979,,,,,,,40,Cropland
EVT2026_000611,2026-03-01,2026-03-01,1,23.256999999999998,70.26211,193.9,2,0.56,0.56,1.0,closed,752.7035697924398,,,,29,Limited,True,60,Bare/sparse vegetation
EVT2026_000612,2026-03-01,2026-03-01,1,24.363345000000002,73.382415,247.0,2,6.0,6.13,0.0,closed,,,,,,,,10,Tree cover
EVT2026_000613,2026-03-01,2026-03-02,2,21.15791,70.103905,356.8,2,3.92,4.31,0.0,closed,3938.020329293785,,,,,,,40,Cropland
EVT2026_000614,2026-03-01,2026-03-02,2,23.1213,70.08586000000001,246.9,3,1.853,1.95,0.6667,closed,748.5137480104961,,,,5,Moderate,True,40,Cropland
EVT2026_000615,2026-03-01,2026-03-02,2,24.48488,73.55948000000001,299.7,2,2.245,3.26,0.5,closed,15042.00780292962,,,,,,,30,Grassland
EVT2026_000616,2026-03-02,2026-03-02,1,20.551499999999997,73.950575,186.0,2,0.71,0.71,1.0,closed,8435.905313128858,,,,,,,30,Grassland
EVT2026_000617,2026-03-02,2026-03-02,1,20.902079999999998,70.365625,154.0,2,2.165,2.21,1.0,closed,886.8198153806296,,,,,,,50,Built-up
EVT2026_000618,2026-03-02,2026-03-02,1,20.90235,70.377615,166.2,2,1.72,1.88,1.0,closed,169.2187191822292,,,,,,,50,Built-up
EVT2026_000619,2026-03-02,2026-03-02,1,21.041449999999998,70.28816499999999,153.8,2,3.96,4.55,0.0,closed,911.501331126694,,,,,,,40,Cropland
EVT2026_000620,2026-03-02,2026-03-02,1,21.3706,74.013615,264.2,2,3.675,7.04,0.5,closed,7817.493157555975,,,,,,,30,Grassland
EVT2026_000621,2026-03-02,2026-03-02,1,21.613805,72.17475999999999,213.3,2,2.56,2.56,0.0,closed,3246.244194497181,5938.176359746873,,,,,,40,Cropland
EVT2026_000622,2026-03-02,2026-03-02,1,21.68211,69.616505,126.5,2,4.1,4.17,0.0,closed,1422.8695048338025,,,,,,,40,Cropland
EVT2026_000623,2026-03-02,2026-03-02,1,21.923344999999998,69.294655,225.0,2,8.915,9.95,0.0,closed,726.5509552726479,,,,,,,40,Cropland
EVT2026_000624,2026-03-02,2026-03-02,1,22.443640000000002,72.71879,43.5,2,1.69,1.93,0.0,closed,3429.7912547923765,,,15214.77919470685,,,,40,Cropland
EVT2026_000625,2026-03-02,2026-03-02,1,22.820017999999997,74.16756799999999,703.8,5,8.788,10.18,0.0,closed,6697.141050671518,,,,,,,30,Grassland
EVT2026_000626,2026-03-02,2026-03-02,1,23.46439666666667,74.44360999999999,287.6,3,13.07,13.07,0.0,closed,7178.237010455586,10175.637141353924,,,,,,30,Grassland
EVT2026_000627,2026-03-02,2026-03-02,1,24.048789999999997,72.1740875,433.8,4,4.26,8.44,0.0,closed,1914.2830916278283,,,,,,,40,Cropland
EVT2026_000628,2026-03-02,2026-03-02,1,24.378445,72.06920500000001,205.3,2,1.535,1.89,0.0,closed,1876.140008964206,,,,,,,40,Cropland
EVT2026_000629,2026-03-02,2026-03-02,1,24.38501,73.957505,169.7,2,0.86,0.87,1.0,closed,,,,,,,,30,Grassland
EVT2026_000630,2026-03-02,2026-03-02,1,24.499356666666667,72.15295666666667,300.1,3,4.837,5.11,0.0,closed,4050.7827927459343,,,,,,,40,Cropland
EVT2026_000631,2026-03-02,2026-03-02,1,24.658465,71.878765,207.0,2,1.44,1.44,0.0,closed,505.63440587721453,,,,,,,40,Cropland
EVT2026_000632,2026-03-02,2026-03-03,2,21.355433333333334,70.49576666666667,336.4,3,5.587,7.4,0.0,closed,3124.234993438182,,,,,,,40,Cropland
EVT2026_000633,2026-03-02,2026-03-03,2,21.361769999999996,74.00425,482.0,3,2.237,4.1,0.3333,closed,8035.255563125583,,,,,,,30,Grassland
EVT2026_000634,2026-03-02,2026-03-03,2,22.8546175,69.19587,405.9,4,6.048,10.15,0.0,closed,506.3205162915669,,,,,,,20,Shrubland
EVT2026_000635,2026-03-03,2026-03-03,1,20.014553333333335,73.69709333333333,350.3,3,8.74,8.74,0.0,closed,1275.470340589896,,,,,,,30,Grassland
EVT2026_000636,2026-03-03,2026-03-03,1,20.339325000000002,72.966015,235.0,2,2.12,3.65,1.0,closed,1010.1421521903823,,,,,,,40,Cropland
EVT2026_000637,2026-03-03,2026-03-03,1,20.88201,70.72031,122.8,2,4.19,5.53,0.0,closed,1456.7098660271365,,,,,,,10,Tree cover
EVT2026_000638,2026-03-03,2026-03-03,1,21.01063,70.40353999999999,287.9,2,4.05,4.05,0.0,closed,4438.294045659629,,,,,,,10,Tree cover
EVT2026_000639,2026-03-03,2026-03-03,1,21.339466666666667,73.95673,505.8,3,5.353,7.14,0.0,closed,9368.362885202254,,,,,,,40,Cropland
EVT2026_000640,2026-03-03,2026-03-03,1,21.364855,73.536035,318.5,4,5.445,7.0,0.0,closed,11304.410560925675,17437.995100318498,,,,,,10,Tree cover
EVT2026_000641,2026-03-03,2026-03-03,1,21.911524999999997,72.0358,201.4,2,2.57,3.28,0.0,closed,3939.2963460430346,,,,,,,40,Cropland
EVT2026_000642,2026-03-03,2026-03-03,1,22.997345,70.64043000000001,298.1,2,5.11,5.11,0.0,closed,4184.090140985018,,,,,,,40,Cropland
EVT2026_000643,2026-03-03,2026-03-03,1,23.338475,68.96391,148.1,2,2.655,2.96,0.0,closed,4777.942365465867,,,,,,,40,Cropland
EVT2026_000644,2026-03-03,2026-03-03,1,23.649169999999998,73.652035,138.0,2,8.84,9.28,0.0,closed,7005.874397091381,,,,,,,30,Grassland
EVT2026_000645,2026-03-03,2026-03-03,1,23.81961,73.90775,183.7,2,1.005,1.2,1.0,closed,18627.390309104958,,,,,,,10,Tree cover
EVT2026_000646,2026-03-03,2026-03-03,1,24.252580000000002,68.02687,246.6,2,19.39,25.56,0.0,closed,8098.213415998124,,,,,,,80,Water bodies
EVT2026_000647,2026-03-03,2026-03-03,1,24.48203,69.32513,167.5,2,4.515,5.26,0.0,closed,19338.26832078685,,,,,,,20,Shrubland
EVT2026_000648,2026-03-03,2026-03-03,1,24.49903,68.17379500000001,364.2,2,19.24,28.54,0.0,closed,5568.812105756912,,,,,,,40,Cropland
EVT2026_000649,2026-03-03,2026-03-03,1,24.500285,73.55708,376.7,6,2.162,4.73,1.0,closed,13996.966551399504,,,,,,,30,Grassland
EVT2026_000650,2026-03-03,2026-03-03,1,24.59119,68.16274,83.8,2,9.3,10.02,0.0,closed,6975.167996399184,,,,,,,40,Cropland
EVT2026_000651,2026-03-03,2026-03-04,2,20.757645,71.11966000000001,91.1,2,4.085,5.12,0.0,closed,5031.8130488042925,,,,,,,10,Tree cover
EVT2026_000652,2026-03-03,2026-03-04,2,20.91579666666667,70.83816666666667,275.6,3,5.977,10.86,0.0,closed,1774.0816183686684,,,,,,,40,Cropland
EVT2026_000653,2026-03-03,2026-03-04,2,23.71168833333333,73.48815499999999,892.3,6,2.693,6.97,0.6667,closed,4444.017489532833,,,,,,,10,Tree cover
EVT2026_000654,2026-03-03,2026-03-06,4,22.43008,69.832145,264.5,4,0.768,0.93,1.0,closed,317.78062838368567,1132.7115424155481,10346.99014711658,,31,Limited,True,50,Built-up
EVT2026_000655,2026-03-04,2026-03-04,1,20.069665,73.58966,46.0,2,5.11,6.04,0.0,closed,11099.94471983683,,,,,,,40,Cropland
EVT2026_000656,2026-03-04,2026-03-04,1,20.653460000000003,73.719495,200.5,2,1.865,2.47,0.0,closed,6658.915416417668,,,,,,,10,Tree cover
EVT2026_000657,2026-03-04,2026-03-04,1,20.7676,73.69115,164.8,2,2.465,2.67,0.0,closed,1561.0848259481672,,,,,,,40,Cropland
EVT2026_000658,2026-03-04,2026-03-04,1,20.77955,73.659265,226.0,2,2.34,2.34,0.0,closed,3156.493398920307,,,,,,,10,Tree cover
EVT2026_000659,2026-03-04,2026-03-04,1,20.815925,70.63499999999999,30.0,2,3.675,4.02,0.0,closed,3822.143810985405,,,,,,,40,Cropland
EVT2026_000660,2026-03-04,2026-03-04,1,20.867535,70.519555,445.9,4,3.605,3.94,0.0,closed,3729.6491825381345,,,,,,,40,Cropland
EVT2026_000661,2026-03-04,2026-03-04,1,20.895470000000003,71.096045,350.7,2,24.71,44.02,0.0,closed,5243.38010304396,,,,,,,50,Built-up
EVT2026_000662,2026-03-04,2026-03-04,1,20.900745,73.49918,311.2,2,1.095,1.56,1.0,closed,6340.34162966069,,,,,,,40,Cropland
EVT2026_000663,2026-03-04,2026-03-04,1,20.909095,73.52055,133.9,2,15.355,17.8,0.0,closed,7505.963145854948,,,,,,,10,Tree cover
EVT2026_000664,2026-03-04,2026-03-04,1,20.926994999999998,70.56417,172.6,2,3.83,5.08,0.0,closed,1934.5717291452863,,,,,,,10,Tree cover
EVT2026_000665,2026-03-04,2026-03-04,1,21.073375,73.76147,129.8,2,4.745,4.89,0.0,closed,10513.329592792665,,,,,,,30,Grassland
EVT2026_000666,2026-03-04,2026-03-04,1,21.16348,72.673895,41.5,2,6.115,7.92,0.0,closed,576.4516487842141,1319.963933121641,,,,,,10,Tree cover
EVT2026_000667,2026-03-04,2026-03-04,1,21.194155000000002,70.09317999999999,176.5,2,3.03,3.2,0.0,closed,3376.576183118733,,,,,,,10,Tree cover
EVT2026_000668,2026-03-04,2026-03-04,1,21.199460000000002,70.019855,203.5,2,13.99,18.08,0.0,closed,3012.712539199056,,,,,,,20,Shrubland
EVT2026_000669,2026-03-04,2026-03-04,1,21.309035,70.52168499999999,340.4,2,4.58,4.58,0.0,closed,3449.507220208062,,,,,,,10,Tree cover
EVT2026_000670,2026-03-04,2026-03-04,1,21.315706666666667,70.48938666666668,268.9,3,19.847,30.5,0.0,closed,3087.923824782401,,,,,,,40,Cropland
EVT2026_000671,2026-03-04,2026-03-04,1,21.34281,70.44700499999999,111.8,2,2.32,2.73,0.0,closed,1532.391740071338,,,,,,,40,Cropland
EVT2026_000672,2026-03-04,2026-03-04,1,21.34451,70.46631,110.0,2,4.375,5.61,0.0,closed,910.0724556753187,,,,,,,40,Cropland
EVT2026_000673,2026-03-04,2026-03-04,1,21.35654,70.60411666666666,275.4,3,14.51,22.37,0.0,closed,3583.9715925986347,,,,,,,40,Cropland
EVT2026_000674,2026-03-04,2026-03-04,1,21.485255000000002,70.91801000000001,212.8,2,5.62,6.93,0.0,closed,3330.3010028369627,,,,,,,40,Cropland
EVT2026_000675,2026-03-04,2026-03-04,1,21.625235,70.35409,58.4,2,1.935,1.99,0.0,closed,2848.699462812375,,,,,,,40,Cropland
EVT2026_000676,2026-03-04,2026-03-04,1,21.629485000000003,69.90364,232.6,2,3.32,3.32,0.0,closed,3015.695061675377,,,,,,,40,Cropland
EVT2026_000677,2026-03-04,2026-03-04,1,21.71233,69.6476,224.1,2,7.79,7.79,0.0,closed,3652.9940982785756,,,,,,,40,Cropland
EVT2026_000678,2026-03-04,2026-03-04,1,21.8605925,69.33780999999999,450.6,4,7.315,9.63,0.0,closed,489.8797778314744,,,,,,,40,Cropland
EVT2026_000679,2026-03-04,2026-03-04,1,21.93702,70.48702,293.5,2,5.365,7.78,0.0,closed,4015.581408659151,,,,,,,40,Cropland
EVT2026_000680,2026-03-04,2026-03-04,1,22.27102,69.47554,279.6,2,3.31,4.25,0.0,closed,3646.96750938937,,,,,,,40,Cropland
EVT2026_000681,2026-03-04,2026-03-04,1,22.29462,73.257135,134.6,2,3.005,3.67,0.0,closed,1276.269644721614,18359.310174736576,,,,,,40,Cropland
EVT2026_000682,2026-03-04,2026-03-04,1,22.95982,72.54891571428571,520.1,7,14.921,25.45,0.1429,closed,865.5637711517937,13076.880868012218,,,,,,20,Shrubland
EVT2026_000683,2026-03-04,2026-03-04,1,23.028215,71.283265,118.0,2,2.53,3.08,0.0,closed,1106.9304346330941,,,,,,,40,Cropland
EVT2026_000684,2026-03-04,2026-03-04,1,23.59045,73.39404,130.1,2,1.75,1.94,1.0,closed,1770.4105241252041,,,,,,,10,Tree cover
EVT2026_000685,2026-03-04,2026-03-04,1,24.05087333333333,69.51238666666667,473.8,3,14.87,20.76,0.0,closed,3252.8993561820066,,,,,,,60,Bare/sparse vegetation
EVT2026_000686,2026-03-04,2026-03-04,1,24.30971,69.57905333333333,332.5,3,3.95,6.05,0.0,closed,14194.48963587868,,,,,,,20,Shrubland
EVT2026_000687,2026-03-04,2026-03-04,1,24.510900000000003,73.58151,407.6,3,0.85,1.15,1.0,closed,11404.400148517261,,,,,,,30,Grassland
EVT2026_000688,2026-03-04,2026-03-05,2,20.906984,73.509266,608.2,5,9.526,12.91,0.0,closed,7573.542911802228,,,,,,,10,Tree cover
EVT2026_000689,2026-03-04,2026-03-05,2,21.16622,70.10185,387.2,3,7.307,9.53,0.0,closed,4052.2321486945602,,,,,,,40,Cropland
EVT2026_000690,2026-03-04,2026-03-05,2,23.46721,69.881535,227.6,2,3.84,3.96,0.0,closed,16059.779124148132,,,,,,,30,Grassland
EVT2026_000691,2026-03-04,2026-03-06,3,22.340016666666667,69.85495,128.1,3,2.78,2.92,1.0,closed,604.8709239614137,9412.586922641702,1096.3609219235213,,23,Limited,True,50,Built-up
EVT2026_000692,2026-03-05,2026-03-05,1,20.889825000000002,70.49596,189.9,2,5.885,6.94,0.0,closed,3943.598301765598,,,,,,,10,Tree cover
EVT2026_000693,2026-03-05,2026-03-05,1,20.97780333333333,71.03438,396.5,3,4.717,4.76,0.0,closed,4176.980567645284,,,,,,,20,Shrubland
EVT2026_000694,2026-03-05,2026-03-05,1,21.01678,72.76488,340.1,4,6.83,7.03,0.0,closed,1180.0626301144082,15484.233512575838,,,,,,40,Cropland
EVT2026_000695,2026-03-05,2026-03-05,1,21.110971666666668,70.60309666666666,394.4,6,9.245,9.82,0.0,closed,4793.704660405013,,,,,,,20,Shrubland
EVT2026_000696,2026-03-05,2026-03-05,1,21.156,70.0955625,385.5,4,11.613,20.83,0.0,closed,4222.768010581313,,,,,,,40,Cropland
EVT2026_000697,2026-03-05,2026-03-05,1,21.20861,70.05986,229.9,2,11.745,13.26,0.0,closed,2113.896179540834,,,,,,,40,Cropland
EVT2026_000698,2026-03-05,2026-03-05,1,21.375685,74.024885,206.4,2,1.535,1.6,1.0,closed,8256.768721703713,,,,,,,40,Cropland
EVT2026_000699,2026-03-05,2026-03-05,1,21.426865,70.539755,379.5,4,6.027,12.62,0.0,closed,2989.309878434869,,,,,,,40,Cropland
EVT2026_000700,2026-03-05,2026-03-05,1,21.65038,69.798215,176.3,2,5.37,5.43,0.0,closed,1665.1706367924996,,,,,,,40,Cropland
EVT2026_000701,2026-03-05,2026-03-05,1,21.663775,69.80079,176.4,2,8.08,9.28,0.0,closed,660.9726187969769,,,,,,,40,Cropland
EVT2026_000702,2026-03-05,2026-03-05,1,21.667646666666666,69.87424666666668,239.6,3,4.533,6.4,0.0,closed,2206.2369857329936,,,,,,,40,Cropland
EVT2026_000703,2026-03-05,2026-03-05,1,21.939774999999997,72.54649,170.1,2,2.45,2.45,0.0,closed,13293.455384956966,,,,,,,40,Cropland
EVT2026_000704,2026-03-05,2026-03-05,1,22.980135,73.981645,319.7,2,2.76,2.76,0.0,closed,16101.87107997835,,,,,,,30,Grassland
EVT2026_000705,2026-03-05,2026-03-05,1,23.222406666666668,73.61953666666666,272.0,3,4.627,4.84,0.0,closed,5159.841258246905,,,,,,,40,Cropland
EVT2026_000706,2026-03-05,2026-03-05,1,23.282075,72.34423,82.6,2,1.4,1.81,1.0,closed,576.1751977790004,,,,,,,20,Shrubland
EVT2026_000707,2026-03-05,2026-03-05,1,23.710045,72.39844,175.1,2,3.385,4.09,0.0,closed,1880.169695149724,,,,,,,40,Cropland
EVT2026_000708,2026-03-05,2026-03-05,1,23.834024999999997,73.89154500000001,123.9,2,3.465,3.74,0.0,closed,18962.820943685612,,,,,,,10,Tree cover
EVT2026_000709,2026-03-05,2026-03-05,1,24.468490000000003,73.77958,474.4,3,8.697,12.01,0.0,closed,5317.3703528323285,13565.164808032698,,,,,,10,Tree cover
EVT2026_000710,2026-03-05,2026-03-05,1,24.555413333333334,69.02374,269.6,3,11.497,15.45,0.0,closed,9593.32189957469,,,,,,,80,Water bodies
EVT2026_000711,2026-03-05,2026-03-07,3,23.313263333333335,70.19964,105.9,3,0.88,0.96,1.0,closed,224.79558582702717,,,,14,Limited,True,60,Bare/sparse vegetation
EVT2026_000712,2026-03-06,2026-03-06,1,20.9205775,73.5620775,245.4,4,1.362,1.67,1.0,closed,3259.11752128396,,,,,,,10,Tree cover
EVT2026_000713,2026-03-06,2026-03-06,1,21.196285,70.70992000000001,102.4,2,3.51,4.46,0.0,closed,12488.319355132813,,,,,,,20,Shrubland
EVT2026_000714,2026-03-06,2026-03-06,1,21.33024,74.24092999999999,138.7,2,1.055,1.06,1.0,closed,2898.3890010622113,,,,,,,40,Cropland
EVT2026_000715,2026-03-06,2026-03-06,1,21.616975,69.89312,278.7,2,2.4,2.89,0.0,closed,3460.573521960398,,,,,,,40,Cropland
EVT2026_000716,2026-03-06,2026-03-06,1,22.279365,74.11585,79.9,2,5.155,6.19,0.0,closed,10505.240924921045,,,,,,,10,Tree cover
EVT2026_000717,2026-03-06,2026-03-06,1,22.2857,74.17003,86.4,2,3.93,5.59,0.0,closed,15837.17566441395,,,,,,,30,Grassland
EVT2026_000718,2026-03-06,2026-03-06,1,23.973010000000002,73.36355499999999,311.9,2,3.55,4.69,0.0,closed,3974.795569026368,,,,,,,30,Grassland
EVT2026_000719,2026-03-07,2026-03-07,1,20.314423333333334,73.6113,269.0,3,6.64,7.04,0.0,closed,,,,,,,,30,Grassland
EVT2026_000720,2026-03-07,2026-03-07,1,20.353985,73.60141,195.8,2,1.07,1.63,1.0,closed,16156.780828638359,,,,,,,10,Tree cover
EVT2026_000721,2026-03-07,2026-03-07,1,20.71138,73.7594,186.9,2,3.67,3.67,0.0,closed,9809.503973277217,,,,,,,30,Grassland
EVT2026_000722,2026-03-07,2026-03-07,1,20.76195,71.00225,194.1,2,1.83,2.04,0.0,closed,6026.045297873598,,,,,,,40,Cropland
EVT2026_000723,2026-03-07,2026-03-07,1,20.87434,70.426935,221.1,2,3.7,3.7,0.0,closed,2979.639503199614,,,,,,,40,Cropland
EVT2026_000724,2026-03-07,2026-03-07,1,21.18313,70.12835000000001,199.9,2,2.08,2.08,0.0,closed,1354.5714155289734,,,,,,,40,Cropland
EVT2026_000725,2026-03-07,2026-03-07,1,21.218775,71.19445,189.6,2,1.2,1.34,1.0,closed,5565.869423588903,,,,,,,40,Cropland
EVT2026_000726,2026-03-07,2026-03-07,1,21.727655,73.57123,127.0,2,0.9,1.17,1.0,closed,7013.365020552127,,,,,,,10,Tree cover
EVT2026_000727,2026-03-07,2026-03-07,1,21.75122,73.633015,187.1,2,1.47,1.55,1.0,closed,12376.262514103057,,,,,,,10,Tree cover
EVT2026_000728,2026-03-07,2026-03-07,1,23.686529999999998,73.474485,256.7,2,2.775,4.6,0.5,closed,2319.6015593037296,,,,,,,10,Tree cover
EVT2026_000729,2026-03-07,2026-03-08,2,21.9457625,74.195415,407.4,4,7.275,14.59,0.5,closed,,,,,,,,30,Grassland
EVT2026_000730,2026-03-07,2026-03-09,3,21.740575,73.621195,481.3,4,3.542,5.4,0.75,closed,12179.178461844025,,,,,,,10,Tree cover
EVT2026_000731,2026-03-08,2026-03-08,1,20.107525,73.53213500000001,217.8,2,7.17,7.17,0.0,closed,18423.438315945732,,,,,,,10,Tree cover
EVT2026_000732,2026-03-08,2026-03-08,1,20.865485,70.4924,259.3,2,7.98,7.98,0.0,closed,1284.1784441072941,,,,,,,40,Cropland
EVT2026_000733,2026-03-08,2026-03-08,1,21.35895,70.60584499999999,257.8,2,7.58,7.58,0.0,closed,3902.385895470788,,,,,,,40,Cropland
EVT2026_000734,2026-03-08,2026-03-08,1,21.36247333333333,73.40387666666668,460.3,3,7.633,7.85,0.0,closed,9404.293961817615,,,,,,,10,Tree cover
EVT2026_000735,2026-03-08,2026-03-08,1,21.397025,72.95545999999999,164.1,2,0.995,1.03,1.0,closed,1102.5908668866036,7148.100350683736,,,,,,40,Cropland
EVT2026_000736,2026-03-08,2026-03-08,1,21.65915,69.78067,162.2,2,6.21,7.54,0.0,closed,1665.0679954734712,,,,,,,40,Cropland
EVT2026_000737,2026-03-08,2026-03-08,1,21.76213,73.65590499999999,287.1,2,3.735,5.43,0.5,closed,11173.576938516526,,,,,,,10,Tree cover
EVT2026_000738,2026-03-08,2026-03-08,1,21.765875,73.63823500000001,258.1,2,2.74,2.74,1.0,closed,11987.382136474907,,,,,,,10,Tree cover
EVT2026_000739,2026-03-08,2026-03-08,1,21.954034999999998,73.82746499999999,207.9,2,1.79,1.79,1.0,closed,12344.98093754442,,,,,,,10,Tree cover
EVT2026_000740,2026-03-08,2026-03-08,1,22.23836,73.96668,216.1,2,7.255,10.54,0.0,closed,6288.9784302245935,,,,,,,40,Cropland
EVT2026_000741,2026-03-08,2026-03-08,1,22.24786,74.03129,122.7,2,36.5,36.85,0.0,closed,1789.0590492392616,,,,,,,30,Grassland
EVT2026_000742,2026-03-08,2026-03-08,1,22.24941,74.04709666666666,281.5,3,14.587,16.08,0.0,closed,2788.5124186452445,,,,,,,40,Cropland
EVT2026_000743,2026-03-08,2026-03-08,1,22.447886666666665,74.25746,409.3,3,2.457,4.03,1.0,closed,18289.978143748966,,,,,,,10,Tree cover
EVT2026_000744,2026-03-08,2026-03-08,1,23.12191,70.083035,126.7,2,2.405,2.84,1.0,closed,676.2357369498194,,,,5,Moderate,True,40,Cropland
EVT2026_000745,2026-03-08,2026-03-08,1,23.57116,69.416945,276.4,2,7.9,7.9,0.0,closed,16734.62734157676,,,,,,,40,Cropland
EVT2026_000746,2026-03-08,2026-03-08,1,23.924675,74.23966,208.5,2,0.77,0.94,1.0,closed,14475.86470903218,,,,,,,10,Tree cover
EVT2026_000747,2026-03-08,2026-03-08,1,24.44265,73.67675,475.8,3,4.223,4.69,0.3333,closed,9815.23612085386,12560.156990532943,,,,,,30,Grassland
EVT2026_000748,2026-03-08,2026-03-08,1,24.516066666666664,73.83181,462.9,3,2.72,2.76,1.0,closed,4049.66946951408,,,,,,,10,Tree cover
EVT2026_000749,2026-03-08,2026-03-08,1,24.566184999999997,73.58598,227.8,2,20.27,26.75,0.0,closed,7701.7014291939695,,,,,,,30,Grassland
EVT2026_000750,2026-03-08,2026-03-09,2,20.399686666666668,73.88696333333333,358.4,3,2.497,3.11,0.3333,closed,6225.182042742964,,,,,,,20,Shrubland
EVT2026_000751,2026-03-08,2026-03-09,2,20.84571,73.45285,136.7,2,2.725,3.05,0.5,closed,2941.0268901978307,,,,,,,10,Tree cover
EVT2026_000752,2026-03-09,2026-03-09,1,20.08929,73.488315,295.4,2,9.575,10.27,0.0,closed,,,,,,,,30,Grassland
EVT2026_000753,2026-03-09,2026-03-09,1,20.22348,72.96499333333334,423.5,3,12.767,14.62,0.0,closed,1395.022415998868,,,,,,,30,Grassland
EVT2026_000754,2026-03-09,2026-03-09,1,20.393340000000002,74.031794,300.2,5,11.004,16.24,0.0,closed,6123.004066271348,,,,,,,10,Tree cover
EVT2026_000755,2026-03-09,2026-03-09,1,20.697106666666667,73.44287333333334,191.6,3,3.8,5.24,0.0,closed,2655.2292468935957,,,,,,,30,Grassland
EVT2026_000756,2026-03-09,2026-03-09,1,20.705695,74.014065,104.3,2,19.055,19.93,0.0,closed,14926.965958156085,,,,,,,40,Cropland
EVT2026_000757,2026-03-09,2026-03-09,1,20.852670000000003,70.61231000000001,164.2,2,6.32,6.65,0.0,closed,3539.129935914246,,,,,,,10,Tree cover
EVT2026_000758,2026-03-09,2026-03-09,1,21.0066475,73.87938625,437.8,8,5.434,7.43,0.0,closed,8271.258378407181,,,,,,,10,Tree cover
EVT2026_000759,2026-03-09,2026-03-09,1,21.189065,70.0787,191.0,2,5.675,5.94,0.0,closed,3203.960660229538,,,,,,,40,Cropland
EVT2026_000760,2026-03-09,2026-03-09,1,21.21318,71.38863,45.7,2,4.645,4.98,0.0,closed,5824.978772127143,,,,,,,40,Cropland
EVT2026_000761,2026-03-09,2026-03-09,1,21.234923333333334,70.41222666666667,343.0,3,12.367,14.49,0.0,closed,2842.3068983652643,,,,,,,40,Cropland
EVT2026_000762,2026-03-09,2026-03-09,1,21.386490000000002,71.99322000000001,208.7,2,3.77,3.77,0.0,closed,1033.4590748370988,,,,,,,40,Cropland
EVT2026_000763,2026-03-09,2026-03-09,1,21.508164999999998,69.74487500000001,172.5,2,8.98,9.42,0.0,closed,1211.7722305305763,,,,,,,40,Cropland
EVT2026_000764,2026-03-09,2026-03-09,1,21.593165,73.6217,575.3,4,4.453,8.3,0.0,closed,5041.336232113592,,,,,,,10,Tree cover
EVT2026_000765,2026-03-09,2026-03-09,1,21.69603,69.96657,16.4,2,9.34,10.8,0.0,closed,3612.8554715755126,,,,,,,40,Cropland
EVT2026_000766,2026-03-09,2026-03-09,1,21.72264,69.558775,280.5,2,4.12,4.12,0.0,closed,1325.5301837083978,,,,,,,40,Cropland
EVT2026_000767,2026-03-09,2026-03-09,1,21.727099999999997,69.64100333333333,509.7,3,6.507,8.86,0.0,closed,1893.723283760963,,,,,,,40,Cropland
EVT2026_000768,2026-03-09,2026-03-09,1,21.75943,70.85300333333333,409.5,3,14.743,17.02,0.0,closed,1016.807578866802,,,,,,,40,Cropland
EVT2026_000769,2026-03-09,2026-03-09,1,21.96302,69.31644,10.6,2,2.735,3.0,0.0,closed,445.30815601240994,,,,,,,20,Shrubland
EVT2026_000770,2026-03-09,2026-03-09,1,22.408796666666664,69.8866,300.1,3,8.043,10.33,0.0,closed,1639.0907943869813,6209.969502954625,7259.352352840464,,,,,40,Cropland
EVT2026_000771,2026-03-09,2026-03-09,1,22.41892,70.362985,80.0,2,6.745,6.89,0.0,closed,2815.3809171402495,,,,,,,40,Cropland
EVT2026_000772,2026-03-09,2026-03-09,1,22.59769,70.37153,196.0,2,2.85,3.56,0.0,closed,3704.4909808755924,,,,,,,20,Shrubland
EVT2026_000773,2026-03-09,2026-03-09,1,22.863374999999998,69.191315,127.5,2,3.505,4.51,0.0,closed,118.95058494655882,,,,,,,40,Cropland
EVT2026_000774,2026-03-09,2026-03-09,1,23.470546666666667,69.8784,317.0,3,9.13,14.27,0.0,closed,16452.256509974304,,,,,,,20,Shrubland
EVT2026_000775,2026-03-09,2026-03-09,1,23.482210000000002,69.822555,314.0,2,6.815,8.32,0.0,closed,15706.141794536143,,,,,,,20,Shrubland
EVT2026_000776,2026-03-09,2026-03-09,1,23.572185,72.111815,93.5,2,6.365,6.41,0.0,closed,3586.1329625454296,,,,,,,40,Cropland
EVT2026_000777,2026-03-09,2026-03-09,1,23.716665,73.76484500000001,180.5,2,6.175,7.59,0.0,closed,14758.552848835408,,,,,,,20,Shrubland
EVT2026_000778,2026-03-09,2026-03-09,1,23.794089999999997,71.70477500000001,74.1,2,2.92,3.82,0.0,closed,4007.176141707002,,,,,,,20,Shrubland
EVT2026_000779,2026-03-09,2026-03-09,1,24.554465,69.27386,287.1,2,9.05,9.05,0.0,closed,11061.619766843582,,,,,,,60,Bare/sparse vegetation
EVT2026_000780,2026-03-09,2026-03-09,1,24.61137,68.5052,342.4,2,4.625,4.65,0.0,closed,1600.6851685070974,,,,,,,40,Cropland
EVT2026_000781,2026-03-13,2026-03-13,1,20.235305,72.95864,197.3,2,1.355,1.55,1.0,closed,1319.1088310578903,,,,,,,40,Cropland
EVT2026_000782,2026-03-13,2026-03-13,1,20.633745,73.487955,194.6,2,1.185,1.33,1.0,closed,11066.960230549881,,,,,,,10,Tree cover
EVT2026_000783,2026-03-13,2026-03-13,1,20.765745,73.47076,194.7,2,1.305,1.79,1.0,closed,2614.9036028296305,,,,,,,10,Tree cover
EVT2026_000784,2026-03-13,2026-03-13,1,20.849955,73.462525,194.7,2,1.72,1.72,1.0,closed,3936.2567785439924,,,,,,,10,Tree cover
EVT2026_000785,2026-03-13,2026-03-13,1,20.881777500000002,74.378615,508.4,4,1.685,2.63,1.0,closed,10461.211278452358,,,,,,,30,Grassland
EVT2026_000786,2026-03-13,2026-03-13,1,20.96315,73.525855,194.2,2,1.15,1.15,1.0,closed,8836.499151111668,,,,,,,10,Tree cover
EVT2026_000787,2026-03-13,2026-03-13,1,20.97698,73.51943999999999,809.9,6,2.355,2.61,1.0,closed,8888.264039911654,,,,,,,10,Tree cover
EVT2026_000788,2026-03-13,2026-03-13,1,21.10167,73.69495,193.4,2,2.2,2.69,1.0,closed,8100.89881644588,18619.723135583103,,,,,,10,Tree cover
EVT2026_000789,2026-03-13,2026-03-13,1,21.108925,73.65686,208.8,2,2.18,2.64,1.0,closed,4491.453888854358,15196.95296116091,,,,,,10,Tree cover
EVT2026_000790,2026-03-13,2026-03-13,1,21.109733333333335,73.70007666666667,411.1,3,2.213,2.48,1.0,closed,8785.158167170795,18479.028435777345,,,,,,10,Tree cover
EVT2026_000791,2026-03-13,2026-03-13,1,21.350605,73.47735499999999,217.4,2,1.245,1.33,1.0,closed,11982.090824842626,17766.979273170095,,,,,,10,Tree cover
EVT2026_000792,2026-03-13,2026-03-13,1,22.000664999999998,74.065845,209.1,2,1.485,1.72,1.0,closed,10433.418988726127,,,,,,,10,Tree cover
EVT2026_000793,2026-03-13,2026-03-13,1,22.06445,74.28830500000001,191.1,2,1.03,1.03,1.0,closed,16353.894992611828,,,,,,,30,Grassland
EVT2026_000794,2026-03-13,2026-03-13,1,22.369155,74.111775,283.6,2,0.94,0.94,1.0,closed,8173.993182485229,,,,,,,10,Tree cover
EVT2026_000795,2026-03-13,2026-03-13,1,23.31494,70.486325,103.6,2,1.155,1.57,1.0,closed,393.4830650503044,,,,19,Moderate,True,60,Bare/sparse vegetation
EVT2026_000796,2026-03-13,2026-03-13,1,23.73499,73.38053500000001,201.0,2,1.595,1.78,1.0,closed,2427.0982329276076,,,,,,,10,Tree cover
EVT2026_000797,2026-03-13,2026-03-13,1,24.21228,73.24231,240.0,2,0.98,0.98,1.0,closed,,,,,,,,10,Tree cover
EVT2026_000798,2026-03-13,2026-03-13,1,24.222656666666666,73.22940666666666,333.2,3,1.903,2.63,1.0,closed,18989.645935378994,,,,,,,10,Tree cover
EVT2026_000799,2026-03-13,2026-03-13,1,24.395834999999998,73.54263,200.9,2,0.97,1.21,1.0,closed,16333.912212891866,,,,,,,10,Tree cover
EVT2026_000800,2026-03-13,2026-03-13,1,24.428525,73.50963,152.5,2,1.1,1.17,1.0,closed,,,,,,,,30,Grassland
EVT2026_000801,2026-03-13,2026-03-14,2,20.276262857142857,73.98425428571429,693.4,7,2.917,5.23,0.7143,closed,5791.29186420012,,,,,,,30,Grassland
EVT2026_000802,2026-03-13,2026-03-14,2,20.858316000000002,73.495928,729.9,5,2.528,5.38,0.6,closed,6062.006096094633,,,,,,,10,Tree cover
EVT2026_000803,2026-03-13,2026-03-14,2,20.995006,73.844264,695.0,5,4.042,8.06,0.2,closed,4407.090986489618,,,,,,,10,Tree cover
EVT2026_000804,2026-03-13,2026-03-14,2,21.013354285714286,73.54112428571429,890.1,7,2.633,6.16,0.7143,closed,6103.757046743634,,,,,,,10,Tree cover
EVT2026_000805,2026-03-13,2026-03-14,2,21.071665,73.69254666666667,820.8,6,2.022,3.04,1.0,closed,8101.880305758506,,,,,,,10,Tree cover
EVT2026_000806,2026-03-13,2026-03-14,2,21.102183,73.734747,1120.5,10,2.189,3.67,1.0,closed,8052.771957433175,,,,,,,10,Tree cover
EVT2026_000807,2026-03-13,2026-03-14,2,21.109009999999998,73.6694175,635.5,4,1.547,1.69,1.0,closed,5703.429105282678,16102.586552152809,,,,,,30,Grassland
EVT2026_000808,2026-03-13,2026-03-14,2,21.35994,73.946725,93.5,2,1.5,1.87,0.5,closed,7281.578894932903,,,,,,,30,Grassland
EVT2026_000809,2026-03-13,2026-03-14,2,22.417521999999998,69.03785,372.8,5,0.748,0.84,1.0,closed,199.63679038822718,,,14258.215215644577,17,Moderate,True,30,Grassland
EVT2026_000810,2026-03-13,2026-03-14,2,23.014180000000003,73.955685,139.2,2,1.98,2.44,0.5,closed,,,,,,,,30,Grassland
EVT2026_000811,2026-03-13,2026-03-14,2,23.699865,73.510745,156.2,2,4.64,7.96,0.5,closed,5824.166119633558,,,,,,,10,Tree cover
EVT2026_000812,2026-03-13,2026-03-14,2,23.750106666666667,73.39596,500.7,3,4.197,6.6,0.3333,closed,2596.922195997616,,,,,,,10,Tree cover
EVT2026_000813,2026-03-13,2026-03-14,2,23.774343333333334,73.43955666666666,356.1,3,3.48,6.24,0.3333,closed,5206.40739449766,,,,,,,10,Tree cover
EVT2026_000814,2026-03-13,2026-03-14,2,23.864526666666666,73.49288666666666,385.0,3,3.493,4.91,0.3333,closed,14860.019978465669,,,,,,,30,Grassland
EVT2026_000815,2026-03-13,2026-03-14,2,24.15757,73.25324499999999,229.1,2,1.94,2.6,0.5,closed,17472.30978870589,,,,,,,10,Tree cover
EVT2026_000816,2026-03-13,2026-03-14,2,24.23790222222222,74.46905,788.3,9,5.202,13.94,0.2222,closed,16008.371261962304,,,,,,,10,Tree cover
EVT2026_000817,2026-03-13,2026-03-14,2,24.25865333333333,74.46710833333333,947.5,12,3.271,7.9,0.5833,closed,16812.23662813182,,,,,,,10,Tree cover
EVT2026_000818,2026-03-13,2026-03-14,2,24.40059666666667,73.29469666666667,454.2,3,2.307,2.69,0.6667,closed,,,,,,,,10,Tree cover
EVT2026_000819,2026-03-13,2026-04-27,46,21.10509313679245,72.64051283018868,1584.8,424,6.259,28.38,0.7052,closed,626.7768688205524,1640.076549165998,,,0,Strong,True,60,Bare/sparse vegetation
EVT2026_000820,2026-03-14,2026-03-14,1,20.179380000000002,72.791335,278.1,2,1.32,1.32,1.0,closed,1428.3943238410993,,,,,,,40,Cropland
EVT2026_000821,2026-03-14,2026-03-14,1,20.27291,74.00945,224.0,2,1.165,1.57,1.0,closed,5982.2049078487535,,,,,,,30,Grassland
EVT2026_000822,2026-03-14,2026-03-14,1,20.438596666666665,73.75731999999999,310.6,3,6.537,7.0,0.0,closed,8168.4890628871535,,,,,,,10,Tree cover
EVT2026_000823,2026-03-14,2026-03-14,1,20.44051333333333,73.70512333333333,305.5,3,5.69,7.65,0.0,closed,12220.327205875072,,,,,,,40,Cropland
EVT2026_000824,2026-03-14,2026-03-14,1,20.708883333333333,74.02645666666666,347.1,3,2.217,2.46,1.0,closed,13767.518366587014,,,,,,,30,Grassland
EVT2026_000825,2026-03-14,2026-03-14,1,20.789045,70.72699,99.5,2,2.87,3.35,0.0,closed,2173.4279982330695,,,,,,,40,Cropland
EVT2026_000826,2026-03-14,2026-03-14,1,20.78964,73.701565,262.2,2,11.33,13.8,0.0,closed,4139.517421770936,,,,,,,10,Tree cover
EVT2026_000827,2026-03-14,2026-03-14,1,20.80475,70.772125,82.8,2,2.615,2.95,0.0,closed,2842.758750712505,,,,,,,40,Cropland
EVT2026_000828,2026-03-14,2026-03-14,1,20.882575000000003,71.12857500000001,79.0,2,18.035,19.26,0.0,closed,3497.1423957542443,,,,,,,40,Cropland
EVT2026_000829,2026-03-14,2026-03-14,1,21.127063333333336,73.99846333333333,289.3,3,3.193,7.3,0.6667,closed,8036.879525368627,,,,,,,10,Tree cover
EVT2026_000830,2026-03-14,2026-03-14,1,21.219430000000003,74.123155,336.2,2,1.92,2.07,1.0,closed,2598.8987794778586,,,,,,,20,Shrubland
EVT2026_000831,2026-03-14,2026-03-14,1,21.371164999999998,70.38258,154.6,2,3.345,3.43,0.0,closed,2976.5785613749467,,,,,,,40,Cropland
EVT2026_000832,2026-03-14,2026-03-14,1,21.38548,70.54774499999999,207.0,2,3.18,3.18,0.0,closed,851.9923328929373,,,,,,,40,Cropland
EVT2026_000833,2026-03-14,2026-03-14,1,21.420119999999997,70.061445,226.7,2,4.245,5.43,0.0,closed,4318.164876638745,,,,,,,40,Cropland
EVT2026_000834,2026-03-14,2026-03-14,1,21.425945,70.145545,293.8,2,5.48,6.78,0.0,closed,1361.215051348378,,,,,,,40,Cropland
EVT2026_000835,2026-03-14,2026-03-14,1,21.51007,70.71328,309.8,2,3.93,6.22,0.0,closed,2953.24145626167,,,,,,,40,Cropland
EVT2026_000836,2026-03-14,2026-03-14,1,21.650435,70.510465,285.8,2,11.86,13.81,0.0,closed,2125.473956462182,,,,,,,40,Cropland
EVT2026_000837,2026-03-14,2026-03-14,1,21.673454999999997,69.91202,224.3,2,3.03,3.03,0.0,closed,2945.3915657920074,,,,,,,40,Cropland
EVT2026_000838,2026-03-14,2026-03-14,1,21.706409999999998,69.55612500000001,85.4,2,9.74,10.69,0.0,closed,334.57912168947644,,,,,,,40,Cropland
EVT2026_000839,2026-03-14,2026-03-14,1,21.74864,73.58689,131.1,2,3.075,3.72,1.0,closed,8818.23915263568,,,,,,,10,Tree cover
EVT2026_000840,2026-03-14,2026-03-14,1,21.761789999999998,73.733395,132.3,2,3.45,4.68,0.0,closed,8206.013846261088,,,,,,,30,Grassland
EVT2026_000841,2026-03-14,2026-03-14,1,21.93266,69.331775,101.3,2,4.435,4.85,0.0,closed,2206.475030448025,,,,,,,40,Cropland
EVT2026_000842,2026-03-14,2026-03-14,1,21.95227,69.79575,447.7,4,14.71,17.64,0.0,closed,2594.347203714634,,,,,,,40,Cropland
EVT2026_000843,2026-03-14,2026-03-14,1,22.020094999999998,74.29819,332.1,2,3.93,6.31,0.5,closed,16228.067858068236,,,,,,,10,Tree cover
EVT2026_000844,2026-03-14,2026-03-14,1,22.035535000000003,69.31621,13.4,2,8.335,9.25,0.0,closed,389.2371440390129,,,,,,,40,Cropland
EVT2026_000845,2026-03-14,2026-03-14,1,22.054215,73.632385,98.9,2,2.87,3.52,0.0,closed,791.2349144336727,,,,,,,10,Tree cover
EVT2026_000846,2026-03-14,2026-03-14,1,22.10551,70.426505,311.3,2,5.0,5.0,0.0,closed,4378.93763146664,,,,,,,40,Cropland
EVT2026_000847,2026-03-14,2026-03-14,1,22.205430000000003,69.46170000000001,384.0,3,13.94,21.54,0.0,closed,2266.311988677909,,,,,,,40,Cropland
EVT2026_000848,2026-03-14,2026-03-14,1,22.286369999999998,70.58219,130.7,2,5.32,6.04,0.0,closed,4635.307079813791,,,,,,,40,Cropland
EVT2026_000849,2026-03-14,2026-03-14,1,22.367675,70.290575,97.1,2,5.28,5.95,0.0,closed,430.95004926061375,,,,,,,40,Cropland
EVT2026_000850,2026-03-14,2026-03-14,1,22.55958,74.00056199999999,449.5,5,2.044,3.77,1.0,closed,10477.866342961104,,,,,,,10,Tree cover
EVT2026_000851,2026-03-14,2026-03-14,1,22.60946,73.696235,124.9,2,2.17,3.18,0.0,closed,18064.015019126768,,,,,,,10,Tree cover
EVT2026_000852,2026-03-14,2026-03-14,1,22.65543,72.21915,108.6,2,10.37,13.08,0.0,closed,628.879437861583,,,,,,,40,Cropland
EVT2026_000853,2026-03-14,2026-03-14,1,22.824725,69.614345,214.4,2,2.16,2.88,0.0,closed,4887.36828986394,6269.5971947405105,,,,,,40,Cropland
EVT2026_000854,2026-03-14,2026-03-14,1,23.00113,68.92554,160.3,2,3.95,5.11,0.0,closed,92.44633121680975,,,,,,,40,Cropland
EVT2026_000855,2026-03-14,2026-03-14,1,23.073655,73.73787,362.7,2,1.945,2.52,1.0,closed,11872.066299475367,,,,,,,20,Shrubland
EVT2026_000856,2026-03-14,2026-03-14,1,23.204373333333333,73.86303666666667,338.5,3,1.057,1.41,1.0,closed,6773.432668466533,,,,,,,10,Tree cover
EVT2026_000857,2026-03-14,2026-03-14,1,23.42379,69.862315,224.9,2,2.07,2.51,0.0,closed,11581.12148596532,,,,,,,20,Shrubland
EVT2026_000858,2026-03-14,2026-03-14,1,23.48387333333333,69.83301666666667,495.5,3,5.447,8.04,0.0,closed,16760.63665842065,,,,,,,40,Cropland
EVT2026_000859,2026-03-14,2026-03-14,1,23.684965,73.82986,231.4,2,4.735,4.85,0.0,closed,18657.302409700525,,,,,,,10,Tree cover
EVT2026_000860,2026-03-14,2026-03-14,1,23.732415,73.793425,101.8,2,11.1,14.5,0.0,closed,15110.758021656013,,,,,,,30,Grassland
EVT2026_000861,2026-03-14,2026-03-14,1,23.867775,73.38001,115.2,2,3.46,3.9,0.0,closed,6078.941156789953,,,,,,,10,Tree cover
EVT2026_000862,2026-03-14,2026-03-14,1,23.892543333333332,73.40060666666666,849.7,6,4.242,9.81,0.6667,closed,5667.571405468915,,,,,,,10,Tree cover
EVT2026_000863,2026-03-14,2026-03-14,1,24.03866,73.359715,249.3,2,3.61,3.85,0.0,closed,3509.903509937913,,,,,,,10,Tree cover
EVT2026_000864,2026-03-14,2026-03-14,1,24.27726,74.46808,374.1,3,2.573,3.7,1.0,closed,14756.95319048665,,,,,,,20,Shrubland
EVT2026_000865,2026-03-14,2026-03-14,1,24.32236,73.424915,208.2,2,3.71,3.71,0.0,closed,,,,,,,,30,Grassland
EVT2026_000866,2026-03-14,2026-03-14,1,24.337665,73.275275,200.9,2,3.26,3.26,0.0,closed,18348.27833151368,,,,,,,10,Tree cover
EVT2026_000867,2026-03-14,2026-03-14,1,24.430065,68.282825,220.9,2,11.305,12.32,0.0,closed,18952.445186284167,,,,,,,20,Shrubland
EVT2026_000868,2026-03-14,2026-03-14,1,24.612955,73.748425,241.1,2,4.85,4.85,0.0,closed,3109.923702595389,,,,,,,10,Tree cover
EVT2026_000869,2026-03-14,2026-03-14,1,24.62229,73.74034499999999,197.2,2,2.22,2.42,1.0,closed,2107.8105585810476,,,,,,,30,Grassland
EVT2026_000870,2026-03-14,2026-03-15,2,21.02025666666667,73.89927,367.7,3,1.843,2.35,0.3333,closed,10725.774905087543,,,,,,,10,Tree cover
EVT2026_000871,2026-03-14,2026-03-15,2,21.92312,74.01665666666666,312.0,3,7.643,11.69,0.0,closed,19063.78252359202,,,,,,,10,Tree cover
EVT2026_000872,2026-03-14,2026-03-15,2,21.95095,69.278625,258.7,2,4.56,6.35,0.0,closed,293.9855226454309,,,,,,,40,Cropland
EVT2026_000873,2026-03-14,2026-03-15,2,22.3556,74.01702666666667,551.5,6,6.273,9.14,0.0,closed,1834.9502265136096,,,,,,,30,Grassland
EVT2026_000874,2026-03-14,2026-03-15,2,23.73469,73.93444,652.4,6,3.492,5.56,0.3333,closed,9880.317177617333,,,,,,,30,Grassland
EVT2026_000875,2026-03-14,2026-03-15,2,24.4356075,74.03463500000001,391.1,4,8.06,24.33,0.0,closed,18142.37589195648,,,,,,,20,Shrubland
EVT2026_000876,2026-03-14,2026-03-15,2,24.475366666666662,73.30177666666667,381.7,3,0.89,1.06,1.0,closed,,,,,,,,10,Tree cover
EVT2026_000877,2026-03-14,2026-03-16,3,23.49878666666667,68.57758333333334,207.3,3,1.677,2.23,1.0,closed,72.1094140724158,,,,,,,50,Built-up
EVT2026_000878,2026-03-15,2026-03-15,1,20.288375000000002,73.99793,83.5,2,4.695,5.43,0.0,closed,4198.738541673827,,,,,,,40,Cropland
EVT2026_000879,2026-03-15,2026-03-15,1,20.433405,74.07408,306.9,4,17.605,23.21,0.0,closed,7836.054128391016,,,,,,,20,Shrubland
EVT2026_000880,2026-03-15,2026-03-15,1,20.825863333333334,70.55446333333333,240.5,3,4.57,7.05,0.0,closed,3871.8449506054844,,,,,,,10,Tree cover
EVT2026_000881,2026-03-15,2026-03-15,1,20.850385,73.98474,300.3,2,8.15,8.35,0.0,closed,14942.236976608181,,,,,,,30,Grassland
EVT2026_000882,2026-03-15,2026-03-15,1,20.861244999999997,73.71476,226.7,2,5.165,5.74,0.0,closed,10667.460603477208,,,,,,,10,Tree cover
EVT2026_000883,2026-03-15,2026-03-15,1,20.951189999999997,73.551565,52.7,2,3.445,3.82,0.0,closed,5948.4831254677665,,,,,,,10,Tree cover
EVT2026_000884,2026-03-15,2026-03-15,1,20.97958,70.286175,301.7,2,2.545,3.34,0.0,closed,1288.3145179741516,,,,,,,40,Cropland
EVT2026_000885,2026-03-15,2026-03-15,1,20.996965000000003,70.28489,184.3,2,8.175,8.99,0.0,closed,2322.7060421087554,,,,,,,40,Cropland
EVT2026_000886,2026-03-15,2026-03-15,1,21.002675,70.545535,193.7,2,5.315,5.76,0.0,closed,4316.785224645699,,,,,,,40,Cropland
EVT2026_000887,2026-03-15,2026-03-15,1,21.008575,71.394905,24.6,2,1.59,1.98,0.0,closed,2527.367790254507,14464.453126594533,,,,,,40,Cropland
EVT2026_000888,2026-03-15,2026-03-15,1,21.098905000000002,73.68334250000001,362.1,4,3.87,4.54,0.0,closed,6868.115508080683,17923.737692922878,,,,,,10,Tree cover
EVT2026_000889,2026-03-15,2026-03-15,1,21.188995,71.79256000000001,106.0,2,4.355,5.3,0.0,closed,5219.725971848412,,,,,,,40,Cropland
EVT2026_000890,2026-03-15,2026-03-15,1,21.334465,70.409525,64.0,2,1.235,1.57,0.0,closed,2455.6163548119307,,,,,,,10,Tree cover
EVT2026_000891,2026-03-15,2026-03-15,1,21.38641,72.04868,524.3,4,4.62,5.78,0.0,closed,2848.8446355040983,,,,,,,40,Cropland
EVT2026_000892,2026-03-15,2026-03-15,1,21.38975,70.52317500000001,199.3,2,3.81,3.81,0.0,closed,1767.4002246521693,,,,,,,40,Cropland
EVT2026_000893,2026-03-15,2026-03-15,1,21.437226666666664,70.39709333333333,383.2,3,4.57,5.57,0.0,closed,1470.0441019678424,,,,,,,20,Shrubland
EVT2026_000894,2026-03-15,2026-03-15,1,21.44905,70.93109666666668,446.0,3,17.287,23.9,0.0,closed,4851.794024587298,,,,,,,40,Cropland
EVT2026_000895,2026-03-15,2026-03-15,1,21.53116,70.43109000000001,58.0,2,3.035,3.87,0.0,closed,1043.785951989918,,,,,,,40,Cropland
EVT2026_000896,2026-03-15,2026-03-15,1,21.56783333333333,69.68972666666667,199.4,3,3.47,3.8,0.0,closed,873.8820109594145,,,,,,,40,Cropland
EVT2026_000897,2026-03-15,2026-03-15,1,21.604480000000002,71.257845,15.0,2,8.08,8.25,0.0,closed,1757.8805613305228,,,,,,,40,Cropland
EVT2026_000898,2026-03-15,2026-03-15,1,21.6783,74.08391499999999,344.1,2,7.585,8.29,0.0,closed,15875.095850460903,,,,,,,30,Grassland
EVT2026_000899,2026-03-15,2026-03-15,1,21.69825,71.94704,67.5,2,3.09,4.8,0.0,closed,3239.9199399883546,,,,,,,20,Shrubland
EVT2026_000900,2026-03-15,2026-03-15,1,21.726570000000002,69.53174,171.5,2,9.76,9.76,0.0,closed,892.5761355582539,,,,,,,40,Cropland
EVT2026_000901,2026-03-15,2026-03-15,1,21.848615,70.602265,164.0,2,5.945,6.01,0.0,closed,1060.9463330721223,,,,,,,40,Cropland
EVT2026_000902,2026-03-15,2026-03-15,1,22.070149999999998,73.96031500000001,150.1,2,5.445,6.17,0.0,closed,9089.32539531061,,,,,,,10,Tree cover
EVT2026_000903,2026-03-15,2026-03-15,1,22.07549333333333,72.57337,319.0,3,5.16,6.6,0.0,closed,5035.212881588768,,,,,,,40,Cropland
EVT2026_000904,2026-03-15,2026-03-15,1,22.130445,69.38481,169.9,2,4.98,5.29,0.0,closed,997.1736129632751,,,,,,,20,Shrubland
EVT2026_000905,2026-03-15,2026-03-15,1,22.134785,73.869305,24.5,2,1.79,2.36,1.0,closed,4523.637382493033,,,,,,,10,Tree cover
EVT2026_000906,2026-03-15,2026-03-15,1,22.152395,71.72321500000001,252.2,2,5.005,7.23,0.0,closed,1320.1640803574119,,,,,,,40,Cropland
EVT2026_000907,2026-03-15,2026-03-15,1,22.202415000000002,70.62868499999999,205.5,2,4.685,4.77,0.0,closed,2609.421004142699,,,,,,,20,Shrubland
EVT2026_000908,2026-03-15,2026-03-15,1,22.27082,73.95072333333333,438.7,3,7.36,11.8,0.0,closed,8245.253216166708,,,,,,,30,Grassland
EVT2026_000909,2026-03-15,2026-03-15,1,22.29919153846154,72.07114230769231,1344.7,13,24.823,30.32,0.0,closed,12307.573680752173,,,,,,,40,Cropland
EVT2026_000910,2026-03-15,2026-03-15,1,22.34044,70.92247,108.5,2,6.595,6.66,0.0,closed,1608.8802103041671,,,,,,,40,Cropland
EVT2026_000911,2026-03-15,2026-03-15,1,22.663245,71.1312,26.6,2,2.115,2.34,0.0,closed,1219.3915256944167,,,,,,,20,Shrubland
EVT2026_000912,2026-03-15,2026-03-15,1,22.930756666666667,70.53556333333334,346.5,3,5.187,6.69,0.0,closed,3581.6088523173175,,,,,,,40,Cropland
EVT2026_000913,2026-03-15,2026-03-15,1,23.018055,71.287475,219.6,2,0.99,1.24,1.0,closed,886.2267646339703,,,,,,,40,Cropland
EVT2026_000914,2026-03-15,2026-03-15,1,23.134165,73.78941,267.9,2,1.355,1.62,1.0,closed,4097.73919213258,,,,,,,10,Tree cover
EVT2026_000915,2026-03-15,2026-03-15,1,23.312424999999998,72.02933,344.1,2,2.115,2.99,0.0,closed,5610.389895838815,,,,,,,40,Cropland
EVT2026_000916,2026-03-15,2026-03-15,1,23.369864999999997,70.700985,134.1,2,4.235,4.96,0.0,closed,2592.642763168153,,,,,,,20,Shrubland
EVT2026_000917,2026-03-15,2026-03-15,1,23.60827,70.83761000000001,217.9,2,2.79,2.79,0.0,closed,5672.503317665534,,,,,,,40,Cropland
EVT2026_000918,2026-03-15,2026-03-15,1,23.693875,73.5204275,475.6,4,6.315,9.89,0.0,closed,6010.91991689076,,,,,,,10,Tree cover
EVT2026_000919,2026-03-15,2026-03-15,1,23.75956,74.04565,367.3,2,6.27,8.16,0.0,closed,9177.956859160378,,,,,,,40,Cropland
EVT2026_000920,2026-03-15,2026-03-15,1,23.8108,73.768385,75.5,2,6.38,7.75,0.0,closed,7998.67839561009,,,,,,,30,Grassland
EVT2026_000921,2026-03-15,2026-03-15,1,23.988554999999998,73.33944,279.4,2,1.905,2.98,1.0,closed,2560.709916293508,,,,,,,10,Tree cover
EVT2026_000922,2026-03-15,2026-03-15,1,24.2592825,68.03081,310.2,4,12.905,19.63,0.0,closed,7260.040481562432,,,,,,,80,Water bodies
EVT2026_000923,2026-03-15,2026-03-15,1,24.260635,73.36945,66.1,2,0.985,1.02,1.0,closed,,,,,,,,30,Grassland
EVT2026_000924,2026-03-15,2026-03-15,1,24.3219675,73.595395,229.6,4,10.565,13.52,0.0,closed,9551.4417789816,15742.41163594519,,,,,,30,Grassland
EVT2026_000925,2026-03-15,2026-03-15,1,24.469596666666664,73.32203666666668,463.0,3,1.277,1.67,1.0,closed,,,,,,,,10,Tree cover
EVT2026_000926,2026-03-15,2026-03-15,1,24.489475,68.511965,281.0,2,5.1,6.8,0.0,closed,14800.792975869866,,,,,,,40,Cropland
EVT2026_000927,2026-03-15,2026-03-15,1,24.49892,68.50459000000001,280.5,2,3.61,3.82,0.0,closed,13788.615101606652,,,,,,,40,Cropland
EVT2026_000928,2026-03-15,2026-03-15,1,24.56769,73.57064,325.2,2,4.45,4.45,0.0,closed,9165.94626711107,,,,,,,30,Grassland
EVT2026_000929,2026-03-15,2026-03-15,1,24.634495,68.182705,275.5,2,3.64,3.64,0.0,closed,8060.173837538399,,,,,,,40,Cropland
EVT2026_000930,2026-03-15,2026-03-16,2,20.831553333333332,70.53098666666666,333.0,3,5.04,7.24,0.0,closed,5312.332883824031,,,,,,,40,Cropland
EVT2026_000931,2026-03-15,2026-03-16,2,22.9000875,69.1925425,711.6,4,4.873,8.66,0.0,closed,1893.273108124454,,,,,,,40,Cropland
EVT2026_000932,2026-03-15,2026-03-16,2,23.477015,69.842825,264.6,2,13.095,20.5,0.0,closed,17426.13579645633,,,,,,,20,Shrubland
EVT2026_000933,2026-03-15,2026-03-16,2,24.042666666666666,73.5394,607.1,3,4.11,5.16,0.0,closed,16321.08977539524,,,,,,,30,Grassland
EVT2026_000934,2026-03-15,2026-03-16,2,24.2256775,74.27566,1110.7,8,5.532,11.8,0.25,closed,,,,,,,,20,Shrubland
EVT2026_000935,2026-03-15,2026-03-16,2,24.46737,73.55025499999999,221.1,2,2.94,4.05,0.5,closed,17123.563060916225,,,,,,,30,Grassland
EVT2026_000936,2026-03-15,2026-03-17,3,22.9325925,69.7000525,538.3,8,1.284,2.12,1.0,closed,288.05480502276407,19360.92880115004,,,1,Moderate,True,10,Tree cover
EVT2026_000937,2026-03-15,2026-03-17,3,23.313196666666666,70.19838,133.3,3,0.767,0.89,1.0,closed,300.8657648585177,,,,14,Limited,True,60,Bare/sparse vegetation
EVT2026_000938,2026-03-16,2026-03-16,1,20.277343333333334,72.81866000000001,297.0,3,4.233,4.8,0.0,closed,3428.4741446327625,,,,,,,10,Tree cover
EVT2026_000939,2026-03-16,2026-03-16,1,20.295434999999998,73.84762,213.7,2,4.315,4.6,0.0,closed,2802.3787375056027,,,,,,,40,Cropland
EVT2026_000940,2026-03-16,2026-03-16,1,20.55367,73.94324,298.6,2,5.14,5.14,0.0,closed,8450.946607705848,,,,,,,10,Tree cover
EVT2026_000941,2026-03-16,2026-03-16,1,20.697989999999997,74.016355,219.6,2,0.785,0.79,1.0,closed,15369.675760752174,,,,,,,30,Grassland
EVT2026_000942,2026-03-16,2026-03-16,1,20.807625,70.931285,82.3,2,2.865,3.59,0.0,closed,809.9748522117313,,,,,,,40,Cropland
EVT2026_000943,2026-03-16,2026-03-16,1,20.869965,73.375895,133.5,2,5.915,6.11,0.0,closed,2661.625556696813,,,,,,,10,Tree cover
EVT2026_000944,2026-03-16,2026-03-16,1,21.382105,70.77955,202.6,2,86.065,93.44,0.0,closed,1820.1445602637657,,,,,,,40,Cropland
EVT2026_000945,2026-03-16,2026-03-16,1,21.40571,70.17963,222.1,2,8.72,8.72,0.0,closed,3334.1575819847258,,,,,,,40,Cropland
EVT2026_000946,2026-03-16,2026-03-16,1,21.449240000000003,70.723215,201.9,2,7.71,9.3,0.0,closed,2727.944867873075,,,,,,,40,Cropland
EVT2026_000947,2026-03-16,2026-03-16,1,21.51392,70.72410500000001,229.8,2,10.8,10.8,0.0,closed,1990.0263858081678,,,,,,,40,Cropland
EVT2026_000948,2026-03-16,2026-03-16,1,21.63919,69.8386,148.4,2,22.7,23.67,0.0,closed,3819.882992229007,,,,,,,40,Cropland
EVT2026_000949,2026-03-16,2026-03-16,1,21.669020000000003,70.10974,167.4,2,4.63,4.8,0.0,closed,534.4771789485295,,,,,,,10,Tree cover
EVT2026_000950,2026-03-16,2026-03-16,1,21.701279999999997,70.288895,148.2,2,8.915,10.87,0.0,closed,5028.003365416615,,,,,,,10,Tree cover
EVT2026_000951,2026-03-16,2026-03-16,1,22.576405,74.29857,181.6,2,3.245,3.27,0.0,closed,,,,,,,,40,Cropland
EVT2026_000952,2026-03-16,2026-03-16,1,22.685055,70.572465,134.3,2,5.165,6.02,0.0,closed,4583.837363728662,,,,,,,40,Cropland
EVT2026_000953,2026-03-16,2026-03-16,1,23.0967925,73.770115,498.4,4,2.81,2.91,0.0,closed,8639.391545340966,,,,,,,30,Grassland
EVT2026_000954,2026-03-16,2026-03-16,1,23.114915,72.39749,194.6,2,6.155,6.33,0.0,closed,2518.076387636704,,,,,,,40,Cropland
EVT2026_000955,2026-03-16,2026-03-16,1,23.327170000000002,72.43674,173.5,2,5.165,5.42,0.0,closed,600.3455552698092,,,,,,,40,Cropland
EVT2026_000956,2026-03-16,2026-03-16,1,23.450685,74.31340499999999,40.7,2,0.765,0.78,1.0,closed,6065.534721254589,14575.80578738415,,,,,,40,Cropland
EVT2026_000957,2026-03-16,2026-03-16,1,23.723805,73.576305,156.2,2,2.57,2.57,0.0,closed,12544.617558903605,,,,,,,10,Tree cover
EVT2026_000958,2026-03-16,2026-03-16,1,24.248176666666666,73.23162,287.2,3,2.81,3.33,1.0,closed,17590.226989743343,,,,,,,10,Tree cover
EVT2026_000959,2026-03-16,2026-03-16,1,24.477245,73.67777,288.2,2,2.185,3.28,0.0,closed,8746.7204772259,15821.783026249748,,,,,,10,Tree cover
EVT2026_000960,2026-03-16,2026-03-16,1,24.510450000000002,73.71926333333333,197.9,3,5.447,6.7,0.0,closed,3600.454769366951,18072.006662630996,,,,,,10,Tree cover
EVT2026_000961,2026-03-16,2026-03-16,1,24.620485000000002,73.819005,88.7,2,3.685,3.8,0.0,closed,1032.3419735811078,,,,,,,20,Shrubland
EVT2026_000962,2026-03-16,2026-03-16,1,24.621875,73.72064499999999,106.1,2,2.615,2.8,0.0,closed,133.61703506392033,,,,,,,30,Grassland
EVT2026_000963,2026-03-16,2026-03-17,2,21.793195,72.64811,162.8,2,0.75,0.84,1.0,closed,271.7430923441562,11550.75239195223,11889.860336574386,,41,Limited,True,40,Cropland
EVT2026_000964,2026-03-16,2026-03-17,2,22.17602,73.88454428571428,1062.8,7,5.153,10.2,0.1429,closed,7177.134432556036,,,,,,,10,Tree cover
EVT2026_000965,2026-03-16,2026-03-17,2,22.42969,69.8324,104.1,2,0.865,0.96,1.0,closed,269.26327307842865,1104.805386411131,10297.410436466702,,31,Limited,True,50,Built-up
EVT2026_000966,2026-03-16,2026-03-17,2,23.4783,69.88665666666667,234.3,3,11.13,16.62,0.0,closed,17269.152108233495,,,,,,,20,Shrubland
EVT2026_000967,2026-03-16,2026-03-17,2,23.63518,73.859755,328.9,2,5.4,7.58,0.0,closed,16480.550532381032,,,,,,,30,Grassland
EVT2026_000968,2026-03-16,2026-03-17,2,24.048276666666666,73.38944333333335,516.0,3,3.46,4.47,0.3333,closed,5805.000358430747,,,,,,,30,Grassland
EVT2026_000969,2026-03-16,2026-03-17,2,24.27237,73.23516666666667,371.1,3,1.81,4.02,0.6667,closed,16396.091438062518,,,,,,,10,Tree cover
EVT2026_000970,2026-03-16,2026-03-17,2,24.396255,73.804835,153.6,2,4.53,7.8,0.5,closed,7623.315807313786,7742.230555313213,,,,,,10,Tree cover
EVT2026_000971,2026-03-16,2026-03-17,2,24.68932,73.001565,191.5,2,2.16,2.23,1.0,closed,328.18888040270485,776.2604113064883,,,15,Moderate,True,60,Bare/sparse vegetation
EVT2026_000972,2026-03-16,2026-03-18,3,22.171544444444446,73.85829481481481,1646.4,27,3.095,9.8,0.5926,closed,4717.063606369553,,,,,,,10,Tree cover
EVT2026_000973,2026-03-16,2026-03-18,3,23.898063333333333,73.39245777777778,962.7,9,5.609,11.13,0.0,closed,4694.844945330217,,,,,,,10,Tree cover
EVT2026_000974,2026-03-16,2026-03-19,4,23.903718,73.36990949999999,1545.4,20,3.041,6.53,0.6,closed,3347.5588658749866,,,,,,,10,Tree cover
EVT2026_000975,2026-03-16,2026-03-23,8,22.416432666666665,69.03919666666667,373.3,15,1.3,3.58,0.8667,closed,55.97298385132722,,,14137.82052075562,17,Moderate,True,60,Bare/sparse vegetation
EVT2026_000976,2026-03-17,2026-03-17,1,20.313589999999998,73.90675,172.5,2,1.135,1.24,1.0,closed,8490.577910493086,,,,,,,30,Grassland
EVT2026_000977,2026-03-17,2026-03-17,1,20.785405,73.62457,205.2,2,2.66,2.68,0.0,closed,6461.689369928795,,,,,,,10,Tree cover
EVT2026_000978,2026-03-17,2026-03-17,1,20.84468,71.063615,187.9,2,22.07,22.07,0.0,closed,824.0628919335451,,,,,,,40,Cropland
EVT2026_000979,2026-03-17,2026-03-17,1,20.859535,73.47086,229.9,2,3.705,4.8,0.0,closed,3729.2355428154874,,,,,,,10,Tree cover
EVT2026_000980,2026-03-17,2026-03-17,1,20.900165,73.7179,239.3,2,3.99,3.99,0.0,closed,7506.382019748808,,,,,,,10,Tree cover
EVT2026_000981,2026-03-17,2026-03-17,1,20.92248,73.81452,207.0,2,4.08,4.08,0.0,closed,3965.2807354621755,,,,,,,10,Tree cover
EVT2026_000982,2026-03-17,2026-03-17,1,20.960304999999998,70.31134,194.5,2,4.37,4.37,0.0,closed,1391.6880574307986,,,,,,,40,Cropland
EVT2026_000983,2026-03-17,2026-03-17,1,20.97271,73.58289500000001,307.3,2,3.825,6.02,0.0,closed,5931.591817590675,,,,,,,10,Tree cover
EVT2026_000984,2026-03-17,2026-03-17,1,21.00727,73.52157,71.0,2,2.43,2.77,0.0,closed,7464.919456258776,,,,,,,10,Tree cover
EVT2026_000985,2026-03-17,2026-03-17,1,21.04153,70.84058,271.0,4,7.79,11.88,0.0,closed,14344.100622526645,,,,,,,10,Tree cover
EVT2026_000986,2026-03-17,2026-03-17,1,21.164505,71.40897000000001,189.6,2,5.93,5.93,0.0,closed,5250.434959676483,,,,,,,40,Cropland
EVT2026_000987,2026-03-17,2026-03-17,1,21.226835,70.02840499999999,186.4,2,22.705,28.42,0.0,closed,4272.547560881312,,,,,,,40,Cropland
EVT2026_000988,2026-03-17,2026-03-17,1,21.453785,70.02994000000001,186.5,2,7.41,7.41,0.0,closed,477.20562966146673,,,,,,,40,Cropland
EVT2026_000989,2026-03-17,2026-03-17,1,21.651875,70.71956,187.4,2,9.13,9.13,0.0,closed,2912.3046847155083,,,,,,,40,Cropland
EVT2026_000990,2026-03-17,2026-03-17,1,22.002180000000003,74.28146000000001,254.9,2,11.36,11.36,0.0,closed,18557.47590511487,,,,,,,10,Tree cover
EVT2026_000991,2026-03-17,2026-03-17,1,22.15723,73.29624999999999,69.9,2,2.67,2.89,0.0,closed,9634.062936412916,,,,,,,40,Cropland
EVT2026_000992,2026-03-17,2026-03-17,1,22.237879999999997,73.98949,255.7,2,4.33,4.33,0.0,closed,3954.7280282174333,,,,,,,30,Grassland
EVT2026_000993,2026-03-17,2026-03-17,1,22.629885,73.713465,210.5,2,5.53,5.53,0.0,closed,17960.57865869852,,,,,,,10,Tree cover
EVT2026_000994,2026-03-17,2026-03-17,1,22.79688,74.045305,151.7,2,2.465,2.88,0.0,closed,7641.211996186782,,,,,,,10,Tree cover
EVT2026_000995,2026-03-17,2026-03-17,1,22.85942,74.16166,216.4,2,8.48,8.85,0.0,closed,7913.641836353782,,,,,,,40,Cropland
EVT2026_000996,2026-03-17,2026-03-17,1,23.25657,70.26270500000001,193.4,2,1.21,1.71,1.0,closed,828.5979733591818,,,,29,Limited,True,60,Bare/sparse vegetation
EVT2026_000997,2026-03-17,2026-03-17,1,23.46403,74.329845,236.7,2,4.065,4.81,0.0,closed,8263.702139293298,12359.189931431703,,,,,,40,Cropland
EVT2026_000998,2026-03-17,2026-03-17,1,23.477606666666663,74.31369,373.2,3,2.173,3.92,0.3333,closed,8687.402909582748,12449.520961747166,,,,,,40,Cropland
EVT2026_000999,2026-03-17,2026-03-17,1,23.7276575,73.867835,717.9,4,5.388,8.63,0.25,closed,15611.781637479038,,,,,,,10,Tree cover
EVT2026_001000,2026-03-17,2026-03-17,1,24.423479999999998,68.54299499999999,195.7,2,2.31,2.31,0.0,closed,,,,,,,,40,Cropland
EVT2026_001001,2026-03-17,2026-03-17,1,24.473280000000003,73.798525,121.6,2,10.565,10.85,0.0,closed,5686.278320952105,14642.269093997678,,,,,,20,Shrubland
EVT2026_001002,2026-03-17,2026-03-17,1,24.47458,73.80907,119.1,2,11.135,11.39,0.0,closed,5753.130152432484,15182.529504797156,,,,,,20,Shrubland
EVT2026_001003,2026-03-17,2026-03-17,1,24.490969999999997,73.808395,269.0,2,6.34,6.34,0.0,closed,4013.519944712048,16836.673005292254,,,,,,30,Grassland
EVT2026_001004,2026-03-17,2026-03-17,1,24.552210000000002,68.48918,187.2,2,3.86,3.86,0.0,closed,8251.25979835546,,,,,,,40,Cropland
EVT2026_001005,2026-03-17,2026-03-18,2,20.35651,72.949545,104.8,2,1.86,2.78,1.0,closed,535.6076096827971,,,,,,,40,Cropland
EVT2026_001006,2026-03-17,2026-03-18,2,20.527486,73.791076,568.9,5,2.956,6.44,0.4,closed,9305.401427281004,,,,,,,30,Grassland
EVT2026_001007,2026-03-17,2026-03-18,2,20.95924666666667,73.69520666666666,392.4,3,4.057,7.48,0.3333,closed,9095.9212745143,,,,,,,10,Tree cover
EVT2026_001008,2026-03-17,2026-03-18,2,21.05719,73.65755,479.9,4,4.708,6.58,0.0,closed,5673.512751191192,19848.74206646342,,,,,,10,Tree cover
EVT2026_001009,2026-03-17,2026-03-18,2,21.071986666666664,73.68068,297.3,3,2.763,5.23,0.3333,closed,6916.4556236020835,19914.769921537398,,,,,,10,Tree cover
EVT2026_001010,2026-03-17,2026-03-18,2,22.9093075,74.412795,321.1,4,4.175,7.36,0.0,closed,12429.955833566897,,,,,,,30,Grassland
EVT2026_001011,2026-03-17,2026-03-18,2,23.11327,73.7955,668.3,5,2.39,7.54,0.6,closed,5851.019474082729,,,,,,,10,Tree cover
EVT2026_001012,2026-03-17,2026-03-18,2,24.126465,73.24217250000001,448.2,4,2.4,4.17,0.5,closed,14682.338554068383,,,,,,,10,Tree cover
EVT2026_001013,2026-03-17,2026-03-18,2,24.194119999999998,73.2393075,533.7,4,2.96,5.59,0.25,closed,19171.83593989327,,,,,,,10,Tree cover
EVT2026_001014,2026-03-17,2026-03-18,2,24.2048,74.451585,368.3,2,7.115,11.38,0.0,closed,12427.450082612526,,,,,,,10,Tree cover
EVT2026_001015,2026-03-17,2026-03-18,2,24.286765000000003,74.3414075,662.1,4,7.328,11.74,0.0,closed,,,,,,,,10,Tree cover
EVT2026_001016,2026-03-17,2026-03-18,2,24.64913,73.324895,155.4,2,2.61,4.26,0.5,closed,,,,,,,,10,Tree cover
EVT2026_001017,2026-03-17,2026-03-20,4,20.910363999999998,71.458542,220.9,5,1.23,2.29,1.0,closed,334.7410320380432,1720.4396290447446,,,7,Strong,True,50,Built-up
EVT2026_001018,2026-03-18,2026-03-18,1,20.65137,73.52890500000001,189.8,2,3.39,3.39,0.0,closed,12889.128648031769,,,,,,,10,Tree cover
EVT2026_001019,2026-03-18,2026-03-18,1,20.847726,74.08243,474.6,5,1.698,1.96,1.0,closed,6548.858996520411,,,,,,,30,Grassland
EVT2026_001020,2026-03-18,2026-03-18,1,20.97115666666667,73.44952,296.3,3,8.27,8.27,0.0,closed,4641.864006694154,,,,,,,10,Tree cover
EVT2026_001021,2026-03-18,2026-03-18,1,21.055955,70.8361175,678.6,8,13.018,18.07,0.0,closed,15466.71328867276,,,,,,,10,Tree cover
EVT2026_001022,2026-03-18,2026-03-18,1,21.290625,70.186485,184.2,2,12.95,15.09,0.0,closed,2877.9127660839677,,,,,,,40,Cropland
EVT2026_001023,2026-03-18,2026-03-18,1,21.356835,73.455085,188.7,2,3.69,3.69,0.0,closed,11812.067164325903,19532.269874269972,,,,,,10,Tree cover
EVT2026_001024,2026-03-18,2026-03-18,1,21.384700000000002,70.30676,215.1,2,17.08,17.08,0.0,closed,5040.688502705574,,,,,,,40,Cropland
EVT2026_001025,2026-03-18,2026-03-18,1,21.393025,72.79523,192.5,2,2.97,2.97,0.0,closed,6171.768104623427,19886.721438545603,,,,,,40,Cropland
EVT2026_001026,2026-03-18,2026-03-18,1,21.40095,70.118615,152.6,2,4.21,4.45,0.0,closed,3438.4732296999678,,,,,,,40,Cropland
EVT2026_001027,2026-03-18,2026-03-18,1,21.429865,70.90223499999999,207.7,2,6.64,6.64,0.0,closed,5604.642148457869,,,,,,,40,Cropland
EVT2026_001028,2026-03-18,2026-03-18,1,21.58925,74.219915,193.5,2,2.99,2.99,1.0,closed,665.70449059748,,,,,,,40,Cropland
EVT2026_001029,2026-03-18,2026-03-18,1,21.595505000000003,73.175275,190.2,2,1.83,1.83,0.0,closed,2517.9358672391545,,,,,,,40,Cropland
EVT2026_001030,2026-03-18,2026-03-18,1,21.681835,69.957225,143.9,2,2.335,2.45,0.0,closed,1916.55926458764,,,,,,,40,Cropland
EVT2026_001031,2026-03-18,2026-03-18,1,21.7179,73.6019,198.1,2,17.01,17.01,0.0,closed,10282.779939954597,,,,,,,10,Tree cover
EVT2026_001032,2026-03-18,2026-03-18,1,21.746155,72.60368,192.4,2,4.32,4.32,0.0,closed,1928.9875422236778,6264.950231574626,5806.360976720609,,,,,40,Cropland
EVT2026_001033,2026-03-18,2026-03-18,1,21.78113,69.457065,224.3,2,12.61,12.61,0.0,closed,1239.7369326395994,,,,,,,40,Cropland
EVT2026_001034,2026-03-18,2026-03-18,1,21.78727,69.87341,140.8,2,1.605,1.97,0.0,closed,1430.7312707836018,,,,,,,10,Tree cover
EVT2026_001035,2026-03-18,2026-03-18,1,21.83938,69.58765,173.9,2,4.615,5.29,0.0,closed,4636.8286882556595,,,,,,,40,Cropland
EVT2026_001036,2026-03-18,2026-03-18,1,22.12064666666667,73.86859333333332,455.1,3,2.91,3.75,0.3333,closed,4949.81305840009,,,,,,,10,Tree cover
EVT2026_001037,2026-03-18,2026-03-18,1,22.169686666666667,70.26355333333333,372.5,3,12.08,13.18,0.0,closed,1468.4300738166626,,,,,,,20,Shrubland
EVT2026_001038,2026-03-18,2026-03-18,1,22.249305,74.15973,194.0,2,2.29,2.29,0.0,closed,13479.063367206538,,,,,,,10,Tree cover
EVT2026_001039,2026-03-18,2026-03-18,1,22.436345000000003,70.053905,261.4,2,2.39,2.39,0.0,closed,1446.494681368326,,19598.865542992215,,,,,40,Cropland
EVT2026_001040,2026-03-18,2026-03-18,1,22.443334999999998,73.82279500000001,85.3,2,1.09,1.59,0.5,closed,8106.576329375043,,,,,,,10,Tree cover
EVT2026_001041,2026-03-18,2026-03-18,1,22.465265000000002,70.61652000000001,123.9,2,4.245,5.02,0.0,closed,2640.292595391369,,,,,,,40,Cropland
EVT2026_001042,2026-03-18,2026-03-18,1,22.519275,70.32115999999999,131.8,2,10.92,12.38,0.0,closed,2983.6017183324834,,,,,,,40,Cropland
EVT2026_001043,2026-03-18,2026-03-18,1,22.638505000000002,70.39704,250.0,2,22.255,31.27,0.0,closed,2347.3215976207603,,,,,,,40,Cropland
EVT2026_001044,2026-03-18,2026-03-18,1,22.93683333333333,74.02613333333333,290.2,3,1.343,1.49,1.0,closed,12100.634652953902,,,,,,,10,Tree cover
EVT2026_001045,2026-03-18,2026-03-18,1,23.694490000000002,73.831535,194.6,2,2.2,2.92,0.0,closed,18531.425026304507,,,,,,,10,Tree cover
EVT2026_001046,2026-03-18,2026-03-18,1,23.759574999999998,73.55583,195.1,2,4.33,6.1,0.0,closed,12187.98478615254,,,,,,,10,Tree cover
EVT2026_001047,2026-03-18,2026-03-18,1,23.76284,73.381055,189.5,2,1.24,1.24,1.0,closed,4572.751966593838,,,,,,,10,Tree cover
EVT2026_001048,2026-03-18,2026-03-18,1,23.822145,73.836955,186.6,2,3.19,3.19,0.0,closed,13831.3030274065,,,,,,,10,Tree cover
EVT2026_001049,2026-03-18,2026-03-18,1,24.08343,74.1391,193.6,2,4.255,4.41,0.0,closed,10765.787326869302,,,,,,,10,Tree cover
EVT2026_001050,2026-03-18,2026-03-18,1,24.12693,74.22824,195.5,2,1.425,1.89,1.0,closed,18636.910051074865,,,,,,,30,Grassland
EVT2026_001051,2026-03-18,2026-03-18,1,24.1723,74.35788,187.1,2,6.66,6.66,0.0,closed,14103.36162770535,,,,,,,30,Grassland
EVT2026_001052,2026-03-18,2026-03-18,1,24.412275,73.66022000000001,194.2,2,5.625,6.58,0.0,closed,8112.712866485725,11244.901470136623,,,,,,10,Tree cover
EVT2026_001053,2026-03-18,2026-03-18,1,24.5581025,73.61826,422.8,4,1.647,3.86,0.75,closed,5122.685409752407,,,,,,,30,Grassland
EVT2026_001054,2026-03-18,2026-03-18,1,24.575145,73.780495,186.6,2,4.165,4.43,0.0,closed,2154.7286095570507,,,,,,,10,Tree cover
EVT2026_001055,2026-03-18,2026-03-19,2,20.18953,73.35283666666668,540.2,3,4.51,5.74,0.0,closed,8431.880704574269,,,,,,,10,Tree cover
EVT2026_001056,2026-03-18,2026-03-19,2,22.222384444444444,73.97563555555556,1165.5,18,2.611,9.6,0.6667,closed,5439.8648754823125,,,,,,,30,Grassland
EVT2026_001057,2026-03-18,2026-03-19,2,24.2000225,74.2541975,516.4,4,2.645,5.34,0.25,closed,,,,,,,,10,Tree cover
EVT2026_001058,2026-03-18,2026-03-19,2,24.203144,74.439638,795.4,5,3.834,6.79,0.2,closed,12459.494332768882,,,,,,,10,Tree cover
EVT2026_001059,2026-03-19,2026-03-19,1,20.590525,73.60224500000001,231.1,2,2.71,2.71,0.0,closed,10159.577662407713,,,,,,,30,Grassland
EVT2026_001060,2026-03-19,2026-03-19,1,20.657874999999997,73.84314,210.2,2,7.62,7.62,0.0,closed,12501.0150593644,,,,,,,20,Shrubland
EVT2026_001061,2026-03-19,2026-03-19,1,20.666175000000003,73.84163000000001,206.9,2,7.19,7.19,0.0,closed,12893.960066755322,,,,,,,30,Grassland
EVT2026_001062,2026-03-19,2026-03-19,1,20.839460000000003,72.828145,76.9,2,2.955,3.57,0.0,closed,4107.857181858611,,,,,,,10,Tree cover
EVT2026_001063,2026-03-19,2026-03-19,1,20.849245,73.40032,239.7,2,1.6,1.6,0.0,closed,4479.509245284252,,,,,,,10,Tree cover
EVT2026_001064,2026-03-19,2026-03-19,1,21.170753333333334,71.32820666666667,336.4,3,4.87,7.4,0.0,closed,3153.7215466045923,,,,,,,40,Cropland
EVT2026_001065,2026-03-19,2026-03-19,1,21.278064999999998,70.17578,97.3,2,4.04,4.62,0.0,closed,3008.3551272842287,,,,,,,40,Cropland
EVT2026_001066,2026-03-19,2026-03-19,1,21.347333333333335,70.36361,400.4,3,12.183,17.45,0.0,closed,894.0121047899744,,,,,,,40,Cropland
EVT2026_001067,2026-03-19,2026-03-19,1,21.432899999999997,70.021315,294.1,2,5.8,9.43,0.0,closed,2362.325256938442,,,,,,,40,Cropland
EVT2026_001068,2026-03-19,2026-03-19,1,21.545095,70.38962000000001,333.2,4,4.175,5.33,0.0,closed,4157.470629523296,,,,,,,40,Cropland
EVT2026_001069,2026-03-19,2026-03-19,1,21.585625,71.08723499999999,206.2,2,6.625,6.84,0.0,closed,5802.651838974777,,,,,,,40,Cropland
EVT2026_001070,2026-03-19,2026-03-19,1,21.61049,69.9735,177.2,2,3.935,4.59,0.0,closed,1689.5938700140819,,,,,,,40,Cropland
EVT2026_001071,2026-03-19,2026-03-19,1,21.693980000000003,70.63576499999999,224.9,2,5.77,6.86,0.0,closed,3000.389203933385,,,,,,,40,Cropland
EVT2026_001072,2026-03-19,2026-03-19,1,21.7553,72.66451,238.5,2,2.22,2.22,0.0,closed,379.4093600412071,8295.344502166052,9165.582004798665,,,,,40,Cropland
EVT2026_001073,2026-03-19,2026-03-19,1,21.77271,72.76574,245.2,2,4.305,4.84,0.0,closed,4284.806152702166,17375.784086551797,18748.69911137455,,,,,40,Cropland
EVT2026_001074,2026-03-19,2026-03-19,1,21.79586,70.14547999999999,289.6,2,2.385,2.53,0.0,closed,2978.154870426747,,,,,,,40,Cropland
EVT2026_001075,2026-03-19,2026-03-19,1,21.79671,70.60657,25.5,2,6.155,7.11,0.0,closed,1876.6174797916433,,,,,,,40,Cropland
EVT2026_001076,2026-03-19,2026-03-19,1,21.994325,71.57162500000001,121.7,2,4.29,5.46,0.0,closed,2215.844632051613,,,,,,,40,Cropland
EVT2026_001077,2026-03-19,2026-03-19,1,22.223444999999998,73.24224000000001,46.6,2,2.175,2.69,0.0,closed,1794.364244324662,,,,,,,40,Cropland
EVT2026_001078,2026-03-19,2026-03-19,1,22.25195,73.98786000000001,177.9,2,2.23,2.47,0.0,closed,4626.948927545221,,,,,,,10,Tree cover
EVT2026_001079,2026-03-19,2026-03-19,1,22.388893333333332,70.2998,338.0,3,1.7,2.16,0.0,closed,1312.7742129178619,,,,,,,40,Cropland
EVT2026_001080,2026-03-19,2026-03-19,1,22.598815000000002,70.75911500000001,156.4,2,4.575,5.88,0.0,closed,993.6704855944225,,,,,,,40,Cropland
EVT2026_001081,2026-03-19,2026-03-19,1,23.530070000000002,74.455255,111.8,2,5.4,5.77,0.0,closed,2812.299786919208,5358.569937988738,,,,,,10,Tree cover
EVT2026_001082,2026-03-19,2026-03-20,2,20.67683,73.85293,24.6,2,2.955,3.67,0.0,closed,14545.442157693382,,,,,,,30,Grassland
EVT2026_001083,2026-03-19,2026-03-28,10,22.932064761904762,69.70036666666667,540.7,21,1.383,2.45,0.9048,closed,234.98745661128925,19349.13874599793,,,1,Moderate,True,50,Built-up
EVT2026_001084,2026-03-20,2026-03-20,1,20.62189,73.75103,239.4,2,7.225,7.32,0.0,closed,2887.8945398477226,,,,,,,10,Tree cover
EVT2026_001085,2026-03-20,2026-03-20,1,20.6344325,73.9759525,262.6,4,1.488,2.01,1.0,closed,17004.61045558517,,,,,,,10,Tree cover
EVT2026_001086,2026-03-20,2026-03-20,1,20.638965,73.84215,316.4,2,2.5,3.23,0.0,closed,11412.910610521836,,,,,,,20,Shrubland
EVT2026_001087,2026-03-20,2026-03-20,1,20.67932,73.889725,51.6,2,5.76,7.44,0.0,closed,17879.409770038634,,,,,,,40,Cropland
EVT2026_001088,2026-03-20,2026-03-20,1,21.294885,70.08755500000001,192.8,2,3.53,3.76,0.0,closed,1962.4711603322685,,,,,,,40,Cropland
EVT2026_001089,2026-03-20,2026-03-20,1,21.298949999999998,74.21700000000001,192.5,2,4.255,4.86,0.0,closed,4895.620822217686,,,,,,,40,Cropland
EVT2026_001090,2026-03-20,2026-03-20,1,21.333620000000003,70.45686,59.9,2,3.255,3.6,0.0,closed,1642.1387069449324,,,,,,,40,Cropland
EVT2026_001091,2026-03-20,2026-03-20,1,21.3812,70.65046,255.8,2,14.95,18.21,0.0,closed,2144.119572215547,,,,,,,40,Cropland
EVT2026_001092,2026-03-20,2026-03-20,1,21.389215,69.868605,53.9,2,5.605,5.79,0.0,closed,1944.392013224402,,,,,,,40,Cropland
EVT2026_001093,2026-03-20,2026-03-20,1,21.41708,73.67365,112.6,2,7.42,8.7,0.0,closed,8092.93680501624,,,,,,,30,Grassland
EVT2026_001094,2026-03-20,2026-03-20,1,21.426875,70.39232,133.4,2,5.22,7.12,0.0,closed,1870.0508451146352,,,,,,,40,Cropland
EVT2026_001095,2026-03-20,2026-03-20,1,21.43666,70.36898333333333,282.2,3,6.437,10.53,0.0,closed,2544.390710690684,,,,,,,40,Cropland
EVT2026_001096,2026-03-20,2026-03-20,1,21.56306,74.378715,100.0,2,2.87,3.12,0.0,closed,5754.56528201709,,,,,,,40,Cropland
EVT2026_001097,2026-03-20,2026-03-20,1,21.596515,73.89572,97.3,2,0.315,0.47,1.0,closed,9375.38679765845,,,,,,,40,Cropland
EVT2026_001098,2026-03-20,2026-03-20,1,21.73749,73.698925,77.8,2,3.715,4.3,0.0,closed,11583.368000870872,,,,,,,10,Tree cover
EVT2026_001099,2026-03-20,2026-03-20,1,21.74199,73.53144499999999,99.0,2,27.225,32.13,0.0,closed,3105.804851444051,,,,,,,10,Tree cover
EVT2026_001100,2026-03-20,2026-03-20,1,22.682599999999997,71.64395333333333,452.7,3,3.207,3.56,0.0,closed,4084.373800127133,,,,,,,20,Shrubland
EVT2026_001101,2026-03-20,2026-03-20,1,23.482680000000002,73.234655,282.2,2,2.41,3.15,0.0,closed,1332.5775238687386,,,,,,,10,Tree cover
EVT2026_001102,2026-03-20,2026-03-21,2,20.175053333333334,73.42860333333333,368.8,3,1.873,3.56,0.0,closed,14652.66348731464,,,,,,,30,Grassland
EVT2026_001103,2026-03-20,2026-03-21,2,21.43889,70.07912,664.4,3,6.19,9.32,0.0,closed,1577.299623441186,,,,,,,40,Cropland
EVT2026_001104,2026-03-20,2026-03-21,2,21.595974285714284,73.69183,839.8,7,3.04,5.34,0.4286,closed,10866.160977318223,,,,,,,10,Tree cover
EVT2026_001105,2026-03-20,2026-03-21,2,21.88668,69.53519166666666,345.9,6,10.31,15.2,0.0,closed,5570.627872724339,,,,,,,40,Cropland
EVT2026_001106,2026-03-20,2026-03-28,9,22.926689,69.82293,220.6,10,0.805,1.24,1.0,closed,118.24599427474058,,,,10,Moderate,True,40,Cropland
EVT2026_001107,2026-03-21,2026-03-21,1,20.264235,73.54538500000001,175.1,2,0.685,0.76,1.0,closed,18882.336618675923,,,,,,,30,Grassland
EVT2026_001108,2026-03-21,2026-03-21,1,20.38963,73.63847000000001,170.8,2,8.32,8.32,0.0,closed,12648.336073637587,,,,,,,10,Tree cover
EVT2026_001109,2026-03-21,2026-03-21,1,20.727955,73.76928000000001,307.7,2,2.865,3.79,0.0,closed,9918.424924928308,,,,,,,40,Cropland
EVT2026_001110,2026-03-21,2026-03-21,1,20.844245,73.389065,187.5,2,2.88,2.88,0.0,closed,5200.784776767202,,,,,,,10,Tree cover
EVT2026_001111,2026-03-21,2026-03-21,1,20.88195,73.38630333333333,355.9,3,6.977,8.83,0.0,closed,3796.280288070837,,,,,,,10,Tree cover
EVT2026_001112,2026-03-21,2026-03-21,1,20.93384,73.81192,166.2,2,1.405,1.41,1.0,closed,3409.057639174396,,,,,,,30,Grassland
EVT2026_001113,2026-03-21,2026-03-21,1,20.944375,71.455855,145.1,2,4.69,5.37,0.0,closed,1725.0312400765274,5278.033880131508,,,,,,40,Cropland
EVT2026_001114,2026-03-21,2026-03-21,1,21.323819999999998,73.27162000000001,188.4,2,2.02,2.02,0.0,closed,3990.769011275312,18983.50621372173,,,,,,10,Tree cover
EVT2026_001115,2026-03-21,2026-03-21,1,21.3467925,73.4683525,282.5,4,7.905,9.13,0.0,closed,12545.47041103769,17856.877736909126,,,,,,30,Grassland
EVT2026_001116,2026-03-21,2026-03-21,1,21.3515,74.01993999999999,260.5,2,3.49,5.31,0.0,closed,9888.045840155408,,,,,,,30,Grassland
EVT2026_001117,2026-03-21,2026-03-21,1,21.36536,73.61394666666668,473.2,6,1.712,3.37,0.5,closed,9403.001771643008,18315.39663248293,,,,,,10,Tree cover
EVT2026_001118,2026-03-21,2026-03-21,1,21.397515,69.84457499999999,223.7,2,4.99,4.99,0.0,closed,1692.4305939003132,,,,,,,40,Cropland
EVT2026_001119,2026-03-21,2026-03-21,1,21.409545,70.03417,89.1,2,2.4,2.41,0.0,closed,5006.803035158004,,,,,,,40,Cropland
EVT2026_001120,2026-03-21,2026-03-21,1,21.482445,69.78003,157.2,2,3.8,4.46,0.0,closed,1820.2045374528825,,,,,,,30,Grassland
EVT2026_001121,2026-03-21,2026-03-21,1,21.518645,70.245255,238.2,2,2.14,2.64,0.0,closed,4606.632445428147,,,,,,,40,Cropland
EVT2026_001122,2026-03-21,2026-03-21,1,21.52206,70.122275,136.6,2,4.185,4.25,0.0,closed,2669.8691604029573,,,,,,,40,Cropland
EVT2026_001123,2026-03-21,2026-03-21,1,21.53615,74.33192,37.4,2,2.685,2.77,0.0,closed,2567.662419468505,,,,,,,40,Cropland
EVT2026_001124,2026-03-21,2026-03-21,1,21.56092,71.34374,142.6,2,3.615,3.72,0.0,closed,1615.1053668039344,,,,,,,40,Cropland
EVT2026_001125,2026-03-21,2026-03-21,1,21.57427,74.112435,211.5,2,2.67,2.67,0.0,closed,6816.725427604178,,,,,,,40,Cropland
EVT2026_001126,2026-03-21,2026-03-21,1,21.5930775,73.83094750000001,816.4,8,7.075,8.53,0.0,closed,6254.909831671232,,,,,,,30,Grassland
EVT2026_001127,2026-03-21,2026-03-21,1,21.630004999999997,71.06607,161.4,2,11.565,13.59,0.0,closed,5732.756993954638,,,,,,,40,Cropland
EVT2026_001128,2026-03-21,2026-03-21,1,21.651615,74.372405,131.5,2,1.61,1.65,1.0,closed,10831.437462556123,,,,,,,10,Tree cover
EVT2026_001129,2026-03-21,2026-03-21,1,21.731920000000002,73.63304500000001,307.9,2,1.81,1.81,0.0,closed,12969.011871517176,,,,,,,10,Tree cover
EVT2026_001130,2026-03-21,2026-03-21,1,21.74233,73.55238666666666,239.4,3,0.683,1.01,1.0,closed,5187.506499564401,,,,,,,10,Tree cover
EVT2026_001131,2026-03-21,2026-03-21,1,21.750194999999998,73.543815,107.6,2,0.96,1.07,1.0,closed,4644.628997193647,,,,,,,30,Grassland
EVT2026_001132,2026-03-21,2026-03-21,1,21.906084999999997,72.75688500000001,290.7,2,0.645,0.92,1.0,closed,981.1241921549114,,,,35,Limited,True,40,Cropland
EVT2026_001133,2026-03-21,2026-03-21,1,22.064475,69.48934,236.9,2,4.08,4.08,0.0,closed,419.80336523710474,,,,,,,50,Built-up
EVT2026_001134,2026-03-21,2026-03-21,1,22.128845,72.764745,160.4,2,0.69,0.84,1.0,closed,2338.709744558725,12385.11158697912,,,51,Limited,True,40,Cropland
EVT2026_001135,2026-03-21,2026-03-21,1,22.1293,70.76206,124.7,2,2.42,3.83,0.0,closed,2094.166226260401,,,,,,,20,Shrubland
EVT2026_001136,2026-03-21,2026-03-21,1,22.15235,71.863225,231.2,2,4.15,5.52,0.0,closed,2632.161704409382,,,,,,,40,Cropland
EVT2026_001137,2026-03-21,2026-03-21,1,22.183445,70.942365,260.1,2,3.92,3.92,0.0,closed,895.0296709108195,,,,,,,40,Cropland
EVT2026_001138,2026-03-21,2026-03-21,1,22.240299999999998,69.752085,126.0,2,6.045,6.96,0.0,closed,1788.4280120929418,8382.268563600617,10143.508795575799,,,,,40,Cropland
EVT2026_001139,2026-03-21,2026-03-21,1,22.330840000000002,72.35567,166.6,2,4.095,4.65,0.0,closed,8965.357194258075,,,,,,,30,Grassland
EVT2026_001140,2026-03-21,2026-03-21,1,22.680149999999998,71.90885,25.7,2,3.255,3.56,0.0,closed,6495.185520401273,,,,,,,40,Cropland
EVT2026_001141,2026-03-21,2026-03-21,1,22.936495,70.58388,256.8,2,2.48,2.48,0.0,closed,2654.1397838530715,,,,,,,40,Cropland
EVT2026_001142,2026-03-21,2026-03-21,1,23.01596,71.11520999999999,64.6,2,7.94,9.48,0.0,closed,3456.2549327148436,,,,,,,40,Cropland
EVT2026_001143,2026-03-21,2026-03-21,1,23.120685,70.91808,145.3,2,2.985,3.06,0.0,closed,2450.0396060238168,,,,,,,40,Cropland
EVT2026_001144,2026-03-21,2026-03-21,1,23.21145,73.86944,184.3,2,0.77,0.77,1.0,closed,7789.546254479395,,,,,,,10,Tree cover
EVT2026_001145,2026-03-21,2026-03-21,1,23.820623333333334,73.40517,402.3,3,0.77,0.77,1.0,closed,7789.509832909372,,,,,,,10,Tree cover
EVT2026_001146,2026-03-21,2026-03-21,1,23.893725,74.068045,97.4,2,2.42,3.06,1.0,closed,5768.33936756413,,,,,,,30,Grassland
EVT2026_001147,2026-03-21,2026-03-21,1,24.16764333333333,74.48569333333334,291.9,3,5.493,7.15,0.0,closed,8407.624693968794,,,,,,,20,Shrubland
EVT2026_001148,2026-03-21,2026-03-22,2,20.033493333333336,72.81145666666667,499.3,3,2.183,3.02,0.3333,closed,9645.990025281211,,,,,,,10,Tree cover
EVT2026_001149,2026-03-21,2026-03-22,2,20.979041666666667,73.70944333333334,930.1,6,3.96,6.8,0.3333,closed,8681.926250655839,,,,,,,10,Tree cover
EVT2026_001150,2026-03-21,2026-03-22,2,21.586244,73.698078,478.1,5,5.086,7.41,0.2,closed,10220.42515402722,,,,,,,10,Tree cover
EVT2026_001151,2026-03-21,2026-03-22,2,21.795313333333336,73.75429666666668,487.0,3,2.253,3.94,0.3333,closed,4373.605786191843,,,,,,,10,Tree cover
EVT2026_001152,2026-03-21,2026-03-22,2,21.90574,69.55389500000001,219.6,2,5.215,5.79,0.0,closed,3981.447145560819,,,,,,,40,Cropland
EVT2026_001153,2026-03-21,2026-03-22,2,21.975228333333334,74.19521999999999,578.8,6,3.52,7.61,0.5,closed,,,,,,,,30,Grassland
EVT2026_001154,2026-03-21,2026-03-23,3,20.846587500000002,73.41346375,1206.3,8,4.121,7.92,0.125,closed,3258.018785225582,,,,,,,10,Tree cover
EVT2026_001155,2026-03-21,2026-03-23,3,20.961603333333333,73.46844777777778,1035.3,9,2.62,3.46,0.1111,closed,6566.787157183421,,,,,,,10,Tree cover
EVT2026_001156,2026-03-21,2026-03-23,3,21.359879999999997,73.961892,884.1,5,1.678,3.76,0.8,closed,7072.463734620888,,,,,,,40,Cropland
EVT2026_001157,2026-03-21,2026-03-23,3,24.6577975,73.876535,309.1,4,0.83,1.3,1.0,closed,74.17500687299795,,,,53,Limited,True,50,Built-up
EVT2026_001158,2026-03-22,2026-03-22,1,20.121715000000002,73.2302,164.8,2,3.27,3.53,0.0,closed,15945.257914852411,,,,,,,10,Tree cover
EVT2026_001159,2026-03-22,2026-03-22,1,20.43909,73.685855,224.0,2,6.02,6.02,0.0,closed,10676.42666385079,,,,,,,30,Grassland
EVT2026_001160,2026-03-22,2026-03-22,1,20.476713333333333,73.67818666666666,569.7,3,5.143,7.31,0.0,closed,7928.897408946007,,,,,,,30,Grassland
EVT2026_001161,2026-03-22,2026-03-22,1,20.511055,73.65329,127.8,2,5.91,6.25,0.0,closed,5102.13528628885,,,,,,,10,Tree cover
EVT2026_001162,2026-03-22,2026-03-22,1,20.61814,73.750645,49.8,2,4.575,4.67,0.0,closed,2482.9501553348755,,,,,,,10,Tree cover
EVT2026_001163,2026-03-22,2026-03-22,1,20.635295,73.49682,183.8,2,1.43,1.43,1.0,closed,11511.599648668505,,,,,,,10,Tree cover
EVT2026_001164,2026-03-22,2026-03-22,1,20.786755,70.71805499999999,193.9,2,6.8,6.8,0.0,closed,1937.6243889505301,,,,,,,10,Tree cover
EVT2026_001165,2026-03-22,2026-03-22,1,20.838675000000002,73.43415,267.3,2,5.645,5.66,0.0,closed,1496.5198487109437,,,,,,,10,Tree cover
EVT2026_001166,2026-03-22,2026-03-22,1,20.844265,73.863395,206.4,2,3.8,3.87,0.0,closed,13435.463209603922,,,,,,,10,Tree cover
EVT2026_001167,2026-03-22,2026-03-22,1,20.854985,74.11500000000001,231.1,2,7.33,7.33,0.0,closed,6253.928034302582,,,,,,,20,Shrubland
EVT2026_001168,2026-03-22,2026-03-22,1,20.951205,73.491545,222.6,2,9.9,9.9,0.0,closed,8311.41454790093,,,,,,,10,Tree cover
EVT2026_001169,2026-03-22,2026-03-22,1,20.975015,73.66429500000001,232.2,2,0.815,1.2,1.0,closed,8705.442044851656,,,,,,,10,Tree cover
EVT2026_001170,2026-03-22,2026-03-22,1,21.092914999999998,73.67452,225.4,2,2.54,3.54,0.0,closed,5910.623769775706,17748.265721915188,,,,,,10,Tree cover
EVT2026_001171,2026-03-22,2026-03-22,1,21.16075,71.74885,203.3,2,17.64,30.61,0.0,closed,338.5788856731814,,,,,,,40,Cropland
EVT2026_001172,2026-03-22,2026-03-22,1,21.202440000000003,74.149544,383.0,5,16.468,21.98,0.0,closed,34.008394081845665,,,,,,,30,Grassland
EVT2026_001173,2026-03-22,2026-03-22,1,21.224330000000002,70.26429999999999,192.3,2,7.6,7.6,0.0,closed,733.1230061941126,,,,,,,40,Cropland
EVT2026_001174,2026-03-22,2026-03-22,1,21.22611,71.00011,50.1,2,3.795,3.82,0.0,closed,6720.185879439823,,,,,,,20,Shrubland
EVT2026_001175,2026-03-22,2026-03-22,1,21.34773,70.34925,192.2,2,5.62,6.13,0.0,closed,1349.986397795976,,,,,,,40,Cropland
EVT2026_001176,2026-03-22,2026-03-22,1,21.349141428571432,73.54909285714287,538.5,7,6.291,8.56,0.0,closed,10512.897863329243,15573.461758903568,,,,,,10,Tree cover
EVT2026_001177,2026-03-22,2026-03-22,1,21.416935000000002,73.388575,226.2,2,2.46,2.46,1.0,closed,7908.054298210287,,,,,,,10,Tree cover
EVT2026_001178,2026-03-22,2026-03-22,1,21.554305,70.236305,176.5,2,8.48,10.8,0.0,closed,5042.517891771484,,,,,,,40,Cropland
EVT2026_001179,2026-03-22,2026-03-22,1,21.59674,73.673935,576.1,4,2.575,4.24,0.0,closed,9596.238858759312,,,,,,,10,Tree cover
EVT2026_001180,2026-03-22,2026-03-22,1,21.69911,69.94628499999999,203.3,2,3.935,4.02,0.0,closed,2814.939276190584,,,,,,,40,Cropland
EVT2026_001181,2026-03-22,2026-03-22,1,21.76087,73.44163499999999,225.2,2,5.275,7.49,0.0,closed,4952.41469014927,,,,,,,10,Tree cover
EVT2026_001182,2026-03-22,2026-03-22,1,21.76972333333333,70.6022,311.7,3,7.397,9.79,0.0,closed,270.28061432173064,,,,,,,40,Cropland
EVT2026_001183,2026-03-22,2026-03-22,1,21.823259999999998,71.39072,84.8,2,6.235,6.26,0.0,closed,1529.1763638822106,,,,,,,40,Cropland
EVT2026_001184,2026-03-22,2026-03-22,1,22.035905,70.71389,196.0,2,12.19,12.19,0.0,closed,2886.6650834813786,,,,,,,40,Cropland
EVT2026_001185,2026-03-22,2026-03-22,1,22.26215,74.085815,46.0,2,3.1,3.96,0.0,closed,6872.644022218206,,,,,,,30,Grassland
EVT2026_001186,2026-03-22,2026-03-22,1,22.398400000000002,73.636705,300.1,2,2.07,2.71,0.0,closed,10038.216657715602,,,,,,,10,Tree cover
EVT2026_001187,2026-03-22,2026-03-22,1,22.425665000000002,73.79272499999999,312.0,2,2.94,3.34,0.0,closed,10092.399024253407,,,,,,,10,Tree cover
EVT2026_001188,2026-03-22,2026-03-22,1,22.45582,70.301015,210.4,2,5.17,5.17,0.0,closed,906.5797659571474,,,,,,,40,Cropland
EVT2026_001189,2026-03-22,2026-03-22,1,23.014375,70.878405,199.4,2,4.93,4.93,0.0,closed,2608.166079263837,,,,,,,40,Cropland
EVT2026_001190,2026-03-22,2026-03-22,1,23.07784666666667,73.73623666666667,243.4,3,2.313,2.99,0.0,closed,11377.159633041247,,,,,,,10,Tree cover
EVT2026_001191,2026-03-22,2026-03-22,1,23.086109999999998,71.23031,63.3,2,14.545,14.92,0.0,closed,3863.0960553027503,,,,,,,40,Cropland
EVT2026_001192,2026-03-22,2026-03-22,1,23.099925,71.446495,236.2,2,5.54,5.54,0.0,closed,4261.170272423915,,,,,,,40,Cropland
EVT2026_001193,2026-03-22,2026-03-22,1,23.207075,72.18094,112.0,2,5.035,5.56,0.0,closed,6795.825794426653,,,,,,,40,Cropland
EVT2026_001194,2026-03-22,2026-03-22,1,23.44612,74.30031,226.1,2,37.43,40.95,0.0,closed,4938.223408440904,15849.560640502303,,,,,,40,Cropland
EVT2026_001195,2026-03-22,2026-03-22,1,23.49682,68.576015,186.1,2,0.8,0.8,1.0,closed,330.7068219051407,,,,,,,50,Built-up
EVT2026_001196,2026-03-22,2026-03-22,1,23.734924999999997,73.80627999999999,180.2,2,5.535,6.47,0.0,closed,15849.14505860385,,,,,,,10,Tree cover
EVT2026_001197,2026-03-22,2026-03-22,1,23.787175,73.23531,227.8,2,7.34,7.34,0.0,closed,2198.601397284504,,,,,,,10,Tree cover
EVT2026_001198,2026-03-22,2026-03-22,1,23.87299333333333,73.35998666666667,324.6,3,2.44,2.54,0.0,closed,4329.739682653294,,,,,,,10,Tree cover
EVT2026_001199,2026-03-22,2026-03-22,1,24.069955,74.229575,233.7,2,2.79,2.79,0.0,closed,19832.674536068072,,,,,,,10,Tree cover
EVT2026_001200,2026-03-22,2026-03-22,1,24.213050000000003,74.47596999999999,230.9,2,4.275,4.84,0.0,closed,13273.856769530339,,,,,,,10,Tree cover
EVT2026_001201,2026-03-22,2026-03-23,2,20.03335,72.80024,184.5,2,1.455,1.69,1.0,closed,8695.212183977133,,,,,,,10,Tree cover
EVT2026_001202,2026-03-22,2026-03-23,2,20.35556,72.948948,268.4,5,1.55,2.77,1.0,closed,562.4646203699384,,,,,,,40,Cropland
EVT2026_001203,2026-03-22,2026-03-23,2,20.513025,74.17387500000001,55.3,2,6.03,8.34,0.0,closed,7699.024154824721,,,,,,,40,Cropland
EVT2026_001204,2026-03-22,2026-03-23,2,20.786193333333333,70.62568666666668,419.9,3,4.687,6.07,0.0,closed,3089.4844346802597,,,,,,,40,Cropland
EVT2026_001205,2026-03-22,2026-03-23,2,20.842167500000002,73.3813925,556.5,4,2.232,5.58,0.75,closed,4392.69885681127,,,,,,,10,Tree cover
EVT2026_001206,2026-03-22,2026-03-23,2,20.85608,73.525515,313.0,2,4.795,6.01,0.0,closed,9037.334135268977,,,,,,,10,Tree cover
EVT2026_001207,2026-03-22,2026-03-23,2,20.867784999999998,70.56555,109.4,2,0.675,0.98,1.0,closed,231.2482073386357,,,,26,Limited,True,50,Built-up
EVT2026_001208,2026-03-22,2026-03-23,2,20.968308,73.429486,429.2,5,4.446,8.72,0.4,closed,2696.4110323507166,,,,,,,10,Tree cover
EVT2026_001209,2026-03-22,2026-03-23,2,21.337609999999998,73.9419425,525.3,4,6.02,6.14,0.0,closed,9811.251937283238,,,,,,,30,Grassland
EVT2026_001210,2026-03-22,2026-03-23,2,22.83211,72.59461666666667,173.9,3,3.537,4.94,0.0,closed,1149.5855572907817,,,,,,,40,Cropland
EVT2026_001211,2026-03-22,2026-03-23,2,23.095035,73.63448,148.0,2,2.27,3.94,0.5,closed,10680.867731008062,,,,,,,10,Tree cover
EVT2026_001212,2026-03-22,2026-03-23,2,23.32657,73.99776666666666,434.7,6,3.947,8.15,0.1667,closed,17271.43288499982,,,,,,,30,Grassland
EVT2026_001213,2026-03-22,2026-03-23,2,23.745060000000002,73.87581,233.1,2,4.35,6.56,0.0,closed,15603.96202548056,,,,,,,10,Tree cover
EVT2026_001214,2026-03-22,2026-03-23,2,24.688805000000002,73.001985,167.3,2,1.57,1.77,1.0,closed,371.06903799293997,833.9032003949537,,,15,Moderate,True,50,Built-up
EVT2026_001215,2026-03-22,2026-03-24,3,21.60724375,73.68632625,1125.2,8,3.259,6.74,0.375,closed,10553.693988189292,,,,,,,10,Tree cover
EVT2026_001216,2026-03-23,2026-03-23,1,20.042450000000002,73.73142,186.9,2,4.75,4.75,0.0,closed,3469.7140428607822,,,,,,,40,Cropland
EVT2026_001217,2026-03-23,2026-03-23,1,20.35988,73.99846000000001,285.0,3,17.92,31.52,0.0,closed,2348.7655000587356,,,,,,,20,Shrubland
EVT2026_001218,2026-03-23,2026-03-23,1,20.40344,73.32579000000001,190.1,2,1.685,2.66,0.5,closed,11101.112532127827,,,,,,,30,Grassland
EVT2026_001219,2026-03-23,2026-03-23,1,20.412185,73.33489,187.4,2,0.46,0.47,1.0,closed,11633.872025717284,,,,,,,10,Tree cover
EVT2026_001220,2026-03-23,2026-03-23,1,20.43909,73.63869,194.2,2,5.905,6.76,0.0,closed,7505.820364573809,,,,,,,30,Grassland
EVT2026_001221,2026-03-23,2026-03-23,1,20.54656,73.981865,189.1,2,1.03,1.03,1.0,closed,7993.931289236124,,,,,,,30,Grassland
EVT2026_001222,2026-03-23,2026-03-23,1,20.756127499999998,73.736725,432.3,4,6.117,7.7,0.0,closed,5937.3610923356355,,,,,,,30,Grassland
EVT2026_001223,2026-03-23,2026-03-23,1,20.781264999999998,73.984635,196.3,2,3.17,3.17,0.0,closed,13947.85641714444,,,,,,,30,Grassland
EVT2026_001224,2026-03-23,2026-03-23,1,20.932356666666667,73.50964333333333,288.9,3,0.79,0.81,1.0,closed,8860.20742147075,,,,,,,10,Tree cover
EVT2026_001225,2026-03-23,2026-03-23,1,20.9482,73.47442666666666,395.3,3,4.703,6.33,0.0,closed,6512.5712089545,,,,,,,10,Tree cover
EVT2026_001226,2026-03-23,2026-03-23,1,20.948790000000002,73.61279,399.7,3,3.1,5.61,0.3333,closed,4408.853318603931,,,,,,,10,Tree cover
EVT2026_001227,2026-03-23,2026-03-23,1,20.993986666666668,72.75493999999999,287.9,3,14.33,19.87,0.0,closed,1556.4273012862204,16638.883720510043,,,,,,40,Cropland
EVT2026_001228,2026-03-23,2026-03-23,1,21.044929999999997,73.55484,373.7,3,4.23,4.5,0.0,closed,3709.382638304244,18279.03872875636,,,,,,10,Tree cover
EVT2026_001229,2026-03-23,2026-03-23,1,21.177955,71.55138,203.2,2,11.615,15.97,0.0,closed,3882.0244243901475,,,,,,,60,Bare/sparse vegetation
EVT2026_001230,2026-03-23,2026-03-23,1,21.288365,71.23219499999999,192.6,2,3.155,3.6,0.0,closed,3397.535085483597,,,,,,,40,Cropland
EVT2026_001231,2026-03-23,2026-03-23,1,21.304885,70.1229,78.5,2,7.97,7.98,0.0,closed,2488.978382514841,,,,,,,40,Cropland
EVT2026_001232,2026-03-23,2026-03-23,1,21.337654999999998,73.42448999999999,186.5,2,5.72,7.96,0.0,closed,10888.95864993902,19833.467430909583,,,,,,10,Tree cover
EVT2026_001233,2026-03-23,2026-03-23,1,21.3589025,73.4018425,608.0,4,5.282,5.35,0.0,closed,9065.64800126618,,,,,,,10,Tree cover
EVT2026_001234,2026-03-23,2026-03-23,1,21.3710425,73.9984425,403.2,4,10.537,12.22,0.0,closed,6841.904785485924,,,,,,,30,Grassland
EVT2026_001235,2026-03-23,2026-03-23,1,21.427489999999995,69.86109333333333,336.0,3,5.307,5.79,0.0,closed,5069.538371859399,,,,,,,40,Cropland
EVT2026_001236,2026-03-23,2026-03-23,1,21.469506000000003,70.43402,351.0,5,6.0,8.65,0.0,closed,1636.064050695344,,,,,,,40,Cropland
EVT2026_001237,2026-03-23,2026-03-23,1,21.504080000000002,70.634575,54.3,2,3.45,4.41,0.0,closed,2458.3346796263363,,,,,,,40,Cropland
EVT2026_001238,2026-03-23,2026-03-23,1,21.513135,69.787645,202.9,2,10.345,11.76,0.0,closed,4450.852141946455,,,,,,,40,Cropland
EVT2026_001239,2026-03-23,2026-03-23,1,21.516469999999998,71.03335999999999,209.1,2,3.42,3.42,0.0,closed,4056.2813635290568,,,,,,,20,Shrubland
EVT2026_001240,2026-03-23,2026-03-23,1,21.596825000000003,74.33838499999999,199.3,2,2.55,2.93,0.0,closed,8684.633026784859,,,,,,,40,Cropland
EVT2026_001241,2026-03-23,2026-03-23,1,21.64827,70.19315499999999,210.1,2,3.67,4.38,0.0,closed,1179.4029576521,,,,,,,40,Cropland
EVT2026_001242,2026-03-23,2026-03-23,1,21.72218,70.64022,85.9,2,4.61,4.91,0.0,closed,386.3268969857151,,,,,,,40,Cropland
EVT2026_001243,2026-03-23,2026-03-23,1,21.759169999999997,69.86463,531.5,3,3.12,5.06,0.0,closed,4656.908579311258,,,,,,,40,Cropland
EVT2026_001244,2026-03-23,2026-03-23,1,21.770515,73.573105,268.7,2,1.265,1.55,1.0,closed,6353.977874054147,,,,,,,10,Tree cover
EVT2026_001245,2026-03-23,2026-03-23,1,22.105945,72.93954500000001,186.5,2,2.34,2.34,0.0,closed,4445.410910096677,,,,,,,40,Cropland
EVT2026_001246,2026-03-23,2026-03-23,1,22.23075,73.969185,188.9,2,2.99,3.39,0.0,closed,5995.693589719732,,,,,,,10,Tree cover
EVT2026_001247,2026-03-23,2026-03-23,1,22.305149999999998,70.33184,196.6,2,13.66,13.66,0.0,closed,1681.957911454699,,,,,,,40,Cropland
EVT2026_001248,2026-03-23,2026-03-23,1,22.430865,69.832775,190.0,2,0.88,1.02,1.0,closed,280.9610464313755,1239.1495943824282,10408.415974378544,,31,Limited,True,10,Tree cover
EVT2026_001249,2026-03-23,2026-03-23,1,22.47602,71.841915,188.3,2,6.37,6.37,0.0,closed,1630.056207883939,,,,,,,40,Cropland
EVT2026_001250,2026-03-23,2026-03-23,1,22.560744999999997,74.246995,189.6,2,2.855,3.55,0.0,closed,,,,,,,,10,Tree cover
EVT2026_001251,2026-03-23,2026-03-23,1,22.593405,70.32389,196.1,2,4.82,4.82,0.0,closed,2824.6353335485583,,,,,,,40,Cropland
EVT2026_001252,2026-03-23,2026-03-23,1,22.819916666666668,69.61642333333333,332.4,3,4.983,5.48,0.0,closed,4489.678428163903,6488.846105647853,,,,,,10,Tree cover
EVT2026_001253,2026-03-23,2026-03-23,1,22.87877333333333,69.15158,284.4,3,5.91,9.29,0.0,closed,198.07968405978505,,,,,,,80,Water bodies
EVT2026_001254,2026-03-23,2026-03-23,1,22.996265,71.13575,47.3,2,2.59,3.12,0.0,closed,1314.5568145353602,,,,,,,40,Cropland
EVT2026_001255,2026-03-23,2026-03-23,1,23.07408,73.75155333333333,475.5,3,3.907,6.24,0.3333,closed,11789.268313076533,,,,,,,10,Tree cover
EVT2026_001256,2026-03-23,2026-03-23,1,23.307885,73.947815,269.5,2,0.585,0.68,1.0,closed,12037.892442228453,,,,,,,30,Grassland
EVT2026_001257,2026-03-23,2026-03-23,1,23.605710000000002,73.40229,186.2,2,0.63,0.63,1.0,closed,2975.2041908255997,,,,,,,10,Tree cover
EVT2026_001258,2026-03-23,2026-03-23,1,23.8296,73.40754000000001,188.0,2,2.88,4.07,0.0,closed,8269.946732492503,,,,,,,10,Tree cover
EVT2026_001259,2026-03-23,2026-03-23,1,23.888345,73.19027,187.6,2,5.89,5.89,0.0,closed,1851.8648575183447,,,,,,,10,Tree cover
EVT2026_001260,2026-03-23,2026-03-23,1,24.04407,74.48604999999999,219.4,3,7.54,10.26,0.0,closed,5867.841355822916,,,,,,,30,Grassland
EVT2026_001261,2026-03-23,2026-03-23,1,24.2058,74.09528499999999,40.3,2,2.685,2.84,0.0,closed,10123.165881462439,,,,,,,20,Shrubland
EVT2026_001262,2026-03-23,2026-03-23,1,24.36119,73.75921500000001,189.2,2,11.075,14.71,0.0,closed,1579.0976758955505,1705.5305284365675,,,,,,30,Grassland
EVT2026_001263,2026-03-23,2026-03-24,2,20.39191,73.412415,288.3,2,4.33,6.57,0.0,closed,9670.78226930163,,,,,,,10,Tree cover
EVT2026_001264,2026-03-23,2026-03-24,2,20.911096666666666,71.45905,212.2,3,1.12,1.25,1.0,closed,395.060136941162,1750.579652014379,,,7,Strong,True,50,Built-up
EVT2026_001265,2026-03-23,2026-03-24,2,21.729908000000002,73.70799400000001,630.4,5,3.48,5.95,0.4,closed,12224.32867362218,,,,,,,10,Tree cover
EVT2026_001266,2026-03-23,2026-03-24,2,22.196355,74.35377,332.2,2,3.075,4.29,0.0,closed,10309.552057835785,,,,,,,30,Grassland
EVT2026_001267,2026-03-23,2026-03-24,2,23.24704,69.868015,70.0,2,0.985,1.16,1.0,closed,445.25089202126316,,,,,,,50,Built-up
EVT2026_001268,2026-03-23,2026-03-25,3,21.372040000000002,73.46941100000001,956.3,10,2.309,8.49,0.5,closed,9777.117661395863,,,,,,,10,Tree cover
EVT2026_001269,2026-03-23,2026-03-25,3,23.31371,70.1983475,294.0,4,0.97,1.18,1.0,closed,342.5252720545173,,,,14,Limited,True,60,Bare/sparse vegetation
EVT2026_001270,2026-03-24,2026-03-24,1,20.124814999999998,72.82592,200.0,2,1.83,1.83,0.0,closed,7199.70703276811,,,,,,,30,Grassland
EVT2026_001271,2026-03-24,2026-03-24,1,20.8033,73.49169499999999,216.5,2,5.54,5.54,0.0,closed,4200.3694287056815,,,,,,,10,Tree cover
EVT2026_001272,2026-03-24,2026-03-24,1,21.30008,73.58352,213.6,2,5.89,5.89,0.0,closed,5759.878766445244,10450.905296283301,,,,,,10,Tree cover
EVT2026_001273,2026-03-24,2026-03-24,1,21.34541,73.45345499999999,265.2,2,10.635,14.33,0.0,closed,13072.71687475745,18575.777207544434,,,,,,10,Tree cover
EVT2026_001274,2026-03-24,2026-03-24,1,21.346765,73.344705,168.9,2,4.555,5.48,0.0,closed,3136.9998185890468,,,,,,,10,Tree cover
EVT2026_001275,2026-03-24,2026-03-24,1,21.353958,73.45280199999999,465.2,5,4.95,6.75,0.0,closed,12191.039744100106,19395.59489774703,,,,,,10,Tree cover
EVT2026_001276,2026-03-24,2026-03-24,1,21.387615,73.54059000000001,262.7,2,4.8,6.19,0.0,closed,9305.645939031678,19904.057685073527,,,,,,10,Tree cover
EVT2026_001277,2026-03-24,2026-03-24,1,21.582697500000002,73.716575,437.6,4,1.03,1.45,1.0,closed,9297.267447423152,,,,,,,10,Tree cover
EVT2026_001278,2026-03-24,2026-03-24,1,21.59661,72.24008,200.5,2,3.09,3.09,0.0,closed,2088.807681549933,2340.584503967509,,,,,,40,Cropland
EVT2026_001279,2026-03-24,2026-03-24,1,21.702825,73.58603500000001,100.9,2,4.28,4.89,0.0,closed,8780.426402479794,,,,,,,10,Tree cover
EVT2026_001280,2026-03-24,2026-03-24,1,21.824345,70.985615,239.0,2,11.92,11.92,0.0,closed,3167.3806723013336,,,,,,,40,Cropland
EVT2026_001281,2026-03-24,2026-03-24,1,22.010135,71.16242,243.8,2,4.92,4.92,0.0,closed,795.3881962770603,,,,,,,40,Cropland
EVT2026_001282,2026-03-24,2026-03-24,1,22.24784,69.4918,270.0,2,7.145,7.76,0.0,closed,4612.689508668198,,,,,,,30,Grassland
EVT2026_001283,2026-03-24,2026-03-24,1,22.493295,70.232205,111.2,2,2.05,2.79,0.0,closed,2243.262608635017,,,,,,,40,Cropland
EVT2026_001284,2026-03-24,2026-03-24,1,22.58081,72.94807499999999,114.1,2,2.465,3.53,0.5,closed,1757.6560905724634,,,,,,,10,Tree cover
EVT2026_001285,2026-03-24,2026-03-24,1,22.61019,74.11280500000001,204.2,2,2.86,3.47,0.0,closed,12834.878036740625,,,,,,,30,Grassland
EVT2026_001286,2026-03-24,2026-03-24,1,22.869435000000003,72.218595,92.1,2,4.79,5.14,0.0,closed,4208.774752285948,,,,,,,10,Tree cover
EVT2026_001287,2026-03-24,2026-03-24,1,23.11627,71.15648,220.8,2,3.32,3.32,0.0,closed,3708.7182226450523,,,,,,,40,Cropland
EVT2026_001288,2026-03-24,2026-03-24,1,23.281875,70.37241499999999,148.7,2,5.29,5.65,0.0,closed,1237.714134021574,,,,,,,40,Cropland
EVT2026_001289,2026-03-24,2026-03-24,1,24.05319666666667,73.37530666666667,642.9,3,2.86,2.92,0.0,closed,5528.611943773298,,,,,,,10,Tree cover
EVT2026_001290,2026-03-24,2026-03-25,2,20.384452,74.02702000000001,686.8,5,1.07,1.45,0.8,closed,5022.631770466427,,,,,,,30,Grassland
EVT2026_001291,2026-03-24,2026-03-25,2,20.588041666666665,73.83417833333333,602.0,6,2.443,4.75,1.0,closed,9661.252766697178,,,,,,,30,Grassland
EVT2026_001292,2026-03-24,2026-03-25,2,20.73982,73.73093,338.6,5,0.894,1.27,0.8,closed,5721.143574710267,,,,,,,10,Tree cover
EVT2026_001293,2026-03-24,2026-03-25,2,21.108874444444446,72.8043,585.3,9,3.182,9.98,0.6667,closed,308.61544842933176,14134.867851837678,,,,,,60,Bare/sparse vegetation
EVT2026_001294,2026-03-24,2026-03-25,2,22.984355,72.332445,303.8,2,5.385,7.37,0.0,closed,3146.325044717602,,,,,,,40,Cropland
EVT2026_001295,2026-03-24,2026-03-25,2,22.98570666666667,72.30580666666667,215.0,3,5.053,5.37,0.0,closed,1614.3056855544341,,,,,,,40,Cropland
EVT2026_001296,2026-03-24,2026-03-25,2,24.051903333333332,73.36185333333333,546.4,3,2.057,4.09,1.0,closed,4997.929512368516,,,,,,,10,Tree cover
EVT2026_001297,2026-03-24,2026-03-26,3,20.876269999999998,73.6877,667.0,5,2.362,4.44,0.2,closed,10725.828027581552,,,,,,,10,Tree cover
EVT2026_001298,2026-03-25,2026-03-25,1,20.298325,73.714685,166.1,2,5.485,6.45,0.0,closed,11083.924955963314,,,,,,,30,Grassland
EVT2026_001299,2026-03-25,2026-03-25,1,20.75912,70.758215,308.2,2,7.28,9.09,0.0,closed,4416.715245364136,,,,,,,40,Cropland
EVT2026_001300,2026-03-25,2026-03-25,1,20.887275000000002,73.53989999999999,178.9,2,2.0,2.0,0.0,closed,6226.179382656386,,,,,,,10,Tree cover
EVT2026_001301,2026-03-25,2026-03-25,1,20.92136,70.70294,375.0,2,3.555,5.04,0.0,closed,2290.1671199517855,,,,,,,40,Cropland
EVT2026_001302,2026-03-25,2026-03-25,1,20.952689999999997,73.74855500000001,169.9,2,3.25,4.44,0.0,closed,3683.8546118302374,,,,,,,10,Tree cover
EVT2026_001303,2026-03-25,2026-03-25,1,21.242755,70.03955500000001,131.2,2,8.205,8.49,0.0,closed,4637.889932420222,,,,,,,40,Cropland
EVT2026_001304,2026-03-25,2026-03-25,1,21.313409999999998,70.11246,123.6,2,1.84,2.02,0.0,closed,1463.224174222608,,,,,,,10,Tree cover
EVT2026_001305,2026-03-25,2026-03-25,1,21.34256,70.37353,405.3,4,6.67,6.93,0.0,closed,1941.7351692645616,,,,,,,40,Cropland
EVT2026_001306,2026-03-25,2026-03-25,1,21.354805,74.420225,172.8,2,11.915,14.49,0.0,closed,4812.847745931318,,,,,,,40,Cropland
EVT2026_001307,2026-03-25,2026-03-25,1,21.381520000000002,73.70534,284.6,2,2.355,2.36,0.0,closed,6298.660768488146,,,,,,,10,Tree cover
EVT2026_001308,2026-03-25,2026-03-25,1,21.397645,69.935955,48.6,2,3.71,3.76,0.0,closed,8006.399290368844,,,,,,,40,Cropland
EVT2026_001309,2026-03-25,2026-03-25,1,21.401025,71.055915,260.5,2,4.655,6.96,0.0,closed,6673.383706240833,,,,,,,40,Cropland
EVT2026_001310,2026-03-25,2026-03-25,1,21.43365,71.04289,241.0,2,8.15,8.15,0.0,closed,4324.937762112226,,,,,,,10,Tree cover
EVT2026_001311,2026-03-25,2026-03-25,1,21.460189999999997,70.22653,86.8,2,2.91,3.67,0.0,closed,3060.580206155772,,,,,,,40,Cropland
EVT2026_001312,2026-03-25,2026-03-25,1,21.482509999999998,70.42344,155.3,2,3.5,3.91,0.0,closed,1783.3942143474044,,,,,,,40,Cropland
EVT2026_001313,2026-03-25,2026-03-25,1,21.48267,71.06824499999999,240.1,2,7.23,7.23,0.0,closed,2664.4276184095665,,,,,,,40,Cropland
EVT2026_001314,2026-03-25,2026-03-25,1,21.508975,70.98831,113.1,2,5.675,5.92,0.0,closed,2061.6750160905754,,,,,,,40,Cropland
EVT2026_001315,2026-03-25,2026-03-25,1,21.51565,70.894,117.0,2,4.875,4.95,0.0,closed,3038.596482727216,,,,,,,40,Cropland
EVT2026_001316,2026-03-25,2026-03-25,1,21.550685,70.05347499999999,202.0,2,2.63,2.92,0.0,closed,1501.360093944494,,,,,,,40,Cropland
EVT2026_001317,2026-03-25,2026-03-25,1,21.56089,71.847115,212.0,2,2.26,2.26,0.0,closed,759.0404282581221,,,,,,,40,Cropland
EVT2026_001318,2026-03-25,2026-03-25,1,21.561116666666663,70.24384333333333,420.0,3,4.667,6.55,0.0,closed,5362.9510084602725,,,,,,,40,Cropland
EVT2026_001319,2026-03-25,2026-03-25,1,21.579365000000003,70.371955,275.6,2,3.88,4.65,0.0,closed,5297.652788340035,,,,,,,40,Cropland
EVT2026_001320,2026-03-25,2026-03-25,1,21.58424666666667,70.34997333333334,456.6,3,4.37,5.98,0.0,closed,3353.9326123191845,,,,,,,40,Cropland
EVT2026_001321,2026-03-25,2026-03-25,1,21.593387142857143,70.44669714285715,493.0,7,9.694,18.42,0.0,closed,1527.6419688281899,,,,,,,40,Cropland
EVT2026_001322,2026-03-25,2026-03-25,1,21.596919999999997,70.927235,240.9,2,9.46,9.46,0.0,closed,5533.47754424173,,,,,,,40,Cropland
EVT2026_001323,2026-03-25,2026-03-25,1,21.63604,69.81708,611.4,5,12.822,22.43,0.0,closed,3155.844892460789,,,,,,,40,Cropland
EVT2026_001324,2026-03-25,2026-03-25,1,21.659756666666667,70.19255333333332,327.5,3,6.437,7.43,0.0,closed,1854.9626764358738,,,,,,,40,Cropland
EVT2026_001325,2026-03-25,2026-03-25,1,21.660193333333336,70.45279666666666,368.3,3,6.687,7.46,0.0,closed,870.5829678824826,,,,,,,10,Tree cover
EVT2026_001326,2026-03-25,2026-03-25,1,21.660685,70.51017,213.5,2,5.13,6.63,0.0,closed,2282.254940050866,,,,,,,40,Cropland
EVT2026_001327,2026-03-25,2026-03-25,1,21.663584999999998,70.73106,143.6,2,6.78,9.06,0.0,closed,2198.773405596715,,,,,,,40,Cropland
EVT2026_001328,2026-03-25,2026-03-25,1,21.66724,70.74043,212.6,2,2.1,2.13,0.0,closed,2657.880123282319,,,,,,,40,Cropland
EVT2026_001329,2026-03-25,2026-03-25,1,21.67284,70.537185,292.2,2,5.19,5.59,0.0,closed,1297.8880881169712,,,,,,,40,Cropland
EVT2026_001330,2026-03-25,2026-03-25,1,21.6729,70.47306499999999,372.6,2,9.635,12.62,0.0,closed,1865.4679346053933,,,,,,,40,Cropland
EVT2026_001331,2026-03-25,2026-03-25,1,21.695636,70.53308200000001,470.5,5,3.41,4.17,0.0,closed,2738.29473311524,,,,,,,40,Cropland
EVT2026_001332,2026-03-25,2026-03-25,1,21.718346666666665,69.86495000000001,311.8,3,4.453,6.64,0.0,closed,886.0591049779574,,,,,,,40,Cropland
EVT2026_001333,2026-03-25,2026-03-25,1,21.749605,71.73053,318.7,2,4.375,4.49,0.0,closed,2056.382636579793,,,,,,,40,Cropland
EVT2026_001334,2026-03-25,2026-03-25,1,21.75119,70.11513,159.7,2,4.68,5.02,0.0,closed,1445.4486554613127,,,,,,,40,Cropland
EVT2026_001335,2026-03-25,2026-03-25,1,21.76245,70.56836,191.5,2,3.525,4.22,0.0,closed,2863.0973956146468,,,,,,,40,Cropland
EVT2026_001336,2026-03-25,2026-03-25,1,21.765864999999998,71.370045,313.4,2,5.185,7.54,0.0,closed,3025.361508513744,,,,,,,40,Cropland
EVT2026_001337,2026-03-25,2026-03-25,1,21.769255,70.77903,125.4,2,2.77,3.35,0.0,closed,4173.685416874364,,,,,,,40,Cropland
EVT2026_001338,2026-03-25,2026-03-25,1,21.797790000000003,70.42438333333332,410.4,3,5.64,8.86,0.0,closed,3367.884465396065,,,,,,,40,Cropland
EVT2026_001339,2026-03-25,2026-03-25,1,21.828395,69.88691,283.5,2,3.29,3.29,0.0,closed,2502.496455626385,,,,,,,40,Cropland
EVT2026_001340,2026-03-25,2026-03-25,1,21.8504,70.185775,367.0,2,7.81,7.81,0.0,closed,4043.5667859454984,,,,,,,40,Cropland
EVT2026_001341,2026-03-25,2026-03-25,1,21.880035,71.77052,149.4,2,5.025,5.3,0.0,closed,6919.137737605478,,,,,,,10,Tree cover
EVT2026_001342,2026-03-25,2026-03-25,1,21.90063,71.36532,13.4,2,2.695,2.96,0.0,closed,290.5721620034466,,,,,,,40,Cropland
EVT2026_001343,2026-03-25,2026-03-25,1,21.911735,69.58724000000001,128.7,2,4.625,5.05,0.0,closed,1103.8475349583493,,,,,,,40,Cropland
EVT2026_001344,2026-03-25,2026-03-25,1,21.923650000000002,70.694765,126.9,2,1.86,1.92,0.0,closed,1791.3352541454278,,,,,,,40,Cropland
EVT2026_001345,2026-03-25,2026-03-25,1,21.941645,71.04197500000001,100.9,2,2.515,2.76,0.0,closed,2227.2071907851823,,,,,,,40,Cropland
EVT2026_001346,2026-03-25,2026-03-25,1,21.973425,71.66087999999999,127.8,2,2.185,2.81,0.0,closed,4762.43120664657,,,,,,,40,Cropland
EVT2026_001347,2026-03-25,2026-03-25,1,21.985266666666664,70.27894333333334,291.6,3,5.557,8.55,0.0,closed,1159.9267581756405,,,,,,,40,Cropland
EVT2026_001348,2026-03-25,2026-03-25,1,22.03652,71.00798499999999,103.9,2,4.595,5.59,0.0,closed,3132.342671654027,,,,,,,40,Cropland
EVT2026_001349,2026-03-25,2026-03-25,1,22.059036666666668,71.75126999999999,471.1,3,2.2,3.94,0.0,closed,4787.222605746393,,,,,,,40,Cropland
EVT2026_001350,2026-03-25,2026-03-25,1,22.086019999999998,70.58197000000001,255.4,2,4.55,4.55,0.0,closed,763.5730945938501,,,,,,,20,Shrubland
EVT2026_001351,2026-03-25,2026-03-25,1,22.09929,70.7615975,372.7,4,5.31,6.7,0.0,closed,908.4641831064484,,,,,,,40,Cropland
EVT2026_001352,2026-03-25,2026-03-25,1,22.148695,70.429735,254.5,2,3.6,3.77,0.0,closed,2778.00179001938,,,,,,,10,Tree cover
EVT2026_001353,2026-03-25,2026-03-25,1,22.154275,71.99547000000001,126.6,2,2.97,3.49,0.0,closed,4274.807307333977,,,,,,,40,Cropland
EVT2026_001354,2026-03-25,2026-03-25,1,22.260669999999998,70.04068000000001,143.8,2,2.015,2.81,0.0,closed,2374.0873750442893,,17127.628434348673,,,,,20,Shrubland
EVT2026_001355,2026-03-25,2026-03-25,1,22.289515,70.658355,151.2,2,4.99,5.92,0.0,closed,364.7910842720504,,,,,,,20,Shrubland
EVT2026_001356,2026-03-25,2026-03-25,1,22.35461,70.695135,330.6,2,17.67,26.02,0.0,closed,1258.748192156521,,,,,,,40,Cropland
EVT2026_001357,2026-03-25,2026-03-25,1,22.360770000000002,69.97159,107.4,2,8.015,9.08,0.0,closed,2735.3149956765824,16239.14786214706,8428.202841676763,,,,,40,Cropland
EVT2026_001358,2026-03-25,2026-03-25,1,22.3641,71.80993000000001,124.3,2,2.615,3.29,0.0,closed,7399.190628040654,,,,,,,40,Cropland
EVT2026_001359,2026-03-25,2026-03-25,1,22.420685,70.654725,69.8,2,3.78,4.49,0.0,closed,3480.717876986242,,,,,,,40,Cropland
EVT2026_001360,2026-03-25,2026-03-25,1,22.527469999999997,71.77602333333333,361.8,3,4.183,5.65,0.0,closed,6789.971039446435,,,,,,,40,Cropland
EVT2026_001361,2026-03-25,2026-03-25,1,22.581813333333333,70.60719333333333,476.1,3,9.177,11.78,0.0,closed,2701.498883242181,,,,,,,40,Cropland
EVT2026_001362,2026-03-25,2026-03-25,1,22.593355000000003,70.566055,271.0,2,3.715,3.82,0.0,closed,2754.683906880317,,,,,,,40,Cropland
EVT2026_001363,2026-03-25,2026-03-25,1,22.600473333333337,70.33267000000001,405.9,3,2.68,4.0,0.0,closed,2925.4403715508224,,,,,,,40,Cropland
EVT2026_001364,2026-03-25,2026-03-25,1,22.624200000000002,70.519275,244.1,2,7.525,7.97,0.0,closed,4063.92719506191,,,,,,,40,Cropland
EVT2026_001365,2026-03-25,2026-03-25,1,22.62726333333333,70.30569666666666,384.1,3,2.503,4.03,0.0,closed,1449.3886976344206,,,,,,,40,Cropland
EVT2026_001366,2026-03-25,2026-03-25,1,22.627535,71.63905,217.6,2,5.76,6.36,0.0,closed,5283.583200768159,,,,,,,40,Cropland
EVT2026_001367,2026-03-25,2026-03-25,1,22.653845,70.725095,236.7,2,10.96,14.06,0.0,closed,188.44876986704003,,,,,,,40,Cropland
EVT2026_001368,2026-03-25,2026-03-25,1,22.719675000000002,70.860735,58.4,2,7.105,8.31,0.0,closed,2034.845768869599,,,,,,,40,Cropland
EVT2026_001369,2026-03-25,2026-03-25,1,22.768085,74.1086425,649.7,4,10.385,12.18,0.0,closed,14400.325177521254,,,,,,,30,Grassland
EVT2026_001370,2026-03-25,2026-03-25,1,22.964045,71.201245,135.0,2,1.79,2.12,0.0,closed,1418.443875089799,,,,,,,40,Cropland
EVT2026_001371,2026-03-25,2026-03-25,1,23.01698,70.982955,72.6,2,4.425,4.9,0.0,closed,1750.5892684751557,,,,,,,40,Cropland
EVT2026_001372,2026-03-25,2026-03-25,1,23.0366,68.86658,174.8,2,7.035,7.49,0.0,closed,919.7171417280397,,,,,,,20,Shrubland
EVT2026_001373,2026-03-25,2026-03-25,1,23.170875000000002,71.19101,213.8,2,3.055,3.11,0.0,closed,8613.690092688335,,,,,,,40,Cropland
EVT2026_001374,2026-03-25,2026-03-25,1,23.552525,74.348645,261.4,2,3.4,3.4,0.0,closed,5563.340349578488,5977.534336476477,,,,,,40,Cropland
EVT2026_001375,2026-03-25,2026-03-25,1,23.5742,69.94883999999999,367.8,2,8.23,11.23,0.0,closed,,,,,,,,40,Cropland
EVT2026_001376,2026-03-25,2026-03-25,1,23.596605,73.651855,123.3,2,3.18,4.6,0.0,closed,4467.559752046544,,,,,,,30,Grassland
EVT2026_001377,2026-03-25,2026-03-25,1,24.57781,68.495225,455.8,4,5.3,5.39,0.0,closed,5368.169470968976,,,,,,,40,Cropland
EVT2026_001378,2026-03-25,2026-03-26,2,21.5161,69.791085,191.6,2,3.495,3.53,0.0,closed,4935.633593369834,,,,,,,40,Cropland
EVT2026_001379,2026-03-25,2026-03-26,2,21.574076666666667,71.18114,201.7,3,0.47,0.64,1.0,closed,2721.409814810624,,,,,,,40,Cropland
EVT2026_001380,2026-03-25,2026-03-26,2,22.9256575,71.13222499999999,510.2,4,3.448,3.99,0.0,closed,3249.3852445005705,,,,,,,40,Cropland
EVT2026_001381,2026-03-25,2026-03-26,2,22.98036,72.562165,148.8,2,0.94,1.15,1.0,closed,706.3878702435287,10474.981765726729,,,32,Limited,True,20,Shrubland
EVT2026_001382,2026-03-25,2026-03-26,2,24.1574575,74.15619749999999,397.4,4,3.182,4.81,0.25,closed,11807.96510972994,,,,,,,10,Tree cover
EVT2026_001383,2026-03-25,2026-03-27,3,23.497739999999997,68.57814333333333,361.1,6,1.275,2.68,0.8333,closed,193.2662830989218,,,,,,,50,Built-up
EVT2026_001384,2026-03-26,2026-03-26,1,20.616875,73.51740000000001,79.4,2,1.06,1.19,1.0,closed,14464.81198363288,,,,,,,30,Grassland
EVT2026_001385,2026-03-26,2026-03-26,1,20.6780725,73.81837250000001,614.1,4,4.938,6.74,0.25,closed,11994.352941819481,,,,,,,30,Grassland
EVT2026_001386,2026-03-26,2026-03-26,1,20.875875999999998,73.53438200000001,505.0,5,4.5,5.83,0.0,closed,7381.5181395385,,,,,,,10,Tree cover
EVT2026_001387,2026-03-26,2026-03-26,1,20.984176666666666,73.49607999999999,290.8,3,4.873,7.32,0.0,closed,6492.110573223493,,,,,,,10,Tree cover
EVT2026_001388,2026-03-26,2026-03-26,1,21.16971,74.07597666666668,78.1,3,2.333,2.63,0.0,closed,1120.127904128597,,,,,,,10,Tree cover
EVT2026_001389,2026-03-26,2026-03-26,1,21.315495,70.138765,294.5,2,10.34,10.34,0.0,closed,2195.2200274099105,,,,,,,40,Cropland
EVT2026_001390,2026-03-26,2026-03-26,1,21.35387,70.804745,113.4,2,4.205,4.77,0.0,closed,2867.7859115516508,,,,,,,40,Cropland
EVT2026_001391,2026-03-26,2026-03-26,1,21.358165,73.92877999999999,284.3,2,8.845,12.99,0.0,closed,8116.7082036561815,,,,,,,30,Grassland
EVT2026_001392,2026-03-26,2026-03-26,1,21.498855,70.06541,199.2,2,10.33,10.9,0.0,closed,1418.5676637985202,,,,,,,40,Cropland
EVT2026_001393,2026-03-26,2026-03-26,1,21.499355,70.16277,160.8,2,11.445,13.24,0.0,closed,1105.8123009713356,,,,,,,40,Cropland
EVT2026_001394,2026-03-26,2026-03-26,1,21.516145,69.91086000000001,268.0,2,15.14,15.14,0.0,closed,4436.2561279974625,,,,,,,40,Cropland
EVT2026_001395,2026-03-26,2026-03-26,1,21.558655,70.975385,169.0,2,15.675,21.6,0.0,closed,1289.340619245565,,,,,,,40,Cropland
EVT2026_001396,2026-03-26,2026-03-26,1,21.56593,70.9451,168.6,2,5.05,5.05,0.0,closed,1682.9016484935048,,,,,,,40,Cropland
EVT2026_001397,2026-03-26,2026-03-26,1,21.567865,70.913845,335.6,2,5.815,6.09,0.0,closed,4658.666921212453,,,,,,,40,Cropland
EVT2026_001398,2026-03-26,2026-03-26,1,21.57315,70.77544,88.2,2,6.055,6.6,0.0,closed,3173.3225337864455,,,,,,,40,Cropland
EVT2026_001399,2026-03-26,2026-03-26,1,21.590825,71.026015,98.5,2,6.215,6.38,0.0,closed,5896.70403879963,,,,,,,40,Cropland
EVT2026_001400,2026-03-26,2026-03-26,1,21.64251,71.49327,100.2,2,8.26,8.35,0.0,closed,5332.689626062574,,,,,,,40,Cropland
EVT2026_001401,2026-03-26,2026-03-26,1,21.657795,70.179035,300.1,2,12.41,12.41,0.0,closed,1312.7395410801462,,,,,,,40,Cropland
EVT2026_001402,2026-03-26,2026-03-26,1,21.69700333333333,70.93962333333333,320.5,3,7.473,11.28,0.0,closed,3518.4160724559165,,,,,,,40,Cropland
EVT2026_001403,2026-03-26,2026-03-26,1,21.706875,70.18683,176.0,2,7.215,7.71,0.0,closed,2580.961479624069,,,,,,,40,Cropland
EVT2026_001404,2026-03-26,2026-03-26,1,21.711325000000002,71.382125,180.3,2,4.86,4.86,0.0,closed,2646.223942010692,,,,,,,40,Cropland
EVT2026_001405,2026-03-26,2026-03-26,1,21.723745,72.728655,219.5,2,5.175,6.83,0.0,closed,1078.5007094381378,11609.152477055519,13172.860145534694,,,,,30,Grassland
EVT2026_001406,2026-03-26,2026-03-26,1,21.729835,71.35996499999999,112.8,2,6.96,7.09,0.0,closed,2510.738739765869,,,,,,,40,Cropland
EVT2026_001407,2026-03-26,2026-03-26,1,21.766725,70.737915,161.6,2,11.915,14.91,0.0,closed,5367.141350084633,,,,,,,40,Cropland
EVT2026_001408,2026-03-26,2026-03-26,1,21.827926666666666,73.56665,413.3,3,4.257,6.17,0.0,closed,3530.348649939034,,,,,,,10,Tree cover
EVT2026_001409,2026-03-26,2026-03-26,1,21.863543333333336,74.24324833333333,492.5,6,8.518,11.04,0.0,closed,,,,,,,,30,Grassland
EVT2026_001410,2026-03-26,2026-03-26,1,21.8686025,71.6725,259.7,4,2.615,2.67,0.0,closed,5357.4548375086715,,,,,,,60,Bare/sparse vegetation
EVT2026_001411,2026-03-26,2026-03-26,1,21.933999999999997,72.568055,319.4,2,6.335,6.41,0.0,closed,11132.589925593658,,,,,,,40,Cropland
EVT2026_001412,2026-03-26,2026-03-26,1,21.93516,69.311475,200.3,2,7.085,8.21,0.0,closed,1359.1112601015254,,,,,,,40,Cropland
EVT2026_001413,2026-03-26,2026-03-26,1,21.936545000000002,73.58867000000001,37.4,2,2.735,2.78,0.0,closed,2386.6825272248725,,,,,,,40,Cropland
EVT2026_001414,2026-03-26,2026-03-26,1,21.9621225,72.5940175,453.1,4,4.075,7.79,0.0,closed,11034.713086329048,,,,,,,30,Grassland
EVT2026_001415,2026-03-26,2026-03-26,1,21.9782,70.68924999999999,83.9,2,7.5,7.81,0.0,closed,2357.4406055949844,,,,,,,40,Cropland
EVT2026_001416,2026-03-26,2026-03-26,1,21.979210000000002,74.17939,508.9,4,4.975,5.23,0.0,closed,18712.245070200697,,,,,,,20,Shrubland
EVT2026_001417,2026-03-26,2026-03-26,1,21.987090000000002,70.72637,98.5,2,7.995,8.06,0.0,closed,1556.1358266035286,,,,,,,40,Cropland
EVT2026_001418,2026-03-26,2026-03-26,1,21.98749,70.62944,59.5,2,16.55,18.73,0.0,closed,286.2860753289342,,,,,,,40,Cropland
EVT2026_001419,2026-03-26,2026-03-26,1,22.058515,72.54741999999999,75.0,2,3.045,3.32,0.0,closed,7625.305831298597,,,,,,,40,Cropland
EVT2026_001420,2026-03-26,2026-03-26,1,22.094185,70.81463,126.4,2,6.45,6.96,0.0,closed,744.080365952501,,,,,,,40,Cropland
EVT2026_001421,2026-03-26,2026-03-26,1,22.154345,70.28622,111.2,2,13.825,14.23,0.0,closed,582.1015939756702,,,,,,,40,Cropland
EVT2026_001422,2026-03-26,2026-03-26,1,22.18165,71.0318375,340.6,4,9.095,11.46,0.0,closed,1926.4958621556607,,,,,,,40,Cropland
EVT2026_001423,2026-03-26,2026-03-26,1,22.22267,70.9368,137.7,2,7.295,7.81,0.0,closed,1062.3977244408145,,,,,,,40,Cropland
EVT2026_001424,2026-03-26,2026-03-26,1,22.238860000000003,70.17296999999999,157.2,2,8.175,8.75,0.0,closed,3572.350691965609,,,,,,,40,Cropland
EVT2026_001425,2026-03-26,2026-03-26,1,22.249066666666668,73.955535,542.3,6,9.56,17.04,0.0,closed,7632.794086230869,,,,,,,30,Grassland
EVT2026_001426,2026-03-26,2026-03-26,1,22.3019,70.618115,182.7,2,5.58,7.37,0.0,closed,2827.477428123322,,,,,,,40,Cropland
EVT2026_001427,2026-03-26,2026-03-26,1,22.341373333333333,70.07702666666667,288.3,3,14.167,16.22,0.0,closed,1514.6518623514169,,19057.489254183387,,,,,40,Cropland
EVT2026_001428,2026-03-26,2026-03-26,1,22.444380000000002,70.657375,164.9,2,10.06,11.72,0.0,closed,4834.939629123522,,,,,,,40,Cropland
EVT2026_001429,2026-03-26,2026-03-26,1,22.446134999999998,73.80042,351.7,2,2.345,2.68,1.0,closed,9984.879569432265,,,,,,,10,Tree cover
EVT2026_001430,2026-03-26,2026-03-26,1,22.719735,70.45524,242.3,2,8.35,9.23,0.0,closed,1575.9331973577744,,,,,,,40,Cropland
EVT2026_001431,2026-03-26,2026-03-26,1,22.756965,73.92476500000001,138.5,2,5.405,5.65,0.0,closed,6325.421393248265,,,,,,,10,Tree cover
EVT2026_001432,2026-03-26,2026-03-26,1,22.97543,71.058285,40.4,2,1.03,1.07,0.0,closed,2244.7024101858988,,,,,,,40,Cropland
EVT2026_001433,2026-03-26,2026-03-26,1,22.99597,70.83227,171.9,2,4.27,4.27,0.0,closed,5040.993524630428,,,,,,,40,Cropland
EVT2026_001434,2026-03-26,2026-03-26,1,23.060380000000002,73.685145,133.4,2,1.17,1.32,1.0,closed,12570.987552756987,,,,,,,10,Tree cover
EVT2026_001435,2026-03-26,2026-03-26,1,23.09321,73.63357666666667,268.9,3,3.033,4.8,0.0,closed,10899.674335929589,,,,,,,30,Grassland
EVT2026_001436,2026-03-26,2026-03-26,1,23.115983333333332,73.75790333333333,279.5,3,6.823,7.59,0.0,closed,7791.430100230011,,,,,,,10,Tree cover
EVT2026_001437,2026-03-26,2026-03-26,1,23.13787,71.02107000000001,26.0,2,0.925,1.05,1.0,closed,7525.714940844265,,,,,,,40,Cropland
EVT2026_001438,2026-03-26,2026-03-26,1,23.19495,71.9794,245.6,2,3.745,4.33,0.0,closed,10664.860599767859,,,,,,,40,Cropland
EVT2026_001439,2026-03-26,2026-03-26,1,23.209075,72.33075,102.9,2,6.24,8.41,0.0,closed,1863.138640112826,,,,,,,40,Cropland
EVT2026_001440,2026-03-26,2026-03-26,1,23.4241,73.8867,187.5,2,3.92,4.27,0.0,closed,14224.355511986256,,,,,,,40,Cropland
EVT2026_001441,2026-03-26,2026-03-26,1,23.478785000000002,74.35457,112.8,2,12.585,13.36,0.0,closed,9215.585013210679,9528.931397121434,,,,,,40,Cropland
EVT2026_001442,2026-03-26,2026-03-26,1,23.65044,73.94471999999999,250.9,2,6.82,7.19,0.0,closed,7825.184833849932,,,,,,,30,Grassland
EVT2026_001443,2026-03-26,2026-03-26,1,23.656165,74.192215,98.1,2,4.935,5.69,0.0,closed,8891.103863552678,8829.711286881633,,,,,,30,Grassland
EVT2026_001444,2026-03-26,2026-03-26,1,23.688049999999997,74.21617,321.8,2,3.12,3.4,1.0,closed,7556.780647770877,10339.538124643159,,,,,,30,Grassland
EVT2026_001445,2026-03-26,2026-03-26,1,23.705,73.578585,61.2,2,2.34,2.61,0.0,closed,11663.877288186468,,,,,,,10,Tree cover
EVT2026_001446,2026-03-26,2026-03-26,1,23.74128,73.36254,134.7,2,3.9,4.53,0.0,closed,4377.251123777607,,,,,,,30,Grassland
EVT2026_001447,2026-03-26,2026-03-26,1,23.7658,73.570045,137.2,2,5.075,5.4,0.0,closed,10675.390498899025,,,,,,,30,Grassland
EVT2026_001448,2026-03-26,2026-03-26,1,23.8083,73.71443500000001,196.1,2,3.87,4.24,0.0,closed,3457.05081664152,,,,,,,30,Grassland
EVT2026_001449,2026-03-26,2026-03-26,1,24.042505,73.367445,139.7,2,3.625,4.24,0.0,closed,4128.315408245463,,,,,,,10,Tree cover
EVT2026_001450,2026-03-26,2026-03-26,1,24.197245000000002,74.453145,248.0,2,5.4,5.42,0.0,closed,11574.174203924671,,,,,,,10,Tree cover
EVT2026_001451,2026-03-26,2026-03-26,1,24.222323333333332,74.449,379.9,3,6.013,7.43,0.0,closed,14393.480167976026,,,,,,,10,Tree cover
EVT2026_001452,2026-03-26,2026-03-26,1,24.42171666666667,73.70495666666666,303.0,3,15.217,18.79,0.0,closed,6636.117130208765,9073.687114339724,,,,,,10,Tree cover
EVT2026_001453,2026-03-26,2026-03-26,1,24.43023,73.63522499999999,185.0,2,2.385,2.55,0.0,closed,11331.677027518435,14468.259471351472,,,,,,10,Tree cover
EVT2026_001454,2026-03-26,2026-03-26,1,24.620314999999998,68.49477,100.1,2,5.98,6.5,0.0,closed,2077.5757208632667,,,,,,,40,Cropland
EVT2026_001455,2026-03-26,2026-03-27,2,21.547563333333333,69.73365,532.2,3,4.457,7.27,0.0,closed,2255.8276566372874,,,,,,,40,Cropland
EVT2026_001456,2026-03-26,2026-03-27,2,23.11476,73.74664666666666,362.0,3,4.43,8.09,0.3333,closed,8330.940173614881,,,,,,,10,Tree cover
EVT2026_001457,2026-03-26,2026-03-27,2,24.194368571428573,74.40313428571429,510.2,7,4.156,5.75,0.0,closed,12919.325159057167,,,,,,,20,Shrubland
EVT2026_001458,2026-03-26,2026-03-28,3,20.909818,71.459238,279.4,5,1.852,2.61,0.6,closed,282.42749163013343,1627.393559760305,,,7,Strong,True,50,Built-up
EVT2026_001459,2026-03-26,2026-03-28,3,23.596476923076924,73.39966923076923,1633.4,13,4.811,12.59,0.0769,closed,2036.7291561743257,,,,,,,10,Tree cover
EVT2026_001460,2026-03-27,2026-03-27,1,20.247775,73.32800499999999,228.4,2,4.155,4.92,0.0,closed,1478.9249765919353,,,,,,,40,Cropland
EVT2026_001461,2026-03-27,2026-03-27,1,20.500656666666668,73.79482666666667,277.0,3,4.987,8.24,0.0,closed,11054.59564218486,,,,,,,20,Shrubland
EVT2026_001462,2026-03-27,2026-03-27,1,20.53482,73.710195,357.9,2,4.865,6.05,0.0,closed,7698.172801934293,,,,,,,30,Grassland
EVT2026_001463,2026-03-27,2026-03-27,1,20.560916666666667,73.94214,390.4,3,1.447,1.87,1.0,closed,9211.452790764642,,,,,,,10,Tree cover
EVT2026_001464,2026-03-27,2026-03-27,1,20.581135,73.8376,254.3,2,24.71,24.71,0.0,closed,10124.00944848437,,,,,,,30,Grassland
EVT2026_001465,2026-03-27,2026-03-27,1,20.62298,73.93542500000001,128.5,2,6.875,7.25,0.0,closed,15960.771071391404,,,,,,,30,Grassland
EVT2026_001466,2026-03-27,2026-03-27,1,20.629244999999997,73.85026,216.9,2,1.655,2.33,0.0,closed,11821.868157869874,,,,,,,20,Shrubland
EVT2026_001467,2026-03-27,2026-03-27,1,20.63613,73.950295,224.1,2,16.47,18.26,0.0,closed,17593.156328351375,,,,,,,20,Shrubland
EVT2026_001468,2026-03-27,2026-03-27,1,20.661855000000003,73.78707499999999,241.6,2,4.43,4.43,0.0,closed,8574.649231139529,,,,,,,10,Tree cover
EVT2026_001469,2026-03-27,2026-03-27,1,20.67152,73.62347999999999,362.0,3,9.22,17.12,0.0,closed,11304.639641920097,,,,,,,10,Tree cover
EVT2026_001470,2026-03-27,2026-03-27,1,20.70812,73.68691,110.8,2,9.775,11.23,0.0,closed,5656.60699019097,,,,,,,10,Tree cover
EVT2026_001471,2026-03-27,2026-03-27,1,20.725543333333334,73.91444333333332,424.4,3,4.713,9.1,0.0,closed,,,,,,,,10,Tree cover
EVT2026_001472,2026-03-27,2026-03-27,1,20.7782,73.42146333333334,361.6,3,8.973,17.26,0.0,closed,1956.9315352116266,,,,,,,10,Tree cover
EVT2026_001473,2026-03-27,2026-03-27,1,20.943694999999998,73.552925,346.4,2,7.235,10.17,0.0,closed,5289.907270911791,,,,,,,10,Tree cover
EVT2026_001474,2026-03-27,2026-03-27,1,20.953075,73.478645,340.8,2,4.53,4.65,0.0,closed,7103.4114333442385,,,,,,,10,Tree cover
EVT2026_001475,2026-03-27,2026-03-27,1,20.987945,70.73031,92.2,2,23.68,27.03,0.0,closed,6288.847756863245,,,,,,,20,Shrubland
EVT2026_001476,2026-03-27,2026-03-27,1,21.0442,73.75755,276.1,4,15.565,15.89,0.0,closed,8183.753181727231,,,,,,,40,Cropland
EVT2026_001477,2026-03-27,2026-03-27,1,21.047765,72.935465,165.7,2,2.08,2.27,0.0,closed,3819.196748555301,,,,,,,40,Cropland
EVT2026_001478,2026-03-27,2026-03-27,1,21.190784999999998,74.26169999999999,265.8,2,1.07,1.23,1.0,closed,405.87134394695005,,,,,,,40,Cropland
EVT2026_001479,2026-03-27,2026-03-27,1,21.308115,73.58371,249.0,2,6.01,6.01,0.0,closed,6646.811074295486,11320.94251332437,,,,,,10,Tree cover
EVT2026_001480,2026-03-27,2026-03-27,1,21.355245,73.72905,207.5,2,8.615,11.2,0.0,closed,5776.041074739791,,,,,,,30,Grassland
EVT2026_001481,2026-03-27,2026-03-27,1,21.36073,73.48673333333333,585.0,3,6.327,7.6,0.0,closed,10779.600534726078,18361.230895882694,,,,,,10,Tree cover
EVT2026_001482,2026-03-27,2026-03-27,1,21.39659,73.68444,243.0,2,8.765,11.98,0.0,closed,8267.847318161716,,,,,,,30,Grassland
EVT2026_001483,2026-03-27,2026-03-27,1,21.461460000000002,71.08494999999999,155.9,2,12.74,13.15,0.0,closed,1132.435980978398,,,,,,,40,Cropland
EVT2026_001484,2026-03-27,2026-03-27,1,21.508885,69.764745,111.9,2,4.285,4.38,0.0,closed,2375.5884691982315,,,,,,,40,Cropland
EVT2026_001485,2026-03-27,2026-03-27,1,21.558950000000003,70.167715,204.4,2,38.18,38.18,0.0,closed,3754.378400837258,,,,,,,40,Cropland
EVT2026_001486,2026-03-27,2026-03-27,1,21.57008,70.64592999999999,209.7,2,12.72,14.76,0.0,closed,4820.0285911904375,,,,,,,40,Cropland
EVT2026_001487,2026-03-27,2026-03-27,1,21.59891,70.39011500000001,206.6,2,13.925,14.02,0.0,closed,2812.9883866661607,,,,,,,40,Cropland
EVT2026_001488,2026-03-27,2026-03-27,1,21.66957,74.47112999999999,131.5,2,1.555,1.64,1.0,closed,2470.935985144042,,,,,,,40,Cropland
EVT2026_001489,2026-03-27,2026-03-27,1,21.69396,69.55837,198.9,2,14.61,14.61,0.0,closed,490.26052766805304,,,,,,,40,Cropland
EVT2026_001490,2026-03-27,2026-03-27,1,21.7553,73.534145,136.8,2,10.925,12.13,0.0,closed,4110.8739303500315,,,,,,,10,Tree cover
EVT2026_001491,2026-03-27,2026-03-27,1,21.855580000000003,72.64598333333333,347.3,3,11.317,11.63,0.0,closed,1326.8071456512646,18331.08619566404,18457.473394361616,,,,,30,Grassland
EVT2026_001492,2026-03-27,2026-03-27,1,21.907415,69.566655,131.3,2,10.74,13.3,0.0,closed,2750.3022155299577,,,,,,,40,Cropland
EVT2026_001493,2026-03-27,2026-03-27,1,22.18395,69.460075,198.8,2,6.52,6.52,0.0,closed,267.1903290931926,,,,,,,40,Cropland
EVT2026_001494,2026-03-27,2026-03-27,1,22.371859999999998,71.420025,214.1,2,10.985,12.24,0.0,closed,2400.943885159597,,,,,,,40,Cropland
EVT2026_001495,2026-03-27,2026-03-27,1,22.447526666666665,73.86133,282.1,3,2.993,4.88,1.0,closed,4853.364534742589,,,,,,,10,Tree cover
EVT2026_001496,2026-03-27,2026-03-27,1,22.558315,70.573215,211.5,2,12.03,14.08,0.0,closed,2839.105589324202,,,,,,,40,Cropland
EVT2026_001497,2026-03-27,2026-03-27,1,22.562686,73.949926,389.7,5,13.064,26.64,0.0,closed,10857.030766244245,,,,,,,10,Tree cover
EVT2026_001498,2026-03-27,2026-03-27,1,22.653509999999997,72.04245499999999,99.5,2,5.29,5.53,0.0,closed,11194.931268106588,,,,,,,40,Cropland
EVT2026_001499,2026-03-27,2026-03-27,1,22.85185,72.828665,109.2,2,6.04,6.5,0.0,closed,3208.796211488401,,,,,,,40,Cropland
EVT2026_001500,2026-03-27,2026-03-27,1,22.915123333333337,71.53652,246.9,3,7.937,10.39,0.0,closed,4099.50322440726,,,,,,,40,Cropland
EVT2026_001501,2026-03-27,2026-03-27,1,23.053883333333335,72.27411,343.2,3,5.02,7.5,0.0,closed,1971.3931252020684,,,,,,,40,Cropland
EVT2026_001502,2026-03-27,2026-03-27,1,23.179835,71.9161,164.5,2,4.955,5.38,0.0,closed,10119.624015203995,,,,,,,20,Shrubland
EVT2026_001503,2026-03-27,2026-03-27,1,23.429325,68.805895,217.1,2,5.185,6.03,0.0,closed,1231.8234919964534,,,,,,,40,Cropland
EVT2026_001504,2026-03-27,2026-03-27,1,23.4712,73.68220500000001,218.9,2,1.76,1.8,1.0,closed,8712.374775722676,,,,,,,10,Tree cover
EVT2026_001505,2026-03-27,2026-03-27,1,23.631970000000003,68.61955,195.6,2,3.805,4.45,0.0,closed,9546.485517349942,15439.747646505224,,,,,,30,Grassland
EVT2026_001506,2026-03-27,2026-03-27,1,23.6327725,73.87376499999999,380.9,4,10.995,16.4,0.0,closed,15230.991755400773,,,,,,,10,Tree cover
EVT2026_001507,2026-03-27,2026-03-27,1,23.674644999999998,73.69065499999999,258.6,2,5.12,5.12,0.0,closed,11759.498515942896,,,,,,,10,Tree cover
EVT2026_001508,2026-03-27,2026-03-27,1,23.68468333333333,73.96905,402.3,3,10.94,10.94,0.0,closed,4487.759736715567,,,,,,,10,Tree cover
EVT2026_001509,2026-03-27,2026-03-27,1,23.74221,69.54921999999999,129.5,2,3.845,4.32,0.0,closed,8593.386454672394,,,,,,,20,Shrubland
EVT2026_001510,2026-03-27,2026-03-27,1,23.857934999999998,73.26724,107.7,2,6.695,8.59,0.0,closed,4847.098877915113,,,,,,,10,Tree cover
EVT2026_001511,2026-03-27,2026-03-27,1,24.02188666666667,74.48717,442.9,3,19.523,20.13,0.0,closed,8265.929685139436,,,,,,,10,Tree cover
EVT2026_001512,2026-03-27,2026-03-27,1,24.15335,74.170155,284.4,2,4.99,4.99,0.0,closed,13064.064018116955,,,,,,,10,Tree cover
EVT2026_001513,2026-03-27,2026-03-27,1,24.18887,74.457285,208.2,2,6.93,7.04,0.0,closed,10602.650251257672,,,,,,,10,Tree cover
EVT2026_001514,2026-03-27,2026-03-27,1,24.576995,73.548115,225.4,2,4.32,4.32,0.0,closed,11270.746602549012,,,,,,,10,Tree cover
EVT2026_001515,2026-03-27,2026-03-28,2,20.329423333333335,73.44387666666667,398.3,3,3.877,5.12,0.0,closed,7684.85563050845,,,,,,,10,Tree cover
EVT2026_001516,2026-03-27,2026-03-28,2,20.339155,73.44879499999999,329.7,2,3.27,3.91,0.0,closed,8483.88063294558,,,,,,,10,Tree cover
EVT2026_001517,2026-03-27,2026-03-28,2,20.56667,73.767375,356.5,2,2.775,3.59,0.0,closed,4322.420508734935,,,,,,,30,Grassland
EVT2026_001518,2026-03-27,2026-03-28,2,20.666885,73.517285,146.8,2,7.42,11.01,0.0,closed,10973.471723251652,,,,,,,10,Tree cover
EVT2026_001519,2026-03-27,2026-03-28,2,20.75813,73.87810999999999,302.0,2,4.885,6.38,0.0,closed,,,,,,,,10,Tree cover
EVT2026_001520,2026-03-27,2026-03-28,2,20.831392,73.58685799999999,1062.5,10,7.853,34.42,0.1,closed,9193.701967656552,,,,,,,10,Tree cover
EVT2026_001521,2026-03-27,2026-03-28,2,20.848496666666666,73.38036666666666,312.4,3,4.087,5.52,0.0,closed,4209.9773334058245,,,,,,,10,Tree cover
EVT2026_001522,2026-03-27,2026-03-28,2,20.955766666666666,73.67242,641.5,6,10.68,23.95,0.0,closed,9504.933379119684,,,,,,,10,Tree cover
EVT2026_001523,2026-03-27,2026-03-28,2,21.3715525,73.70802499999999,422.3,4,2.82,4.94,0.25,closed,6405.965572152148,,,,,,,10,Tree cover
EVT2026_001524,2026-03-27,2026-03-28,2,22.417115,69.03862000000001,154.2,2,1.97,2.83,1.0,closed,126.05623006357628,,,14213.210927356098,17,Moderate,True,40,Cropland
EVT2026_001525,2026-03-27,2026-03-28,2,23.07285333333333,73.72217666666667,477.5,3,4.253,4.88,0.0,closed,11470.511746087144,,,,,,,10,Tree cover
EVT2026_001526,2026-03-27,2026-03-28,2,24.658135,73.87474,179.7,2,1.17,1.54,1.0,closed,112.00799303298044,,,,53,Limited,True,50,Built-up
EVT2026_001527,2026-03-27,2026-03-28,2,24.690089999999998,73.00304,126.2,2,1.31,1.54,1.0,closed,222.16435579273028,703.665595222872,,,15,Moderate,True,50,Built-up
EVT2026_001528,2026-03-27,2026-03-29,3,22.928012857142857,70.10755571428571,424.8,7,4.25,8.74,0.2857,closed,820.0046702489361,,,,30,Moderate,True,60,Bare/sparse vegetation
EVT2026_001529,2026-03-28,2026-03-28,1,20.12002,73.57306,191.4,2,3.23,3.23,0.0,closed,15945.213701567736,,,,,,,30,Grassland
EVT2026_001530,2026-03-28,2026-03-28,1,20.434559999999998,73.73094,192.7,2,4.545,6.84,0.0,closed,10560.370566745087,,,,,,,20,Shrubland
EVT2026_001531,2026-03-28,2026-03-28,1,20.59601,73.63796500000001,192.3,2,4.74,4.74,0.0,closed,10819.158382758846,,,,,,,30,Grassland
EVT2026_001532,2026-03-28,2026-03-28,1,20.634529999999998,73.789485,118.2,2,6.35,6.8,0.0,closed,6450.248558787555,,,,,,,30,Grassland
EVT2026_001533,2026-03-28,2026-03-28,1,20.737535,74.01496499999999,239.6,2,0.88,0.89,1.0,closed,12649.965006394943,,,,,,,30,Grassland
EVT2026_001534,2026-03-28,2026-03-28,1,20.758490000000002,70.74452,188.3,2,1.5,1.63,0.0,closed,4303.301222452926,,,,,,,40,Cropland
EVT2026_001535,2026-03-28,2026-03-28,1,20.78633,73.40710333333334,303.4,3,2.35,2.35,0.0,closed,2954.1800017133673,,,,,,,10,Tree cover
EVT2026_001536,2026-03-28,2026-03-28,1,20.869275000000002,73.48144500000001,285.8,4,2.69,2.69,0.0,closed,4229.703300421239,,,,,,,10,Tree cover
EVT2026_001537,2026-03-28,2026-03-28,1,20.885573333333333,73.5706,377.2,3,4.937,11.31,0.3333,closed,3893.030824548647,,,,,,,10,Tree cover
EVT2026_001538,2026-03-28,2026-03-28,1,21.042504,71.022412,735.4,5,7.986,11.99,0.0,closed,11154.088714654657,,,,,,,20,Shrubland
EVT2026_001539,2026-03-28,2026-03-28,1,21.3105025,73.5435075,493.9,4,3.748,4.42,0.0,closed,6292.762739626556,11344.919270205328,,,,,,10,Tree cover
EVT2026_001540,2026-03-28,2026-03-28,1,21.332034999999998,73.394215,48.2,2,5.19,5.64,0.0,closed,7728.917911122133,,,,,,,10,Tree cover
EVT2026_001541,2026-03-28,2026-03-28,1,21.366464999999998,71.221875,193.7,2,13.08,17.81,0.0,closed,6855.793336989486,,,,,,,40,Cropland
EVT2026_001542,2026-03-28,2026-03-28,1,21.380395,70.25096500000001,200.1,2,2.96,4.09,0.0,closed,716.5490895289258,,,,,,,40,Cropland
EVT2026_001543,2026-03-28,2026-03-28,1,21.424664999999997,70.71365,187.7,2,3.53,4.51,0.0,closed,1518.9348808735226,,,,,,,40,Cropland
EVT2026_001544,2026-03-28,2026-03-28,1,21.427496666666666,73.45981,484.7,3,3.657,4.69,0.0,closed,4667.963434657737,,,,,,,10,Tree cover
EVT2026_001545,2026-03-28,2026-03-28,1,21.48611,70.94207,194.1,2,5.415,6.28,0.0,closed,907.9729823437796,,,,,,,40,Cropland
EVT2026_001546,2026-03-28,2026-03-28,1,21.49492,74.28035,198.8,2,10.545,12.59,0.0,closed,1138.613857923501,,,,,,,40,Cropland
EVT2026_001547,2026-03-28,2026-03-28,1,21.51198666666667,71.45448666666667,286.1,3,9.907,15.72,0.0,closed,9320.909438442592,,,,,,,40,Cropland
EVT2026_001548,2026-03-28,2026-03-28,1,21.57665,70.154195,189.5,2,3.31,3.31,0.0,closed,2459.4959092091713,,,,,,,40,Cropland
EVT2026_001549,2026-03-28,2026-03-28,1,21.590335,70.09651500000001,51.8,2,1.46,1.64,0.0,closed,3797.065379953424,,,,,,,40,Cropland
EVT2026_001550,2026-03-28,2026-03-28,1,21.67099,73.11994,191.2,2,6.205,8.89,0.0,closed,1513.2244343502725,17048.753927414626,,,,,,40,Cropland
EVT2026_001551,2026-03-28,2026-03-28,1,21.69905,70.135305,189.4,2,2.935,3.14,0.0,closed,1839.3098408146109,,,,,,,40,Cropland
EVT2026_001552,2026-03-28,2026-03-28,1,21.72012,73.706425,213.5,2,3.95,3.95,0.0,closed,13324.684613001966,,,,,,,10,Tree cover
EVT2026_001553,2026-03-28,2026-03-28,1,21.768226666666667,70.40225,291.9,3,10.4,12.88,0.0,closed,3524.652589159911,,,,,,,40,Cropland
EVT2026_001554,2026-03-28,2026-03-28,1,21.78053,73.60782333333333,387.6,3,2.813,2.96,0.0,closed,8449.383703117435,,,,,,,10,Tree cover
EVT2026_001555,2026-03-28,2026-03-28,1,21.784015,70.35405,188.8,2,12.2,12.2,0.0,closed,2826.3398968487886,,,,,,,40,Cropland
EVT2026_001556,2026-03-28,2026-03-28,1,21.8210925,69.5171025,218.6,4,7.925,9.74,0.0,closed,1579.4490123910107,,,,,,,40,Cropland
EVT2026_001557,2026-03-28,2026-03-28,1,21.846016666666667,70.19880333333333,471.3,3,15.433,21.68,0.0,closed,4573.661670452104,,,,,,,10,Tree cover
EVT2026_001558,2026-03-28,2026-03-28,1,21.897425,74.191675,98.3,2,1.71,1.97,1.0,closed,,,,,,,,20,Shrubland
EVT2026_001559,2026-03-28,2026-03-28,1,21.915115,69.556185,205.9,2,2.495,3.57,0.0,closed,3410.538567215946,,,,,,,40,Cropland
EVT2026_001560,2026-03-28,2026-03-28,1,21.96004,72.813675,202.0,2,3.64,3.64,0.0,closed,3119.9750613537,,,,,,,40,Cropland
EVT2026_001561,2026-03-28,2026-03-28,1,22.10583,70.35735,188.4,2,4.69,6.83,0.0,closed,1344.8258816913851,,,,,,,40,Cropland
EVT2026_001562,2026-03-28,2026-03-28,1,22.108282,73.89287399999999,366.1,5,2.392,3.99,0.6,closed,7803.500745064468,,,,,,,10,Tree cover
EVT2026_001563,2026-03-28,2026-03-28,1,22.185393333333334,72.01765999999999,289.4,3,4.11,7.22,0.0,closed,6700.512358981711,,,,,,,40,Cropland
EVT2026_001564,2026-03-28,2026-03-28,1,22.214610000000004,72.33863666666667,545.3,3,8.047,11.44,0.0,closed,12784.347142005492,,,,,,,60,Bare/sparse vegetation
EVT2026_001565,2026-03-28,2026-03-28,1,22.247985,72.89146500000001,190.7,2,6.79,6.79,0.0,closed,10469.383588074765,14383.982901550713,,13549.441665225237,,,,40,Cropland
EVT2026_001566,2026-03-28,2026-03-28,1,22.29164,69.59096,203.8,2,6.195,6.21,0.0,closed,3133.931455646996,12345.475188779374,15488.61658734051,,,,,40,Cropland
EVT2026_001567,2026-03-28,2026-03-28,1,22.38895,70.48088800000001,558.7,5,2.866,3.59,0.0,closed,3514.1487850073045,,,,,,,40,Cropland
EVT2026_001568,2026-03-28,2026-03-28,1,22.393244,74.30930599999999,563.4,5,7.94,8.62,0.0,closed,13161.423231763802,,,,,,,10,Tree cover
EVT2026_001569,2026-03-28,2026-03-28,1,22.439465,71.60981000000001,192.9,2,1.15,1.56,1.0,closed,4586.666455517271,,,,,,,40,Cropland
EVT2026_001570,2026-03-28,2026-03-28,1,22.472360000000002,69.961125,189.4,2,5.84,5.84,0.0,closed,4642.830399154074,14871.92722087085,15987.081154052663,,,,,40,Cropland
EVT2026_001571,2026-03-28,2026-03-28,1,22.51312,74.28682666666667,329.0,3,17.207,30.02,0.0,closed,17664.739359563795,,,,,,,10,Tree cover
EVT2026_001572,2026-03-28,2026-03-28,1,22.655165,70.40379999999999,187.7,2,1.1,1.26,0.0,closed,1318.1004091888308,,,,,,,40,Cropland
EVT2026_001573,2026-03-28,2026-03-28,1,22.664115000000002,72.54311,275.4,2,3.44,3.73,0.0,closed,3169.781930077375,,,,,,,40,Cropland
EVT2026_001574,2026-03-28,2026-03-28,1,22.91008,70.9188,411.4,4,5.435,6.11,0.0,closed,2957.1238735052193,,,,,,,40,Cropland
EVT2026_001575,2026-03-28,2026-03-28,1,22.930104999999998,71.114905,193.6,2,3.78,3.78,0.0,closed,2994.900509708411,,,,,,,40,Cropland
EVT2026_001576,2026-03-28,2026-03-28,1,22.976595,69.39364,203.9,2,1.51,1.51,0.0,closed,430.3233667557913,,,,,,,40,Cropland
EVT2026_001577,2026-03-28,2026-03-28,1,23.01399,73.873385,45.5,2,4.65,5.1,0.0,closed,17620.274352211676,,,,,,,10,Tree cover
EVT2026_001578,2026-03-28,2026-03-28,1,23.018745,70.8699,186.6,2,4.72,6.45,0.0,closed,3568.6539684766576,,,,,,,40,Cropland
EVT2026_001579,2026-03-28,2026-03-28,1,23.075274999999998,74.44298,202.7,2,7.31,8.91,0.0,closed,,,,,,,,10,Tree cover
EVT2026_001580,2026-03-28,2026-03-28,1,23.674095,73.99161000000001,109.2,2,2.61,3.05,0.0,closed,2380.560414603131,,,,,,,30,Grassland
EVT2026_001581,2026-03-28,2026-03-28,1,23.735129999999998,73.59552000000001,282.7,3,8.59,10.62,0.0,closed,12115.84103868208,,,,,,,10,Tree cover
EVT2026_001582,2026-03-28,2026-03-28,1,24.014915000000002,74.28405000000001,203.8,2,10.45,13.56,0.0,closed,,,,,,,,30,Grassland
EVT2026_001583,2026-03-28,2026-03-28,1,24.136485,74.23406,57.1,2,10.265,10.68,0.0,closed,19253.358731003893,,,,,,,30,Grassland
EVT2026_001584,2026-03-28,2026-03-28,1,24.17359,74.00122,331.7,3,9.277,11.36,0.0,closed,2577.3918731117647,,,,,,,10,Tree cover
EVT2026_001585,2026-03-28,2026-03-28,1,24.247865,74.391115,205.1,2,17.83,17.83,0.0,closed,18773.743097414805,,,,,,,30,Grassland
EVT2026_001586,2026-03-28,2026-03-28,1,24.249658,74.493438,684.2,5,5.192,7.24,0.0,closed,17518.279544962144,,,,,,,10,Tree cover
EVT2026_001587,2026-03-28,2026-03-28,1,24.56767,74.21321499999999,169.4,2,3.395,4.04,0.0,closed,4812.689473790178,,,,,,,30,Grassland
EVT2026_001588,2026-03-28,2026-03-29,2,21.673492500000002,70.2995525,372.8,4,10.765,15.43,0.0,closed,6375.660577335328,,,,,,,40,Cropland
EVT2026_001589,2026-03-28,2026-03-29,2,21.955836666666666,74.09231833333332,901.7,6,4.412,7.75,0.3333,closed,15956.449095349004,,,,,,,10,Tree cover
EVT2026_001590,2026-03-28,2026-03-29,2,22.51019,74.16056,241.1,2,2.085,3.09,0.0,closed,,,,,,,,10,Tree cover
EVT2026_001591,2026-03-28,2026-03-29,2,23.485795000000003,69.83994,94.8,2,5.75,6.8,0.0,closed,17494.82932174576,,,,,,,20,Shrubland
EVT2026_001592,2026-03-28,2026-03-29,2,23.87566,74.31451,475.3,3,2.44,4.7,0.6667,closed,,,,,,,,10,Tree cover
EVT2026_001593,2026-03-28,2026-03-29,2,24.23241,74.4351775,677.4,4,2.48,5.28,0.25,closed,15734.91857970318,,,,,,,10,Tree cover
EVT2026_001594,2026-03-29,2026-03-29,1,20.64851,73.93563499999999,216.1,2,6.365,6.54,0.0,closed,18794.2324480599,,,,,,,30,Grassland
EVT2026_001595,2026-03-29,2026-03-29,1,20.75535,70.797065,138.7,2,4.385,4.63,0.0,closed,2461.718843047684,,,,,,,40,Cropland
EVT2026_001596,2026-03-29,2026-03-29,1,20.808455000000002,73.49259,224.1,2,1.81,1.87,0.0,closed,4763.180815862638,,,,,,,10,Tree cover
EVT2026_001597,2026-03-29,2026-03-29,1,20.973745,73.59893,198.9,2,1.75,1.75,0.0,closed,5581.306391155139,,,,,,,10,Tree cover
EVT2026_001598,2026-03-29,2026-03-29,1,20.980235,73.69023,221.6,2,2.18,2.18,0.0,closed,10465.951461882836,,,,,,,10,Tree cover
EVT2026_001599,2026-03-29,2026-03-29,1,21.33869,73.457655,40.9,2,13.215,13.24,0.0,closed,13635.406780213207,17714.958196089745,,,,,,10,Tree cover
EVT2026_001600,2026-03-29,2026-03-29,1,21.363766666666667,73.60578333333333,272.3,3,2.383,2.63,0.0,closed,9521.439134005446,17892.496273042314,,,,,,10,Tree cover
EVT2026_001601,2026-03-29,2026-03-29,1,21.48807,74.14850999999999,209.1,2,2.72,2.72,0.0,closed,3777.3419082510563,,,,,,,40,Cropland
EVT2026_001602,2026-03-29,2026-03-29,1,21.53506,71.504255,136.6,2,6.005,8.25,0.0,closed,4392.592716861425,,,,,,,40,Cropland
EVT2026_001603,2026-03-29,2026-03-29,1,21.560075,72.190775,117.4,2,2.43,2.69,0.0,closed,1898.923563326993,4178.587658397479,,,,,,20,Shrubland
EVT2026_001604,2026-03-29,2026-03-29,1,21.648895,70.343705,103.1,2,6.585,9.63,0.0,closed,4161.763344611533,,,,,,,40,Cropland
EVT2026_001605,2026-03-29,2026-03-29,1,21.6792,70.495838,351.7,5,12.32,20.07,0.0,closed,4152.296483873271,,,,,,,40,Cropland
EVT2026_001606,2026-03-29,2026-03-29,1,21.68299,74.23226,293.2,3,3.9,6.42,0.0,closed,10956.604083221015,,,,,,,30,Grassland
EVT2026_001607,2026-03-29,2026-03-29,1,21.71053,70.470465,231.4,2,10.025,17.11,0.0,closed,2119.3470594279092,,,,,,,40,Cropland
EVT2026_001608,2026-03-29,2026-03-29,1,21.722524999999997,70.387795,208.2,2,6.125,6.45,0.0,closed,3743.505199889112,,,,,,,40,Cropland
EVT2026_001609,2026-03-29,2026-03-29,1,21.768305,73.6017975,588.0,4,3.538,5.08,0.0,closed,8652.950408028642,,,,,,,10,Tree cover
EVT2026_001610,2026-03-29,2026-03-29,1,21.801115,72.60108,205.4,2,3.7,3.7,0.0,closed,4879.135232472464,12282.102935114628,11923.14256019666,,,,,40,Cropland
EVT2026_001611,2026-03-29,2026-03-29,1,21.852935,71.45767000000001,152.8,2,6.045,7.0,0.0,closed,921.2507451656714,,,,,,,40,Cropland
EVT2026_001612,2026-03-29,2026-03-29,1,21.92503,72.559764,595.8,5,14.046,14.25,0.0,closed,11242.278721280782,,,,,,,40,Cropland
EVT2026_001613,2026-03-29,2026-03-29,1,22.026165,70.04060000000001,36.7,2,3.425,4.49,0.0,closed,1504.2358339374464,,,,,,,40,Cropland
EVT2026_001614,2026-03-29,2026-03-29,1,22.456053333333333,70.02777666666667,264.2,3,3.17,4.62,0.0,closed,997.3798692418,,18753.46612846638,,,,,20,Shrubland
EVT2026_001615,2026-03-29,2026-03-29,1,22.52083,70.328105,188.5,2,4.36,6.32,0.0,closed,3475.275052877329,,,,,,,40,Cropland
EVT2026_001616,2026-03-29,2026-03-29,1,22.52432,70.379775,24.3,2,3.405,3.66,0.0,closed,4251.166155542512,,,,,,,40,Cropland
EVT2026_001617,2026-03-29,2026-03-29,1,22.654155000000003,70.381235,201.9,2,2.96,3.07,0.0,closed,1531.8124131190257,,,,,,,40,Cropland
EVT2026_001618,2026-03-29,2026-03-29,1,22.68061,70.508375,226.8,2,3.825,5.04,0.0,closed,3621.8910033751727,,,,,,,40,Cropland
EVT2026_001619,2026-03-29,2026-03-29,1,22.701535,70.68682,193.1,2,28.835,31.61,0.0,closed,2668.348447169604,,,,,,,40,Cropland
EVT2026_001620,2026-03-29,2026-03-29,1,22.7598975,73.931775,283.1,4,16.845,19.16,0.0,closed,6786.857525374801,,,,,,,30,Grassland
EVT2026_001621,2026-03-29,2026-03-29,1,22.9558,74.00517,205.0,2,3.76,3.76,0.0,closed,13577.13406155218,,,,,,,20,Shrubland
EVT2026_001622,2026-03-29,2026-03-29,1,23.122,74.37923,53.0,2,7.645,8.83,0.0,closed,,,,,,,,30,Grassland
EVT2026_001623,2026-03-29,2026-03-29,1,23.730310000000003,69.26060333333334,251.6,3,11.903,16.49,0.0,closed,10615.606066164124,,,,,,,40,Cropland
EVT2026_001624,2026-03-29,2026-03-29,1,23.88089,74.37551500000001,95.2,2,3.18,3.7,0.0,closed,,,,,,,,10,Tree cover
EVT2026_001625,2026-03-29,2026-03-29,1,24.11539666666667,74.21481666666666,294.8,3,1.7,1.7,0.0,closed,17326.751427155188,,,,,,,10,Tree cover
EVT2026_001626,2026-03-29,2026-03-29,1,24.138375,74.064695,201.4,2,4.41,4.41,0.0,closed,2378.1269716785864,,,,,,,20,Shrubland
EVT2026_001627,2026-03-29,2026-03-29,1,24.238464999999998,74.38782,189.1,2,3.14,3.14,0.0,closed,17973.37170046454,,,,,,,30,Grassland
EVT2026_001628,2026-03-29,2026-03-29,1,24.24311,74.26457500000001,194.7,2,0.725,0.88,1.0,closed,,,,,,,,30,Grassland
EVT2026_001629,2026-03-29,2026-03-30,2,21.39737,70.7678,232.7,2,6.87,11.49,0.0,closed,2303.57012917683,,,,,,,40,Cropland
EVT2026_001630,2026-03-29,2026-03-30,2,22.202418,73.2172,494.6,5,4.638,7.78,0.2,closed,2981.2985099133953,,,,,,,40,Cropland
EVT2026_001631,2026-03-29,2026-03-30,2,22.976385,70.95139,247.6,2,2.945,3.48,0.0,closed,5859.404293327361,,,,,,,40,Cropland
EVT2026_001632,2026-03-30,2026-03-30,1,20.072760000000002,73.286595,124.1,2,2.735,3.04,0.0,closed,,,,,,,,30,Grassland
EVT2026_001633,2026-03-30,2026-03-30,1,20.15835,74.23631499999999,200.4,2,5.72,6.51,0.0,closed,1917.2635522413163,,,,,,,40,Cropland
EVT2026_001634,2026-03-30,2026-03-30,1,20.356,72.9472,184.3,2,2.63,2.65,1.0,closed,420.2900622371044,,,,,,,10,Tree cover
EVT2026_001635,2026-03-30,2026-03-30,1,20.679524999999998,73.57412,214.2,2,3.04,3.47,0.0,closed,12571.638733633294,,,,,,,10,Tree cover
EVT2026_001636,2026-03-30,2026-03-30,1,20.721635,73.772705,182.6,2,6.845,7.66,0.0,closed,10507.921294495653,,,,,,,10,Tree cover
EVT2026_001637,2026-03-30,2026-03-30,1,20.725215,73.83821499999999,175.1,2,10.7,11.9,0.0,closed,16896.958462527353,,,,,,,30,Grassland
EVT2026_001638,2026-03-30,2026-03-30,1,21.208959999999998,70.26431500000001,312.6,2,9.26,11.99,0.0,closed,2113.0065849830075,,,,,,,40,Cropland
EVT2026_001639,2026-03-30,2026-03-30,1,21.374895000000002,73.72723500000001,87.1,2,2.33,2.6,0.0,closed,4469.371915189363,,,,,,,30,Grassland
EVT2026_001640,2026-03-30,2026-03-30,1,21.498255,70.063665,210.7,2,5.48,5.82,0.0,closed,1373.1258397505535,,,,,,,40,Cropland
EVT2026_001641,2026-03-30,2026-03-30,1,21.519084999999997,73.348195,188.3,2,3.61,3.75,0.0,closed,2404.340460462432,,,,,,,40,Cropland
EVT2026_001642,2026-03-30,2026-03-30,1,21.554233333333332,70.02146666666665,426.6,3,20.303,28.46,0.0,closed,2845.62707157103,,,,,,,40,Cropland
EVT2026_001643,2026-03-30,2026-03-30,1,21.65596,71.745375,169.1,2,3.82,3.82,0.0,closed,4479.099753580616,,,,,,,40,Cropland
EVT2026_001644,2026-03-30,2026-03-30,1,21.69813,72.81762,290.9,2,4.7,4.7,0.0,closed,2902.204296938226,18992.375840570046,,,,,,40,Cropland
EVT2026_001645,2026-03-30,2026-03-30,1,21.700805,70.4692575,446.6,4,11.52,15.6,0.0,closed,2527.938030176183,,,,,,,40,Cropland
EVT2026_001646,2026-03-30,2026-03-30,1,21.71091,70.34776,316.8,2,7.655,8.3,0.0,closed,4068.509218601522,,,,,,,40,Cropland
EVT2026_001647,2026-03-30,2026-03-30,1,21.732196666666667,70.42413333333333,498.9,3,15.25,24.65,0.0,closed,1033.3902362347833,,,,,,,40,Cropland
EVT2026_001648,2026-03-30,2026-03-30,1,21.771275000000003,70.457235,148.0,2,0.865,1.15,1.0,closed,2501.3017826798755,,,,,,,40,Cropland
EVT2026_001649,2026-03-30,2026-03-30,1,21.77235,70.31889000000001,109.9,2,11.855,11.91,0.0,closed,2359.9171069651584,,,,,,,40,Cropland
EVT2026_001650,2026-03-30,2026-03-30,1,21.7751475,70.3613825,498.1,4,24.555,31.99,0.0,closed,1592.3408139075395,,,,,,,40,Cropland
EVT2026_001651,2026-03-30,2026-03-30,1,21.796280000000003,69.563315,119.0,2,6.17,7.77,0.0,closed,2627.4907464667635,,,,,,,40,Cropland
EVT2026_001652,2026-03-30,2026-03-30,1,21.803395,70.239305,134.2,2,3.3,3.83,0.0,closed,1616.3799622909842,,,,,,,40,Cropland
EVT2026_001653,2026-03-30,2026-03-30,1,21.95756,71.72551999999999,167.3,2,6.92,8.04,0.0,closed,3027.865178507937,,,,,,,40,Cropland
EVT2026_001654,2026-03-30,2026-03-30,1,22.00321,70.46187666666667,468.6,3,9.797,11.3,0.0,closed,2527.1684386434113,,,,,,,40,Cropland
EVT2026_001655,2026-03-30,2026-03-30,1,22.07428,72.08955,280.2,2,6.4,7.7,0.0,closed,15889.288929813105,,,,,,,40,Cropland
EVT2026_001656,2026-03-30,2026-03-30,1,22.161607500000002,72.0380225,425.4,4,2.827,3.81,0.0,closed,8462.520689705909,,,,,,,40,Cropland
EVT2026_001657,2026-03-30,2026-03-30,1,22.178800000000003,69.465765,53.3,2,11.535,11.58,0.0,closed,673.9019468535311,,,,,,,10,Tree cover
EVT2026_001658,2026-03-30,2026-03-30,1,22.192590000000003,69.97523,212.3,2,6.18,6.69,0.0,closed,1576.1694016404808,,16937.943539985758,,,,,40,Cropland
EVT2026_001659,2026-03-30,2026-03-30,1,22.204549999999998,70.49233,127.2,2,8.66,9.12,0.0,closed,2690.1195140936884,,,,,,,40,Cropland
EVT2026_001660,2026-03-30,2026-03-30,1,22.304969999999997,69.979005,172.4,2,2.03,2.51,0.0,closed,3620.561874013003,,9562.825089211208,,,,,80,Water bodies
EVT2026_001661,2026-03-30,2026-03-30,1,22.384230000000002,72.35474500000001,143.7,2,10.28,10.47,0.0,closed,11625.163295543094,,,,,,,60,Bare/sparse vegetation
EVT2026_001662,2026-03-30,2026-03-30,1,22.473110000000002,70.69869333333334,328.9,3,4.553,5.9,0.0,closed,4620.5824530952095,,,,,,,40,Cropland
EVT2026_001663,2026-03-30,2026-03-30,1,22.65502,70.77575,187.7,2,6.715,9.7,0.0,closed,1624.9641899227238,,,,,,,40,Cropland
EVT2026_001664,2026-03-30,2026-03-30,1,22.912935,72.27984000000001,296.6,2,11.035,11.42,0.0,closed,1069.7194446575475,,,,,,,40,Cropland
EVT2026_001665,2026-03-30,2026-03-30,1,22.927055,74.467805,32.5,2,2.14,2.95,0.0,closed,18392.746353062346,,,,,,,30,Grassland
EVT2026_001666,2026-03-30,2026-03-30,1,23.646375,68.553305,205.2,2,23.185,24.08,0.0,closed,14993.100077615252,16498.517980230386,,,,,,20,Shrubland
EVT2026_001667,2026-03-30,2026-03-30,1,23.986179999999997,73.372815,265.6,2,0.98,0.98,1.0,closed,3076.3083006781208,,,,,,,10,Tree cover
EVT2026_001668,2026-03-30,2026-03-31,2,22.67181666666667,70.42467333333333,396.3,3,8.147,10.31,0.0,closed,1909.4286274054348,,,,,,,40,Cropland
EVT2026_001669,2026-03-30,2026-03-31,2,22.92761,69.82245499999999,208.8,2,0.67,0.89,1.0,closed,71.1496006435304,,,,10,Moderate,True,40,Cropland
EVT2026_001670,2026-03-30,2026-03-31,2,22.9344825,69.7008875,366.7,4,1.018,1.92,1.0,closed,384.43131100576835,19559.904520819637,,,1,Moderate,True,60,Bare/sparse vegetation
EVT2026_001671,2026-03-31,2026-03-31,1,20.282625000000003,73.432015,178.7,2,5.49,6.54,0.0,closed,7128.677647544653,,,,,,,40,Cropland
EVT2026_001672,2026-03-31,2026-03-31,1,20.30763,73.46146,360.0,2,4.94,5.87,0.0,closed,9337.167937558195,,,,,,,10,Tree cover
EVT2026_001673,2026-03-31,2026-03-31,1,20.613675,73.94221999999999,78.6,2,5.35,6.16,0.0,closed,15002.303208897882,,,,,,,30,Grassland
EVT2026_001674,2026-03-31,2026-03-31,1,20.79029,70.659955,37.5,2,5.85,6.02,0.0,closed,579.2071932738992,,,,,,,40,Cropland
EVT2026_001675,2026-03-31,2026-03-31,1,20.86078,73.711995,102.5,2,2.34,3.04,0.0,closed,10889.58175149811,,,,,,,10,Tree cover
EVT2026_001676,2026-03-31,2026-03-31,1,21.259205,70.04771,166.0,2,1.52,1.69,0.0,closed,3212.9031583663254,,,,,,,40,Cropland
EVT2026_001677,2026-03-31,2026-03-31,1,21.353875,73.909805,107.3,2,5.725,6.79,0.0,closed,9547.468751284745,,,,,,,30,Grassland
EVT2026_001678,2026-03-31,2026-03-31,1,21.702496666666665,72.64637,344.5,3,4.25,4.36,0.0,closed,190.83952528665438,2808.523038898818,4354.0151698732325,,,,,40,Cropland
EVT2026_001679,2026-03-31,2026-03-31,1,21.703335000000003,71.25912,43.4,2,2.89,3.02,0.0,closed,4754.951185880098,,,,,,,40,Cropland
EVT2026_001680,2026-03-31,2026-03-31,1,21.70722,70.60388499999999,201.9,2,6.09,6.09,0.0,closed,1754.173183889219,,,,,,,40,Cropland
EVT2026_001681,2026-03-31,2026-03-31,1,21.71415,70.26925,73.4,2,0.995,1.11,0.0,closed,2959.7515651770786,,,,,,,40,Cropland
EVT2026_001682,2026-03-31,2026-03-31,1,21.742065,70.389285,196.7,2,5.11,5.11,0.0,closed,3115.942729970398,,,,,,,40,Cropland
EVT2026_001683,2026-03-31,2026-03-31,1,21.763109999999998,70.772785,262.6,2,6.99,7.61,0.0,closed,4388.8231854797095,,,,,,,40,Cropland
EVT2026_001684,2026-03-31,2026-03-31,1,21.908593333333332,70.11016,363.5,3,3.47,4.29,0.0,closed,1021.9462126853556,,,,,,,40,Cropland
EVT2026_001685,2026-03-31,2026-03-31,1,22.03043,72.58682999999999,169.4,2,5.685,7.09,0.0,closed,5256.571049766765,,,,,,,40,Cropland
EVT2026_001686,2026-03-31,2026-03-31,1,22.04016,70.8398,469.7,3,13.907,18.32,0.0,closed,2870.110074361375,,,,,,,40,Cropland
EVT2026_001687,2026-03-31,2026-03-31,1,22.11594,70.15312750000001,412.7,4,6.442,8.94,0.0,closed,1940.2011259431495,,,,,,,40,Cropland
EVT2026_001688,2026-03-31,2026-03-31,1,22.136372857142856,72.56657857142856,559.7,7,7.979,10.7,0.0,closed,9673.25005131277,,,,,,,10,Tree cover
EVT2026_001689,2026-03-31,2026-03-31,1,22.16751,69.41117,89.7,2,2.61,2.98,0.0,closed,4718.96535301006,,,,,,,40,Cropland
EVT2026_001690,2026-03-31,2026-03-31,1,22.20665,69.066395,163.1,2,3.5,3.5,0.0,closed,2942.043639565292,,,9649.556558774575,,,,20,Shrubland
EVT2026_001691,2026-03-31,2026-03-31,1,22.234665,69.024125,180.1,2,2.075,2.84,0.0,closed,2437.0630795885527,,,6235.315959980616,,,,40,Cropland
EVT2026_001692,2026-03-31,2026-03-31,1,22.256595,70.305605,21.3,2,15.125,16.08,0.0,closed,2998.6130419774117,,,,,,,40,Cropland
EVT2026_001693,2026-03-31,2026-03-31,1,22.27025,70.66223500000001,229.2,2,7.77,8.1,0.0,closed,1816.648690068949,,,,,,,40,Cropland
EVT2026_001694,2026-03-31,2026-03-31,1,22.29873,69.508835,174.3,2,3.57,4.51,0.0,closed,991.5336851425371,,,,,,,40,Cropland
EVT2026_001695,2026-03-31,2026-03-31,1,22.3788775,70.455365,332.9,4,6.795,7.39,0.0,closed,4950.140978333325,,,,,,,40,Cropland
EVT2026_001696,2026-03-31,2026-03-31,1,22.38015,70.46906,219.6,2,4.09,4.27,0.0,closed,4450.8393800543545,,,,,,,40,Cropland
EVT2026_001697,2026-03-31,2026-03-31,1,22.41098,70.68619,301.7,2,6.22,7.7,0.0,closed,4113.238734831873,,,,,,,40,Cropland
EVT2026_001698,2026-03-31,2026-03-31,1,22.454974999999997,70.64876000000001,209.6,2,16.88,16.88,0.0,closed,3380.265332018581,,,,,,,40,Cropland
EVT2026_001699,2026-03-31,2026-03-31,1,23.014646666666668,72.16102333333333,318.7,3,6.6,7.27,0.0,closed,4224.574083033387,,,,,,,40,Cropland
EVT2026_001700,2026-03-31,2026-04-01,2,22.417885,70.58171,348.4,2,6.935,10.22,0.0,closed,3323.6659623673577,,,,,,,40,Cropland
EVT2026_001701,2026-03-31,2026-04-01,2,23.496434999999998,68.57697,81.1,2,1.015,1.37,1.0,closed,340.78305120072,,,,,,,60,Bare/sparse vegetation
EVT2026_001702,2026-03-31,2026-04-02,3,20.91012333333333,71.45922,298.8,3,1.48,1.97,1.0,closed,305.68237695914945,1654.7427382633591,,,7,Strong,True,50,Built-up
EVT2026_001703,2026-04-01,2026-04-01,1,20.061999999999998,73.447375,137.1,2,6.37,6.83,0.0,closed,,,,,,,,30,Grassland
EVT2026_001704,2026-04-01,2026-04-01,1,20.39665,73.62134,286.5,2,4.955,5.77,0.0,closed,11517.74050628125,,,,,,,10,Tree cover
EVT2026_001705,2026-04-01,2026-04-01,1,20.73627,73.85722999999999,96.2,2,4.02,4.95,0.0,closed,18627.616455093677,,,,,,,30,Grassland
EVT2026_001706,2026-04-01,2026-04-01,1,21.044795,72.861495,212.4,2,2.86,4.07,0.0,closed,3979.0227973355013,,,,,,,40,Cropland
EVT2026_001707,2026-04-01,2026-04-01,1,21.30114,71.261975,195.8,2,2.755,2.97,0.0,closed,3578.374930675159,,,,,,,40,Cropland
EVT2026_001708,2026-04-01,2026-04-01,1,21.634765,70.185175,223.6,2,6.57,7.96,0.0,closed,1325.7257516440814,,,,,,,40,Cropland
EVT2026_001709,2026-04-01,2026-04-01,1,21.64893,71.494675,100.0,2,11.095,11.64,0.0,closed,4650.876350600696,,,,,,,40,Cropland
EVT2026_001710,2026-04-01,2026-04-01,1,21.67723,70.382475,196.5,2,15.855,19.37,0.0,closed,1575.9376004582189,,,,,,,40,Cropland
EVT2026_001711,2026-04-01,2026-04-01,1,21.72879,70.516645,228.6,2,5.03,5.03,0.0,closed,2856.172397272417,,,,,,,40,Cropland
EVT2026_001712,2026-04-01,2026-04-01,1,22.039935,72.182615,107.2,2,7.09,7.15,0.0,closed,13013.398146980862,,,,,,,60,Bare/sparse vegetation
EVT2026_001713,2026-04-01,2026-04-01,1,22.1337225,72.0318375,636.8,8,6.304,11.24,0.0,closed,8603.658194065727,,,,,,,40,Cropland
EVT2026_001714,2026-04-01,2026-04-01,1,22.193635,71.06887,238.0,2,5.605,7.52,0.0,closed,2227.8399995271843,,,,,,,40,Cropland
EVT2026_001715,2026-04-01,2026-04-01,1,22.37764,71.565495,237.7,2,15.55,15.55,0.0,closed,2190.115684884512,,,,,,,20,Shrubland
EVT2026_001716,2026-04-01,2026-04-01,1,22.392615,70.59803,95.3,2,1.98,2.05,0.0,closed,2911.240627978537,,,,,,,40,Cropland
EVT2026_001717,2026-04-01,2026-04-01,1,22.425314999999998,69.94635,119.3,2,4.01,4.72,0.0,closed,820.1626461587038,12216.36752191838,10672.819866138365,,,,,40,Cropland
EVT2026_001718,2026-04-01,2026-04-01,1,22.683059999999998,70.77686,213.0,2,7.195,10.26,0.0,closed,2968.688287948679,,,,,,,60,Bare/sparse vegetation
EVT2026_001719,2026-04-01,2026-04-01,1,22.69341,70.40990500000001,66.7,2,9.64,10.24,0.0,closed,3222.932970954978,,,,,,,40,Cropland
EVT2026_001720,2026-04-01,2026-04-01,1,22.978524999999998,72.565455,255.8,2,0.5,0.5,1.0,closed,324.2000522101036,10573.880567852275,,,32,Limited,True,50,Built-up
EVT2026_001721,2026-04-01,2026-04-01,1,22.9949825,71.1748125,270.9,4,26.165,26.45,0.0,closed,1500.9275379911069,,,,,,,40,Cropland
EVT2026_001722,2026-04-01,2026-04-01,1,23.712563333333332,73.87127666666667,193.9,3,5.93,7.97,0.0,closed,14815.928999336978,,,,,,,30,Grassland
EVT2026_001723,2026-04-01,2026-04-01,1,23.86844,73.89654999999999,172.8,2,4.19,5.77,0.0,closed,19289.41478335609,,,,,,,30,Grassland
EVT2026_001724,2026-04-01,2026-04-01,1,24.128725,74.161445,297.6,2,1.51,1.51,0.0,closed,11859.274224790192,,,,,,,10,Tree cover
EVT2026_001725,2026-04-01,2026-04-01,1,24.186504000000003,74.47323,373.8,5,6.67,10.32,0.0,closed,10310.367040632087,,,,,,,10,Tree cover
EVT2026_001726,2026-04-01,2026-04-01,1,24.27976,73.347915,99.1,2,7.71,9.12,0.0,closed,,,,,,,,30,Grassland
EVT2026_001727,2026-04-01,2026-04-02,2,23.920235714285717,73.3317,379.0,7,2.176,3.22,0.4286,closed,1694.3815568655189,,,,,,,10,Tree cover
EVT2026_001728,2026-04-01,2026-04-02,2,23.98427714285714,73.38590857142857,782.0,7,3.571,4.38,0.1429,closed,4179.58831435833,,,,,,,10,Tree cover
EVT2026_001729,2026-04-02,2026-04-02,1,20.108685,73.24851,210.6,2,1.355,2.1,1.0,closed,17997.338164608896,,,,,,,10,Tree cover
EVT2026_001730,2026-04-02,2026-04-02,1,20.1336,73.70835,71.8,2,4.005,4.2,0.0,closed,6736.581835493518,,,,,,,40,Cropland
EVT2026_001731,2026-04-02,2026-04-02,1,20.216025000000002,73.43396,225.5,2,2.54,2.54,0.0,closed,12617.53469456684,,,,,,,40,Cropland
EVT2026_001732,2026-04-02,2026-04-02,1,20.528505,73.4151,55.5,2,4.225,4.78,0.0,closed,18001.109490809435,,,,,,,30,Grassland
EVT2026_001733,2026-04-02,2026-04-02,1,20.563695000000003,73.69289,154.8,2,6.06,6.19,0.0,closed,6328.05063693983,,,,,,,40,Cropland
EVT2026_001734,2026-04-02,2026-04-02,1,20.741275,70.80533,195.8,2,11.38,17.5,0.0,closed,3922.6624404525883,,,,,,,40,Cropland
EVT2026_001735,2026-04-02,2026-04-02,1,20.77165,73.844885,245.2,2,6.85,6.85,0.0,closed,17238.345817292644,,,,,,,30,Grassland
EVT2026_001736,2026-04-02,2026-04-02,1,20.780485,73.71962500000001,112.4,2,7.325,7.76,0.0,closed,4816.800989194376,,,,,,,10,Tree cover
EVT2026_001737,2026-04-02,2026-04-02,1,20.78159,73.84853000000001,320.9,2,6.345,7.32,0.0,closed,17741.114900058787,,,,,,,30,Grassland
EVT2026_001738,2026-04-02,2026-04-02,1,20.783915,73.688705,187.5,2,4.695,5.49,0.0,closed,2973.4922943440756,,,,,,,40,Cropland
EVT2026_001739,2026-04-02,2026-04-02,1,20.80749,73.853115,107.5,2,9.125,9.31,0.0,closed,16219.971829865073,,,,,,,40,Cropland
EVT2026_001740,2026-04-02,2026-04-02,1,20.90614,73.82871,160.2,2,5.54,6.61,0.0,closed,6121.017076778295,,,,,,,30,Grassland
EVT2026_001741,2026-04-02,2026-04-02,1,21.310655,72.85507000000001,195.8,2,2.16,2.62,0.0,closed,1603.900468772307,9274.082681574482,,,,,,10,Tree cover
EVT2026_001742,2026-04-02,2026-04-02,1,21.31627,71.43949,190.1,2,3.97,3.97,0.0,closed,934.8878086963821,,,,,,,20,Shrubland
EVT2026_001743,2026-04-02,2026-04-02,1,21.384574999999998,73.96436,211.3,2,10.475,11.05,0.0,closed,4324.007580991066,,,,,,,30,Grassland
EVT2026_001744,2026-04-02,2026-04-02,1,21.507385,72.19743,194.9,2,7.705,7.86,0.0,closed,4347.960892955556,8864.11527772581,,,,,,40,Cropland
EVT2026_001745,2026-04-02,2026-04-02,1,21.589570000000002,74.173405,136.7,2,1.655,1.72,0.0,closed,4283.039838435857,,,,,,,40,Cropland
EVT2026_001746,2026-04-02,2026-04-02,1,21.730645,70.3823,187.4,2,5.8,7.98,0.0,closed,3814.4898788898267,,,,,,,40,Cropland
EVT2026_001747,2026-04-02,2026-04-02,1,21.88223,71.218665,201.1,2,6.39,7.2,0.0,closed,756.3370471338249,,,,,,,40,Cropland
EVT2026_001748,2026-04-02,2026-04-02,1,22.06044,71.96730000000001,423.0,3,19.233,26.64,0.0,closed,5765.5742849841945,,,,,,,40,Cropland
EVT2026_001749,2026-04-02,2026-04-02,1,22.375085,71.94778,96.9,2,5.195,5.25,0.0,closed,501.7818155392953,,,,,,,40,Cropland
EVT2026_001750,2026-04-02,2026-04-02,1,22.559485000000002,74.18963,134.8,2,3.68,4.64,0.0,closed,,,,,,,,10,Tree cover
EVT2026_001751,2026-04-02,2026-04-02,1,22.630015,70.7707,188.5,2,2.77,2.77,0.0,closed,1307.9116317242613,,,,,,,40,Cropland
EVT2026_001752,2026-04-02,2026-04-02,1,22.744945,72.299305,36.3,2,8.91,9.65,0.0,closed,347.11429222183017,,,,,,,40,Cropland
EVT2026_001753,2026-04-02,2026-04-02,1,23.010213333333336,74.38283833333334,374.9,6,12.162,25.27,0.0,closed,17127.205097492206,,,,,,,10,Tree cover
EVT2026_001754,2026-04-02,2026-04-02,1,23.02465,72.37712,222.4,2,5.23,5.23,0.0,closed,287.5111169559295,,,,,,,40,Cropland
EVT2026_001755,2026-04-02,2026-04-02,1,23.04205,72.38538,198.9,2,3.86,4.39,0.0,closed,1838.7235361043656,,,,,,,40,Cropland
EVT2026_001756,2026-04-02,2026-04-02,1,23.061615,73.93030999999999,163.0,2,2.28,3.35,0.0,closed,16344.536842006568,,,,,,,10,Tree cover
EVT2026_001757,2026-04-02,2026-04-02,1,23.76948,73.55337,148.4,2,6.94,8.37,0.0,closed,11648.69353943578,,,,,,,30,Grassland
EVT2026_001758,2026-04-02,2026-04-02,1,23.84586333333333,74.42243,371.8,3,3.823,5.03,1.0,closed,,,,,,,,20,Shrubland
EVT2026_001759,2026-04-02,2026-04-03,2,20.356636666666663,72.94927333333334,162.8,3,1.163,1.86,1.0,closed,504.52755100139177,,,,,,,40,Cropland
EVT2026_001760,2026-04-02,2026-04-03,2,20.3933925,73.4576575,512.8,4,3.978,8.42,0.0,closed,12580.653761529515,,,,,,,30,Grassland
EVT2026_001761,2026-04-02,2026-04-03,2,20.82426,73.688805,318.2,2,4.7,5.0,0.0,closed,7369.049758233393,,,,,,,40,Cropland
EVT2026_001762,2026-04-02,2026-04-03,2,20.940565,73.68140500000001,92.1,2,1.965,2.61,0.5,closed,9685.346821894247,,,,,,,10,Tree cover
EVT2026_001763,2026-04-02,2026-04-03,2,20.988889999999998,73.670075,419.6,4,0.975,1.28,1.0,closed,8360.002748684603,,,,,,,30,Grassland
EVT2026_001764,2026-04-02,2026-04-03,2,22.214136666666665,73.15592,485.4,3,2.967,3.53,0.0,closed,2812.567726786815,18821.766005109264,,,,,,40,Cropland
EVT2026_001765,2026-04-03,2026-04-03,1,20.173949999999998,73.30784,186.9,2,0.45,0.45,1.0,closed,9540.47125612256,,,,,,,40,Cropland
EVT2026_001766,2026-04-03,2026-04-03,1,20.232365,73.50864,202.1,2,3.9,4.11,0.0,closed,16858.711167934576,,,,,,,10,Tree cover
EVT2026_001767,2026-04-03,2026-04-03,1,20.38111,73.749015,188.2,2,4.65,7.38,0.0,closed,8651.981327898808,,,,,,,40,Cropland
EVT2026_001768,2026-04-03,2026-04-03,1,20.449125000000002,73.63773,200.8,2,2.2,2.2,0.0,closed,6479.766982453403,,,,,,,30,Grassland
EVT2026_001769,2026-04-03,2026-04-03,1,20.74273,73.77212,188.5,2,5.035,5.31,0.0,closed,9771.437299518275,,,,,,,10,Tree cover
EVT2026_001770,2026-04-03,2026-04-03,1,20.81249,73.67068,188.1,2,2.54,2.54,0.0,closed,6071.524105972761,,,,,,,10,Tree cover
EVT2026_001771,2026-04-03,2026-04-03,1,20.856695000000002,73.656195,194.3,2,0.58,0.77,1.0,closed,9168.775470533014,,,,,,,10,Tree cover
EVT2026_001772,2026-04-03,2026-04-03,1,21.50319,72.11772500000001,196.6,2,2.785,2.97,0.0,closed,1295.1283748229707,14032.206481155357,,,,,,40,Cropland
EVT2026_001773,2026-04-03,2026-04-03,1,21.656545,73.65592,187.9,2,3.56,3.56,0.0,closed,8106.5014434755,,,,,,,30,Grassland
EVT2026_001774,2026-04-03,2026-04-03,1,21.692325,72.70654,192.4,2,3.58,3.58,0.0,closed,488.87941151261737,8786.362345507794,10467.68845560875,,,,,40,Cropland
EVT2026_001775,2026-04-03,2026-04-03,1,21.874713333333332,72.12088,277.7,3,12.983,14.1,0.0,closed,3275.2258489308483,,,,,,,30,Grassland
EVT2026_001776,2026-04-03,2026-04-03,1,22.119555,72.547985,206.6,2,10.575,11.42,0.0,closed,9631.354568758856,,,,,,,40,Cropland
EVT2026_001777,2026-04-03,2026-04-03,1,24.206805,74.23858,186.5,2,6.15,8.42,0.0,closed,,,,,,,,10,Tree cover
EVT2026_001778,2026-04-03,2026-04-03,1,24.245365,71.17477500000001,207.3,2,1.55,1.55,1.0,closed,4726.799754444851,,,,,,,20,Shrubland
EVT2026_001779,2026-04-03,2026-04-04,2,20.932160000000003,73.47212999999999,332.0,2,3.29,3.46,0.0,closed,5977.133493930823,,,,,,,10,Tree cover
EVT2026_001780,2026-04-03,2026-04-04,2,21.32587142857143,73.83191000000001,517.0,7,4.387,5.24,0.0,closed,4846.146262186438,,,,,,,40,Cropland
EVT2026_001781,2026-04-03,2026-04-05,3,20.827021111111108,73.55544888888889,557.8,9,2.757,5.02,0.4444,closed,9205.996564425568,,,,,,,10,Tree cover
EVT2026_001782,2026-04-03,2026-04-08,6,22.41636,69.03944444444444,305.9,9,1.521,3.43,0.8889,closed,68.17306856202676,,,14130.02368419693,17,Moderate,True,60,Bare/sparse vegetation
EVT2026_001783,2026-04-04,2026-04-04,1,20.292765,73.555615,52.5,2,3.49,4.0,0.0,closed,19272.606538140903,,,,,,,40,Cropland
EVT2026_001784,2026-04-04,2026-04-04,1,20.559150000000002,73.47668999999999,8.4,2,1.32,1.44,1.0,closed,15020.09891839009,,,,,,,10,Tree cover
EVT2026_001785,2026-04-04,2026-04-04,1,20.741429999999998,73.63428333333333,293.1,3,3.95,4.95,0.0,closed,5089.5015092473095,,,,,,,10,Tree cover
EVT2026_001786,2026-04-04,2026-04-04,1,21.236135,70.1751,111.0,2,2.05,2.08,0.0,closed,2277.0132402984245,,,,,,,40,Cropland
EVT2026_001787,2026-04-04,2026-04-04,1,21.25038,73.32886500000001,217.6,2,4.44,5.08,0.0,closed,2422.475534195843,,,,,,,40,Cropland
EVT2026_001788,2026-04-04,2026-04-04,1,21.32,73.79881499999999,49.3,2,2.585,3.64,0.0,closed,5806.956384876501,,,,,,,40,Cropland
EVT2026_001789,2026-04-04,2026-04-04,1,21.43766,72.711,54.4,2,8.115,8.5,0.0,closed,3845.1677736506986,,,,,,,30,Grassland
EVT2026_001790,2026-04-04,2026-04-04,1,21.877209999999998,73.74798000000001,229.0,2,4.4,4.4,0.0,closed,4130.444557052587,,,,,,,10,Tree cover
EVT2026_001791,2026-04-04,2026-04-04,1,21.885965,71.70510999999999,232.0,2,2.075,2.61,0.0,closed,1971.0807230275664,,,,,,,40,Cropland
EVT2026_001792,2026-04-04,2026-04-04,1,22.23644,70.258155,69.4,2,3.93,4.16,0.0,closed,1523.992983368887,,,,,,,40,Cropland
EVT2026_001793,2026-04-04,2026-04-04,1,22.289823333333334,69.97166333333332,195.2,3,3.163,4.98,0.0,closed,2895.9525536434685,,9324.263746351828,,,,,40,Cropland
EVT2026_001794,2026-04-04,2026-04-04,1,22.404170000000004,73.20918333333334,278.1,3,5.47,7.51,0.0,closed,1410.22025888282,11492.053225835525,,,,,,10,Tree cover
EVT2026_001795,2026-04-04,2026-04-04,1,22.40504,70.20804,283.3,2,3.625,4.89,0.0,closed,3837.7465184399816,,,,,,,40,Cropland
EVT2026_001796,2026-04-04,2026-04-04,1,22.461875,70.34209,113.8,2,4.72,5.3,0.0,closed,2831.394216336767,,,,,,,40,Cropland
EVT2026_001797,2026-04-04,2026-04-04,1,22.600396666666665,70.33593,360.3,3,8.727,10.96,0.0,closed,3217.663270100283,,,,,,,40,Cropland
EVT2026_001798,2026-04-04,2026-04-04,1,22.69748,70.705565,272.4,2,8.565,9.41,0.0,closed,3860.715461536293,,,,,,,20,Shrubland
EVT2026_001799,2026-04-04,2026-04-04,1,22.761020000000002,70.71341000000001,110.5,2,12.79,14.76,0.0,closed,2739.4338216787796,,,,,,,40,Cropland
EVT2026_001800,2026-04-04,2026-04-04,1,22.88728,69.20004,99.2,2,1.485,1.57,0.0,closed,917.7380131346764,,,,,,,40,Cropland
EVT2026_001801,2026-04-04,2026-04-04,1,22.98086,69.18019,80.6,2,1.755,1.88,0.0,closed,608.2949226564815,,,,,,,40,Cropland
EVT2026_001802,2026-04-04,2026-04-04,1,23.69371,69.246005,175.4,2,7.95,7.95,0.0,closed,12566.826336834672,,,,,,,40,Cropland
EVT2026_001803,2026-04-04,2026-04-04,1,24.318275,68.374585,192.6,2,3.77,4.29,0.0,closed,,,,,,,,40,Cropland
EVT2026_001804,2026-04-04,2026-04-05,2,20.15476,73.49865,288.8,2,1.845,3.32,0.5,closed,,,,,,,,40,Cropland
EVT2026_001805,2026-04-04,2026-04-05,2,20.76285,73.80409666666667,387.0,3,6.51,8.62,0.0,closed,12945.006673092268,,,,,,,40,Cropland
EVT2026_001806,2026-04-04,2026-04-05,2,22.446946666666665,70.43310666666667,387.3,3,3.28,4.01,0.0,closed,4530.10071300086,,,,,,,40,Cropland
EVT2026_001807,2026-04-04,2026-04-05,2,22.58161,70.7229,409.2,3,6.917,8.99,0.0,closed,2488.76588605428,,,,,,,40,Cropland
EVT2026_001808,2026-04-04,2026-04-05,2,22.85741333333333,72.51914333333333,265.6,3,4.807,6.17,0.0,closed,3606.7198605923063,,,,,,,40,Cropland
EVT2026_001809,2026-04-04,2026-04-08,5,22.932521,69.699956,433.8,10,1.205,1.93,1.0,closed,293.2806634854982,19348.245478676334,,,1,Moderate,True,10,Tree cover
EVT2026_001810,2026-04-05,2026-04-05,1,20.3512,73.343635,39.1,2,6.26,6.32,0.0,closed,5133.537770368426,,,,,,,40,Cropland
EVT2026_001811,2026-04-05,2026-04-05,1,20.353,73.43257,70.5,2,1.215,1.23,0.0,closed,7676.245475851529,,,,,,,10,Tree cover
EVT2026_001812,2026-04-05,2026-04-05,1,20.629895,73.489165,320.7,2,6.075,6.84,0.0,closed,11486.376060664648,,,,,,,30,Grassland
EVT2026_001813,2026-04-05,2026-04-05,1,20.787805,73.791435,210.1,2,2.14,2.16,0.0,closed,12065.780809393997,,,,,,,10,Tree cover
EVT2026_001814,2026-04-05,2026-04-05,1,20.868985000000002,73.705895,87.8,2,3.185,4.19,0.0,closed,10649.125652060913,,,,,,,40,Cropland
EVT2026_001815,2026-04-05,2026-04-05,1,20.87672,70.846165,263.5,2,7.76,9.78,0.0,closed,2532.2165127406174,,,,,,,10,Tree cover
EVT2026_001816,2026-04-05,2026-04-05,1,20.878709999999998,73.512135,117.2,2,4.125,5.24,0.0,closed,7250.17079324438,,,,,,,30,Grassland
EVT2026_001817,2026-04-05,2026-04-05,1,20.966794999999998,73.595175,96.0,2,10.625,10.9,0.0,closed,5887.938156590691,,,,,,,10,Tree cover
EVT2026_001818,2026-04-05,2026-04-05,1,21.0165675,73.6315975,472.0,4,4.433,5.53,0.0,closed,3498.908826821565,,,,,,,10,Tree cover
EVT2026_001819,2026-04-05,2026-04-05,1,21.312715,74.21719,129.7,2,3.415,4.05,0.0,closed,5507.88984683867,,,,,,,40,Cropland
EVT2026_001820,2026-04-05,2026-04-05,1,21.314864999999998,70.41829,102.9,2,3.225,3.75,0.0,closed,2101.9743143681562,,,,,,,40,Cropland
EVT2026_001821,2026-04-05,2026-04-05,1,21.51701,72.70201,72.4,2,6.65,6.99,0.0,closed,5455.456154866932,,,,,,,40,Cropland
EVT2026_001822,2026-04-05,2026-04-05,1,21.647990000000004,70.17765,432.6,3,6.893,10.72,0.0,closed,481.6062449279556,,,,,,,40,Cropland
EVT2026_001823,2026-04-05,2026-04-05,1,21.71624,72.702175,93.3,2,5.015,5.9,0.0,closed,1331.3413862440552,8749.463348720297,10316.257182064968,,,,,40,Cropland
EVT2026_001824,2026-04-05,2026-04-05,1,21.748395000000002,70.157315,288.8,2,7.42,7.57,0.0,closed,4460.338399366176,,,,,,,40,Cropland
EVT2026_001825,2026-04-05,2026-04-05,1,22.01317333333333,72.60737166666667,497.6,6,6.458,12.62,0.0,closed,5986.48789021199,,,,,,,30,Grassland
EVT2026_001826,2026-04-05,2026-04-05,1,22.138685000000002,71.52115,212.3,2,0.475,0.5,1.0,closed,2217.8203806443653,,,,,,,40,Cropland
EVT2026_001827,2026-04-05,2026-04-05,1,22.292095,69.65328,115.0,2,2.94,2.94,0.0,closed,4643.188590997191,6016.535517594387,9532.61398253571,,,,,40,Cropland
EVT2026_001828,2026-04-05,2026-04-05,1,22.346519999999998,70.35599500000001,110.6,2,2.88,4.11,0.0,closed,581.2681964862929,,,,,,,40,Cropland
EVT2026_001829,2026-04-05,2026-04-05,1,22.349613333333334,73.39688666666666,482.1,3,8.9,12.3,0.0,closed,3561.8371655780147,,,,,,,40,Cropland
EVT2026_001830,2026-04-05,2026-04-05,1,22.35498,70.081495,245.3,2,3.16,3.16,0.0,closed,1447.813789280487,,19554.73102562637,,,,,40,Cropland
EVT2026_001831,2026-04-05,2026-04-05,1,22.471856666666667,70.69428333333333,316.4,3,1.933,2.18,0.0,closed,4804.535268087136,,,,,,,40,Cropland
EVT2026_001832,2026-04-05,2026-04-05,1,22.5234475,73.303235,413.8,8,4.68,8.21,0.0,closed,3440.5242227759445,,,,,,,30,Grassland
EVT2026_001833,2026-04-05,2026-04-05,1,22.60541333333333,70.36963666666666,434.9,3,6.62,9.1,0.0,closed,4301.447463927655,,,,,,,40,Cropland
EVT2026_001834,2026-04-05,2026-04-05,1,22.66913,70.74937,56.1,2,3.935,4.34,0.0,closed,1312.8052797298913,,,,,,,40,Cropland
EVT2026_001835,2026-04-05,2026-04-05,1,22.736355,70.49613,177.9,2,13.305,13.95,0.0,closed,668.5275593747282,,,,,,,40,Cropland
EVT2026_001836,2026-04-05,2026-04-05,1,22.74918,70.68646,180.2,2,6.53,6.54,0.0,closed,1690.540799511135,,,,,,,40,Cropland
EVT2026_001837,2026-04-05,2026-04-05,1,22.766035,70.672845,159.4,2,10.31,10.32,0.0,closed,1457.114428828654,,,,,,,40,Cropland
EVT2026_001838,2026-04-05,2026-04-05,1,22.879694999999998,69.25468000000001,88.8,2,4.82,5.75,0.0,closed,915.4238998673507,,,,,,,40,Cropland
EVT2026_001839,2026-04-05,2026-04-05,1,22.88827,72.511495,1.9,2,3.765,3.89,0.0,closed,5971.7423294464315,,,,,,,40,Cropland
EVT2026_001840,2026-04-05,2026-04-05,1,22.910506666666667,72.12378833333334,474.5,6,4.23,4.48,0.0,closed,5895.449968356567,,,,,,,40,Cropland
EVT2026_001841,2026-04-05,2026-04-05,1,22.92187,72.1772225,508.6,4,15.085,24.14,0.0,closed,1098.7348785261647,,,,,,,40,Cropland
EVT2026_001842,2026-04-05,2026-04-05,1,22.93617,72.25775,94.6,2,6.865,8.03,0.0,closed,1434.0318869472271,,,,,,,40,Cropland
EVT2026_001843,2026-04-05,2026-04-05,1,22.991635000000002,72.15459,169.8,2,4.1,4.15,0.0,closed,2449.123143193568,,,,,,,40,Cropland
EVT2026_001844,2026-04-05,2026-04-05,1,23.049889999999998,72.24164999999999,118.3,2,3.5,4.28,0.0,closed,1815.679172864273,,,,,,,40,Cropland
EVT2026_001845,2026-04-05,2026-04-05,1,23.24143,72.232765,56.4,2,2.3,2.5,0.0,closed,4719.904551885656,,,,,,,40,Cropland
EVT2026_001846,2026-04-05,2026-04-05,1,23.712205,73.79574,46.7,2,2.61,3.14,0.0,closed,16960.10160811707,,,,,,,30,Grassland
EVT2026_001847,2026-04-05,2026-04-05,1,23.729136666666665,73.82287000000001,200.9,3,3.737,4.97,0.0,closed,17542.452313269965,,,,,,,10,Tree cover
EVT2026_001848,2026-04-05,2026-04-05,1,23.734153333333335,73.86986,199.5,3,8.657,13.27,0.0,closed,15665.94958510572,,,,,,,10,Tree cover
EVT2026_001849,2026-04-05,2026-04-05,1,24.3109,73.56815,42.6,2,1.71,2.24,0.0,closed,12483.462649891077,18704.163703449114,,,,,,10,Tree cover
EVT2026_001850,2026-04-05,2026-04-05,1,24.42259,68.539445,61.8,2,5.035,5.76,0.0,closed,,,,,,,,40,Cropland
EVT2026_001851,2026-04-05,2026-04-05,1,24.451078000000003,72.608988,495.0,5,2.638,4.88,1.0,closed,5354.43547354357,,,,,,,10,Tree cover
EVT2026_001852,2026-04-05,2026-04-06,2,22.18352,72.77571666666667,839.8,6,3.967,5.52,0.0,closed,5969.48937555846,6696.7281498964,,15468.64314464973,,,,40,Cropland
EVT2026_001853,2026-04-05,2026-04-06,2,22.917217,72.19388699999999,813.1,10,8.27,20.14,0.0,closed,1382.5560454913625,,,,,,,40,Cropland
EVT2026_001854,2026-04-05,2026-04-06,2,22.935371333333332,72.19358533333335,1719.8,15,5.591,12.22,0.0,closed,2814.621215107426,,,,,,,40,Cropland
EVT2026_001855,2026-04-06,2026-04-06,1,20.013624999999998,73.670125,86.7,2,3.025,3.03,0.0,closed,1254.0326507427078,,,,,,,40,Cropland
EVT2026_001856,2026-04-06,2026-04-06,1,20.031765,73.40647,191.2,2,1.74,1.74,0.0,closed,,,,,,,,10,Tree cover
EVT2026_001857,2026-04-06,2026-04-06,1,20.050465000000003,74.095925,85.3,2,3.46,3.98,0.0,closed,4437.657893912335,,,,,,,40,Cropland
EVT2026_001858,2026-04-06,2026-04-06,1,20.424066666666665,73.61974,340.8,3,6.873,11.01,0.0,closed,8479.54524951194,,,,,,,40,Cropland
EVT2026_001859,2026-04-06,2026-04-06,1,20.792765000000003,73.55781999999999,202.8,2,6.63,6.63,0.0,closed,7103.643959678829,,,,,,,10,Tree cover
EVT2026_001860,2026-04-06,2026-04-06,1,21.030155,73.856315,312.1,2,2.48,2.48,0.0,closed,7494.349322431132,,,,,,,40,Cropland
EVT2026_001861,2026-04-06,2026-04-06,1,21.0736,72.91493,367.8,4,3.72,3.78,1.0,closed,735.8569161870549,17829.72479913859,,,,,,50,Built-up
EVT2026_001862,2026-04-06,2026-04-06,1,21.111625,74.06744499999999,159.9,2,5.065,6.55,0.0,closed,4814.011740855199,,,,,,,30,Grassland
EVT2026_001863,2026-04-06,2026-04-06,1,21.3263,73.84886499999999,202.5,2,5.14,5.14,0.0,closed,4981.297324474913,,,,,,,30,Grassland
EVT2026_001864,2026-04-06,2026-04-06,1,21.41936,74.289345,39.1,2,2.105,2.32,0.0,closed,3374.94126932352,,,,,,,40,Cropland
EVT2026_001865,2026-04-06,2026-04-06,1,21.434895,73.15766500000001,187.5,2,3.005,3.14,0.0,closed,2283.376668033518,6808.7482167463895,,,,,,40,Cropland
EVT2026_001866,2026-04-06,2026-04-06,1,21.443565,74.021525,209.8,2,6.07,6.23,0.0,closed,1821.0407917459006,,,,,,,40,Cropland
EVT2026_001867,2026-04-06,2026-04-06,1,21.471365,70.422695,120.4,2,3.095,3.34,0.0,closed,2359.091553586506,,,,,,,40,Cropland
EVT2026_001868,2026-04-06,2026-04-06,1,21.47224,74.490265,227.1,2,3.45,3.9,0.0,closed,7757.151550970916,,,,,,,40,Cropland
EVT2026_001869,2026-04-06,2026-04-06,1,21.60085,72.80300500000001,62.8,2,5.56,5.79,0.0,closed,2879.2373097434547,,,,,,,40,Cropland
EVT2026_001870,2026-04-06,2026-04-06,1,21.66882,71.21832,84.1,2,13.795,14.25,0.0,closed,1180.933356042833,,,,,,,40,Cropland
EVT2026_001871,2026-04-06,2026-04-06,1,21.670695,73.38126,78.9,2,3.455,4.02,0.0,closed,3840.7672037086168,,,,,,,10,Tree cover
EVT2026_001872,2026-04-06,2026-04-06,1,21.9029725,73.7969175,353.1,4,2.59,3.69,1.0,closed,8243.044126096422,,,,,,,10,Tree cover
EVT2026_001873,2026-04-06,2026-04-06,1,21.99898,72.60402500000001,173.7,2,6.26,6.26,0.0,closed,7601.677243573208,,,,,,,40,Cropland
EVT2026_001874,2026-04-06,2026-04-06,1,22.06112333333333,72.67433333333334,560.4,6,5.387,7.18,0.0,closed,4410.037038265548,,,,,,,40,Cropland
EVT2026_001875,2026-04-06,2026-04-06,1,22.568115,70.38388499999999,253.4,2,4.08,5.11,0.0,closed,2701.3437962902876,,,,,,,40,Cropland
EVT2026_001876,2026-04-06,2026-04-06,1,22.650015,70.38797,253.1,2,5.95,5.95,0.0,closed,2357.4253014131564,,,,,,,40,Cropland
EVT2026_001877,2026-04-06,2026-04-06,1,22.751514999999998,70.72279,265.4,2,3.43,3.43,0.0,closed,3944.2124266219425,,,,,,,40,Cropland
EVT2026_001878,2026-04-06,2026-04-06,1,23.12161,70.084675,123.9,2,0.96,1.14,0.0,closed,709.2555828719052,,,,5,Moderate,True,40,Cropland
EVT2026_001879,2026-04-06,2026-04-06,1,23.183355,72.20677,168.5,2,6.425,7.94,0.0,closed,3874.5978972822386,,,,,,,40,Cropland
EVT2026_001880,2026-04-06,2026-04-06,1,23.354386666666667,74.40581666666667,304.9,3,2.863,4.2,0.0,closed,14196.19459519813,,,,,,,10,Tree cover
EVT2026_001881,2026-04-06,2026-04-06,1,23.666005,73.81753499999999,145.9,2,5.225,5.39,0.0,closed,19997.278432849704,,,,,,,30,Grassland
EVT2026_001882,2026-04-06,2026-04-06,1,23.68822666666667,73.9862,454.5,3,21.633,23.32,0.0,closed,2805.9766044947883,,,,,,,30,Grassland
EVT2026_001883,2026-04-06,2026-04-06,1,24.05184,74.4613,192.2,2,2.87,2.97,0.0,closed,4719.714356842329,,,,,,,40,Cropland
EVT2026_001884,2026-04-06,2026-04-06,1,24.162615000000002,74.37933000000001,144.2,2,5.92,6.61,0.0,closed,11737.24821252408,,,,,,,10,Tree cover
EVT2026_001885,2026-04-06,2026-04-06,1,24.178835,74.28339,178.9,2,6.57,6.84,0.0,closed,,,,,,,,10,Tree cover
EVT2026_001886,2026-04-06,2026-04-06,1,24.183275000000002,74.30123,158.2,2,3.465,3.97,0.0,closed,19549.678858723186,,,,,,,30,Grassland
EVT2026_001887,2026-04-06,2026-04-06,1,24.236185,74.30798,241.3,2,6.89,7.5,0.0,closed,,,,,,,,20,Shrubland
EVT2026_001888,2026-04-06,2026-04-07,2,22.707445,74.14183499999999,283.2,2,4.175,5.72,0.0,closed,16014.42042122043,,,,,,,30,Grassland
EVT2026_001889,2026-04-06,2026-04-07,2,22.9776825,72.565415,244.2,4,0.58,0.97,1.0,closed,324.73941899126896,10665.223142653995,,,32,Limited,True,50,Built-up
EVT2026_001890,2026-04-06,2026-04-09,4,20.9100075,71.4596375,199.6,4,1.4,1.69,1.0,closed,264.7030539366082,1617.5273763052883,,,7,Strong,True,50,Built-up
EVT2026_001891,2026-04-07,2026-04-07,1,20.645165,73.7448225,256.5,4,12.51,14.32,0.0,closed,5323.77992568669,,,,,,,10,Tree cover
EVT2026_001892,2026-04-07,2026-04-07,1,20.78408,73.13943,278.0,3,3.227,3.8,0.0,closed,2986.992166207435,,,,,,,10,Tree cover
EVT2026_001893,2026-04-07,2026-04-07,1,20.850655,73.5018,224.3,2,4.81,6.59,0.0,closed,6980.860943121031,,,,,,,10,Tree cover
EVT2026_001894,2026-04-07,2026-04-07,1,20.912655,73.77466,298.5,2,1.54,2.16,0.0,closed,2633.4756016392116,,,,,,,40,Cropland
EVT2026_001895,2026-04-07,2026-04-07,1,20.95848625,73.71634375,734.8,8,3.405,4.63,0.0,closed,6988.874171131761,,,,,,,10,Tree cover
EVT2026_001896,2026-04-07,2026-04-07,1,20.971874999999997,74.054685,231.9,2,3.49,3.49,0.0,closed,,,,,,,,30,Grassland
EVT2026_001897,2026-04-07,2026-04-07,1,21.09362,70.54269,209.8,2,2.86,2.86,0.0,closed,3115.221039428216,,,,,,,40,Cropland
EVT2026_001898,2026-04-07,2026-04-07,1,21.46324,74.278715,33.8,2,5.845,7.57,0.0,closed,4434.305107127714,,,,,,,40,Cropland
EVT2026_001899,2026-04-07,2026-04-07,1,21.711399999999998,73.820225,213.1,2,2.63,2.63,0.0,closed,15543.33802793124,,,,,,,40,Cropland
EVT2026_001900,2026-04-07,2026-04-07,1,21.99252,70.09441,275.4,4,3.49,3.67,0.0,closed,663.3467260226114,,,,,,,30,Grassland
EVT2026_001901,2026-04-07,2026-04-07,1,22.31944,70.12341,49.1,2,2.59,3.03,0.0,closed,3671.467038964792,,,,,,,20,Shrubland
EVT2026_001902,2026-04-07,2026-04-07,1,22.504475,70.78492,198.2,2,3.59,3.59,0.0,closed,2730.8657493131896,,,,,,,40,Cropland
EVT2026_001903,2026-04-07,2026-04-07,1,22.698774999999998,70.70911,198.2,2,2.91,3.3,0.0,closed,4250.395165306125,,,,,,,40,Cropland
EVT2026_001904,2026-04-07,2026-04-07,1,22.765610000000002,74.06213500000001,237.5,2,6.53,6.53,0.0,closed,11182.737204370947,,,,,,,30,Grassland
EVT2026_001905,2026-04-07,2026-04-07,1,22.777375,73.39069,228.0,2,14.2,14.2,0.0,closed,6764.280326609626,11070.851936391626,,,,,,40,Cropland
EVT2026_001906,2026-04-07,2026-04-07,1,22.858590000000003,74.05815333333334,348.7,3,12.547,17.84,0.0,closed,8072.949136042588,,,,,,,40,Cropland
EVT2026_001907,2026-04-07,2026-04-07,1,23.15815,69.19047499999999,51.2,2,4.3,4.43,0.0,closed,3091.9272649558684,,,,,,,20,Shrubland
EVT2026_001908,2026-04-07,2026-04-07,1,23.634985,69.50486000000001,16.2,2,5.14,5.41,0.0,closed,18715.921018654397,,,,,,,20,Shrubland
EVT2026_001909,2026-04-07,2026-04-07,1,23.698255,73.65953999999999,234.3,2,3.24,3.24,0.0,closed,12050.832840338639,,,,,,,20,Shrubland
EVT2026_001910,2026-04-07,2026-04-07,1,23.738367,69.270251,1296.2,10,16.786,23.78,0.0,closed,10026.010742107921,,,,,,,40,Cropland
EVT2026_001911,2026-04-07,2026-04-08,2,20.854063333333333,73.88914333333334,377.9,3,8.637,13.51,0.0,closed,14609.410672723638,,,,,,,10,Tree cover
EVT2026_001912,2026-04-07,2026-04-08,2,20.8688175,73.829625,466.4,4,3.243,4.48,0.0,closed,9121.722949617155,,,,,,,30,Grassland
EVT2026_001913,2026-04-07,2026-04-08,2,21.10776,72.80667,44.9,2,3.15,3.71,0.0,closed,205.1289053559297,14409.306596615826,,,,,,60,Bare/sparse vegetation
EVT2026_001914,2026-04-07,2026-04-08,2,21.49749,72.730065,257.6,2,3.145,5.3,0.0,closed,4050.661559240258,,,,,,,50,Built-up
EVT2026_001915,2026-04-07,2026-04-08,2,24.68985,73.00341,124.3,2,1.44,1.74,1.0,closed,255.82387453245963,737.7201639772185,,,15,Moderate,True,50,Built-up
EVT2026_001916,2026-04-07,2026-04-12,6,23.429978333333334,68.71269166666666,253.3,6,1.188,1.63,1.0,closed,80.08929957437314,,,,20,Moderate,True,50,Built-up
EVT2026_001917,2026-04-08,2026-04-08,1,20.04356,73.234255,194.2,2,2.94,2.94,0.0,closed,19021.098135753382,,,,,,,10,Tree cover
EVT2026_001918,2026-04-08,2026-04-08,1,20.228740000000002,73.75324,186.9,2,2.07,2.07,0.0,closed,7494.186206322625,,,,,,,40,Cropland
EVT2026_001919,2026-04-08,2026-04-08,1,20.55,73.58345,194.1,2,3.44,3.44,0.0,closed,6113.2400208261715,,,,,,,40,Cropland
EVT2026_001920,2026-04-08,2026-04-08,1,20.574109999999997,73.70972499999999,187.0,2,2.23,2.23,0.0,closed,4231.178538991276,,,,,,,30,Grassland
EVT2026_001921,2026-04-08,2026-04-08,1,20.6386625,73.7154425,271.0,4,16.253,32.28,0.0,closed,5354.191386646767,,,,,,,30,Grassland
EVT2026_001922,2026-04-08,2026-04-08,1,20.712961111111113,73.48514333333334,734.7,9,5.089,7.37,0.0,closed,5973.642860359363,,,,,,,10,Tree cover
EVT2026_001923,2026-04-08,2026-04-08,1,20.727330000000002,74.01339999999999,187.2,2,17.08,17.08,0.0,closed,13426.491639152977,,,,,,,30,Grassland
EVT2026_001924,2026-04-08,2026-04-08,1,20.75375,73.972985,196.4,2,17.52,17.52,0.0,closed,15836.28618567555,,,,,,,30,Grassland
EVT2026_001925,2026-04-08,2026-04-08,1,20.766335,73.63621166666667,717.2,6,7.717,13.48,0.0,closed,4602.014683496628,,,,,,,10,Tree cover
EVT2026_001926,2026-04-08,2026-04-08,1,20.901636666666665,70.62704000000001,247.3,3,4.427,5.49,0.0,closed,2273.239172682465,,,,,,,40,Cropland
EVT2026_001927,2026-04-08,2026-04-08,1,20.92062,73.63109499999999,186.9,2,4.47,4.47,0.0,closed,4064.6394449957616,,,,,,,10,Tree cover
EVT2026_001928,2026-04-08,2026-04-08,1,20.93487,73.82104666666667,288.9,3,11.57,11.57,0.0,closed,4350.416762997301,,,,,,,10,Tree cover
EVT2026_001929,2026-04-08,2026-04-08,1,21.07997,73.9034525,271.4,4,3.75,5.89,0.0,closed,11843.353111033011,,,,,,,20,Shrubland
EVT2026_001930,2026-04-08,2026-04-08,1,21.35712,73.88228333333333,290.1,3,4.17,4.87,0.0,closed,9465.205394771676,,,,,,,40,Cropland
EVT2026_001931,2026-04-08,2026-04-08,1,21.644975000000002,73.684635,269.9,2,4.3,4.3,0.0,closed,10480.85543424786,,,,,,,30,Grassland
EVT2026_001932,2026-04-08,2026-04-08,1,21.648580000000003,73.662965,186.9,2,2.51,2.51,0.0,closed,8434.964829296474,,,,,,,30,Grassland
EVT2026_001933,2026-04-08,2026-04-08,1,21.69933,73.66008500000001,270.8,2,3.875,4.73,0.0,closed,11372.583559760256,,,,,,,30,Grassland
EVT2026_001934,2026-04-08,2026-04-08,1,22.046979999999998,69.47503499999999,233.4,2,3.08,3.08,0.0,closed,2793.925263522172,,,,,,,40,Cropland
EVT2026_001935,2026-04-08,2026-04-08,1,22.298479999999998,72.20375,187.1,2,5.52,5.52,0.0,closed,5175.059918250951,,,,,,,40,Cropland
EVT2026_001936,2026-04-08,2026-04-08,1,22.498005,73.56951,195.5,2,2.26,2.26,0.0,closed,9382.530117621876,,,,,,,20,Shrubland
EVT2026_001937,2026-04-08,2026-04-08,1,23.25813,70.26221,133.8,2,0.98,1.03,1.0,closed,715.3001209509172,,,,29,Limited,True,60,Bare/sparse vegetation
EVT2026_001938,2026-04-08,2026-04-08,1,23.388154999999998,68.66299000000001,137.8,2,4.79,4.84,0.0,closed,952.228497375644,,,,,,,40,Cropland
EVT2026_001939,2026-04-08,2026-04-09,2,20.13572,73.55451500000001,247.7,2,2.11,3.18,0.5,closed,18549.172264802757,,,,,,,30,Grassland
EVT2026_001940,2026-04-08,2026-04-09,2,20.810119999999998,73.51395000000001,528.6,3,3.117,5.48,0.3333,closed,5280.060370488555,,,,,,,10,Tree cover
EVT2026_001941,2026-04-08,2026-04-09,2,24.2349,74.29583000000001,916.4,7,5.959,15.47,0.5714,closed,,,,,,,,20,Shrubland
EVT2026_001942,2026-04-08,2026-04-10,3,20.965196,73.705946,960.6,10,3.202,6.77,0.3,closed,8269.944290984966,,,,,,,10,Tree cover
EVT2026_001943,2026-04-09,2026-04-09,1,20.190835,73.244015,147.0,2,2.96,3.82,0.0,closed,10988.043741913905,,,,,,,10,Tree cover
EVT2026_001944,2026-04-09,2026-04-09,1,20.56509,73.48736,177.6,2,2.645,2.85,0.0,closed,14358.180020810638,,,,,,,40,Cropland
EVT2026_001945,2026-04-09,2026-04-09,1,20.82036,73.57096250000001,346.5,4,12.77,33.65,0.0,closed,9887.779228135767,,,,,,,30,Grassland
EVT2026_001946,2026-04-09,2026-04-09,1,20.96206666666667,73.59567666666668,320.1,3,3.74,5.09,0.3333,closed,5365.574525109851,,,,,,,10,Tree cover
EVT2026_001947,2026-04-09,2026-04-09,1,21.04042,72.83632,223.1,2,15.89,15.89,0.0,closed,3711.6860657410307,,,,,,,90,Herbaceous wetland
EVT2026_001948,2026-04-09,2026-04-09,1,21.081545,73.71549999999999,256.7,2,5.495,7.44,0.0,closed,10227.666131937702,,,,,,,30,Grassland
EVT2026_001949,2026-04-09,2026-04-09,1,21.08228,71.45124,242.7,2,4.615,4.97,0.0,closed,4566.708770660173,,,,,,,40,Cropland
EVT2026_001950,2026-04-09,2026-04-09,1,21.42633,74.41378499999999,233.3,2,3.325,3.89,0.0,closed,7499.8097625008195,,,,,,,40,Cropland
EVT2026_001951,2026-04-09,2026-04-09,1,21.75108,73.31463,269.5,2,3.35,3.35,0.0,closed,4884.848099430744,,,,,,,10,Tree cover
EVT2026_001952,2026-04-09,2026-04-09,1,21.769669999999998,69.95125999999999,272.9,2,7.475,8.74,0.0,closed,1664.7029723679536,,,,,,,40,Cropland
EVT2026_001953,2026-04-09,2026-04-09,1,21.772295,72.67754,222.8,2,5.91,5.91,0.0,closed,2670.390253417285,10612.63409757023,11473.655643083683,,,,,40,Cropland
EVT2026_001954,2026-04-09,2026-04-09,1,22.158430000000003,72.20256,197.5,2,5.44,5.44,0.0,closed,1834.640976905405,,,,,,,40,Cropland
EVT2026_001955,2026-04-09,2026-04-09,1,23.037950000000002,70.988765,149.5,2,1.69,1.71,0.0,closed,1826.2037136893457,,,,,,,40,Cropland
EVT2026_001956,2026-04-09,2026-04-09,1,23.311295,69.19115,133.3,2,14.875,17.19,0.0,closed,786.3004520735894,,,,,,,10,Tree cover
EVT2026_001957,2026-04-09,2026-04-09,1,23.563465,74.478905,203.8,2,0.71,0.71,1.0,closed,3352.4351873358764,7469.627716846761,,,,,,30,Grassland
EVT2026_001958,2026-04-09,2026-04-09,1,24.21501,74.372815,113.7,2,0.785,0.87,1.0,closed,16518.599054238075,,,,,,,10,Tree cover
EVT2026_001959,2026-04-09,2026-04-09,1,24.29402,69.662865,127.5,2,11.48,11.69,0.0,closed,19385.76987514559,,,,,,,40,Cropland
EVT2026_001960,2026-04-09,2026-04-09,1,24.551299999999998,73.29515,98.3,2,3.975,4.51,0.0,closed,,,,,,,,10,Tree cover
EVT2026_001961,2026-04-09,2026-04-10,2,20.93255,73.69924666666667,296.7,3,6.303,7.96,0.0,closed,8309.44224013678,,,,,,,10,Tree cover
EVT2026_001962,2026-04-09,2026-04-10,2,21.0108325,73.6968775,446.0,4,4.612,6.93,0.25,closed,10281.315071377228,,,,,,,10,Tree cover
EVT2026_001963,2026-04-09,2026-04-10,2,24.067925000000002,74.205435,504.4,4,1.673,4.32,0.75,closed,17614.2281046519,,,,,,,30,Grassland
EVT2026_001964,2026-04-09,2026-04-10,2,24.21063,74.46293666666666,567.8,3,3.31,6.34,0.6667,closed,12981.809346822873,,,,,,,10,Tree cover
EVT2026_001965,2026-04-09,2026-04-10,2,24.212766,74.293264,555.6,5,4.26,17.23,0.8,closed,,,,,,,,10,Tree cover
EVT2026_001966,2026-04-09,2026-04-10,2,24.22527,73.19189999999999,401.6,3,1.62,2.23,0.6667,closed,15363.078320440376,,,,,,,10,Tree cover
EVT2026_001967,2026-04-09,2026-04-10,2,24.266589999999997,73.24522666666667,275.8,3,2.357,4.29,0.6667,closed,17600.250251055473,,,,,,,10,Tree cover
EVT2026_001968,2026-04-09,2026-04-10,2,24.60929,73.60969,261.3,2,4.785,6.71,0.0,closed,5454.681605236626,,,,,,,10,Tree cover
EVT2026_001969,2026-04-09,2026-04-10,2,24.610756666666664,73.48355,474.9,3,7.267,9.85,0.3333,closed,16785.35857253472,,,,,,,10,Tree cover
EVT2026_001970,2026-04-09,2026-04-11,3,20.84236875,73.56449,1093.5,8,1.936,4.3,0.625,closed,8473.851544647861,,,,,,,10,Tree cover
EVT2026_001971,2026-04-09,2026-04-11,3,21.373728333333332,73.97606833333333,694.5,6,3.397,6.52,0.1667,closed,5673.060687766402,,,,,,,20,Shrubland
EVT2026_001972,2026-04-10,2026-04-10,1,20.122265,73.77424,156.0,2,4.87,5.61,0.0,closed,1150.696152307659,,,,,,,30,Grassland
EVT2026_001973,2026-04-10,2026-04-10,1,20.123604999999998,73.20074,122.0,2,2.49,2.52,0.0,closed,12862.252301877557,,,,,,,40,Cropland
EVT2026_001974,2026-04-10,2026-04-10,1,20.358615,73.28406000000001,84.1,2,0.87,0.97,0.0,closed,10461.662100083227,,,,,,,10,Tree cover
EVT2026_001975,2026-04-10,2026-04-10,1,20.381713333333334,73.46186333333333,378.4,3,1.973,2.74,0.0,closed,12038.269041695012,,,,,,,10,Tree cover
EVT2026_001976,2026-04-10,2026-04-10,1,20.428584999999998,73.127545,81.7,2,2.475,2.48,0.0,closed,8061.32306407787,,,,,,,30,Grassland
EVT2026_001977,2026-04-10,2026-04-10,1,20.43706,73.83360666666667,335.0,3,6.067,10.47,0.3333,closed,3497.5237072503483,,,,,,,20,Shrubland
EVT2026_001978,2026-04-10,2026-04-10,1,20.49248,73.45403999999999,102.7,2,2.935,3.26,0.0,closed,15840.93206937725,,,,,,,40,Cropland
EVT2026_001979,2026-04-10,2026-04-10,1,20.596925,73.487065,170.1,2,2.99,3.03,0.0,closed,14513.291165208504,,,,,,,10,Tree cover
EVT2026_001980,2026-04-10,2026-04-10,1,20.630595,73.592985,124.4,2,1.83,1.99,0.0,closed,14670.104015714594,,,,,,,40,Cropland
EVT2026_001981,2026-04-10,2026-04-10,1,20.695790000000002,73.70279,201.6,2,2.065,2.46,1.0,closed,7379.758728951478,,,,,,,10,Tree cover
EVT2026_001982,2026-04-10,2026-04-10,1,20.716565000000003,73.681175,616.0,4,6.94,9.82,0.0,closed,4669.970540544668,,,,,,,10,Tree cover
EVT2026_001983,2026-04-10,2026-04-10,1,20.726609999999997,74.01469333333334,323.5,3,12.247,15.23,0.0,closed,13366.275722908314,,,,,,,30,Grassland
EVT2026_001984,2026-04-10,2026-04-10,1,20.733542,73.511348,630.2,5,3.576,4.92,0.0,closed,3922.774438997163,,,,,,,10,Tree cover
EVT2026_001985,2026-04-10,2026-04-10,1,20.80601,73.98147999999999,395.3,3,6.15,6.61,0.0,closed,14160.644524828818,,,,,,,30,Grassland
EVT2026_001986,2026-04-10,2026-04-10,1,20.84968,73.83359,167.2,2,8.7,8.7,0.0,closed,11135.521748924502,,,,,,,30,Grassland
EVT2026_001987,2026-04-10,2026-04-10,1,21.12266,73.63049,161.6,2,3.33,3.33,0.0,closed,3665.3391911245103,12257.781249605472,,,,,,10,Tree cover
EVT2026_001988,2026-04-10,2026-04-10,1,21.215415,70.016415,131.1,2,6.06,6.81,0.0,closed,4117.678716696439,,,,,,,40,Cropland
EVT2026_001989,2026-04-10,2026-04-10,1,21.294995,73.61045,114.9,2,2.66,2.87,0.0,closed,5592.874066771032,11001.091885435886,,,,,,10,Tree cover
EVT2026_001990,2026-04-10,2026-04-10,1,21.393925,73.6554675,481.7,4,3.665,4.07,0.0,closed,8176.85708070762,,,,,,,10,Tree cover
EVT2026_001991,2026-04-10,2026-04-10,1,21.43459,72.70051000000001,374.3,2,4.27,4.51,0.0,closed,4637.568412108112,,,,,,,30,Grassland
EVT2026_001992,2026-04-10,2026-04-10,1,21.44193,73.70136666666667,464.3,3,5.27,5.71,0.0,closed,8310.634417042022,,,,,,,30,Grassland
EVT2026_001993,2026-04-10,2026-04-10,1,21.504095,72.10978,26.0,2,1.94,2.01,0.0,closed,1445.993506200362,14613.141413963946,,,,,,40,Cropland
EVT2026_001994,2026-04-10,2026-04-10,1,21.59945,70.200655,101.6,2,3.16,3.49,0.0,closed,2214.7260333387762,,,,,,,40,Cropland
EVT2026_001995,2026-04-10,2026-04-10,1,21.650525000000002,74.452895,288.3,2,5.845,6.37,0.0,closed,2520.4643500143934,,,,,,,40,Cropland
EVT2026_001996,2026-04-10,2026-04-10,1,21.767355000000002,73.56581,177.9,2,17.52,17.52,0.0,closed,6219.373830764122,,,,,,,30,Grassland
EVT2026_001997,2026-04-10,2026-04-10,1,21.773875,70.09702999999999,269.5,2,10.73,12.6,0.0,closed,275.2144349748639,,,,,,,40,Cropland
EVT2026_001998,2026-04-10,2026-04-10,1,21.821089999999998,72.82467,179.2,2,4.26,4.55,0.0,closed,2008.6143381337108,16575.570434255143,,,,,,40,Cropland
EVT2026_001999,2026-04-10,2026-04-10,1,21.864035,69.35043999999999,294.7,2,4.735,4.85,0.0,closed,1146.6162439253408,,,,,,,40,Cropland
EVT2026_002000,2026-04-10,2026-04-10,1,21.93387,69.371835,277.0,2,4.42,5.06,0.0,closed,2272.165343056405,,,,,,,40,Cropland
EVT2026_002001,2026-04-10,2026-04-10,1,21.9728225,70.3759075,404.5,4,5.407,6.89,0.0,closed,3210.5446294191074,,,,,,,10,Tree cover
EVT2026_002002,2026-04-10,2026-04-10,1,22.04932,73.89826500000001,85.1,2,3.115,3.27,1.0,closed,7022.211890100097,,,,,,,10,Tree cover
EVT2026_002003,2026-04-10,2026-04-10,1,22.166145,73.11105,174.2,2,3.545,3.92,0.0,closed,5510.5697467643595,,,,,,,40,Cropland
EVT2026_002004,2026-04-10,2026-04-10,1,22.173745,70.06663,262.7,2,5.58,7.06,0.0,closed,1952.8875572445381,,,,,,,20,Shrubland
EVT2026_002005,2026-04-10,2026-04-10,1,22.251235,73.90300500000001,275.1,2,8.17,8.17,0.0,closed,12978.709814810887,,,,,,,10,Tree cover
EVT2026_002006,2026-04-10,2026-04-10,1,22.26372,70.15536,168.0,2,4.035,4.93,0.0,closed,3314.223720054503,,,,,,,40,Cropland
EVT2026_002007,2026-04-10,2026-04-10,1,22.45743333333333,69.95792333333333,378.2,3,6.573,8.74,0.0,closed,2969.485311623947,13999.809733791679,14361.900823616535,,,,,40,Cropland
EVT2026_002008,2026-04-10,2026-04-10,1,22.492195000000002,71.58097000000001,76.9,2,2.76,2.94,0.0,closed,3880.382095987473,,,,,,,40,Cropland
EVT2026_002009,2026-04-10,2026-04-10,1,22.54269,73.38041,213.4,2,8.42,9.68,0.0,closed,1969.247606516671,,,,,,,40,Cropland
EVT2026_002010,2026-04-10,2026-04-10,1,22.57134,70.577995,180.6,2,1.04,1.18,0.0,closed,2763.72888691187,,,,,,,40,Cropland
EVT2026_002011,2026-04-10,2026-04-10,1,22.61754,73.69310333333333,599.8,6,5.025,8.03,0.3333,closed,17350.295475409093,,,,,,,10,Tree cover
EVT2026_002012,2026-04-10,2026-04-10,1,22.670115,70.38034,250.2,2,5.085,5.71,0.0,closed,1305.2495476568229,,,,,,,40,Cropland
EVT2026_002013,2026-04-10,2026-04-10,1,22.795445,70.64432500000001,104.6,2,1.415,1.81,0.0,closed,5569.9149851612865,,,,,,,40,Cropland
EVT2026_002014,2026-04-10,2026-04-10,1,22.86949,72.18882500000001,188.2,2,7.075,7.97,0.0,closed,4869.458870088107,,,,,,,40,Cropland
EVT2026_002015,2026-04-10,2026-04-10,1,22.9252275,72.1324075,284.6,4,3.86,3.87,0.0,closed,5196.471117443049,,,,,,,40,Cropland
EVT2026_002016,2026-04-10,2026-04-10,1,23.022554999999997,72.15058,300.9,2,4.56,5.48,0.0,closed,5041.434833032858,,,,,,,40,Cropland
EVT2026_002017,2026-04-10,2026-04-10,1,23.3601925,71.6403,240.0,4,7.515,7.97,0.0,closed,2069.7592662648926,,,,,,,30,Grassland
EVT2026_002018,2026-04-10,2026-04-10,1,23.382899999999996,73.70757666666667,316.0,3,10.36,14.02,0.0,closed,9613.555010080632,,,,,,,30,Grassland
EVT2026_002019,2026-04-10,2026-04-10,1,23.56702,73.618195,125.8,2,5.975,6.53,0.0,closed,3869.8393117438604,,,,,,,30,Grassland
EVT2026_002020,2026-04-10,2026-04-10,1,23.619349166666666,69.28893333333333,2123.5,12,8.968,19.27,0.0,closed,7627.462402924687,,,,,,,20,Shrubland
EVT2026_002021,2026-04-10,2026-04-10,1,23.638705,71.858575,169.8,2,1.545,1.63,0.0,closed,5257.8037602335025,,,,,,,20,Shrubland
EVT2026_002022,2026-04-10,2026-04-10,1,23.670242857142856,73.62204285714286,641.4,7,2.08,3.96,0.5714,closed,7870.520145850185,,,,,,,10,Tree cover
EVT2026_002023,2026-04-10,2026-04-10,1,23.688612499999998,72.1445125,238.8,4,4.412,5.49,0.0,closed,2292.7642407680596,,,,,,,10,Tree cover
EVT2026_002024,2026-04-10,2026-04-10,1,23.96267,71.37769499999999,262.5,2,4.485,4.77,0.0,closed,14648.552527347745,,,,,,,40,Cropland
EVT2026_002025,2026-04-10,2026-04-10,1,24.27306,74.42135,250.3,2,3.49,3.74,0.0,closed,16704.897910596308,,,,,,,20,Shrubland
EVT2026_002026,2026-04-10,2026-04-10,1,24.282695,74.420725,101.7,2,4.345,4.79,0.0,closed,15780.676070960477,,,,,,,30,Grassland
EVT2026_002027,2026-04-10,2026-04-10,1,24.28473,72.71465,165.8,2,3.345,3.9,0.0,closed,1670.4934570748655,,,,,,,20,Shrubland
EVT2026_002028,2026-04-10,2026-04-11,2,20.034863333333334,73.38206833333334,772.2,6,2.867,6.19,0.3333,closed,,,,,,,,30,Grassland
EVT2026_002029,2026-04-10,2026-04-11,2,21.1254925,73.7082175,586.3,4,5.345,5.99,0.0,closed,7732.617361062987,18204.682597845927,,,,,,30,Grassland
EVT2026_002030,2026-04-10,2026-04-11,2,22.053505,73.91234,225.0,2,2.975,4.5,0.5,closed,8351.477123716968,,,,,,,10,Tree cover
EVT2026_002031,2026-04-10,2026-04-11,2,22.116055,71.9987975,608.8,4,4.135,7.41,0.5,closed,7104.555414183355,,,,,,,40,Cropland
EVT2026_002032,2026-04-10,2026-04-11,2,23.61747,73.61498499999999,252.1,2,0.915,1.29,1.0,closed,1997.9667364152385,,,,,,,10,Tree cover
EVT2026_002033,2026-04-10,2026-04-11,2,24.474244285714285,74.06415714285716,728.0,7,3.141,6.56,0.7143,closed,13384.477183465731,,,,,,,20,Shrubland
EVT2026_002034,2026-04-10,2026-04-12,3,22.33124111111111,69.73669444444445,627.6,9,2.568,3.68,0.5556,closed,680.4015152371675,708.6405623515791,131.66456813934468,,38,Limited,True,60,Bare/sparse vegetation
EVT2026_002035,2026-04-10,2026-04-13,4,21.94969,74.230775,469.8,4,11.905,20.04,0.25,closed,,,,,,,,30,Grassland
EVT2026_002036,2026-04-11,2026-04-11,1,20.002429999999997,73.54113000000001,111.8,2,4.62,5.81,0.0,closed,14715.776477082936,,,,,,,10,Tree cover
EVT2026_002037,2026-04-11,2026-04-11,1,20.2378,73.46039999999999,190.3,2,1.87,1.89,0.0,closed,12478.263135903326,,,,,,,30,Grassland
EVT2026_002038,2026-04-11,2026-04-11,1,20.260469999999998,73.811795,32.1,2,3.575,4.1,0.0,closed,3133.0683930684427,,,,,,,10,Tree cover
EVT2026_002039,2026-04-11,2026-04-11,1,20.280078333333332,73.558745,867.9,6,10.643,25.47,0.0,closed,19813.53313633188,,,,,,,40,Cropland
EVT2026_002040,2026-04-11,2026-04-11,1,20.37024,73.449955,143.0,2,7.145,7.17,0.0,closed,10272.88345146064,,,,,,,30,Grassland
EVT2026_002041,2026-04-11,2026-04-11,1,20.433205,73.80943500000001,261.2,2,2.78,2.78,0.0,closed,3559.632728306802,,,,,,,20,Shrubland
EVT2026_002042,2026-04-11,2026-04-11,1,20.460295000000002,73.5531,246.9,2,2.72,2.72,0.0,closed,7003.8750560792805,,,,,,,30,Grassland
EVT2026_002043,2026-04-11,2026-04-11,1,20.478520000000003,73.62959000000001,68.2,2,4.875,5.39,0.0,closed,3370.3257299433712,,,,,,,30,Grassland
EVT2026_002044,2026-04-11,2026-04-11,1,20.481550000000002,73.66109,333.4,3,5.243,6.42,0.0,closed,6069.505489993729,,,,,,,30,Grassland
EVT2026_002045,2026-04-11,2026-04-11,1,20.48775,73.85215500000001,56.7,2,1.28,1.42,1.0,closed,7532.121604366779,,,,,,,30,Grassland
EVT2026_002046,2026-04-11,2026-04-11,1,20.632755,73.680285,275.0,2,2.305,3.13,0.5,closed,7523.543879939478,,,,,,,30,Grassland
EVT2026_002047,2026-04-11,2026-04-11,1,20.741335,73.736355,273.2,2,7.13,7.13,0.0,closed,6195.862376205632,,,,,,,10,Tree cover
EVT2026_002048,2026-04-11,2026-04-11,1,20.784835,73.531605,142.1,2,6.72,7.08,0.0,closed,4275.972293105692,,,,,,,10,Tree cover
EVT2026_002049,2026-04-11,2026-04-11,1,20.794156666666666,73.51160333333333,457.4,3,5.267,10.72,0.0,closed,3556.9824376632723,,,,,,,10,Tree cover
EVT2026_002050,2026-04-11,2026-04-11,1,20.8440375,74.32973,495.6,4,3.222,5.76,0.0,closed,6438.716704697792,,,,,,,30,Grassland
EVT2026_002051,2026-04-11,2026-04-11,1,20.862236666666664,73.56049333333333,351.8,3,3.86,5.11,0.0,closed,6644.046074476519,,,,,,,10,Tree cover
EVT2026_002052,2026-04-11,2026-04-11,1,21.2036525,70.8939175,658.9,4,7.047,8.43,0.0,closed,5618.4931180455305,,,,,,,30,Grassland
EVT2026_002053,2026-04-11,2026-04-11,1,21.33314,71.18131,176.1,2,5.49,6.75,0.0,closed,5062.455639595572,,,,,,,40,Cropland
EVT2026_002054,2026-04-11,2026-04-11,1,21.352615,70.59834000000001,266.9,2,6.43,8.48,0.0,closed,2860.265100516746,,,,,,,40,Cropland
EVT2026_002055,2026-04-11,2026-04-11,1,21.354515,73.61639,241.3,2,3.555,4.42,0.0,closed,10630.516064635025,17265.242428186742,,,,,,10,Tree cover
EVT2026_002056,2026-04-11,2026-04-11,1,21.360515,73.981885,174.8,2,1.51,2.09,1.0,closed,7244.347640870167,,,,,,,40,Cropland
EVT2026_002057,2026-04-11,2026-04-11,1,21.39467666666667,73.48752,477.1,3,3.403,5.35,0.0,closed,7005.4246413002365,,,,,,,10,Tree cover
EVT2026_002058,2026-04-11,2026-04-11,1,21.428064999999997,74.255785,17.5,2,1.97,2.04,1.0,closed,709.4360570780356,,,,,,,40,Cropland
EVT2026_002059,2026-04-11,2026-04-11,1,21.458174999999997,74.20197,163.9,2,3.55,3.7,0.0,closed,2869.569204412756,,,,,,,40,Cropland
EVT2026_002060,2026-04-11,2026-04-11,1,21.48209,73.2028,218.9,2,3.075,3.75,0.0,closed,6343.883281703384,13780.38538912311,,,,,,30,Grassland
EVT2026_002061,2026-04-11,2026-04-11,1,21.551285,74.31552,125.5,2,6.25,6.55,0.0,closed,4413.7375714427135,,,,,,,40,Cropland
EVT2026_002062,2026-04-11,2026-04-11,1,21.599294999999998,73.669195,269.8,2,1.44,1.84,1.0,closed,9042.433459280517,,,,,,,10,Tree cover
EVT2026_002063,2026-04-11,2026-04-11,1,21.76826,73.61363,434.8,5,3.132,4.14,1.0,closed,9655.383037135367,,,,,,,30,Grassland
EVT2026_002064,2026-04-11,2026-04-11,1,21.784745,71.78856999999999,305.6,2,3.8,3.8,0.0,closed,4859.862964863083,,,,,,,40,Cropland
EVT2026_002065,2026-04-11,2026-04-11,1,21.7852225,70.68695749999999,328.0,4,3.75,3.75,0.0,closed,2185.578015430064,,,,,,,40,Cropland
EVT2026_002066,2026-04-11,2026-04-11,1,21.846273333333333,73.65947666666666,380.3,3,2.83,4.36,1.0,closed,5169.45206592637,,,,,,,10,Tree cover
EVT2026_002067,2026-04-11,2026-04-11,1,21.85949,73.79959099999999,1086.8,10,7.925,11.86,0.0,closed,5163.160954441711,,,,,,,10,Tree cover
EVT2026_002068,2026-04-11,2026-04-11,1,22.05419,70.37167,192.7,2,5.975,9.25,0.0,closed,3382.7321010463515,,,,,,,40,Cropland
EVT2026_002069,2026-04-11,2026-04-11,1,22.06733,72.17032,207.1,2,5.54,5.54,0.0,closed,10667.266152142474,,,,,,,40,Cropland
EVT2026_002070,2026-04-11,2026-04-11,1,22.0712475,72.5683475,538.0,4,3.875,5.58,0.0,closed,5466.210093999384,,,,,,,40,Cropland
EVT2026_002071,2026-04-11,2026-04-11,1,22.14105,69.26820000000001,170.1,2,4.98,5.41,0.0,closed,2475.0255240501237,,,,,,,40,Cropland
EVT2026_002072,2026-04-11,2026-04-11,1,22.1777,70.095745,302.0,2,6.84,6.84,0.0,closed,4421.597778461629,,,,,,,40,Cropland
EVT2026_002073,2026-04-11,2026-04-11,1,22.179826666666667,72.12431666666667,370.3,3,12.12,16.07,0.0,closed,6779.691688118331,,,,,,,40,Cropland
EVT2026_002074,2026-04-11,2026-04-11,1,22.208695,71.8955,69.1,2,6.81,7.4,0.0,closed,5304.976599969331,,,,,,,40,Cropland
EVT2026_002075,2026-04-11,2026-04-11,1,22.318350000000002,69.988275,229.2,2,7.59,8.0,0.0,closed,2787.541897743162,,10320.640542166639,,,,,40,Cropland
EVT2026_002076,2026-04-11,2026-04-11,1,22.35255,73.37686,52.6,2,5.895,6.18,0.0,closed,2618.6932110119296,,,,,,,40,Cropland
EVT2026_002077,2026-04-11,2026-04-11,1,22.37318,72.31349999999999,505.2,3,1.493,2.51,1.0,closed,12243.389863685405,,,,,,,40,Cropland
EVT2026_002078,2026-04-11,2026-04-11,1,22.458455,70.32311,129.6,2,9.055,9.8,0.0,closed,850.7988978556644,,,,,,,40,Cropland
EVT2026_002079,2026-04-11,2026-04-11,1,22.4713225,73.69117,304.5,4,4.458,6.25,0.0,closed,12865.311671445777,,,,,,,10,Tree cover
EVT2026_002080,2026-04-11,2026-04-11,1,22.48531,74.06153,167.5,2,8.585,8.59,0.0,closed,13833.80935666543,,,,,,,30,Grassland
EVT2026_002081,2026-04-11,2026-04-11,1,22.5336575,74.31183250000001,400.7,4,6.0,6.27,0.0,closed,16943.118342983857,,,,,,,30,Grassland
EVT2026_002082,2026-04-11,2026-04-11,1,22.553095,73.265995,80.1,2,5.525,5.72,0.0,closed,3758.3584187131028,,,,,,,40,Cropland
EVT2026_002083,2026-04-11,2026-04-11,1,22.557086666666667,72.29306666666666,339.7,3,3.88,6.12,0.0,closed,7147.754655796219,,,,,,,40,Cropland
EVT2026_002084,2026-04-11,2026-04-11,1,22.569863333333334,72.06847666666667,274.9,3,9.497,12.3,0.0,closed,9095.77966505516,,,,,,,40,Cropland
EVT2026_002085,2026-04-11,2026-04-11,1,22.571115714285714,72.0472,659.3,7,9.231,22.98,0.0,closed,6910.163022103232,,,,,,,40,Cropland
EVT2026_002086,2026-04-11,2026-04-11,1,22.891535,72.16405,95.9,2,4.67,6.04,0.0,closed,2945.4022712830733,,,,,,,40,Cropland
EVT2026_002087,2026-04-11,2026-04-11,1,22.914065,72.211145,212.5,2,1.65,1.65,0.0,closed,3060.574777918917,,,,,,,40,Cropland
EVT2026_002088,2026-04-11,2026-04-11,1,22.938825,70.82124,105.8,2,3.32,3.46,0.0,closed,1128.6329350148162,,,,,,,40,Cropland
EVT2026_002089,2026-04-11,2026-04-11,1,22.964241666666666,72.13911166666666,715.7,6,7.8,14.67,0.0,closed,1784.050667617712,,,,,,,40,Cropland
EVT2026_002090,2026-04-11,2026-04-11,1,22.97148,74.362645,118.1,2,11.915,18.5,0.0,closed,12381.384197334099,,,,,,,30,Grassland
EVT2026_002091,2026-04-11,2026-04-11,1,23.080475,68.9211,129.9,2,4.29,5.01,0.0,closed,91.41521971265891,,,,,,,40,Cropland
EVT2026_002092,2026-04-11,2026-04-11,1,23.153399999999998,71.7829,36.9,2,4.56,4.58,0.0,closed,2426.7925849770386,,,,,,,40,Cropland
EVT2026_002093,2026-04-11,2026-04-11,1,23.294964999999998,70.20612,203.5,2,12.765,13.9,0.0,closed,1917.9372319388015,,,,,,,40,Cropland
EVT2026_002094,2026-04-11,2026-04-11,1,23.32143,74.23307,118.5,2,4.13,4.17,0.0,closed,3863.830911825097,,,,,,,40,Cropland
EVT2026_002095,2026-04-11,2026-04-11,1,23.465865,69.8469075,626.7,4,12.787,16.7,0.0,closed,16508.7716599456,,,,,,,20,Shrubland
EVT2026_002096,2026-04-11,2026-04-11,1,23.472765000000003,73.703135,190.2,2,2.375,2.99,0.0,closed,10707.950712776641,,,,,,,20,Shrubland
EVT2026_002097,2026-04-11,2026-04-11,1,23.63004,71.74069,133.1,2,3.555,4.61,0.0,closed,4832.732215310157,,,,,,,40,Cropland
EVT2026_002098,2026-04-11,2026-04-11,1,23.653625555555557,69.53704222222223,1207.9,9,20.388,34.3,0.0,closed,17112.463100687623,,,,,,,20,Shrubland
EVT2026_002099,2026-04-11,2026-04-11,1,23.69401,73.65273,88.7,2,1.14,1.15,1.0,closed,11332.507309946688,,,,,,,30,Grassland
EVT2026_002100,2026-04-11,2026-04-11,1,23.730085000000003,73.56106,134.2,2,3.425,4.54,0.0,closed,11779.670276936135,,,,,,,10,Tree cover
EVT2026_002101,2026-04-11,2026-04-11,1,23.74769333333333,73.58493666666666,456.1,3,6.533,7.27,0.0,closed,11361.611430851077,,,,,,,30,Grassland
EVT2026_002102,2026-04-11,2026-04-11,1,23.76382,74.32608333333333,299.1,3,7.73,10.5,0.0,closed,13342.805449307849,19287.624745354246,,,,,,30,Grassland
EVT2026_002103,2026-04-11,2026-04-11,1,23.95281,74.12419,149.7,2,1.855,2.27,0.0,closed,3144.6887324705863,,,,,,,10,Tree cover
EVT2026_002104,2026-04-11,2026-04-11,1,24.20084,74.40202500000001,134.5,2,5.925,5.96,0.0,closed,13600.387082571953,,,,,,,20,Shrubland
EVT2026_002105,2026-04-11,2026-04-11,1,24.48872,73.720695,191.8,2,6.295,6.63,0.0,closed,4337.113543404496,15665.41526835843,,,,,,30,Grassland
EVT2026_002106,2026-04-11,2026-04-12,2,20.354149999999997,72.95029500000001,88.6,2,0.77,0.82,1.0,closed,772.910103617525,,,,,,,10,Tree cover
EVT2026_002107,2026-04-11,2026-04-12,2,20.833289999999998,73.570696,752.9,5,6.17,12.11,0.0,closed,9248.230868197554,,,,,,,10,Tree cover
EVT2026_002108,2026-04-11,2026-04-12,2,21.975886666666668,73.87350333333333,517.3,3,1.75,2.38,1.0,closed,10779.573750570176,,,,,,,10,Tree cover
EVT2026_002109,2026-04-11,2026-04-13,3,22.4164925,69.04011249999999,210.9,4,1.965,2.59,1.0,closed,135.7300641327647,,,14145.74661571747,17,Moderate,True,60,Bare/sparse vegetation
EVT2026_002110,2026-04-11,2026-04-13,3,22.973756249999997,72.18010833333334,2403.4,24,10.88,26.17,0.0417,closed,747.3739696677769,,,,,,,40,Cropland
EVT2026_002111,2026-04-11,2026-04-13,3,24.689396666666667,73.00363666666668,58.0,3,1.907,2.57,1.0,closed,310.6035050593497,792.1585231753784,,,15,Moderate,True,50,Built-up
EVT2026_002112,2026-04-11,2026-04-14,4,22.932716666666668,69.70023222222223,540.8,9,1.516,2.2,1.0,closed,279.06292140277696,19383.921127915608,,,1,Moderate,True,50,Built-up
EVT2026_002113,2026-04-12,2026-04-12,1,20.17904,73.50845666666667,232.4,3,9.33,11.24,0.0,closed,,,,,,,,10,Tree cover
EVT2026_002114,2026-04-12,2026-04-12,1,20.26444,73.439125,24.6,2,7.995,8.16,0.0,closed,8867.55848728485,,,,,,,30,Grassland
EVT2026_002115,2026-04-12,2026-04-12,1,20.57388,73.45944,239.2,2,7.61,7.61,0.0,closed,15948.202769694653,,,,,,,30,Grassland
EVT2026_002116,2026-04-12,2026-04-12,1,20.732185,73.812855,106.2,2,3.38,4.7,0.0,closed,14154.861547599921,,,,,,,10,Tree cover
EVT2026_002117,2026-04-12,2026-04-12,1,20.812555,74.44833,219.0,2,12.095,13.02,0.0,closed,10136.970890401906,,,,,,,20,Shrubland
EVT2026_002118,2026-04-12,2026-04-12,1,20.892114999999997,73.55344,256.5,2,8.61,8.61,0.0,closed,4736.899133855833,,,,,,,10,Tree cover
EVT2026_002119,2026-04-12,2026-04-12,1,20.908088,73.553732,890.3,5,6.43,9.2,0.2,closed,4091.6244834728395,,,,,,,10,Tree cover
EVT2026_002120,2026-04-12,2026-04-12,1,21.342616666666668,73.61305333333333,382.0,3,26.863,62.49,0.0,closed,10733.094276300202,15906.24371025219,,,,,,10,Tree cover
EVT2026_002121,2026-04-12,2026-04-12,1,21.57997333333333,73.72605666666666,258.1,3,7.343,10.51,0.0,closed,8318.940492773616,,,,,,,10,Tree cover
EVT2026_002122,2026-04-12,2026-04-12,1,21.704605,73.29079,341.6,2,12.19,14.95,0.0,closed,9183.624140377242,,,,,,,10,Tree cover
EVT2026_002123,2026-04-12,2026-04-12,1,21.736285000000002,73.23908,57.1,2,9.415,9.73,0.0,closed,7751.031506911552,16230.851551550651,,,,,,30,Grassland
EVT2026_002124,2026-04-12,2026-04-12,1,21.780704999999998,73.84132,228.5,2,2.44,3.12,1.0,closed,11204.205067190289,,,,,,,30,Grassland
EVT2026_002125,2026-04-12,2026-04-12,1,21.819216666666666,72.91902,278.0,3,9.477,13.63,0.0,closed,3063.809915519024,7573.839306903752,,,,,,40,Cropland
EVT2026_002126,2026-04-12,2026-04-12,1,21.830789999999997,72.6801,349.1,3,14.45,16.02,0.0,closed,647.3711651135534,16545.80314980644,17066.391862938603,,,,,30,Grassland
EVT2026_002127,2026-04-12,2026-04-12,1,21.862436,72.096368,654.9,5,26.14,39.12,0.0,closed,2866.9350071196354,,,,,,,40,Cropland
EVT2026_002128,2026-04-12,2026-04-12,1,22.080755,71.897105,199.0,2,11.805,12.22,0.0,closed,836.9671259440225,,,,,,,40,Cropland
EVT2026_002129,2026-04-12,2026-04-12,1,22.324714999999998,73.71389,117.0,2,4.725,5.25,0.0,closed,4080.5439330914237,,,,,,,30,Grassland
EVT2026_002130,2026-04-12,2026-04-12,1,22.32669,70.58783,254.4,2,4.645,5.54,0.0,closed,3682.72618127481,,,,,,,20,Shrubland
EVT2026_002131,2026-04-12,2026-04-12,1,22.372875,72.298315,211.0,2,14.605,15.98,0.0,closed,10750.841355153321,,,,,,,40,Cropland
EVT2026_002132,2026-04-12,2026-04-12,1,22.436515,73.422845,246.9,2,4.69,4.69,0.0,closed,2914.7606433560036,,,,,,,30,Grassland
EVT2026_002133,2026-04-12,2026-04-12,1,22.440385,70.85123,106.2,2,0.855,0.89,1.0,closed,6232.648308336369,,,,,,,40,Cropland
EVT2026_002134,2026-04-12,2026-04-12,1,22.5171,72.22865,233.1,2,11.13,12.01,0.0,closed,9320.378926325284,,,,,,,40,Cropland
EVT2026_002135,2026-04-12,2026-04-12,1,22.75452,71.81433,53.6,2,6.415,9.83,0.0,closed,9735.096313519805,,,,,,,40,Cropland
EVT2026_002136,2026-04-12,2026-04-12,1,22.93713,72.217945,212.1,2,13.76,15.93,0.0,closed,2676.676388699158,,,,,,,40,Cropland
EVT2026_002137,2026-04-12,2026-04-12,1,22.96082,72.202225,212.1,2,8.35,8.35,0.0,closed,3234.437797500555,,,,,,,40,Cropland
EVT2026_002138,2026-04-12,2026-04-12,1,23.319063333333332,73.98923,282.9,3,5.107,7.42,0.0,closed,16319.112469787462,,,,,,,30,Grassland
EVT2026_002139,2026-04-12,2026-04-12,1,23.70241,73.65438,190.9,2,15.255,17.27,0.0,closed,12257.704641648515,,,,,,,20,Shrubland
EVT2026_002140,2026-04-12,2026-04-12,1,24.073425,73.36248499999999,239.0,2,0.84,0.84,1.0,closed,7375.78946362035,,,,,,,30,Grassland
EVT2026_002141,2026-04-12,2026-04-12,1,24.174435,74.023185,462.7,4,7.582,11.26,0.0,closed,3043.994816707887,,,,,,,20,Shrubland
EVT2026_002142,2026-04-12,2026-04-12,1,24.193285000000003,74.29538,203.6,2,7.925,8.31,0.0,closed,,,,,,,,10,Tree cover
EVT2026_002143,2026-04-12,2026-04-12,1,24.241403333333334,74.28805,411.0,3,4.56,11.1,0.6667,closed,,,,,,,,30,Grassland
EVT2026_002144,2026-04-12,2026-04-12,1,24.510917499999998,73.625455,306.1,4,1.395,1.45,1.0,closed,8939.9646901671,,,,,,,30,Grassland
EVT2026_002145,2026-04-12,2026-04-12,1,24.63665,73.54879999999999,229.3,3,1.807,2.78,1.0,closed,9773.654024597019,,,,,,,30,Grassland
EVT2026_002146,2026-04-12,2026-04-13,2,20.47984,73.831125,193.3,2,8.135,9.32,0.0,closed,8206.570401355308,,,,,,,20,Shrubland
EVT2026_002147,2026-04-12,2026-04-13,2,20.64204,73.673834,603.1,5,5.5,8.81,0.2,closed,8651.782167496842,,,,,,,10,Tree cover
EVT2026_002148,2026-04-12,2026-04-13,2,23.690445,68.83254,53.1,2,1.06,1.13,1.0,closed,2547.6618722934095,5806.85906792465,,,45,Limited,True,60,Bare/sparse vegetation
EVT2026_002149,2026-04-12,2026-04-13,2,23.721843333333336,74.45126333333333,512.3,3,3.207,6.39,0.6667,closed,12385.572352600513,19671.528959351235,,,,,,30,Grassland
EVT2026_002150,2026-04-12,2026-04-13,2,23.889085,73.2657,171.7,2,3.175,3.87,0.5,closed,6711.8162192886275,,,,,,,10,Tree cover
EVT2026_002151,2026-04-12,2026-04-13,2,23.90616,73.27667,115.4,2,3.15,4.23,0.5,closed,6138.991173798919,,,,,,,10,Tree cover
EVT2026_002152,2026-04-12,2026-04-13,2,24.179148333333334,74.225925,598.3,6,21.945,41.42,0.0,closed,19277.53148398956,,,,,,,20,Shrubland
EVT2026_002153,2026-04-12,2026-04-13,2,24.41244,72.965262,541.8,5,1.568,2.3,1.0,closed,8637.3206645639,,,,,,,20,Shrubland
EVT2026_002154,2026-04-12,2026-04-13,2,24.500045,73.28117,237.5,2,3.425,4.9,0.5,closed,,,,,,,,10,Tree cover
EVT2026_002155,2026-04-12,2026-04-13,2,24.594055,73.2377125,338.9,4,3.677,10.51,0.75,closed,,,,,,,,10,Tree cover
EVT2026_002156,2026-04-12,2026-04-13,2,24.61852,73.53159666666666,864.7,9,16.926,36.13,0.2222,closed,11866.178684466866,,,,,,,20,Shrubland
EVT2026_002157,2026-04-12,2026-04-13,2,24.658115000000002,73.8782,95.1,2,1.71,2.05,1.0,closed,97.98800694670531,,,,53,Limited,True,30,Grassland
EVT2026_002158,2026-04-12,2026-04-14,3,20.842143999999998,73.757222,312.0,5,17.714,33.77,0.2,closed,10678.232254060364,,,,,,,10,Tree cover
EVT2026_002159,2026-04-12,2026-04-14,3,20.910565,71.4595,290.4,4,1.625,1.73,1.0,closed,319.7246358437924,1675.2240379719626,,,7,Strong,True,50,Built-up
EVT2026_002160,2026-04-12,2026-04-14,3,24.267235,74.2850125,443.7,4,5.372,10.14,0.5,closed,,,,,,,,10,Tree cover
EVT2026_002161,2026-04-13,2026-04-13,1,20.349173333333333,73.44011666666667,383.2,3,7.827,7.84,0.0,closed,8118.434771226819,,,,,,,10,Tree cover
EVT2026_002162,2026-04-13,2026-04-13,1,20.649305,73.712005,210.0,2,8.56,8.56,0.0,closed,6559.985785886429,,,,,,,10,Tree cover
EVT2026_002163,2026-04-13,2026-04-13,1,20.804356666666667,73.97263666666667,206.0,3,18.52,26.78,0.0,closed,15069.899929387231,,,,,,,20,Shrubland
EVT2026_002164,2026-04-13,2026-04-13,1,20.816615,73.592975,203.4,2,8.02,8.58,0.0,closed,10817.313335390476,,,,,,,30,Grassland
EVT2026_002165,2026-04-13,2026-04-13,1,21.066515,73.77224000000001,194.2,2,12.155,13.93,0.0,closed,9694.802286586339,,,,,,,30,Grassland
EVT2026_002166,2026-04-13,2026-04-13,1,21.1820025,74.0721325,593.8,4,12.787,14.69,0.0,closed,2542.7544355753603,,,,,,,30,Grassland
EVT2026_002167,2026-04-13,2026-04-13,1,22.03140666666667,70.44220333333332,375.2,3,2.177,2.87,0.0,closed,3038.6232712078054,,,,,,,40,Cropland
EVT2026_002168,2026-04-13,2026-04-13,1,22.08764,73.95834500000001,218.7,2,1.75,1.75,1.0,closed,8961.327160412831,,,,,,,30,Grassland
EVT2026_002169,2026-04-13,2026-04-13,1,22.8706,72.156005,197.6,2,10.425,12.23,0.0,closed,5353.356443734925,,,,,,,40,Cropland
EVT2026_002170,2026-04-13,2026-04-13,1,22.904723333333333,72.14695,292.4,3,7.27,10.93,0.0,closed,3628.9613545828765,,,,,,,40,Cropland
EVT2026_002171,2026-04-13,2026-04-13,1,22.982095,72.190035,188.5,2,9.21,9.21,0.0,closed,1162.2772540716724,,,,,,,40,Cropland
EVT2026_002172,2026-04-13,2026-04-13,1,23.443395000000002,70.06173,187.8,2,13.57,13.57,0.0,closed,8933.068431979278,,,,,,,20,Shrubland
EVT2026_002173,2026-04-13,2026-04-13,1,23.58074,74.20612,195.8,2,0.93,0.93,1.0,closed,2339.1283885068674,5652.544427326131,,,,,,40,Cropland
EVT2026_002174,2026-04-13,2026-04-13,1,23.721420000000002,73.652305,221.7,2,37.295,66.52,0.0,closed,12697.54039232489,,,,,,,30,Grassland
EVT2026_002175,2026-04-13,2026-04-13,1,23.912845,73.38264,196.5,2,4.35,4.35,0.0,closed,2772.2752224758,,,,,,,10,Tree cover
EVT2026_002176,2026-04-13,2026-04-13,1,24.018406666666664,73.43109333333334,240.1,3,1.04,1.14,1.0,closed,7959.286598810334,,,,,,,30,Grassland
EVT2026_002177,2026-04-13,2026-04-13,1,24.177390000000003,74.214335,194.8,2,0.93,1.14,1.0,closed,18097.731049569742,,,,,,,10,Tree cover
EVT2026_002178,2026-04-13,2026-04-13,1,24.208844999999997,73.19276500000001,187.3,2,2.675,3.91,0.5,closed,16281.796709245475,,,,,,,10,Tree cover
EVT2026_002179,2026-04-13,2026-04-13,1,24.438769999999998,72.811095,276.2,2,8.42,8.42,0.0,closed,4097.852570536747,,,,,,,10,Tree cover
EVT2026_002180,2026-04-13,2026-04-14,2,21.91407666666667,72.03564,503.3,3,15.18,20.48,0.0,closed,4065.5193869588766,,,,,,,40,Cropland
EVT2026_002181,2026-04-13,2026-04-14,2,23.119656666666668,70.08464666666667,384.0,3,2.023,3.59,1.0,closed,528.604858112436,,,,5,Moderate,True,60,Bare/sparse vegetation
EVT2026_002182,2026-04-13,2026-04-16,4,21.424689444444443,71.87719555555556,1371.9,18,8.253,33.77,0.1667,closed,2825.1320838968654,,,,,,,30,Grassland
EVT2026_002183,2026-04-13,2026-04-27,15,22.925102881355933,70.10776169491525,629.1,59,10.247,45.53,0.6102,closed,749.0111405388133,,,,30,Moderate,True,60,Bare/sparse vegetation
EVT2026_002184,2026-04-14,2026-04-14,1,20.170325,73.175055,194.8,2,0.74,0.74,1.0,closed,11046.628883717174,,,,,,,10,Tree cover
EVT2026_002185,2026-04-14,2026-04-14,1,20.536907499999998,73.48280249999999,569.1,4,1.482,1.64,1.0,closed,13492.667980444283,,,,,,,30,Grassland
EVT2026_002186,2026-04-14,2026-04-14,1,20.619445,73.92978500000001,214.2,2,6.32,6.32,0.0,closed,15534.878712044409,,,,,,,30,Grassland
EVT2026_002187,2026-04-14,2026-04-14,1,20.722215,73.61037999999999,197.8,2,4.9,4.9,0.0,closed,8261.261723019652,,,,,,,10,Tree cover
EVT2026_002188,2026-04-14,2026-04-14,1,22.010265,73.855255,118.9,2,17.905,19.0,0.0,closed,6528.441786494224,,,,,,,10,Tree cover
EVT2026_002189,2026-04-14,2026-04-14,1,22.971865,72.2307275,314.0,4,10.89,13.32,0.0,closed,2030.354365511508,,,,,,,40,Cropland
EVT2026_002190,2026-04-14,2026-04-14,1,23.42583,74.450115,191.1,2,1.825,1.88,1.0,closed,11510.603639928851,14441.71974347589,,,,,,10,Tree cover
EVT2026_002191,2026-04-14,2026-04-14,1,23.485653333333335,74.47111,315.7,3,7.797,11.04,0.3333,closed,6397.443031099201,9644.714530873598,,,,,,30,Grassland
EVT2026_002192,2026-04-14,2026-04-14,1,23.63045,69.52327333333334,346.5,3,22.37,33.66,0.0,closed,18554.08153459447,,,,,,,20,Shrubland
EVT2026_002193,2026-04-14,2026-04-14,1,23.639385,73.5535,209.1,2,6.75,6.75,0.0,closed,6445.390578230674,,,,,,,30,Grassland
EVT2026_002194,2026-04-14,2026-04-14,1,23.828364999999998,73.47893,190.3,2,2.475,4.18,0.5,closed,12419.528164604464,,,,,,,20,Shrubland
EVT2026_002195,2026-04-14,2026-04-14,1,24.170266666666667,74.02,312.9,3,5.41,8.04,0.3333,closed,2480.123156976428,,,,,,,20,Shrubland
EVT2026_002196,2026-04-14,2026-04-14,1,24.180539999999997,74.01248333333334,464.0,3,31.373,39.8,0.0,closed,3310.722020083436,,,,,,,30,Grassland
EVT2026_002197,2026-04-14,2026-04-14,1,24.27215,74.37864,197.7,2,3.84,3.84,0.0,closed,19097.813831654654,,,,,,,10,Tree cover
EVT2026_002198,2026-04-14,2026-04-14,1,24.42739,74.10094000000001,188.5,2,19.42,19.42,0.0,closed,13871.647626543749,,,,,,,10,Tree cover
EVT2026_002199,2026-04-14,2026-04-14,1,24.55132,73.476215,22.6,2,11.585,14.13,0.0,closed,18885.887180359874,,,,,,,20,Shrubland
EVT2026_002200,2026-04-14,2026-04-15,2,21.676740000000002,74.036455,345.4,2,9.01,10.61,0.0,closed,14432.532160616242,,,,,,,30,Grassland
EVT2026_002201,2026-04-14,2026-04-15,2,22.016405,73.86378500000001,271.3,2,3.46,4.7,0.5,closed,6302.608025359548,,,,,,,10,Tree cover
EVT2026_002202,2026-04-14,2026-04-15,2,22.20554,72.33643000000001,394.9,4,15.557,26.84,0.0,closed,12019.565236624438,,,,,,,20,Shrubland
EVT2026_002203,2026-04-14,2026-04-16,3,21.561722500000002,72.912635,247.0,4,1.347,1.77,1.0,closed,2023.694714091945,,,,,,,40,Cropland
EVT2026_002204,2026-04-15,2026-04-15,1,20.03138,74.31727000000001,140.8,2,2.475,2.77,0.0,closed,12084.638985285432,,,,,,,40,Cropland
EVT2026_002205,2026-04-15,2026-04-15,1,20.473985,73.803205,116.4,2,5.775,6.66,0.0,closed,7964.807565645497,,,,,,,30,Grassland
EVT2026_002206,2026-04-15,2026-04-15,1,20.674,73.72688,300.2,4,12.383,18.39,0.0,closed,8663.497375199227,,,,,,,10,Tree cover
EVT2026_002207,2026-04-15,2026-04-15,1,20.727145,73.729995,246.8,2,0.69,0.69,1.0,closed,6289.741754950771,,,,,,,10,Tree cover
EVT2026_002208,2026-04-15,2026-04-15,1,20.771259999999998,73.51819499999999,283.5,2,6.25,6.25,0.0,closed,2397.1128021554764,,,,,,,10,Tree cover
EVT2026_002209,2026-04-15,2026-04-15,1,20.809505,73.541345,270.4,2,13.86,13.86,0.0,closed,6782.380996858125,,,,,,,10,Tree cover
EVT2026_002210,2026-04-15,2026-04-15,1,20.84871,74.30593999999999,341.7,2,1.885,2.11,1.0,closed,8143.490534982173,,,,,,,20,Shrubland
EVT2026_002211,2026-04-15,2026-04-15,1,20.889755,73.681835,145.0,2,11.66,12.5,0.0,closed,9647.463039334943,,,,,,,10,Tree cover
EVT2026_002212,2026-04-15,2026-04-15,1,21.12052,74.076535,243.8,2,1.045,1.13,1.0,closed,3507.065413871813,,,,,,,30,Grassland
EVT2026_002213,2026-04-15,2026-04-15,1,21.4092,73.66484,255.7,2,7.41,7.41,0.0,closed,7756.402864473861,,,,,,,30,Grassland
EVT2026_002214,2026-04-15,2026-04-15,1,21.51563,70.14488,229.5,2,4.11,4.49,0.0,closed,1715.326040056925,,,,,,,50,Built-up
EVT2026_002215,2026-04-15,2026-04-15,1,21.531955,74.34,244.5,2,7.82,7.82,0.0,closed,1680.0109551573023,,,,,,,40,Cropland
EVT2026_002216,2026-04-15,2026-04-15,1,21.736405,69.57365,95.9,2,3.285,3.7,0.0,closed,714.3966943109426,,,,,,,40,Cropland
EVT2026_002217,2026-04-15,2026-04-15,1,21.834495,73.705395,233.6,2,3.11,3.34,1.0,closed,2193.6434660030363,,,,,,,10,Tree cover
EVT2026_002218,2026-04-15,2026-04-15,1,21.87375,70.309675,121.1,2,4.46,5.42,0.0,closed,3599.9623556650577,,,,,,,40,Cropland
EVT2026_002219,2026-04-15,2026-04-15,1,22.013745,69.29294,26.7,2,5.095,5.37,0.0,closed,1062.9706964210486,,,,,,,40,Cropland
EVT2026_002220,2026-04-15,2026-04-15,1,22.27834,72.860005,264.7,2,7.69,7.69,0.0,closed,8104.29185121902,11920.23521636508,,8953.161206386556,,,,30,Grassland
EVT2026_002221,2026-04-15,2026-04-15,1,22.387234999999997,73.11587,276.3,2,2.675,2.94,1.0,closed,780.6667885232265,1933.75702284847,,,46,Limited,True,50,Built-up
EVT2026_002222,2026-04-15,2026-04-15,1,22.862945,72.18373,165.6,2,13.675,14.83,0.0,closed,5541.398646284758,,,,,,,40,Cropland
EVT2026_002223,2026-04-15,2026-04-15,1,23.021045,72.322815,173.7,2,8.13,8.53,0.0,closed,418.8932901585379,,,,,,,50,Built-up
EVT2026_002224,2026-04-15,2026-04-15,1,23.0735925,72.62966,286.0,4,14.225,16.82,0.0,closed,1332.5646832897844,3739.878667773844,,,,,,20,Shrubland
EVT2026_002225,2026-04-15,2026-04-15,1,23.378345000000003,68.6391,242.7,2,2.8,2.8,0.0,closed,752.4570373773363,,,,,,,10,Tree cover
EVT2026_002226,2026-04-15,2026-04-15,1,23.643915000000003,69.32617,1120.6,12,21.128,33.42,0.0,closed,12009.822220559166,,,,,,,40,Cropland
EVT2026_002227,2026-04-15,2026-04-15,1,23.696614,69.51836,417.2,5,7.552,9.7,0.0,closed,12039.61624040376,,,,,,,20,Shrubland
EVT2026_002228,2026-04-15,2026-04-15,1,23.839146666666664,74.36295666666668,344.9,3,5.19,5.19,0.0,closed,,,,,,,,10,Tree cover
EVT2026_002229,2026-04-15,2026-04-15,1,24.520695,73.394975,237.6,2,4.96,4.96,0.0,closed,,,,,,,,30,Grassland
EVT2026_002230,2026-04-15,2026-04-15,1,24.582345,73.797245,217.8,2,7.635,7.87,0.0,closed,1974.1893018497153,,,,,,,20,Shrubland
EVT2026_002231,2026-04-15,2026-04-16,2,20.414824285714285,73.91767142857142,809.9,7,8.61,32.89,0.7143,closed,7259.435748312469,,,,,,,30,Grassland
EVT2026_002232,2026-04-15,2026-04-16,2,20.640636666666666,73.96117666666667,366.0,3,6.34,14.46,0.3333,closed,18197.921964068002,,,,,,,20,Shrubland
EVT2026_002233,2026-04-15,2026-04-16,2,20.64851428571429,73.94632285714286,826.6,7,3.334,8.93,0.7143,closed,18899.24940998465,,,,,,,30,Grassland
EVT2026_002234,2026-04-15,2026-04-16,2,23.086415000000002,72.50564,316.6,2,1.885,2.14,0.0,closed,2600.0023888930773,9148.937276951698,,,,,,40,Cropland
EVT2026_002235,2026-04-16,2026-04-16,1,20.078960000000002,74.315915,250.9,2,12.72,12.72,0.0,closed,10178.09264280806,,,,,,,40,Cropland
EVT2026_002236,2026-04-16,2026-04-16,1,20.165585,73.04226,82.9,2,8.735,8.78,0.0,closed,1459.8112867174545,,,,,,,30,Grassland
EVT2026_002237,2026-04-16,2026-04-16,1,20.473136666666665,73.83663666666666,467.7,3,5.16,6.42,1.0,closed,7511.992836095896,,,,,,,20,Shrubland
EVT2026_002238,2026-04-16,2026-04-16,1,20.649375,73.57603,47.9,2,1.03,1.14,1.0,closed,15389.702037713749,,,,,,,30,Grassland
EVT2026_002239,2026-04-16,2026-04-16,1,20.68958,73.94274,223.7,2,2.59,2.59,1.0,closed,,,,,,,,30,Grassland
EVT2026_002240,2026-04-16,2026-04-16,1,20.766505000000002,70.80172999999999,208.0,2,4.44,4.44,0.0,closed,1138.4969571045908,,,,,,,40,Cropland
EVT2026_002241,2026-04-16,2026-04-16,1,20.86869,70.94785999999999,212.0,2,3.58,4.4,0.0,closed,5872.562881681556,,,,,,,40,Cropland
EVT2026_002242,2026-04-16,2026-04-16,1,20.908256666666666,73.53112666666668,265.1,3,4.97,6.91,0.0,closed,6419.069780182133,,,,,,,10,Tree cover
EVT2026_002243,2026-04-16,2026-04-16,1,21.310470000000002,70.810445,174.8,2,6.12,6.71,0.0,closed,2454.2659184925965,,,,,,,40,Cropland
EVT2026_002244,2026-04-16,2026-04-16,1,21.436995,72.105435,246.3,2,4.12,4.16,0.0,closed,1004.3426283076122,,,,,,,40,Cropland
EVT2026_002245,2026-04-16,2026-04-16,1,21.615754,72.826694,505.5,5,6.342,8.31,0.0,closed,4577.954693403396,,,,,,,40,Cropland
EVT2026_002246,2026-04-16,2026-04-16,1,21.672092499999998,73.66752,597.1,4,4.445,4.74,0.0,closed,10003.774660489666,,,,,,,30,Grassland
EVT2026_002247,2026-04-16,2026-04-16,1,21.692104999999998,73.642095,253.2,2,4.965,6.26,0.0,closed,9561.166216766485,,,,,,,40,Cropland
EVT2026_002248,2026-04-16,2026-04-16,1,21.74021,70.14157666666667,425.2,3,3.46,3.46,0.0,closed,2663.32428831295,,,,,,,40,Cropland
EVT2026_002249,2026-04-16,2026-04-16,1,21.76863,73.701045,179.5,2,2.84,3.34,0.0,closed,8195.532869247909,,,,,,,30,Grassland
EVT2026_002250,2026-04-16,2026-04-16,1,21.83506,71.91330500000001,73.2,2,9.465,11.11,0.0,closed,3238.5274423813553,,,,,,,40,Cropland
EVT2026_002251,2026-04-16,2026-04-16,1,21.85117,70.1805,194.0,2,8.98,8.98,0.0,closed,3856.3345586671985,,,,,,,40,Cropland
EVT2026_002252,2026-04-16,2026-04-16,1,22.169643999999998,72.770724,358.9,5,12.976,25.26,0.0,closed,6841.406135016878,8014.02982304436,,17050.538972047765,,,,10,Tree cover
EVT2026_002253,2026-04-16,2026-04-16,1,22.235126666666662,69.24016333333333,192.1,3,5.543,9.53,0.0,closed,3384.2400728180023,,,,,,,40,Cropland
EVT2026_002254,2026-04-16,2026-04-16,1,22.29032,72.02613500000001,187.7,2,7.25,7.41,0.0,closed,10853.503225475697,,,,,,,40,Cropland
EVT2026_002255,2026-04-16,2026-04-16,1,22.503059999999998,73.24007,122.4,2,2.735,2.78,0.0,closed,2531.971697044635,,,,,,,40,Cropland
EVT2026_002256,2026-04-16,2026-04-16,1,22.97869,70.790265,219.6,2,8.795,9.46,0.0,closed,6501.556445284925,,,,,,,40,Cropland
EVT2026_002257,2026-04-16,2026-04-16,1,23.19871,72.269975,351.4,2,4.09,4.09,0.0,closed,2351.2247079010413,,,,,,,40,Cropland
EVT2026_002258,2026-04-16,2026-04-16,1,23.344485,73.721215,58.4,2,3.27,3.77,0.0,closed,10348.176220313168,,,,,,,30,Grassland
EVT2026_002259,2026-04-16,2026-04-16,1,23.42828,68.71378,128.6,2,2.09,2.34,1.0,closed,284.0710246866604,,,,20,Moderate,True,50,Built-up
EVT2026_002260,2026-04-16,2026-04-16,1,23.46275,69.85162249999999,603.8,4,8.947,11.59,0.0,closed,16048.331402798614,,,,,,,20,Shrubland
EVT2026_002261,2026-04-16,2026-04-16,1,24.443495,73.62484,125.9,2,6.89,8.06,0.0,closed,13098.382590233372,16213.33543744055,,,,,,30,Grassland
EVT2026_002262,2026-04-16,2026-04-17,2,20.75108,74.0346325,690.0,4,3.062,3.8,0.75,closed,10116.96889967194,,,,,,,10,Tree cover
EVT2026_002263,2026-04-16,2026-04-17,2,23.629503333333332,68.60298,339.5,3,5.56,7.44,0.0,closed,10196.23896659321,16071.724679578458,,,,,,20,Shrubland
EVT2026_002264,2026-04-16,2026-04-17,2,23.701320000000003,69.498668,796.9,10,14.528,26.01,0.0,closed,11324.826661280227,,,,,,,20,Shrubland
EVT2026_002265,2026-04-17,2026-04-17,1,20.33752,73.6055,220.4,3,0.833,1.01,1.0,closed,17980.716642011143,,,,,,,30,Grassland
EVT2026_002266,2026-04-17,2026-04-17,1,20.805500000000002,70.7314,87.2,2,8.845,9.24,0.0,closed,1778.9369660482755,,,,,,,40,Cropland
EVT2026_002267,2026-04-17,2026-04-17,1,20.81948,73.63772999999999,312.5,3,7.167,7.66,0.0,closed,8058.280462383266,,,,,,,10,Tree cover
EVT2026_002268,2026-04-17,2026-04-17,1,22.80138,70.579465,54.8,2,0.58,0.58,1.0,closed,7509.7279614400895,,,,,,,40,Cropland
EVT2026_002269,2026-04-17,2026-04-17,1,23.120224999999998,70.08645999999999,80.8,2,3.645,3.69,1.0,closed,704.3075802945219,,,,5,Moderate,True,60,Bare/sparse vegetation
EVT2026_002270,2026-04-17,2026-04-17,1,24.680525,72.99971,108.0,2,6.24,7.07,0.0,closed,1319.8454342001862,1765.5844343456583,,,,,,20,Shrubland
EVT2026_002271,2026-04-17,2026-04-18,2,20.850843333333334,74.00751333333334,521.4,3,4.957,12.79,0.6667,closed,12812.048592737247,,,,,,,20,Shrubland
EVT2026_002272,2026-04-17,2026-04-18,2,20.951706666666666,73.67363,393.3,3,4.487,7.29,0.3333,closed,9404.482501095104,,,,,,,10,Tree cover
EVT2026_002273,2026-04-17,2026-04-18,2,22.979925,72.56601,128.3,2,2.34,2.48,1.0,closed,338.6915081008632,10408.664727485937,,,32,Limited,True,60,Bare/sparse vegetation
EVT2026_002274,2026-04-17,2026-04-18,2,23.496425,68.57755499999999,118.7,2,1.285,1.54,1.0,closed,334.1699522501926,,,,,,,60,Bare/sparse vegetation
EVT2026_002275,2026-04-17,2026-04-18,2,23.983947,73.41585599999999,887.7,10,5.895,18.83,0.4,closed,6845.822074867745,,,,,,,30,Grassland
EVT2026_002276,2026-04-17,2026-04-19,3,20.910423333333334,71.46076,62.6,3,1.293,2.22,1.0,closed,240.80187359781127,1585.9903600088514,,,7,Strong,True,50,Built-up
EVT2026_002277,2026-04-17,2026-04-19,3,22.41684,69.0393725,331.7,4,1.445,2.1,1.0,closed,104.22671193138154,,,14183.306863188898,17,Moderate,True,10,Tree cover
EVT2026_002278,2026-04-17,2026-04-27,11,22.932124444444444,69.70062481481482,643.5,27,1.694,4.88,0.963,closed,212.67536347917778,19373.906458749934,,,1,Moderate,True,50,Built-up
EVT2026_002279,2026-04-18,2026-04-18,1,20.141185,74.419825,129.9,2,9.46,9.57,0.0,closed,3171.3808080528975,,,,,,,40,Cropland
EVT2026_002280,2026-04-18,2026-04-18,1,20.2489,74.467315,177.1,2,13.09,13.45,0.0,closed,1287.824846157576,,,,,,,20,Shrubland
EVT2026_002281,2026-04-18,2026-04-18,1,20.25876,73.72852,236.0,3,7.527,11.08,0.0,closed,10371.77475175115,,,,,,,30,Grassland
EVT2026_002282,2026-04-18,2026-04-18,1,20.677435,73.544715,547.0,4,10.987,18.52,0.25,closed,11052.543352679999,,,,,,,10,Tree cover
EVT2026_002283,2026-04-18,2026-04-18,1,20.876665,73.582055,243.1,2,2.4,2.96,1.0,closed,4283.254369445825,,,,,,,10,Tree cover
EVT2026_002284,2026-04-18,2026-04-18,1,21.199415000000002,70.948905,188.4,2,6.255,6.5,0.0,closed,4440.684363630037,,,,,,,20,Shrubland
EVT2026_002285,2026-04-18,2026-04-18,1,21.202804999999998,70.92521500000001,188.4,2,10.69,13.35,0.0,closed,3930.3923236192927,,,,,,,10,Tree cover
EVT2026_002286,2026-04-18,2026-04-18,1,21.23378,70.87961,272.0,2,8.54,8.54,0.0,closed,5709.818189541948,,,,,,,40,Cropland
EVT2026_002287,2026-04-18,2026-04-18,1,21.5276,73.07923,232.0,2,9.935,10.08,0.0,closed,1102.2957569312155,14783.930442724552,,,,,,40,Cropland
EVT2026_002288,2026-04-18,2026-04-18,1,21.679389999999998,73.04747499999999,59.6,2,8.055,8.37,0.0,closed,1929.3176492977266,13235.701563174725,,,,,,10,Tree cover
EVT2026_002289,2026-04-18,2026-04-18,1,22.46234,71.25372999999999,189.9,2,1.095,1.26,1.0,closed,5832.646757450697,,,,,,,40,Cropland
EVT2026_002290,2026-04-18,2026-04-18,1,22.61632,73.679595,253.2,2,7.58,7.58,0.0,closed,16203.60358815083,,,,,,,10,Tree cover
EVT2026_002291,2026-04-18,2026-04-18,1,23.269585,73.41852,90.2,2,1.45,1.46,1.0,closed,6549.654785065241,,,,,,,20,Shrubland
EVT2026_002292,2026-04-18,2026-04-18,1,23.66496,73.54609500000001,203.6,2,1.975,2.6,1.0,closed,7171.243044828757,,,,,,,10,Tree cover
EVT2026_002293,2026-04-18,2026-04-18,1,23.92292,73.31908,210.8,2,12.63,14.75,0.0,closed,2638.3586830372506,,,,,,,10,Tree cover
EVT2026_002294,2026-04-18,2026-04-18,1,24.204895,73.59025500000001,263.6,2,3.8,3.8,0.0,closed,15841.282414984946,,,,,,,10,Tree cover
EVT2026_002295,2026-04-18,2026-04-18,1,24.288764999999998,74.46560500000001,193.7,2,7.605,9.71,0.0,closed,13551.837686894087,,,,,,,20,Shrubland
EVT2026_002296,2026-04-18,2026-04-18,1,24.504816666666667,70.44966333333333,420.1,3,12.61,13.94,0.0,closed,,,,,,,,20,Shrubland
EVT2026_002297,2026-04-18,2026-04-18,1,24.511525,73.18520000000001,96.1,2,1.845,2.08,1.0,closed,,,,,,,,10,Tree cover
EVT2026_002298,2026-04-18,2026-04-18,1,24.66348,73.07735,196.8,2,1.91,2.08,1.0,closed,8007.475013628421,8470.034547899715,,,,,,20,Shrubland
EVT2026_002299,2026-04-18,2026-04-18,1,24.66649,73.72456,202.7,2,3.02,3.02,1.0,closed,1145.844585590055,,,,,,,30,Grassland
EVT2026_002300,2026-04-18,2026-04-19,2,21.409655,72.987885,213.6,2,1.35,1.79,0.5,closed,2289.573839242172,7624.802225140349,,,,,,40,Cropland
EVT2026_002301,2026-04-18,2026-04-19,2,24.14870666666667,73.37670666666666,228.9,3,3.687,7.82,0.6667,closed,15865.62272475404,,,,,,,10,Tree cover
EVT2026_002302,2026-04-18,2026-04-19,2,24.274929999999998,74.4831025,327.6,4,6.412,8.04,0.0,closed,14819.116315155306,,,,,,,10,Tree cover
EVT2026_002303,2026-04-18,2026-04-19,2,24.694385,73.59515,685.3,8,10.693,38.33,0.625,closed,7325.291130176591,,,,,,,30,Grassland
EVT2026_002304,2026-04-18,2026-04-22,5,21.562902,72.91583,286.3,5,1.064,2.31,1.0,closed,2013.998054984284,,,,,,,30,Grassland
EVT2026_002305,2026-04-19,2026-04-19,1,20.39003,73.77564333333333,291.9,3,7.44,7.44,0.0,closed,5705.156379403006,,,,,,,10,Tree cover
EVT2026_002306,2026-04-19,2026-04-19,1,20.800440000000002,70.782905,173.0,2,5.9,7.15,0.0,closed,3443.8479849345135,,,,,,,50,Built-up
EVT2026_002307,2026-04-19,2026-04-19,1,21.723696666666665,73.54966999999999,290.7,3,2.177,2.34,1.0,closed,4854.7524996491475,,,,,,,30,Grassland
EVT2026_002308,2026-04-19,2026-04-19,1,21.724985,73.856075,194.4,2,2.61,2.61,0.0,closed,16456.2234808918,,,,,,,10,Tree cover
EVT2026_002309,2026-04-19,2026-04-19,1,21.84593,72.715145,190.2,2,0.44,0.44,1.0,closed,3845.2643777092517,19630.043948138446,,,,,,40,Cropland
EVT2026_002310,2026-04-19,2026-04-19,1,21.966115000000002,74.144725,193.9,2,6.195,7.67,0.0,closed,17403.129243475592,,,,,,,30,Grassland
EVT2026_002311,2026-04-19,2026-04-19,1,22.50119,74.11202,193.8,2,2.38,3.06,1.0,closed,17323.396298925196,,,,,,,10,Tree cover
EVT2026_002312,2026-04-19,2026-04-19,1,22.69012,74.18723,193.5,2,6.57,6.57,0.0,closed,16222.13211064138,,,,,,,30,Grassland
EVT2026_002313,2026-04-19,2026-04-19,1,23.306285000000003,70.724635,203.0,2,30.925,39.92,0.0,closed,1093.2722652306006,,,,,,,20,Shrubland
EVT2026_002314,2026-04-19,2026-04-19,1,23.350785000000002,73.73897,186.6,2,4.76,4.76,0.0,closed,10252.574068375578,,,,,,,40,Cropland
EVT2026_002315,2026-04-19,2026-04-19,1,23.916975,73.25067,303.8,2,1.82,1.84,0.5,closed,8562.341982497175,,,,,,,10,Tree cover
EVT2026_002316,2026-04-19,2026-04-19,1,24.19839,74.07970333333333,386.3,3,5.623,15.51,0.6667,closed,8661.91719846884,,,,,,,30,Grassland
EVT2026_002317,2026-04-19,2026-04-19,1,24.215595,74.308915,186.4,2,12.17,12.17,0.0,closed,,,,,,,,10,Tree cover
EVT2026_002318,2026-04-19,2026-04-19,1,24.27259,74.32592,187.1,2,4.31,4.31,0.0,closed,,,,,,,,10,Tree cover
EVT2026_002319,2026-04-19,2026-04-19,1,24.4526,73.77649,188.0,2,0.83,0.83,1.0,closed,6836.78054425804,11775.201279147625,,,,,,30,Grassland
EVT2026_002320,2026-04-19,2026-04-19,1,24.472,73.55305,189.4,2,0.51,0.51,1.0,closed,16547.835730372957,,,,,,,10,Tree cover
EVT2026_002321,2026-04-19,2026-04-19,1,24.555464999999998,74.478305,126.3,2,22.495,24.17,0.0,closed,13213.892066477296,,,,,,,40,Cropland
EVT2026_002322,2026-04-19,2026-04-19,1,24.691883333333333,73.36054,485.3,3,2.363,3.08,0.3333,closed,,,,,,,,10,Tree cover
EVT2026_002323,2026-04-19,2026-04-20,2,21.907566666666668,72.75432333333333,440.6,3,13.627,27.45,0.3333,closed,1053.849895523064,,,,35,Limited,True,40,Cropland
EVT2026_002324,2026-04-19,2026-04-20,2,23.703512,74.316596,452.2,5,6.056,11.31,0.4,closed,7608.4233073323885,12796.492420067838,,,,,,10,Tree cover
EVT2026_002325,2026-04-19,2026-04-20,2,24.306215,74.3681,247.6,2,11.07,14.99,0.0,closed,17055.832082968805,,,,,,,10,Tree cover
EVT2026_002326,2026-04-20,2026-04-20,1,20.01338,73.610084,610.7,5,4.216,5.86,0.0,closed,7423.823885617921,,,,,,,30,Grassland
EVT2026_002327,2026-04-20,2026-04-20,1,20.335195,72.96648,68.3,2,8.135,8.34,1.0,closed,598.2042399358431,,,,,,,10,Tree cover
EVT2026_002328,2026-04-20,2026-04-20,1,20.54534,73.48407499999999,29.3,2,2.405,2.86,0.0,closed,13689.362357511249,,,,,,,10,Tree cover
EVT2026_002329,2026-04-20,2026-04-20,1,20.609515000000002,73.534965,236.2,2,2.98,2.98,0.0,closed,14319.064709733233,,,,,,,30,Grassland
EVT2026_002330,2026-04-20,2026-04-20,1,20.692880000000002,73.64044,222.9,2,3.375,3.42,0.0,closed,8364.19280540435,,,,,,,10,Tree cover
EVT2026_002331,2026-04-20,2026-04-20,1,20.7359825,73.5272525,496.0,4,1.808,4.32,0.75,closed,4643.6573881038385,,,,,,,10,Tree cover
EVT2026_002332,2026-04-20,2026-04-20,1,20.76906,73.561995,162.0,2,4.56,4.72,0.0,closed,6880.820498877096,,,,,,,10,Tree cover
EVT2026_002333,2026-04-20,2026-04-20,1,20.786,73.65292,258.5,3,4.36,6.32,0.0,closed,4130.898232953443,,,,,,,10,Tree cover
EVT2026_002334,2026-04-20,2026-04-20,1,20.79769,73.66778500000001,197.5,2,2.93,4.34,0.0,closed,4525.564568372463,,,,,,,40,Cropland
EVT2026_002335,2026-04-20,2026-04-20,1,20.799500000000002,73.57124,320.7,2,4.55,4.55,0.0,closed,8684.940584915947,,,,,,,10,Tree cover
EVT2026_002336,2026-04-20,2026-04-20,1,20.811126666666667,73.61323333333333,544.7,3,4.077,4.93,0.0,closed,9050.37253210077,,,,,,,10,Tree cover
EVT2026_002337,2026-04-20,2026-04-20,1,20.8973,73.59859333333333,500.9,3,2.85,6.19,0.6667,closed,1946.6949978892417,,,,,,,10,Tree cover
EVT2026_002338,2026-04-20,2026-04-20,1,20.932516666666668,73.81121333333333,380.4,3,2.787,5.95,0.0,closed,3349.478292386639,,,,,,,30,Grassland
EVT2026_002339,2026-04-20,2026-04-20,1,20.943384000000002,73.60705399999999,740.7,5,2.53,5.04,0.6,closed,3604.859082254809,,,,,,,10,Tree cover
EVT2026_002340,2026-04-20,2026-04-20,1,21.00839,73.74051,231.8,2,3.89,3.89,0.0,closed,7054.821785277152,,,,,,,30,Grassland
EVT2026_002341,2026-04-20,2026-04-20,1,21.03399,73.70716666666668,337.6,3,3.623,6.11,0.0,closed,11300.023705142565,,,,,,,10,Tree cover
EVT2026_002342,2026-04-20,2026-04-20,1,21.261319999999998,71.01665,143.2,2,14.98,16.22,0.0,closed,3642.3619965196244,,,,,,,40,Cropland
EVT2026_002343,2026-04-20,2026-04-20,1,21.59512,73.570015,231.7,2,7.43,7.43,0.0,closed,3588.9399361345863,,,,,,,10,Tree cover
EVT2026_002344,2026-04-20,2026-04-20,1,21.712125,72.795085,134.0,2,11.09,12.29,0.0,closed,3559.280936303194,18068.60697815326,19716.975562540425,,,,,30,Grassland
EVT2026_002345,2026-04-20,2026-04-20,1,21.755555,73.697115,197.6,2,4.89,4.89,0.0,closed,9703.392736862723,,,,,,,10,Tree cover
EVT2026_002346,2026-04-20,2026-04-20,1,21.795099999999998,72.711395,230.4,2,11.295,13.66,0.0,closed,2848.014371711347,14726.473869485162,15706.374025409266,,,,,40,Cropland
EVT2026_002347,2026-04-20,2026-04-20,1,21.930095,72.773305,227.7,2,11.75,12.86,0.0,closed,2133.2396880769097,,,,,,,40,Cropland
EVT2026_002348,2026-04-20,2026-04-20,1,22.201245,71.747645,187.5,2,1.225,1.25,1.0,closed,5078.353805481997,,,,,,,40,Cropland
EVT2026_002349,2026-04-20,2026-04-20,1,22.276116666666667,73.9334,411.3,3,8.213,8.24,0.0,closed,9252.009326121048,,,,,,,40,Cropland
EVT2026_002350,2026-04-20,2026-04-20,1,22.405955,73.91886500000001,226.0,2,1.545,1.82,1.0,closed,9078.529457688108,,,,,,,10,Tree cover
EVT2026_002351,2026-04-20,2026-04-20,1,22.438663333333334,72.35164333333334,261.5,3,1.09,1.6,1.0,closed,13715.65189199836,,,,,,,40,Cropland
EVT2026_002352,2026-04-20,2026-04-20,1,22.6521,72.59962,124.3,2,11.945,12.0,0.0,closed,3928.2941218387837,,,,,,,40,Cropland
EVT2026_002353,2026-04-20,2026-04-20,1,22.894925,72.255855,234.0,2,11.25,13.14,0.0,closed,1402.833009877418,,,,,,,40,Cropland
EVT2026_002354,2026-04-20,2026-04-20,1,22.924705000000003,69.822735,48.8,2,0.91,0.92,1.0,closed,339.4510378499682,,,,10,Moderate,True,40,Cropland
EVT2026_002355,2026-04-20,2026-04-20,1,22.985084999999998,71.51482,117.5,2,7.47,8.41,0.0,closed,3202.620826299884,,,,,,,40,Cropland
EVT2026_002356,2026-04-20,2026-04-20,1,23.043145000000003,71.845275,161.7,2,1.9,2.09,1.0,closed,2077.8838421566716,,,,,,,40,Cropland
EVT2026_002357,2026-04-20,2026-04-20,1,23.115940000000002,70.086115,50.8,2,1.185,1.22,1.0,closed,494.0486702551426,,,,5,Moderate,True,60,Bare/sparse vegetation
EVT2026_002358,2026-04-20,2026-04-20,1,23.184095,73.830025,229.7,2,1.575,2.26,1.0,closed,2841.041569431153,,,,,,,10,Tree cover
EVT2026_002359,2026-04-20,2026-04-20,1,23.417634999999997,69.858605,48.6,2,12.73,14.33,0.0,closed,11028.483111698111,,,,,,,40,Cropland
EVT2026_002360,2026-04-20,2026-04-20,1,23.694100000000002,69.49620666666667,398.7,3,6.337,9.23,0.0,closed,12127.305626885576,,,,,,,20,Shrubland
EVT2026_002361,2026-04-20,2026-04-21,2,20.37516,73.5658375,495.3,4,4.547,8.59,0.5,closed,14414.759263902808,,,,,,,10,Tree cover
EVT2026_002362,2026-04-20,2026-04-21,2,20.703818000000002,73.53075,530.0,5,3.148,5.11,0.2,closed,7779.610346903757,,,,,,,10,Tree cover
EVT2026_002363,2026-04-20,2026-04-21,2,20.77207,73.57206500000001,66.7,2,3.27,4.0,0.5,closed,7949.070174290095,,,,,,,30,Grassland
EVT2026_002364,2026-04-20,2026-04-21,2,20.8157275,73.5438475,608.7,4,5.245,7.04,0.0,closed,7465.870575177138,,,,,,,10,Tree cover
EVT2026_002365,2026-04-20,2026-04-21,2,23.648893076923077,68.55582461538462,1249.9,13,10.982,19.97,0.0,closed,14997.307703255587,16122.665074826144,,,,,,40,Cropland
EVT2026_002366,2026-04-20,2026-04-21,2,23.890474285714284,74.30264285714286,550.6,7,11.686,29.89,0.1429,closed,,,,,,,,40,Cropland
EVT2026_002367,2026-04-21,2026-04-21,1,20.145345,73.718245,318.5,2,2.41,3.6,0.0,closed,7448.358492403331,,,,,,,30,Grassland
EVT2026_002368,2026-04-21,2026-04-21,1,20.30436,73.88663500000001,102.5,2,4.84,4.93,0.0,closed,6195.756754674724,,,,,,,40,Cropland
EVT2026_002369,2026-04-21,2026-04-21,1,20.354173333333332,74.2199,395.9,3,1.193,1.36,1.0,closed,9680.89857845602,,,,,,,30,Grassland
EVT2026_002370,2026-04-21,2026-04-21,1,20.470280000000002,73.556835,85.0,2,0.65,0.65,1.0,closed,6044.841158169454,,,,,,,10,Tree cover
EVT2026_002371,2026-04-21,2026-04-21,1,20.535483333333335,74.47880666666667,259.8,3,4.273,6.22,0.0,closed,1410.8929795832007,,,,,,,40,Cropland
EVT2026_002372,2026-04-21,2026-04-21,1,20.590296666666667,73.67593333333333,291.7,3,2.953,3.65,0.0,closed,6911.057321536725,,,,,,,10,Tree cover
EVT2026_002373,2026-04-21,2026-04-21,1,20.650995,73.99677,130.7,2,1.21,1.43,1.0,closed,18236.630465679104,,,,,,,20,Shrubland
EVT2026_002374,2026-04-21,2026-04-21,1,20.662005,74.009985,298.7,2,1.135,1.2,1.0,closed,18873.749831358753,,,,,,,30,Grassland
EVT2026_002375,2026-04-21,2026-04-21,1,20.662267142857143,73.99472285714286,428.7,7,4.809,5.24,0.0,closed,19507.842775207315,,,,,,,20,Shrubland
EVT2026_002376,2026-04-21,2026-04-21,1,20.685015,73.71449000000001,193.3,2,10.84,10.84,0.0,closed,8941.260697544603,,,,,,,30,Grassland
EVT2026_002377,2026-04-21,2026-04-21,1,20.88512,73.58802499999999,141.7,2,1.925,2.08,0.0,closed,3235.395151237808,,,,,,,10,Tree cover
EVT2026_002378,2026-04-21,2026-04-21,1,20.8951425,73.5646475,332.3,4,0.922,1.23,1.0,closed,3577.347667411976,,,,,,,10,Tree cover
EVT2026_002379,2026-04-21,2026-04-21,1,20.951805,71.40384499999999,510.1,4,9.985,15.63,0.0,closed,1621.0759050767194,9012.028822753038,,,,,,20,Shrubland
EVT2026_002380,2026-04-21,2026-04-21,1,21.422150000000002,71.45889,40.4,2,6.995,7.14,0.0,closed,4874.578491942317,,,,,,,40,Cropland
EVT2026_002381,2026-04-21,2026-04-21,1,21.60258,70.22697500000001,175.4,2,0.685,0.71,1.0,closed,4061.1851813246844,,,,,,,40,Cropland
EVT2026_002382,2026-04-21,2026-04-21,1,21.873199999999997,72.082435,104.5,2,2.485,2.82,0.0,closed,1947.712600218362,,,,,,,20,Shrubland
EVT2026_002383,2026-04-21,2026-04-21,1,21.890606666666667,72.08180333333333,479.5,3,6.55,7.54,0.0,closed,1401.5824522896921,,,,,,,10,Tree cover
EVT2026_002384,2026-04-21,2026-04-21,1,21.93984,70.659635,264.6,2,4.03,4.03,0.0,closed,3605.1379786763687,,,,,,,40,Cropland
EVT2026_002385,2026-04-21,2026-04-21,1,21.964725,74.358425,228.8,2,1.97,2.25,1.0,closed,14659.128031223883,,,,,,,10,Tree cover
EVT2026_002386,2026-04-21,2026-04-21,1,22.24867,72.890735,297.9,4,6.2,10.56,0.0,closed,10574.366079017651,14314.140244962726,,13443.461159061811,,,,10,Tree cover
EVT2026_002387,2026-04-21,2026-04-21,1,22.25069666666667,73.26337666666667,214.0,3,3.05,4.55,0.0,closed,3897.344336809885,,,,,,,30,Grassland
EVT2026_002388,2026-04-21,2026-04-21,1,22.294305,73.35526,204.4,2,6.705,8.32,0.0,closed,1891.9345402365705,,,,,,,40,Cropland
EVT2026_002389,2026-04-21,2026-04-21,1,22.32493666666667,72.34084666666666,356.3,3,17.537,19.77,0.0,closed,10397.833494664668,,,,,,,60,Bare/sparse vegetation
EVT2026_002390,2026-04-21,2026-04-21,1,22.33181666666667,72.34034333333334,355.9,3,16.13,19.5,0.0,closed,10538.882233743507,,,,,,,40,Cropland
EVT2026_002391,2026-04-21,2026-04-21,1,22.62801,72.19458,255.5,2,1.07,1.07,1.0,closed,1859.1562666766533,,,,,,,40,Cropland
EVT2026_002392,2026-04-21,2026-04-21,1,22.7898,73.45563,306.8,2,1.38,1.38,0.0,closed,3936.167065319581,13529.140666806761,,,,,,40,Cropland
EVT2026_002393,2026-04-21,2026-04-21,1,23.1385,68.99891,240.0,2,9.685,10.99,0.0,closed,5811.937369360901,,,,,,,40,Cropland
EVT2026_002394,2026-04-21,2026-04-21,1,23.157584999999997,68.84630999999999,208.4,2,7.43,7.43,0.0,closed,2854.0605903202236,,,,,,,40,Cropland
EVT2026_002395,2026-04-21,2026-04-21,1,23.178865000000002,69.497755,150.8,2,5.04,5.34,0.0,closed,1365.9952476489125,,,,,,,20,Shrubland
EVT2026_002396,2026-04-21,2026-04-21,1,23.230894999999997,73.91281000000001,180.6,2,6.28,8.44,0.0,closed,11991.139259864392,,,,,,,30,Grassland
EVT2026_002397,2026-04-21,2026-04-21,1,23.31195333333333,69.53609999999999,407.5,3,7.18,10.62,0.0,closed,6417.38831213783,,,,,,,20,Shrubland
EVT2026_002398,2026-04-21,2026-04-21,1,23.330959999999997,71.80954,185.1,2,15.19,15.8,0.0,closed,1138.5709920265228,,,,,,,40,Cropland
EVT2026_002399,2026-04-21,2026-04-21,1,23.464115,68.86556999999999,213.1,2,5.96,5.96,0.0,closed,239.22951802548994,,,,,,,20,Shrubland
EVT2026_002400,2026-04-21,2026-04-21,1,23.564230000000002,69.2909,103.4,2,12.14,13.87,0.0,closed,3876.87916887486,,,,,,,40,Cropland
EVT2026_002401,2026-04-21,2026-04-21,1,23.6984025,74.33097,427.4,4,4.015,5.05,0.0,closed,6350.366771079456,13095.062310081088,,,,,,30,Grassland
EVT2026_002402,2026-04-21,2026-04-21,1,23.702015000000003,69.51067,180.0,2,6.645,7.24,0.0,closed,11328.725276362193,,,,,,,20,Shrubland
EVT2026_002403,2026-04-21,2026-04-21,1,23.719512,69.476571,678.4,10,26.24,63.55,0.0,closed,9031.156894976326,,,,,,,40,Cropland
EVT2026_002404,2026-04-21,2026-04-21,1,23.731389999999998,74.427795,158.5,2,4.4,4.4,0.0,closed,11548.668327255396,,,,,,,10,Tree cover
EVT2026_002405,2026-04-21,2026-04-21,1,24.23639,74.4054,100.8,2,12.28,13.31,0.0,closed,17033.698864514685,,,,,,,10,Tree cover
EVT2026_002406,2026-04-21,2026-04-21,1,24.5218275,73.732455,332.7,4,14.863,22.46,0.0,closed,2443.644132916644,19168.575981532464,,,,,,20,Shrubland
EVT2026_002407,2026-04-21,2026-04-21,1,24.65925,73.71687,290.7,2,10.83,10.83,0.0,closed,1619.212008153761,,,,,,,20,Shrubland
EVT2026_002408,2026-04-21,2026-04-22,2,20.94078,73.622205,221.0,2,2.28,3.29,0.5,closed,4286.157984707436,,,,,,,10,Tree cover
EVT2026_002409,2026-04-21,2026-04-22,2,22.375415,72.475785,130.5,2,0.505,0.59,1.0,closed,7315.746655918434,,,,,,,60,Bare/sparse vegetation
EVT2026_002410,2026-04-21,2026-04-22,2,23.69203,69.45649657894737,2000.5,38,20.084,81.6,0.0,closed,11898.288667563525,,,,,,,20,Shrubland
EVT2026_002411,2026-04-21,2026-04-22,2,24.0180225,73.402835,455.2,4,5.527,7.3,0.25,closed,5130.543253083425,,,,,,,10,Tree cover
EVT2026_002412,2026-04-21,2026-04-22,2,24.4055225,72.9507275,592.6,4,2.045,2.64,0.75,closed,9349.080279821335,,,,,,,10,Tree cover
EVT2026_002413,2026-04-21,2026-04-22,2,24.48284666666667,73.27018666666667,294.6,3,2.657,2.99,0.3333,closed,,,,,,,,10,Tree cover
EVT2026_002414,2026-04-21,2026-04-23,3,22.978804285714286,72.56467428571429,333.6,7,1.751,3.04,1.0,closed,408.7528142905965,10565.849236530756,,,32,Limited,True,50,Built-up
EVT2026_002415,2026-04-21,2026-04-23,3,23.482674545454543,73.70185454545455,1154.5,11,6.612,16.12,0.0,closed,10358.309710035885,,,,,,,30,Grassland
EVT2026_002416,2026-04-22,2026-04-22,1,20.043395,73.56911,129.1,2,0.915,1.1,1.0,closed,12003.857471360281,,,,,,,30,Grassland
EVT2026_002417,2026-04-22,2026-04-22,1,20.220419999999997,73.519195,343.8,2,2.66,2.68,0.0,closed,18507.938882046114,,,,,,,10,Tree cover
EVT2026_002418,2026-04-22,2026-04-22,1,20.45910333333333,73.48109333333333,188.0,3,1.91,2.0,0.0,closed,13750.626249623667,,,,,,,10,Tree cover
EVT2026_002419,2026-04-22,2026-04-22,1,20.61906,73.86818,63.4,2,3.17,4.34,0.0,closed,13362.907783768545,,,,,,,20,Shrubland
EVT2026_002420,2026-04-22,2026-04-22,1,20.676303333333333,73.51768555555556,539.9,9,5.512,10.39,0.0,closed,10198.561844691167,,,,,,,10,Tree cover
EVT2026_002421,2026-04-22,2026-04-22,1,20.778715,73.56965249999999,581.1,4,9.31,12.16,0.0,closed,7801.514622428744,,,,,,,10,Tree cover
EVT2026_002422,2026-04-22,2026-04-22,1,20.84158,74.07876999999999,223.1,2,7.07,7.64,0.0,closed,6231.764138467991,,,,,,,20,Shrubland
EVT2026_002423,2026-04-22,2026-04-22,1,20.8450125,74.090475,419.8,4,4.248,7.48,0.0,closed,5856.662194828333,,,,,,,20,Shrubland
EVT2026_002424,2026-04-22,2026-04-22,1,20.930515,70.70069000000001,254.8,2,6.08,6.08,0.0,closed,3293.330170407068,,,,,,,40,Cropland
EVT2026_002425,2026-04-22,2026-04-22,1,20.94042,73.85798,186.7,2,2.905,3.0,0.0,closed,7480.7056915842495,,,,,,,40,Cropland
EVT2026_002426,2026-04-22,2026-04-22,1,21.007585,73.633235,19.6,2,5.2,6.03,0.0,closed,4007.901433488704,,,,,,,10,Tree cover
EVT2026_002427,2026-04-22,2026-04-22,1,21.04631,72.84252000000001,278.4,2,2.875,2.92,0.0,closed,3297.900481366106,,,,,,,30,Grassland
EVT2026_002428,2026-04-22,2026-04-22,1,21.318846,73.55273,398.7,5,3.664,4.49,0.0,closed,7134.601502383527,12190.56840607755,,,,,,10,Tree cover
EVT2026_002429,2026-04-22,2026-04-22,1,21.363226666666666,73.65570666666667,440.6,3,3.607,3.86,0.0,closed,10994.35201331344,19917.235246572734,,,,,,10,Tree cover
EVT2026_002430,2026-04-22,2026-04-22,1,21.4163225,74.0535825,500.5,4,3.768,4.68,0.0,closed,4246.317881364313,,,,,,,40,Cropland
EVT2026_002431,2026-04-22,2026-04-22,1,21.43471,72.93909500000001,180.6,2,6.55,6.55,0.0,closed,700.7399271543488,11643.976911240195,,,,,,10,Tree cover
EVT2026_002432,2026-04-22,2026-04-22,1,21.513796666666668,71.45174,427.9,3,12.733,17.46,0.0,closed,9284.190761572601,,,,,,,20,Shrubland
EVT2026_002433,2026-04-22,2026-04-22,1,21.578395,73.74092,175.6,2,4.19,4.19,0.0,closed,7010.2196172637205,,,,,,,10,Tree cover
EVT2026_002434,2026-04-22,2026-04-22,1,21.707825,73.281845,64.4,2,8.815,9.25,0.0,closed,8963.541448702124,,,,,,,10,Tree cover
EVT2026_002435,2026-04-22,2026-04-22,1,21.741595,73.521515,61.1,2,6.985,7.69,0.0,closed,2161.8469917040734,,,,,,,30,Grassland
EVT2026_002436,2026-04-22,2026-04-22,1,22.024459999999998,72.56213500000001,291.7,2,10.63,10.63,0.0,closed,7594.122984492588,,,,,,,40,Cropland
EVT2026_002437,2026-04-22,2026-04-22,1,22.218845,73.26428,178.7,2,2.965,3.49,0.0,closed,3969.6220736342602,,,,,,,40,Cropland
EVT2026_002438,2026-04-22,2026-04-22,1,22.22174,73.311275,195.1,2,3.6,3.6,0.0,closed,8191.5634661546355,,,,,,,40,Cropland
EVT2026_002439,2026-04-22,2026-04-22,1,22.622265,72.05193,164.2,2,6.335,6.73,0.0,closed,9334.024545661448,,,,,,,40,Cropland
EVT2026_002440,2026-04-22,2026-04-22,1,22.6251,72.02919,164.2,2,2.82,2.82,0.0,closed,7857.464007396005,,,,,,,40,Cropland
EVT2026_002441,2026-04-22,2026-04-22,1,22.82969,74.08073999999999,234.5,2,3.985,5.52,0.0,closed,9983.024215170872,,,,,,,10,Tree cover
EVT2026_002442,2026-04-22,2026-04-22,1,22.89002,72.18513999999999,144.3,2,4.855,4.94,0.0,closed,2555.6750949574193,,,,,,,40,Cropland
EVT2026_002443,2026-04-22,2026-04-22,1,23.083813333333335,74.47942333333333,461.2,3,3.207,4.15,0.0,closed,,,,,,,,30,Grassland
EVT2026_002444,2026-04-22,2026-04-22,1,23.180315,74.496015,249.9,2,6.305,7.42,0.0,closed,,,,,,,,30,Grassland
EVT2026_002445,2026-04-22,2026-04-22,1,23.41555,69.38642,241.5,2,4.62,4.62,0.0,closed,2936.2044755079496,,,,,,,40,Cropland
EVT2026_002446,2026-04-22,2026-04-22,1,23.64086,73.86923,284.7,3,3.823,4.76,0.0,closed,15366.606822486405,,,,,,,30,Grassland
EVT2026_002447,2026-04-22,2026-04-22,1,23.659219999999998,73.567565,204.1,2,3.5,4.4,0.0,closed,7722.955727391511,,,,,,,10,Tree cover
EVT2026_002448,2026-04-22,2026-04-22,1,23.690710000000003,69.5167,232.8,2,8.81,10.9,0.0,closed,12658.714818662498,,,,,,,20,Shrubland
EVT2026_002449,2026-04-22,2026-04-22,1,23.735435,73.47524,131.8,2,2.65,3.13,0.0,closed,5642.108985728925,,,,,,,10,Tree cover
EVT2026_002450,2026-04-22,2026-04-22,1,23.748793333333335,69.278035,495.3,6,11.327,25.58,0.0,closed,9265.057601519962,,,,,,,20,Shrubland
EVT2026_002451,2026-04-22,2026-04-22,1,23.901972222222224,74.02644666666667,572.1,9,9.939,20.25,0.0,closed,8289.366640994056,,,,,,,10,Tree cover
EVT2026_002452,2026-04-22,2026-04-22,1,24.00571,73.542935,73.3,2,3.315,4.45,0.0,closed,17897.729413429835,,,,,,,30,Grassland
EVT2026_002453,2026-04-22,2026-04-22,1,24.04515,74.21033,220.2,2,23.64,29.05,0.0,closed,16516.0917323572,,,,,,,30,Grassland
EVT2026_002454,2026-04-22,2026-04-22,1,24.130435,74.13987499999999,238.8,2,4.605,5.15,0.0,closed,9675.292958284106,,,,,,,10,Tree cover
EVT2026_002455,2026-04-22,2026-04-22,1,24.130515,73.624867,870.1,10,5.929,9.7,0.0,closed,7665.668736749845,,,,,,,30,Grassland
EVT2026_002456,2026-04-22,2026-04-22,1,24.1492,74.44395499999999,137.5,2,5.125,5.35,0.0,closed,6580.222058418373,,,,,,,30,Grassland
EVT2026_002457,2026-04-22,2026-04-22,1,24.180355,74.28882999999999,115.3,2,6.905,7.24,0.0,closed,,,,,,,,10,Tree cover
EVT2026_002458,2026-04-22,2026-04-22,1,24.22518,74.41771200000001,415.7,5,6.892,8.06,0.0,closed,15431.188566876897,,,,,,,20,Shrubland
EVT2026_002459,2026-04-22,2026-04-22,1,24.237405,73.40702999999999,100.0,2,2.11,2.21,1.0,closed,,,,,,,,10,Tree cover
EVT2026_002460,2026-04-22,2026-04-22,1,24.24067,73.19435,226.1,2,5.735,6.39,0.0,closed,14971.274514440513,,,,,,,10,Tree cover
EVT2026_002461,2026-04-22,2026-04-22,1,24.33937,73.73868,223.8,2,5.21,5.21,0.0,closed,1439.4874395729132,1494.0385091922433,,,,,,30,Grassland
EVT2026_002462,2026-04-22,2026-04-22,1,24.387405,73.726995,142.3,2,7.13,7.26,0.0,closed,2741.664851753301,4658.055858932699,,,,,,40,Cropland
EVT2026_002463,2026-04-22,2026-04-22,1,24.42797333333333,74.16015333333333,407.7,3,8.343,10.46,0.0,closed,11295.150297111093,,,,,,,20,Shrubland
EVT2026_002464,2026-04-22,2026-04-22,1,24.4825,73.3586,152.8,2,2.995,3.4,0.0,closed,,,,,,,,10,Tree cover
EVT2026_002465,2026-04-22,2026-04-22,1,24.54552,73.194635,257.0,2,4.905,8.49,0.0,closed,,,,,,,,20,Shrubland
EVT2026_002466,2026-04-22,2026-04-22,1,24.66621,73.012625,24.9,2,2.84,3.49,1.0,closed,3043.8434714932223,3523.234247052627,,,,,,20,Shrubland
EVT2026_002467,2026-04-22,2026-04-22,1,24.68367,72.994945,368.1,2,6.665,9.21,0.0,closed,1222.0487440244322,1561.4293502376847,,,,,,20,Shrubland
EVT2026_002468,2026-04-22,2026-04-23,2,20.80548,73.79625200000001,369.3,5,5.244,6.06,0.0,closed,13194.996967838822,,,,,,,40,Cropland
EVT2026_002469,2026-04-22,2026-04-23,2,20.950923333333336,73.63034666666667,362.0,3,2.603,3.19,0.3333,closed,5682.8878745463235,,,,,,,10,Tree cover
EVT2026_002470,2026-04-22,2026-04-23,2,22.41805,69.040395,106.5,2,1.32,1.38,1.0,closed,273.9417850732685,,,14319.421404142478,17,Moderate,True,10,Tree cover
EVT2026_002471,2026-04-22,2026-04-23,2,23.266734999999997,70.28147,190.8,2,4.065,6.99,0.5,closed,155.9111726560828,,,,13,Limited,True,60,Bare/sparse vegetation
EVT2026_002472,2026-04-22,2026-04-24,3,21.72287833333333,73.73056666666666,930.6,6,4.502,7.7,0.0,closed,12521.406479329,,,,,,,30,Grassland
EVT2026_002473,2026-04-23,2026-04-23,1,20.084809999999997,73.87587,227.5,2,6.915,9.2,0.0,closed,1405.136390472365,,,,,,,20,Shrubland
EVT2026_002474,2026-04-23,2026-04-23,1,20.089923333333335,73.91665666666667,241.2,3,1.837,2.43,1.0,closed,2085.2698938927456,,,,,,,10,Tree cover
EVT2026_002475,2026-04-23,2026-04-23,1,20.166965,73.5603,161.9,2,12.245,12.27,0.0,closed,19767.136456813216,,,,,,,10,Tree cover
EVT2026_002476,2026-04-23,2026-04-23,1,20.252290000000002,73.44986,189.4,2,3.925,4.44,0.0,closed,10588.611975274307,,,,,,,10,Tree cover
EVT2026_002477,2026-04-23,2026-04-23,1,20.354756666666667,74.21145666666666,596.5,3,8.85,16.75,0.3333,closed,10015.8140761091,,,,,,,30,Grassland
EVT2026_002478,2026-04-23,2026-04-23,1,20.398913333333333,73.45336333333334,412.5,3,5.24,5.24,0.0,closed,12718.66356158817,,,,,,,10,Tree cover
EVT2026_002479,2026-04-23,2026-04-23,1,20.429180000000002,73.627005,224.8,2,5.15,5.15,0.0,closed,8091.275624069427,,,,,,,30,Grassland
EVT2026_002480,2026-04-23,2026-04-23,1,20.463639999999998,73.608735,287.8,2,5.125,6.31,0.0,closed,3967.3089207037206,,,,,,,30,Grassland
EVT2026_002481,2026-04-23,2026-04-23,1,20.52457,73.96933,147.5,2,2.44,2.69,1.0,closed,6859.5788166474085,,,,,,,10,Tree cover
EVT2026_002482,2026-04-23,2026-04-23,1,20.612295,73.726215,20.1,2,5.815,5.93,0.0,closed,2328.1684664120658,,,,,,,30,Grassland
EVT2026_002483,2026-04-23,2026-04-23,1,20.658625,73.6166375,318.3,4,13.695,21.96,0.0,closed,12900.74097154025,,,,,,,10,Tree cover
EVT2026_002484,2026-04-23,2026-04-23,1,20.7522425,73.5370075,386.3,4,2.985,4.32,0.5,closed,4528.726254302314,,,,,,,10,Tree cover
EVT2026_002485,2026-04-23,2026-04-23,1,20.812150000000003,73.608785,52.2,2,7.455,7.82,0.0,closed,9479.203037603198,,,,,,,30,Grassland
EVT2026_002486,2026-04-23,2026-04-23,1,20.81781,73.516795,294.0,2,6.87,8.07,0.0,closed,6184.482835424691,,,,,,,10,Tree cover
EVT2026_002487,2026-04-23,2026-04-23,1,20.914095,73.715765,299.2,2,6.51,7.92,0.0,closed,7020.140915620708,,,,,,,10,Tree cover
EVT2026_002488,2026-04-23,2026-04-23,1,20.921427142857144,73.61175857142858,318.9,7,6.944,8.3,0.0,closed,2156.1099769644347,,,,,,,10,Tree cover
EVT2026_002489,2026-04-23,2026-04-23,1,21.379425,73.429685,191.6,2,3.6,3.6,0.0,closed,10777.82306196075,,,,,,,10,Tree cover
EVT2026_002490,2026-04-23,2026-04-23,1,21.38718,73.50977,226.6,2,4.21,4.21,0.0,closed,8059.207468770027,,,,,,,10,Tree cover
EVT2026_002491,2026-04-23,2026-04-23,1,21.576216666666667,73.76864666666667,328.5,3,3.487,7.88,0.6667,closed,5026.2195283324145,,,,,,,10,Tree cover
EVT2026_002492,2026-04-23,2026-04-23,1,21.587105,73.70101,304.0,2,4.975,6.38,0.0,closed,10461.904663829822,,,,,,,10,Tree cover
EVT2026_002493,2026-04-23,2026-04-23,1,21.676755,73.671645,48.7,2,5.455,5.63,0.0,closed,10643.536265307543,,,,,,,30,Grassland
EVT2026_002494,2026-04-23,2026-04-23,1,21.762408333333337,73.38157833333334,1009.9,6,3.83,5.89,0.5,closed,6278.6108334694145,,,,,,,30,Grassland
EVT2026_002495,2026-04-23,2026-04-23,1,21.772025,73.35217,291.7,2,32.0,32.0,0.0,closed,4017.809460645195,,,,,,,10,Tree cover
EVT2026_002496,2026-04-23,2026-04-23,1,22.043525,74.001345,6.2,2,10.225,10.76,0.0,closed,7075.487821145459,,,,,,,40,Cropland
EVT2026_002497,2026-04-23,2026-04-23,1,22.063344999999998,70.01984999999999,282.3,2,2.44,2.44,0.0,closed,856.4061797075993,,,,,,,40,Cropland
EVT2026_002498,2026-04-23,2026-04-23,1,22.26379,70.25693,194.4,2,16.18,19.0,0.0,closed,320.6881710739559,,,,,,,20,Shrubland
EVT2026_002499,2026-04-23,2026-04-23,1,22.447380000000003,73.833035,37.1,2,7.38,7.67,0.0,closed,6981.0152922278485,,,,,,,10,Tree cover
EVT2026_002500,2026-04-23,2026-04-23,1,22.46859,73.977435,19.8,2,7.3,8.12,0.0,closed,9212.64853130895,,,,,,,10,Tree cover
EVT2026_002501,2026-04-23,2026-04-23,1,22.939394999999998,74.41206,47.2,2,3.855,3.99,0.0,closed,13667.695597688757,,,,,,,30,Grassland
EVT2026_002502,2026-04-23,2026-04-23,1,22.943015,74.36592,53.1,2,7.14,8.41,0.0,closed,10126.56875180492,,,,,,,30,Grassland
EVT2026_002503,2026-04-23,2026-04-23,1,23.210034999999998,73.91799499999999,47.7,2,10.455,10.79,0.0,closed,11805.905861100959,,,,,,,30,Grassland
EVT2026_002504,2026-04-23,2026-04-23,1,23.384504999999997,69.572645,205.1,2,5.48,5.48,0.0,closed,7824.691687263455,,,,,,,20,Shrubland
EVT2026_002505,2026-04-23,2026-04-23,1,23.473086666666664,74.45293,250.5,3,13.993,21.88,0.0,closed,6549.955583614295,9701.85265002842,,,,,,10,Tree cover
EVT2026_002506,2026-04-23,2026-04-23,1,23.515615,69.4747,188.0,2,0.95,0.95,1.0,closed,8433.47554348241,,,,,,,40,Cropland
EVT2026_002507,2026-04-23,2026-04-23,1,23.6917,74.420245,164.2,2,6.805,6.85,0.0,closed,7810.180764954517,15856.592194785913,,,,,,10,Tree cover
EVT2026_002508,2026-04-23,2026-04-23,1,23.902306666666664,73.23172333333333,340.0,3,3.837,5.59,0.0,closed,6234.090292107235,,,,,,,10,Tree cover
EVT2026_002509,2026-04-23,2026-04-23,1,24.00583,74.428065,257.7,2,11.15,11.34,0.0,closed,10572.057574142298,,,,,,,40,Cropland
EVT2026_002510,2026-04-23,2026-04-23,1,24.178849999999997,74.02234,226.0,2,16.395,17.44,0.0,closed,3433.0748632783752,,,,,,,20,Shrubland
EVT2026_002511,2026-04-23,2026-04-23,1,24.296815000000002,74.36475999999999,346.3,2,5.48,5.95,0.0,closed,18010.669028462828,,,,,,,30,Grassland
EVT2026_002512,2026-04-23,2026-04-23,1,24.498697999999997,73.81552,812.4,5,15.356,20.7,0.0,closed,3647.374811411759,17903.50026164958,,,,,,30,Grassland
EVT2026_002513,2026-04-23,2026-04-23,1,24.527648,73.896142,740.3,5,18.24,23.5,0.0,closed,10128.702456976764,,,,,,,20,Shrubland
EVT2026_002514,2026-04-23,2026-04-23,1,24.530216666666664,73.20870000000001,342.9,3,14.7,14.7,0.0,closed,,,,,,,,30,Grassland
EVT2026_002515,2026-04-23,2026-04-23,1,24.6969,73.65271,229.0,2,9.08,9.08,0.0,closed,5663.263885599099,,,,,,,30,Grassland
EVT2026_002516,2026-04-23,2026-04-24,2,20.4082025,72.3355025,255.1,4,1.083,1.87,0.75,closed,,,,,,,,0,
EVT2026_002517,2026-04-23,2026-04-24,2,24.31983,73.662365,339.9,2,11.005,13.62,0.0,closed,3090.984454809548,9273.807692088556,,,,,,30,Grassland
EVT2026_002518,2026-04-23,2026-04-24,2,24.679744999999997,73.318145,367.6,2,3.09,4.19,0.5,closed,,,,,,,,10,Tree cover
EVT2026_002519,2026-04-23,2026-04-24,2,24.690085,73.00417999999999,117.1,2,2.45,2.51,1.0,closed,264.0725271590043,735.0921643833972,,,15,Moderate,True,50,Built-up
EVT2026_002520,2026-04-24,2026-04-24,1,20.006775,73.4988,186.3,2,3.8,3.8,0.0,closed,19073.71202218307,,,,,,,30,Grassland
EVT2026_002521,2026-04-24,2026-04-24,1,20.104635000000002,73.7446925,445.3,4,3.442,5.97,1.0,closed,4010.6771346330206,,,,,,,30,Grassland
EVT2026_002522,2026-04-24,2026-04-24,1,20.213865,73.48164,186.5,2,4.67,4.67,0.0,closed,15916.906901798027,,,,,,,10,Tree cover
EVT2026_002523,2026-04-24,2026-04-24,1,20.67821,73.5545325,271.0,4,7.05,7.05,0.0,closed,11483.96438759523,,,,,,,30,Grassland
EVT2026_002524,2026-04-24,2026-04-24,1,20.746915,73.471515,269.8,2,6.415,8.32,0.0,closed,3288.1261741157364,,,,,,,10,Tree cover
EVT2026_002525,2026-04-24,2026-04-24,1,20.954653999999998,73.62446,475.2,5,9.878,15.49,0.0,closed,5609.542988863301,,,,,,,10,Tree cover
EVT2026_002526,2026-04-24,2026-04-24,1,21.35591,73.722365,186.9,2,11.22,11.34,0.0,closed,6183.580288830268,,,,,,,20,Shrubland
EVT2026_002527,2026-04-24,2026-04-24,1,21.563205,73.054485,186.4,2,10.28,10.28,0.0,closed,1758.837931799472,19234.490900944656,,,,,,30,Grassland
EVT2026_002528,2026-04-24,2026-04-24,1,21.69585,73.779075,188.0,2,18.48,26.32,0.0,closed,15713.50632619141,,,,,,,40,Cropland
EVT2026_002529,2026-04-24,2026-04-24,1,21.83094,72.70523,269.2,4,16.52,21.76,0.0,closed,1889.503065381169,17675.48843905854,18401.873947583408,,,,,40,Cropland
EVT2026_002530,2026-04-24,2026-04-24,1,21.9449725,73.9002775,373.4,4,10.94,15.52,0.0,closed,15073.697315444637,,,,,,,10,Tree cover
EVT2026_002531,2026-04-24,2026-04-24,1,22.009610000000002,72.76826,269.1,2,11.91,14.25,0.0,closed,9243.342390263022,,,,,,,40,Cropland
EVT2026_002532,2026-04-24,2026-04-24,1,22.30968,72.2430988888889,540.2,9,4.546,7.85,0.0,closed,8031.391286230858,,,,,,,40,Cropland
EVT2026_002533,2026-04-24,2026-04-24,1,22.717950000000002,73.6565,187.9,2,9.735,10.34,0.0,closed,6698.171387624322,,,,,,,30,Grassland
EVT2026_002534,2026-04-24,2026-04-24,1,23.63856,73.605705,199.3,2,7.475,14.59,0.5,closed,4228.535748489637,,,,,,,10,Tree cover
EVT2026_002535,2026-04-24,2026-04-24,1,23.669136666666663,74.19986666666667,381.9,3,6.747,11.53,0.3333,closed,8436.255254624524,9363.164715058323,,,,,,10,Tree cover
EVT2026_002536,2026-04-24,2026-04-24,1,23.857215,73.3414,427.3,4,1.413,1.49,1.0,closed,3036.72861213552,,,,,,,10,Tree cover
EVT2026_002537,2026-04-24,2026-04-24,1,24.37249,74.202265,205.5,2,7.42,10.85,0.0,closed,17341.26059324331,,,,,,,30,Grassland
EVT2026_002538,2026-04-24,2026-04-24,1,24.4403,73.68194249999999,268.8,4,0.835,0.94,1.0,closed,9353.901868855179,12048.364739348644,,,,,,30,Grassland
EVT2026_002539,2026-04-24,2026-04-24,1,24.644505000000002,73.73259,201.4,2,9.31,9.48,0.0,closed,2583.6111973769134,,,,,,,20,Shrubland
EVT2026_002540,2026-04-24,2026-04-25,2,20.54011,73.546625,374.6,4,3.612,6.84,0.5,closed,7671.260510001236,,,,,,,40,Cropland
EVT2026_002541,2026-04-24,2026-04-25,2,20.72602,73.46708000000001,255.5,2,4.54,7.24,0.5,closed,4662.933388038193,,,,,,,10,Tree cover
EVT2026_002542,2026-04-24,2026-04-25,2,20.811148,73.64151799999999,392.0,5,7.266,15.0,0.4,closed,7068.206107530537,,,,,,,40,Cropland
EVT2026_002543,2026-04-24,2026-04-25,2,20.832105,73.767595,281.4,2,6.37,6.67,0.0,closed,11610.648211272652,,,,,,,10,Tree cover
EVT2026_002544,2026-04-24,2026-04-25,2,20.91073,71.45898666666666,134.8,3,1.773,2.31,1.0,closed,369.2437611269456,1722.4800064989595,,,7,Strong,True,50,Built-up
EVT2026_002545,2026-04-24,2026-04-25,2,21.106415,73.789895,100.9,2,2.26,2.37,1.0,closed,6217.98299965432,,,,,,,20,Shrubland
EVT2026_002546,2026-04-24,2026-04-25,2,21.552765,71.74339499999999,140.3,2,8.22,15.38,0.5,closed,3711.388702783395,,,,,,,40,Cropland
EVT2026_002547,2026-04-24,2026-04-25,2,21.915983333333333,73.99169,196.1,3,4.093,7.97,1.0,closed,,,,,,,,10,Tree cover
EVT2026_002548,2026-04-24,2026-04-25,2,21.959094999999998,74.2446,473.2,4,10.048,20.17,0.5,closed,,,,,,,,30,Grassland
EVT2026_002549,2026-04-24,2026-04-25,2,22.44695,73.81151,479.8,3,2.557,3.11,1.0,closed,8915.962207578039,,,,,,,10,Tree cover
EVT2026_002550,2026-04-24,2026-04-25,2,23.196475,68.96375499999999,53.3,2,3.745,4.88,0.0,closed,4239.092730823238,,,,,,,40,Cropland
EVT2026_002551,2026-04-24,2026-04-25,2,24.4442,73.36144333333333,488.2,3,6.3,16.34,0.6667,closed,,,,,,,,10,Tree cover
EVT2026_002552,2026-04-24,2026-04-26,3,20.35643,72.94899666666667,246.6,3,1.043,1.68,1.0,closed,496.90827554253593,,,,,,,40,Cropland
EVT2026_002553,2026-04-24,2026-04-26,3,20.8622675,73.597545,528.9,4,5.582,9.25,0.25,closed,5763.595034248132,,,,,,,10,Tree cover
EVT2026_002554,2026-04-24,2026-04-26,3,23.927046666666666,73.39540333333333,660.2,6,4.832,10.54,0.5,closed,2895.029925724239,,,,,,,10,Tree cover
EVT2026_002555,2026-04-25,2026-04-25,1,20.047635,73.50882,216.4,2,7.93,8.03,0.0,closed,18268.284931554153,,,,,,,40,Cropland
EVT2026_002556,2026-04-25,2026-04-25,1,20.325036666666666,73.39298000000001,363.8,3,10.53,13.13,0.0,closed,2519.555767988281,,,,,,,10,Tree cover
EVT2026_002557,2026-04-25,2026-04-25,1,20.37164,73.47608,284.0,2,4.95,6.3,0.5,closed,12614.672555995765,,,,,,,30,Grassland
EVT2026_002558,2026-04-25,2026-04-25,1,20.41061,73.472545,215.8,2,6.78,6.78,0.0,closed,15033.194659611683,,,,,,,30,Grassland
EVT2026_002559,2026-04-25,2026-04-25,1,20.473174999999998,73.88374,226.5,2,1.15,1.28,1.0,closed,4255.87428869062,,,,,,,30,Grassland
EVT2026_002560,2026-04-25,2026-04-25,1,20.787716666666665,73.50158333333333,249.9,3,9.747,11.98,0.0,closed,2514.8029490379304,,,,,,,10,Tree cover
EVT2026_002561,2026-04-25,2026-04-25,1,20.789242,73.522588,354.4,5,7.286,16.21,0.0,closed,3811.402854538223,,,,,,,10,Tree cover
EVT2026_002562,2026-04-25,2026-04-25,1,20.818820000000002,73.64716,242.7,2,2.225,2.92,1.0,closed,7507.1637524837815,,,,,,,10,Tree cover
EVT2026_002563,2026-04-25,2026-04-25,1,21.098005,73.78823,256.7,2,11.825,13.51,0.0,closed,7112.910060623145,,,,,,,10,Tree cover
EVT2026_002564,2026-04-25,2026-04-25,1,21.138265999999998,74.04679200000001,1261.6,10,3.32,6.29,0.8,closed,3748.9373093888676,,,,,,,30,Grassland
EVT2026_002565,2026-04-25,2026-04-25,1,21.19632,70.92371333333334,589.9,3,10.17,13.03,0.0,closed,4667.676656156631,,,,,,,10,Tree cover
EVT2026_002566,2026-04-25,2026-04-25,1,21.310184999999997,73.48668,212.6,2,8.015,10.6,0.0,closed,9277.305358054393,13399.586347916678,,,,,,10,Tree cover
EVT2026_002567,2026-04-25,2026-04-25,1,21.927660000000003,72.78485,192.2,2,1.67,1.72,1.0,closed,2616.5512893160935,,,,,,,40,Cropland
EVT2026_002568,2026-04-25,2026-04-25,1,21.941465,74.14515,260.6,2,11.185,16.89,0.5,closed,19706.6006817084,,,,,,,10,Tree cover
EVT2026_002569,2026-04-25,2026-04-25,1,21.961935,74.060215,117.1,2,2.56,2.58,1.0,closed,14602.577662421356,,,,,,,30,Grassland
EVT2026_002570,2026-04-25,2026-04-25,1,22.068246666666667,72.65849666666666,399.7,3,1.26,2.18,1.0,closed,2602.2945931016966,,,,,,,40,Cropland
EVT2026_002571,2026-04-25,2026-04-25,1,22.900534999999998,74.41357500000001,60.0,2,16.33,16.76,0.0,closed,12275.731467888541,,,,,,,30,Grassland
EVT2026_002572,2026-04-25,2026-04-25,1,23.46164,69.861645,201.0,2,9.6,13.46,0.0,closed,15701.326073421413,,,,,,,20,Shrubland
EVT2026_002573,2026-04-25,2026-04-25,1,23.47264,69.395565,191.3,2,8.385,10.03,0.0,closed,9321.052442018547,,,,,,,20,Shrubland
EVT2026_002574,2026-04-25,2026-04-25,1,23.68311,73.46472,205.7,2,16.535,17.22,0.0,closed,1479.210945221732,,,,,,,30,Grassland
EVT2026_002575,2026-04-25,2026-04-25,1,23.684003333333333,69.46705,397.0,3,24.077,26.17,0.0,closed,12819.107091165995,,,,,,,40,Cropland
EVT2026_002576,2026-04-25,2026-04-25,1,23.753815,74.459305,235.0,2,8.37,8.37,1.0,closed,15500.749854831776,,,,,,,10,Tree cover
EVT2026_002577,2026-04-25,2026-04-25,1,24.316933333333335,73.80842333333332,207.2,3,15.157,20.01,0.0,closed,7223.465501243924,7167.274054592664,,,,,,30,Grassland
EVT2026_002578,2026-04-25,2026-04-26,2,20.7305675,73.538945,530.7,4,2.935,4.01,0.25,closed,5942.49256449174,,,,,,,10,Tree cover
EVT2026_002579,2026-04-25,2026-04-26,2,20.731378,73.55394,632.4,5,2.198,4.41,0.6,closed,7141.599703929373,,,,,,,10,Tree cover
EVT2026_002580,2026-04-25,2026-04-26,2,22.27103,74.00729333333334,440.2,3,5.6,5.87,0.0,closed,4791.091782093181,,,,,,,30,Grassland
EVT2026_002581,2026-04-25,2026-04-26,2,23.46951,69.41011999999999,287.5,3,9.127,12.18,0.0,closed,9233.00247860106,,,,,,,20,Shrubland
EVT2026_002582,2026-04-25,2026-04-26,2,23.471883333333334,69.83418888888889,717.8,9,9.989,13.54,0.0,closed,16409.646927483183,,,,,,,20,Shrubland
EVT2026_002583,2026-04-25,2026-04-26,2,23.91987333333333,74.0779,478.6,3,13.903,16.83,0.0,closed,2851.9138972859328,,,,,,,40,Cropland
EVT2026_002584,2026-04-25,2026-04-26,2,24.367113999999997,73.808465,1291.2,10,5.108,8.13,0.5,closed,6384.331739889315,6442.7432361235415,,,,,,10,Tree cover
EVT2026_002585,2026-04-25,2026-04-26,2,24.54856,73.733025,160.8,2,6.545,7.98,0.0,closed,1484.4899005335787,,,,,,,40,Cropland
EVT2026_002586,2026-04-26,2026-04-26,1,20.211705000000002,73.57257,79.6,2,2.17,2.38,0.0,closed,,,,,,,,40,Cropland
EVT2026_002587,2026-04-26,2026-04-26,1,20.326615,73.470095,183.4,2,3.025,3.6,0.0,closed,10316.317336391603,,,,,,,10,Tree cover
EVT2026_002588,2026-04-26,2026-04-26,1,21.0044925,73.7343575,247.4,4,10.085,11.41,0.0,closed,7509.027845506768,,,,,,,30,Grassland
EVT2026_002589,2026-04-26,2026-04-26,1,21.020310000000002,72.75894500000001,213.5,2,3.96,4.25,0.0,closed,1460.3259330295143,14765.638332137198,,,,,,40,Cropland
EVT2026_002590,2026-04-26,2026-04-26,1,21.4334,72.97541,172.9,2,0.955,1.18,1.0,closed,1821.6765227629692,10366.454988956226,,,50,Limited,True,40,Cropland
EVT2026_002591,2026-04-26,2026-04-26,1,21.530955,73.14762999999999,115.4,2,1.975,2.39,0.0,closed,2636.639253479004,15505.593622011005,,,,,,40,Cropland
EVT2026_002592,2026-04-26,2026-04-26,1,21.58904,73.85316499999999,124.6,2,11.19,11.86,0.0,closed,6216.034012846382,,,,,,,30,Grassland
EVT2026_002593,2026-04-26,2026-04-26,1,21.598705000000002,70.07448,132.2,2,8.27,8.46,0.0,closed,5290.187704417145,,,,,,,40,Cropland
EVT2026_002594,2026-04-26,2026-04-26,1,21.796045,72.645235,183.3,2,1.69,1.77,1.0,closed,285.8555523947695,11793.509887218279,12079.79796366045,,41,Limited,True,40,Cropland
EVT2026_002595,2026-04-26,2026-04-26,1,21.79676,74.476145,265.0,2,2.2,2.2,1.0,closed,16534.859146488987,,,,,,,10,Tree cover
EVT2026_002596,2026-04-26,2026-04-26,1,21.842865,72.97592,174.8,2,4.67,4.85,0.0,closed,4618.05959325931,6997.496831037176,,,,,,40,Cropland
EVT2026_002597,2026-04-26,2026-04-26,1,21.879745,72.102555,197.9,2,9.805,12.03,0.0,closed,2616.9179150229943,,,,,,,40,Cropland
EVT2026_002598,2026-04-26,2026-04-26,1,22.326875,72.15274,192.5,2,6.695,7.05,0.0,closed,8542.626156521988,,,,,,,40,Cropland
EVT2026_002599,2026-04-26,2026-04-26,1,22.883266666666668,70.86937666666667,296.1,3,13.453,14.98,0.0,closed,901.7652915882493,,,,,,,40,Cropland
EVT2026_002600,2026-04-26,2026-04-26,1,22.954214999999998,74.44489999999999,259.6,2,5.54,5.54,0.0,closed,17406.747619275386,,,,,,,10,Tree cover
EVT2026_002601,2026-04-26,2026-04-26,1,23.011985,72.33194499999999,38.6,2,1.48,1.52,1.0,closed,834.2813154661128,,,,,,,10,Tree cover
EVT2026_002602,2026-04-26,2026-04-26,1,23.378254285714288,71.58929142857143,705.1,7,7.503,13.38,1.0,closed,5423.502348397382,,,,,,,20,Shrubland
EVT2026_002603,2026-04-26,2026-04-26,1,23.390655,71.60294999999999,55.8,2,2.865,3.5,1.0,closed,3564.496854179942,,,,,,,20,Shrubland
EVT2026_002604,2026-04-26,2026-04-26,1,23.39189,71.584412,297.0,5,4.722,7.62,1.0,closed,4678.829597444525,,,,,,,20,Shrubland
EVT2026_002605,2026-04-26,2026-04-26,1,23.39379,73.68389666666667,305.0,3,14.22,16.38,0.0,closed,8073.251913296012,,,,,,,40,Cropland
EVT2026_002606,2026-04-26,2026-04-26,1,23.61904,69.41788,168.9,2,8.88,8.92,0.0,closed,18051.00838655514,,,,,,,40,Cropland
EVT2026_002607,2026-04-26,2026-04-26,1,23.624065,69.52819,176.3,2,7.475,8.05,0.0,closed,17818.451742430705,,,,,,,20,Shrubland
EVT2026_002608,2026-04-26,2026-04-26,1,23.636222727272727,69.35380090909091,750.9,11,46.172,71.13,0.0,closed,13362.976862562997,,,,,,,20,Shrubland
EVT2026_002609,2026-04-26,2026-04-26,1,23.674619999999997,74.20178,268.3,2,9.39,9.39,0.0,closed,7967.420560268472,9739.734888856248,,,,,,10,Tree cover
EVT2026_002610,2026-04-26,2026-04-26,1,23.678393333333332,69.44328,128.8,3,10.27,18.55,0.0,closed,13501.503253072853,,,,,,,20,Shrubland
EVT2026_002611,2026-04-26,2026-04-26,1,23.705375,73.845215,272.1,2,14.22,14.22,0.0,closed,17277.11193387512,,,,,,,10,Tree cover
EVT2026_002612,2026-04-26,2026-04-26,1,23.770490000000002,73.860085,463.3,4,11.155,14.73,0.0,closed,18318.963225024912,,,,,,,10,Tree cover
EVT2026_002613,2026-04-26,2026-04-26,1,23.779565,74.07461,261.9,2,5.37,5.37,0.0,closed,10299.17144203688,,,,,,,30,Grassland
EVT2026_002614,2026-04-26,2026-04-26,1,23.821150000000003,74.152675,145.2,2,4.295,4.93,0.0,closed,9286.159636234712,,,,,,,10,Tree cover
EVT2026_002615,2026-04-26,2026-04-26,1,24.1223,74.302835,295.6,2,3.025,4.51,1.0,closed,16974.72140165067,,,,,,,10,Tree cover
EVT2026_002616,2026-04-26,2026-04-26,1,24.414070000000002,73.30556999999999,19.7,2,2.41,2.49,1.0,closed,,,,,,,,10,Tree cover
EVT2026_002617,2026-04-26,2026-04-26,1,24.530185000000003,74.41746,132.5,2,16.95,16.95,0.0,closed,14886.332126200941,,,,,,,40,Cropland
EVT2026_002618,2026-04-26,2026-04-26,1,24.53436,73.66988,264.7,2,10.5,13.29,0.0,closed,4180.751581755579,,,,,,,30,Grassland
EVT2026_002619,2026-04-26,2026-04-26,1,24.5429,68.80698,195.5,2,2.525,3.57,0.0,closed,12142.361224065316,,,,,,,40,Cropland
EVT2026_002620,2026-04-26,2026-04-27,2,20.33903571428571,74.27093285714285,1522.4,7,5.046,14.15,0.5714,closed,7669.726092980603,,,,,,,20,Shrubland
EVT2026_002621,2026-04-26,2026-04-27,2,20.389246666666665,74.19772666666667,645.0,9,4.828,9.42,0.8889,closed,7977.230661741484,,,,,,,10,Tree cover
EVT2026_002622,2026-04-26,2026-04-27,2,20.602659999999997,73.66455142857141,447.3,7,4.177,6.84,0.0,closed,8072.120623375655,,,,,,,30,Grassland
EVT2026_002623,2026-04-26,2026-04-27,2,22.37474,72.474655,93.9,2,0.76,0.82,1.0,closed,7234.622766957004,,,,,,,40,Cropland
EVT2026_002624,2026-04-26,2026-04-27,2,23.995336666666663,73.34570666666667,541.5,3,1.353,1.85,1.0,closed,1582.342694765006,,,,,,,10,Tree cover
EVT2026_002625,2026-04-26,2026-04-27,2,24.15786,74.178695,278.6,2,4.895,7.51,0.5,closed,14022.952845595142,,,,,,,10,Tree cover
EVT2026_002626,2026-04-27,2026-04-27,1,20.34518,73.60806666666666,475.0,3,9.267,12.5,0.0,closed,17130.309525270837,,,,,,,10,Tree cover
EVT2026_002627,2026-04-27,2026-04-27,1,20.77921,73.524355,178.1,2,3.58,4.09,0.0,closed,3315.4196030723565,,,,,,,10,Tree cover
EVT2026_002628,2026-04-27,2026-04-27,1,20.897145000000002,73.672075,26.8,2,1.94,1.98,0.0,closed,8460.02443873954,,,,,,,30,Grassland
EVT2026_002629,2026-04-27,2026-04-27,1,20.91006,71.45950500000001,172.9,2,1.47,1.55,0.5,closed,278.7449929391643,1630.6614386538035,,,7,Strong,True,50,Built-up
EVT2026_002630,2026-04-27,2026-04-27,1,21.186905,73.88555500000001,259.8,2,4.01,4.01,0.0,closed,6729.6398963154015,,,,,,,30,Grassland
EVT2026_002631,2026-04-27,2026-04-27,1,21.399065,73.268325,168.4,2,3.805,4.38,0.0,closed,4418.735283486323,16807.087473064523,,,,,,40,Cropland
EVT2026_002632,2026-04-27,2026-04-27,1,21.450615,72.83169000000001,53.9,2,5.3,5.62,0.0,closed,1878.0643226202455,,,,,,,40,Cropland
EVT2026_002633,2026-04-27,2026-04-27,1,21.692503333333335,72.60460333333333,239.7,3,1.683,2.36,1.0,closed,371.3424964636405,1745.9147271042284,174.60974756836922,,43,Limited,True,40,Cropland
EVT2026_002634,2026-04-27,2026-04-27,1,21.7295,73.22307,247.9,2,5.12,7.12,0.0,closed,7970.944751433434,15448.64793470094,,,,,,10,Tree cover
EVT2026_002635,2026-04-27,2026-04-27,1,21.84946,71.765855,196.6,2,3.085,3.22,0.0,closed,4219.521018218683,,,,,,,40,Cropland
EVT2026_002636,2026-04-27,2026-04-27,1,21.931375000000003,72.781725,227.4,2,11.46,11.46,0.0,closed,2821.258732506769,,,,,,,40,Cropland
EVT2026_002637,2026-04-27,2026-04-27,1,21.98469,73.91237000000001,168.8,2,4.145,4.74,0.0,closed,12160.928284518024,,,,,,,40,Cropland
EVT2026_002638,2026-04-27,2026-04-27,1,22.012,72.82616,471.9,3,5.713,8.26,0.0,closed,3763.831029906681,,,,,,,40,Cropland
EVT2026_002639,2026-04-27,2026-04-27,1,22.085345999999998,72.552066,517.4,5,10.42,15.64,0.2,closed,7440.881060813681,,,,,,,40,Cropland
EVT2026_002640,2026-04-27,2026-04-27,1,22.418664999999997,74.30724000000001,72.5,2,3.82,4.19,0.0,closed,13171.127018009094,,,,,,,10,Tree cover
EVT2026_002641,2026-04-27,2026-04-27,1,22.462433333333333,73.52683666666667,448.9,3,3.677,4.26,0.0,closed,6197.176329566107,,,,,,,30,Grassland
EVT2026_002642,2026-04-27,2026-04-27,1,22.696985,72.22025,100.6,2,4.01,4.05,0.0,closed,2129.576033085043,,,,,,,40,Cropland
EVT2026_002643,2026-04-27,2026-04-27,1,22.959865,72.54647,325.6,2,6.31,6.31,0.0,closed,1017.9678378354231,13161.26001214785,,,,,,60,Bare/sparse vegetation
EVT2026_002644,2026-04-27,2026-04-27,1,23.059965,73.59370000000001,73.6,2,10.285,11.61,0.0,closed,14158.443260456705,,,,,,,30,Grassland
EVT2026_002645,2026-04-27,2026-04-27,1,23.440765,69.82796166666667,1120.4,6,31.478,42.76,0.0,closed,14392.543336224717,,,,,,,20,Shrubland
EVT2026_002646,2026-04-27,2026-04-27,1,23.47655,73.70984333333332,421.6,3,7.117,7.47,0.0,closed,11280.297725596354,,,,,,,20,Shrubland
EVT2026_002647,2026-04-27,2026-04-27,1,23.478515,70.663825,166.2,2,5.045,5.46,0.0,closed,1527.372646446841,,,,,,,40,Cropland
EVT2026_002648,2026-04-27,2026-04-27,1,23.562060000000002,71.6318725,346.5,4,3.875,4.39,0.0,closed,2141.8118359203627,,,,,,,10,Tree cover
EVT2026_002649,2026-04-27,2026-04-27,1,23.59106,69.15346,264.1,2,6.59,6.59,0.0,closed,2194.349155183713,,,,,,,20,Shrubland
EVT2026_002650,2026-04-27,2026-04-27,1,23.63134,69.426325,289.6,2,18.23,18.23,0.0,closed,18929.64737680351,,,,,,,40,Cropland
EVT2026_002651,2026-04-27,2026-04-27,1,23.68864,69.5163,186.5,2,9.65,10.65,0.0,closed,12879.946932120909,,,,,,,20,Shrubland
EVT2026_002652,2026-04-27,2026-04-27,1,23.69466,69.527235,189.1,2,21.715,25.17,0.0,closed,12443.326122066404,,,,,,,20,Shrubland
EVT2026_002653,2026-04-27,2026-04-27,1,23.71122,69.506475,616.8,4,30.253,34.5,0.0,closed,10265.707590374428,,,,,,,20,Shrubland
EVT2026_002654,2026-04-27,2026-04-27,1,23.74437,72.46131,64.5,2,2.91,2.97,0.0,closed,3325.245448701051,,,,,,,20,Shrubland
EVT2026_002655,2026-04-27,2026-04-27,1,23.769893333333332,69.48905666666667,432.5,3,15.88,24.0,0.0,closed,3792.8342538167385,,,,,,,20,Shrubland
EVT2026_002656,2026-04-27,2026-04-27,1,23.79366333333333,73.93326,296.7,3,5.81,7.97,0.0,closed,14781.488386782003,,,,,,,30,Grassland
EVT2026_002657,2026-04-27,2026-04-27,1,23.80341,68.687835,100.4,2,5.655,6.25,0.0,closed,2679.774979518477,5829.943845374019,,,,,,80,Water bodies
EVT2026_002658,2026-04-27,2026-04-27,1,23.817355,71.08281,299.8,2,6.54,6.99,0.0,closed,9770.222113483816,,,,,,,40,Cropland
EVT2026_002659,2026-04-27,2026-04-27,1,23.913314999999997,74.386315,311.4,2,8.725,10.43,0.0,closed,,,,,,,,30,Grassland
EVT2026_002660,2026-04-27,2026-04-27,1,24.12357,74.28553400000001,490.4,5,8.504,11.58,0.0,closed,18727.226565513567,,,,,,,10,Tree cover
EVT2026_002661,2026-04-27,2026-04-27,1,24.17864,72.451165,238.7,2,5.05,5.26,0.0,closed,633.7111355487104,,,,,,,60,Bare/sparse vegetation
EVT2026_002662,2026-04-27,2026-04-27,1,24.23017,73.826535,129.4,2,3.92,4.05,1.0,closed,15562.853348562705,15536.491404985078,,,,,,30,Grassland
EVT2026_002663,2026-04-27,2026-04-27,1,24.300616666666667,73.68707,375.1,3,4.003,5.28,0.0,closed,3687.8779630113627,8239.674190775862,,,,,,30,Grassland
EVT2026_002664,2026-04-27,2026-04-27,1,24.419764999999998,74.18361999999999,63.3,2,5.64,6.81,0.0,closed,11972.741879261665,,,,,,,10,Tree cover
EVT2026_002665,2026-04-27,2026-04-27,1,24.472205,73.88391,347.4,2,5.165,5.36,0.0,closed,10880.734467238843,19361.433155555187,,,,,,10,Tree cover
EVT2026_002666,2026-04-27,2026-04-27,1,24.47588,73.697585,239.7,2,5.755,5.84,0.0,closed,7073.715714360952,14888.604728301165,,,,,,10,Tree cover
EVT2026_002667,2026-04-27,2026-04-27,1,24.528896666666668,73.20089333333333,199.3,3,6.457,8.72,0.0,closed,,,,,,,,10,Tree cover
EVT2026_002668,2026-04-27,2026-04-27,1,24.530307999999998,73.657568,486.2,5,2.508,2.96,1.0,closed,5461.347289088658,,,,,,,20,Shrubland
EVT2026_002669,2026-04-27,2026-04-27,1,24.535245,73.8921825,383.5,4,24.32,35.48,0.0,closed,9679.275991740846,,,,,,,30,Grassland
EVT2026_002670,2026-04-27,2026-04-27,1,24.551940000000002,73.4187575,376.8,4,6.56,8.27,0.0,closed,,,,,,,,30,Grassland
EVT2026_002671,2026-04-30,2026-04-30,1,20.049905000000003,73.568365,191.9,2,2.625,4.84,1.0,closed,12265.247184371647,,,,,,,30,Grassland
EVT2026_002672,2026-04-30,2026-04-30,1,20.411335,73.87358,198.3,2,2.44,2.44,1.0,closed,4824.221861168672,,,,,,,20,Shrubland
EVT2026_002673,2026-04-30,2026-04-30,1,20.77375,73.590015,212.0,2,1.1,1.17,1.0,closed,9474.833208093181,,,,,,,10,Tree cover
EVT2026_002674,2026-04-30,2026-04-30,1,20.954895,73.66385,210.3,2,0.84,0.84,1.0,closed,8688.634021916723,,,,,,,10,Tree cover
EVT2026_002675,2026-04-30,2026-04-30,1,22.1466,73.90281,210.5,2,1.06,1.23,1.0,closed,7942.55819501157,,,,,,,10,Tree cover
EVT2026_002676,2026-04-30,2026-04-30,1,23.40763,72.41677,163.5,2,1.365,1.47,1.0,closed,538.6543631042543,,,,18,Limited,True,40,Cropland
EVT2026_002677,2026-04-30,2026-05-01,2,20.629433333333335,74.48283666666667,161.2,3,1.423,1.79,1.0,closed,7861.990947621207,,,,,,,40,Cropland
EVT2026_002678,2026-04-30,2026-05-01,2,20.751085,73.5173125,400.3,4,2.62,3.93,0.5,closed,2757.6151709354936,,,,,,,10,Tree cover
EVT2026_002679,2026-04-30,2026-05-02,3,22.931910000000002,69.69967666666666,240.5,3,1.713,2.54,1.0,closed,298.78521347511634,19283.302912871513,,,1,Moderate,True,10,Tree cover
EVT2026_002680,2026-04-30,2026-05-31,32,21.104730800000002,72.64089872,1407.9,250,6.124,56.34,0.728,closed,641.9200486213692,1620.399032098772,,,0,Strong,True,50,Built-up
EVT2026_002681,2026-04-30,2026-05-31,32,22.92663442622951,70.10723918032787,659.2,122,7.648,39.52,0.5328,closed,872.9411107186348,,,,30,Moderate,True,60,Bare/sparse vegetation
EVT2026_002682,2026-05-01,2026-05-01,1,20.750695,73.531705,259.8,2,1.965,2.03,0.0,closed,4080.1248054009116,,,,,,,10,Tree cover
EVT2026_002683,2026-05-01,2026-05-01,1,20.96583,71.080385,133.7,2,1.765,1.9,0.0,closed,1053.4464915654667,,,,,,,30,Grassland
EVT2026_002684,2026-05-01,2026-05-01,1,21.502175,74.290025,110.0,2,2.475,2.96,0.0,closed,1589.7388298186986,,,,,,,40,Cropland
EVT2026_002685,2026-05-01,2026-05-01,1,21.523435,73.78682,214.8,2,4.78,4.81,0.0,closed,1497.330692846452,,,,,,,40,Cropland
EVT2026_002686,2026-05-01,2026-05-01,1,21.583083333333335,70.40588666666666,218.2,3,3.62,5.17,0.0,closed,3123.9731639191255,,,,,,,40,Cropland
EVT2026_002687,2026-05-01,2026-05-01,1,21.61014,73.17976,165.2,2,1.525,1.68,0.0,closed,3248.102220913573,,,,,,,40,Cropland
EVT2026_002688,2026-05-01,2026-05-01,1,21.925445,72.68973,267.9,2,5.62,7.71,0.0,closed,1846.9105184915647,,,,,,,30,Grassland
EVT2026_002689,2026-05-01,2026-05-01,1,21.95035,74.043005,338.0,2,4.975,6.04,0.0,closed,15809.656242780493,,,,,,,30,Grassland
EVT2026_002690,2026-05-01,2026-05-01,1,22.091639999999998,69.516015,113.2,2,4.995,5.62,0.0,closed,618.7480983299134,,,,,,,80,Water bodies
EVT2026_002691,2026-05-01,2026-05-01,1,22.15582,73.20833999999999,182.4,2,2.225,3.2,0.0,closed,2276.783906580617,,,,,,,50,Built-up
EVT2026_002692,2026-05-01,2026-05-01,1,22.255285,74.0104,232.5,2,3.635,3.91,0.0,closed,3109.6615667884817,,,,,,,30,Grassland
EVT2026_002693,2026-05-01,2026-05-01,1,23.115405,70.083725,115.2,2,0.815,1.03,1.0,closed,259.4489367948839,,,,5,Moderate,True,20,Shrubland
EVT2026_002694,2026-05-01,2026-05-01,1,23.169690000000003,69.25467499999999,229.1,2,3.51,3.76,0.0,closed,353.38036618963594,,,,,,,20,Shrubland
EVT2026_002695,2026-05-01,2026-05-02,2,24.569535000000002,73.99189,322.6,2,4.195,5.34,0.0,closed,4579.513700387379,,,,,,,30,Grassland
EVT2026_002696,2026-05-02,2026-05-02,1,20.537840000000003,73.311485,159.5,2,2.785,2.92,0.0,closed,7805.803270641231,,,,,,,10,Tree cover
EVT2026_002697,2026-05-02,2026-05-02,1,20.953553333333332,73.68950333333333,575.6,3,4.52,4.73,0.0,closed,9515.29422721086,,,,,,,10,Tree cover
EVT2026_002698,2026-05-02,2026-05-02,1,21.49273,71.42170999999999,114.7,2,3.27,4.12,0.0,closed,8545.433456411534,,,,,,,40,Cropland
EVT2026_002699,2026-05-02,2026-05-02,1,21.52232,71.103565,99.8,2,2.765,3.19,0.0,closed,3781.592574560295,,,,,,,40,Cropland
EVT2026_002700,2026-05-02,2026-05-02,1,21.99265,72.64212,302.8,2,4.245,4.39,0.0,closed,8387.375055141254,,,,,,,30,Grassland
EVT2026_002701,2026-05-02,2026-05-02,1,22.633455,72.043685,303.3,2,5.01,5.01,0.0,closed,9541.626171216843,,,,,,,20,Shrubland
EVT2026_002702,2026-05-02,2026-05-02,1,22.86902,70.87028000000001,21.5,2,2.355,2.41,0.0,closed,1183.7109674109004,,,,,,,50,Built-up
EVT2026_002703,2026-05-02,2026-05-02,1,22.915415000000003,70.86811499999999,223.7,2,2.75,2.75,0.0,closed,1400.8314273248493,,,,,,,20,Shrubland
EVT2026_002704,2026-05-02,2026-05-02,1,23.117240000000002,71.28332499999999,193.7,2,2.83,3.39,0.0,closed,2753.404283183389,,,,,,,40,Cropland
EVT2026_002705,2026-05-02,2026-05-02,1,23.2274,69.07734666666666,198.3,3,2.847,3.9,0.0,closed,4715.604919792195,,,,,,,20,Shrubland
EVT2026_002706,2026-05-02,2026-05-02,1,23.254955000000002,70.2618,185.1,2,1.52,1.74,1.0,closed,854.1972993405899,,,,29,Limited,True,40,Cropland
EVT2026_002707,2026-05-02,2026-05-02,1,23.510965,74.267755,316.1,2,2.675,3.59,0.0,closed,10137.176196971259,10257.190984847592,,,,,,30,Grassland
EVT2026_002708,2026-05-02,2026-05-02,1,23.535413333333334,74.36922,437.7,3,4.767,8.04,0.0,closed,3855.7316548363287,4180.6972774027,,,,,,40,Cropland
EVT2026_002709,2026-05-02,2026-05-02,1,23.6761475,69.4569375,450.1,4,5.91,8.03,0.0,closed,13663.550325623426,,,,,,,20,Shrubland
EVT2026_002710,2026-05-02,2026-05-02,1,23.96447,74.126,268.9,2,6.495,6.7,0.0,closed,4112.086674327409,,,,,,,30,Grassland
EVT2026_002711,2026-05-02,2026-05-02,1,24.631435,73.734815,124.2,2,6.795,7.57,0.0,closed,1842.025371586308,,,,,,,30,Grassland
EVT2026_002712,2026-05-02,2026-05-03,2,24.14633,73.38438500000001,312.4,2,2.205,2.31,0.0,closed,15740.197844415732,,,,,,,10,Tree cover
EVT2026_002713,2026-05-03,2026-05-03,1,20.06551,73.54965999999999,308.0,2,6.0,6.63,0.0,closed,14673.27148814942,,,,,,,30,Grassland
EVT2026_002714,2026-05-03,2026-05-03,1,20.51169,73.63073,277.2,2,5.48,5.48,0.0,closed,2928.7903689179984,,,,,,,30,Grassland
EVT2026_002715,2026-05-03,2026-05-03,1,20.64909,73.3986,239.4,2,6.98,9.78,0.0,closed,7254.065926760086,,,,,,,10,Tree cover
EVT2026_002716,2026-05-03,2026-05-03,1,20.67766333333333,73.58248999999999,357.2,3,10.793,15.63,0.0,closed,13303.280829702157,,,,,,,10,Tree cover
EVT2026_002717,2026-05-03,2026-05-03,1,20.730676666666668,73.57321333333333,557.5,3,5.08,6.55,0.0,closed,8933.482019897476,,,,,,,30,Grassland
EVT2026_002718,2026-05-03,2026-05-03,1,20.79537,73.802655,94.9,2,12.465,12.53,0.0,closed,13424.765534492592,,,,,,,30,Grassland
EVT2026_002719,2026-05-03,2026-05-03,1,20.998829999999998,70.76214999999999,125.9,2,2.32,2.66,0.0,closed,7137.585076529943,,,,,,,20,Shrubland
EVT2026_002720,2026-05-03,2026-05-03,1,21.41691,73.654675,97.8,2,5.85,7.35,0.0,closed,6403.107424193563,,,,,,,30,Grassland
EVT2026_002721,2026-05-03,2026-05-03,1,21.47838,73.76065,162.4,2,9.72,9.72,0.0,closed,7172.916538571354,,,,,,,40,Cropland
EVT2026_002722,2026-05-03,2026-05-03,1,21.555685,73.77388,109.8,2,3.82,3.98,0.0,closed,2816.1341796393667,,,,,,,30,Grassland
EVT2026_002723,2026-05-03,2026-05-03,1,21.68508,70.23863,35.7,2,3.245,3.7,0.0,closed,4512.83246094128,,,,,,,40,Cropland
EVT2026_002724,2026-05-03,2026-05-03,1,21.8667,72.759095,83.8,2,2.885,2.99,0.0,closed,3164.5445676103404,,,,,,,40,Cropland
EVT2026_002725,2026-05-03,2026-05-03,1,21.868955,73.77659,137.4,2,9.575,11.4,0.0,closed,3935.1877031305025,,,,,,,30,Grassland
EVT2026_002726,2026-05-03,2026-05-03,1,22.072603333333333,72.65163333333334,294.8,3,4.853,6.98,0.0,closed,1786.6649999313856,,,,,,,40,Cropland
EVT2026_002727,2026-05-03,2026-05-03,1,22.1732,70.200775,227.2,2,5.1,5.29,0.0,closed,2767.7295274813873,,,,,,,20,Shrubland
EVT2026_002728,2026-05-03,2026-05-03,1,22.443565,73.18984,270.7,2,3.55,4.65,1.0,closed,294.5380484165306,11784.409365249769,,,,,,30,Grassland
EVT2026_002729,2026-05-03,2026-05-03,1,22.58977,72.080495,367.1,2,6.03,6.03,0.0,closed,10536.050356762073,,,,,,,60,Bare/sparse vegetation
EVT2026_002730,2026-05-03,2026-05-03,1,22.88902333333333,74.37867166666666,846.3,6,4.49,6.32,0.0,closed,8534.09784508844,,,,,,,30,Grassland
EVT2026_002731,2026-05-03,2026-05-03,1,23.13686,68.92611333333333,256.2,3,2.07,3.23,0.0,closed,1300.4801919900606,,,,,,,10,Tree cover
EVT2026_002732,2026-05-03,2026-05-03,1,23.216884999999998,73.525785,142.1,2,3.265,3.53,0.0,closed,3302.019746490928,,,,,,,40,Cropland
EVT2026_002733,2026-05-03,2026-05-03,1,23.251489999999997,71.838165,148.3,2,9.205,16.39,0.0,closed,5881.110694919108,,,,,,,40,Cropland
EVT2026_002734,2026-05-03,2026-05-03,1,23.42282,70.1114675,306.8,4,16.402,22.65,0.0,closed,8875.785736724974,,,,,,,20,Shrubland
EVT2026_002735,2026-05-03,2026-05-03,1,24.29503,73.700345,96.8,2,1.84,1.86,0.0,closed,4461.873494634345,7770.753084422774,,,,,,30,Grassland
EVT2026_002736,2026-05-03,2026-05-03,1,24.392905,69.505815,143.5,2,10.475,10.95,0.0,closed,12137.57117337682,,,,,,,20,Shrubland
EVT2026_002737,2026-05-03,2026-05-03,1,24.628014999999998,72.82671500000001,187.8,2,7.125,9.38,0.0,closed,8956.02032025909,19243.89610944748,,,,,,30,Grassland
EVT2026_002738,2026-05-03,2026-05-04,2,21.8126728,72.00573639999999,1652.6,25,11.223,35.42,0.92,closed,5858.10733631889,,,,,,,40,Cropland
EVT2026_002739,2026-05-03,2026-05-04,2,21.895905,73.78794500000001,303.9,2,4.59,5.96,0.0,closed,7091.588126673359,,,,,,,10,Tree cover
EVT2026_002740,2026-05-03,2026-05-04,2,23.40926,72.4161,84.9,2,0.545,0.68,1.0,closed,596.2844815901121,,,,18,Limited,True,40,Cropland
EVT2026_002741,2026-05-03,2026-05-05,3,20.71394,73.55942428571429,864.8,7,4.883,9.52,0.2857,closed,8762.901256480296,,,,,,,10,Tree cover
EVT2026_002742,2026-05-04,2026-05-04,1,20.48723,73.81753,107.3,2,14.08,14.42,0.0,closed,9081.325797497839,,,,,,,20,Shrubland
EVT2026_002743,2026-05-04,2026-05-04,1,20.687655,73.41302999999999,236.3,2,4.54,4.54,0.0,closed,3101.9162492756536,,,,,,,10,Tree cover
EVT2026_002744,2026-05-04,2026-05-04,1,20.759135,73.98757499999999,255.6,2,5.77,5.77,0.0,closed,14207.978852123968,,,,,,,30,Grassland
EVT2026_002745,2026-05-04,2026-05-04,1,20.855578,74.031402,680.8,5,10.118,16.74,0.0,closed,10951.039678117077,,,,,,,20,Shrubland
EVT2026_002746,2026-05-04,2026-05-04,1,20.881675,73.63092499999999,126.5,2,6.87,7.11,0.0,closed,5353.78465226458,,,,,,,10,Tree cover
EVT2026_002747,2026-05-04,2026-05-04,1,20.884815000000003,73.583415,101.2,2,7.845,8.32,0.0,closed,3372.447916766785,,,,,,,10,Tree cover
EVT2026_002748,2026-05-04,2026-05-04,1,20.897579999999998,73.615305,207.4,2,7.71,7.71,0.0,closed,2973.1988716271635,,,,,,,10,Tree cover
EVT2026_002749,2026-05-04,2026-05-04,1,21.42179,72.80805000000001,180.5,2,2.225,2.32,0.0,closed,3139.433880009046,,,,,,,30,Grassland
EVT2026_002750,2026-05-04,2026-05-04,1,21.621685,74.26315500000001,126.2,2,2.42,3.21,0.0,closed,6407.9944824449185,,,,,,,40,Cropland
EVT2026_002751,2026-05-04,2026-05-04,1,21.788045,72.056795,195.0,2,15.58,15.58,0.0,closed,4330.516313909197,,,,,,,40,Cropland
EVT2026_002752,2026-05-04,2026-05-04,1,22.1165375,73.11911,377.7,4,2.688,2.81,0.0,closed,5750.521841714631,,,,,,,40,Cropland
EVT2026_002753,2026-05-04,2026-05-04,1,22.417305,69.03978000000001,269.8,2,0.78,1.08,1.0,closed,169.99804823854416,,,14235.548369122696,17,Moderate,True,10,Tree cover
EVT2026_002754,2026-05-04,2026-05-04,1,22.87539,74.08467999999999,150.8,2,8.475,8.75,0.0,closed,11281.573098685607,,,,,,,30,Grassland
EVT2026_002755,2026-05-04,2026-05-04,1,23.71892,73.99522,140.7,2,6.955,8.0,0.0,closed,4428.257324778081,,,,,,,40,Cropland
EVT2026_002756,2026-05-04,2026-05-05,2,21.549915,72.82518,266.2,2,4.925,5.26,0.0,closed,3232.3850036203894,,,,,,,40,Cropland
EVT2026_002757,2026-05-04,2026-05-05,2,23.315165,70.48610500000001,129.4,2,1.15,1.27,1.0,closed,395.44388646280134,,,,19,Moderate,True,20,Shrubland
EVT2026_002758,2026-05-04,2026-05-06,3,22.908588,69.69931,385.7,5,1.492,1.73,1.0,closed,96.12582906462622,17739.018064716845,,,22,Limited,True,50,Built-up
EVT2026_002759,2026-05-04,2026-05-06,3,22.93265166666667,69.69933333333334,441.7,6,2.072,3.4,0.8333,closed,357.33211596826436,19307.883891827096,,,1,Moderate,True,50,Built-up
EVT2026_002760,2026-05-05,2026-05-05,1,20.35849,74.27291666666666,388.9,3,1.99,2.46,1.0,closed,8501.25183827583,,,,,,,30,Grassland
EVT2026_002761,2026-05-05,2026-05-05,1,20.84466,73.52448,118.8,2,6.02,7.63,0.0,closed,9265.277495441718,,,,,,,30,Grassland
EVT2026_002762,2026-05-05,2026-05-05,1,22.601056666666665,73.68532333333333,288.3,3,3.28,3.66,0.0,closed,17483.21387357814,,,,,,,10,Tree cover
EVT2026_002763,2026-05-05,2026-05-05,1,23.580391249999998,69.544865,852.6,8,35.814,57.21,0.0,closed,12984.757354926784,,,,,,,20,Shrubland
EVT2026_002764,2026-05-05,2026-05-06,2,20.892065,73.58032750000001,666.9,4,3.99,4.44,0.0,closed,2743.3930046042424,,,,,,,10,Tree cover
EVT2026_002765,2026-05-05,2026-05-06,2,23.011315,70.10057,81.6,2,0.855,1.27,1.0,closed,414.0754152117371,,,,6,Moderate,True,20,Shrubland
EVT2026_002766,2026-05-05,2026-05-07,3,20.9108475,71.45818750000001,87.7,4,1.855,4.8,1.0,closed,390.60436927893085,1785.2477555171065,,,7,Strong,True,50,Built-up
EVT2026_002767,2026-05-05,2026-05-07,3,21.432656666666663,72.97578,202.5,3,1.273,2.58,1.0,closed,1764.4508755207935,10279.265653977684,,,50,Limited,True,40,Cropland
EVT2026_002768,2026-05-06,2026-05-06,1,20.55009,73.408025,26.3,2,3.065,3.37,0.0,closed,16159.733862279043,,,,,,,10,Tree cover
EVT2026_002769,2026-05-06,2026-05-06,1,20.656109999999998,73.59945,232.4,2,3.85,4.14,0.0,closed,14119.581290633107,,,,,,,10,Tree cover
EVT2026_002770,2026-05-06,2026-05-06,1,20.93956,73.69423499999999,131.3,2,7.18,7.59,0.0,closed,8830.143205248962,,,,,,,10,Tree cover
EVT2026_002771,2026-05-06,2026-05-06,1,21.31415,73.432825,233.7,2,1.19,1.19,0.0,closed,10916.609737231649,17394.708806820057,,,,,,40,Cropland
EVT2026_002772,2026-05-06,2026-05-06,1,21.39151,73.27086333333334,345.6,3,11.48,11.48,0.0,closed,5298.921484760766,17079.666608158885,,,,,,30,Grassland
EVT2026_002773,2026-05-06,2026-05-06,1,21.42685,73.15292,323.2,4,2.59,2.59,0.0,closed,1888.7111547630986,5882.939274998345,,,,,,40,Cropland
EVT2026_002774,2026-05-06,2026-05-06,1,21.793615000000003,72.6483,15.5,2,3.35,5.23,0.5,closed,227.24255406333342,11600.784065599046,11940.50856672494,,41,Limited,True,40,Cropland
EVT2026_002775,2026-05-06,2026-05-06,1,21.912325,71.46643,220.3,2,10.83,11.85,0.0,closed,1635.9061133098335,,,,,,,20,Shrubland
EVT2026_002776,2026-05-06,2026-05-06,1,22.151175000000002,73.21685,84.1,2,2.485,2.8,0.0,closed,3204.7780684298564,,,,,,,40,Cropland
EVT2026_002777,2026-05-06,2026-05-06,1,22.18756666666667,73.97102666666666,259.4,3,10.03,13.75,0.0,closed,7635.538448448614,,,,,,,10,Tree cover
EVT2026_002778,2026-05-06,2026-05-06,1,22.21268,69.37299999999999,181.8,2,3.15,3.15,0.0,closed,6979.2345111934865,,,,,,,40,Cropland
EVT2026_002779,2026-05-06,2026-05-06,1,22.377525,68.99508,133.4,2,2.475,2.62,0.0,closed,3194.1255012612096,,,10749.55596770206,,,,20,Shrubland
EVT2026_002780,2026-05-06,2026-05-06,1,23.19014,69.64312,286.5,2,1.335,1.56,0.0,closed,1343.056423596225,,,,,,,20,Shrubland
EVT2026_002781,2026-05-06,2026-05-06,1,23.455555,71.552475,49.9,2,1.435,1.66,1.0,closed,3718.1840609446194,,,,,,,40,Cropland
EVT2026_002782,2026-05-06,2026-05-06,1,23.60572,69.20791000000001,405.5,3,4.033,4.52,0.0,closed,2220.5400392501524,,,,,,,20,Shrubland
EVT2026_002783,2026-05-06,2026-05-06,1,23.67605125,69.309525,736.5,8,11.681,28.1,0.0,closed,14217.57049234108,,,,,,,40,Cropland
EVT2026_002784,2026-05-06,2026-05-06,1,24.660315,68.237975,190.1,2,3.235,3.68,0.0,closed,4957.688954645615,,,,,,,60,Bare/sparse vegetation
EVT2026_002785,2026-05-06,2026-05-07,2,23.665210000000002,69.45704,464.6,4,6.08,9.59,0.0,closed,14879.57035193543,,,,,,,40,Cropland
EVT2026_002786,2026-05-07,2026-05-07,1,20.356724999999997,73.39611,225.2,2,1.9,2.15,0.0,closed,5411.05794354502,,,,,,,30,Grassland
EVT2026_002787,2026-05-07,2026-05-07,1,20.72774,73.354765,320.4,2,7.175,10.02,0.0,closed,3794.7467295623046,,,,,,,10,Tree cover
EVT2026_002788,2026-05-07,2026-05-07,1,20.738935,73.62373,156.5,2,4.045,5.43,0.0,closed,6212.94106901674,,,,,,,30,Grassland
EVT2026_002789,2026-05-07,2026-05-07,1,21.082145,73.89823,307.5,2,7.11,7.11,0.0,closed,11287.579824777085,,,,,,,20,Shrubland
EVT2026_002790,2026-05-07,2026-05-07,1,21.293355,74.20821000000001,147.2,2,4.375,4.92,0.0,closed,5613.9654292383975,,,,,,,40,Cropland
EVT2026_002791,2026-05-07,2026-05-07,1,21.893025,72.07341,373.9,4,8.085,11.27,0.0,closed,665.3545557166739,,,,,,,40,Cropland
EVT2026_002792,2026-05-07,2026-05-07,1,21.913375000000002,72.78031999999999,225.0,2,5.57,5.57,0.0,closed,1622.9475782105244,,,,,,,40,Cropland
EVT2026_002793,2026-05-07,2026-05-07,1,22.1962625,72.80591375,622.2,8,8.571,18.29,0.0,closed,6515.25599505651,7349.996778739971,,14141.59945443917,,,,30,Grassland
EVT2026_002794,2026-05-07,2026-05-07,1,22.278695,72.301135,283.4,2,4.245,4.34,0.0,closed,11274.586483436487,,,,,,,40,Cropland
EVT2026_002795,2026-05-07,2026-05-07,1,22.658215,70.574365,299.8,2,6.09,7.09,0.0,closed,4646.199689159574,,,,,,,20,Shrubland
EVT2026_002796,2026-05-07,2026-05-07,1,23.068550000000002,74.44617,341.9,4,16.97,22.26,0.0,closed,,,,,,,,40,Cropland
EVT2026_002797,2026-05-07,2026-05-07,1,23.343564999999998,69.328505,228.1,2,10.815,12.63,0.0,closed,1348.752826071743,,,,,,,40,Cropland
EVT2026_002798,2026-05-07,2026-05-07,1,23.36862,68.6421425,452.0,4,6.522,7.46,0.0,closed,331.7841127660925,,,,,,,80,Water bodies
EVT2026_002799,2026-05-07,2026-05-07,1,23.447495,74.38751500000001,166.2,2,4.1,4.1,0.0,closed,9781.302175307499,11529.645645731893,,,,,,40,Cropland
EVT2026_002800,2026-05-07,2026-05-07,1,23.45722333333333,69.58715,283.6,3,8.373,12.11,0.0,closed,754.0468745116394,,,,,,,20,Shrubland
EVT2026_002801,2026-05-07,2026-05-07,1,23.554868,69.437746,431.6,5,10.48,20.3,0.0,closed,14178.584650146291,,,,,,,40,Cropland
EVT2026_002802,2026-05-07,2026-05-07,1,23.5873875,68.96616,239.1,4,4.087,4.64,0.0,closed,102.56119349637481,,,,,,,20,Shrubland
EVT2026_002803,2026-05-07,2026-05-07,1,23.659395,72.31092000000001,358.6,2,3.36,4.22,0.0,closed,2938.951774013504,,,,,,,40,Cropland
EVT2026_002804,2026-05-07,2026-05-07,1,23.6745525,69.4478675,327.4,4,8.213,11.73,0.0,closed,13881.867652269499,,,,,,,20,Shrubland
EVT2026_002805,2026-05-07,2026-05-07,1,24.42636333333333,68.65066333333334,132.8,3,4.263,5.56,0.0,closed,,,,,,,,40,Cropland
EVT2026_002806,2026-05-07,2026-05-08,2,22.1160675,72.1542625,512.4,4,2.992,4.27,0.5,closed,7771.813892133168,,,,,,,40,Cropland
EVT2026_002807,2026-05-07,2026-05-09,3,23.784194,74.320573,938.7,10,4.517,12.63,0.7,closed,15676.209174270261,,,,,,,10,Tree cover
EVT2026_002808,2026-05-08,2026-05-08,1,20.32786,73.69446,225.1,3,3.15,3.53,0.0,closed,13723.527552314266,,,,,,,30,Grassland
EVT2026_002809,2026-05-08,2026-05-08,1,20.32922,73.42379333333334,281.6,3,4.953,5.6,0.0,closed,5660.0170368889185,,,,,,,10,Tree cover
EVT2026_002810,2026-05-08,2026-05-08,1,20.347215,74.26969,207.1,2,3.885,3.98,0.0,closed,8412.110294826636,,,,,,,20,Shrubland
EVT2026_002811,2026-05-08,2026-05-08,1,20.41499,73.506035,87.6,2,2.765,2.98,0.0,closed,14003.626511979033,,,,,,,30,Grassland
EVT2026_002812,2026-05-08,2026-05-08,1,20.65319666666667,73.60949666666666,293.2,3,5.277,5.83,0.0,closed,13802.15277379049,,,,,,,30,Grassland
EVT2026_002813,2026-05-08,2026-05-08,1,20.725546,73.517986,441.9,5,3.144,5.76,0.0,closed,5023.564485211962,,,,,,,30,Grassland
EVT2026_002814,2026-05-08,2026-05-08,1,20.726215000000003,73.30561,200.0,2,1.195,1.79,0.0,closed,2718.6364966513142,,,,,,,10,Tree cover
EVT2026_002815,2026-05-08,2026-05-08,1,20.75312,73.53061,479.9,3,2.417,2.57,0.0,closed,3870.8797213926628,,,,,,,10,Tree cover
EVT2026_002816,2026-05-08,2026-05-08,1,20.75439,73.61958999999999,31.3,2,2.48,3.24,0.0,closed,6265.127749667773,,,,,,,10,Tree cover
EVT2026_002817,2026-05-08,2026-05-08,1,20.88329,72.81437,184.3,3,2.497,3.45,0.0,closed,1474.1120000205758,,,,,,,40,Cropland
EVT2026_002818,2026-05-08,2026-05-08,1,20.9393125,73.5190925,264.9,4,2.965,3.22,0.0,closed,8143.661694993113,,,,,,,10,Tree cover
EVT2026_002819,2026-05-08,2026-05-08,1,21.403019999999998,73.71536,119.5,2,6.09,6.43,0.0,closed,5134.0085537187015,,,,,,,10,Tree cover
EVT2026_002820,2026-05-08,2026-05-08,1,21.57486,73.919525,225.1,2,3.425,3.83,0.0,closed,9062.733611774394,,,,,,,40,Cropland
EVT2026_002821,2026-05-08,2026-05-08,1,21.663255,70.13222,101.9,2,9.83,10.55,0.0,closed,2295.665888820218,,,,,,,40,Cropland
EVT2026_002822,2026-05-08,2026-05-08,1,21.67375,73.46640500000001,132.8,2,3.9,4.45,0.0,closed,5130.8490426809085,,,,,,,10,Tree cover
EVT2026_002823,2026-05-08,2026-05-08,1,21.88288,72.100835,162.5,2,4.84,4.84,0.0,closed,2348.7325919715327,,,,,,,40,Cropland
EVT2026_002824,2026-05-08,2026-05-08,1,22.05998,74.072455,27.2,2,6.13,7.29,0.0,closed,4582.362563985802,,,,,,,10,Tree cover
EVT2026_002825,2026-05-08,2026-05-08,1,22.176209999999998,73.1931,235.8,3,10.9,11.91,0.0,closed,2317.21121546196,,,,,,,40,Cropland
EVT2026_002826,2026-05-08,2026-05-08,1,23.287785,73.60028,118.0,2,4.285,4.31,0.0,closed,7076.728925952026,,,,,,,40,Cropland
EVT2026_002827,2026-05-08,2026-05-08,1,23.438805,73.683065,388.9,4,8.303,11.43,0.0,closed,10527.491647013334,,,,,,,10,Tree cover
EVT2026_002828,2026-05-08,2026-05-08,1,23.586423333333332,73.64900666666666,352.5,3,8.913,12.7,0.0,closed,4444.370741470404,,,,,,,30,Grassland
EVT2026_002829,2026-05-08,2026-05-08,1,23.7444,73.94589500000001,32.4,2,5.38,5.51,0.0,closed,9694.322118161244,,,,,,,30,Grassland
EVT2026_002830,2026-05-08,2026-05-08,1,23.82469,73.858165,48.9,2,5.615,5.76,0.0,closed,15832.6016510483,,,,,,,30,Grassland
EVT2026_002831,2026-05-08,2026-05-08,1,24.31915,74.49726000000001,659.3,5,6.402,8.94,0.0,closed,9863.79672647275,,,,,,,20,Shrubland
EVT2026_002832,2026-05-08,2026-05-08,1,24.41001,74.09454,232.7,2,9.53,9.53,0.0,closed,15821.509201639308,,,,,,,20,Shrubland
EVT2026_002833,2026-05-08,2026-05-08,1,24.579525,73.94567,165.6,2,9.535,11.18,0.0,closed,5313.50058254612,,,,,,,10,Tree cover
EVT2026_002834,2026-05-08,2026-05-09,2,20.67023,73.56503000000001,293.1,2,3.79,6.17,0.0,closed,12823.684165253504,,,,,,,10,Tree cover
EVT2026_002835,2026-05-08,2026-05-09,2,21.40449666666667,73.72467999999999,272.0,3,8.917,16.68,0.0,closed,4220.706069775104,,,,,,,30,Grassland
EVT2026_002836,2026-05-08,2026-05-09,2,21.87124615384615,72.09146692307692,1184.2,13,10.329,24.19,0.0,closed,2606.0477489421546,,,,,,,40,Cropland
EVT2026_002837,2026-05-08,2026-05-09,2,22.161164999999997,73.141005,245.5,2,7.655,11.53,0.0,closed,2819.2341264766806,,,,,,,10,Tree cover
EVT2026_002838,2026-05-08,2026-05-09,2,22.979613333333333,72.56525666666667,260.0,3,1.453,1.83,1.0,closed,383.9105301435484,10462.937399615983,,,32,Limited,True,60,Bare/sparse vegetation
EVT2026_002839,2026-05-08,2026-05-10,3,23.31267,70.19976333333334,176.7,3,1.213,1.51,1.0,closed,161.42530313104402,,,,14,Limited,True,60,Bare/sparse vegetation
EVT2026_002840,2026-05-08,2026-05-10,3,24.689874,73.00252,248.2,5,2.068,2.73,1.0,closed,245.22782372735554,719.3248524903081,,,15,Moderate,True,50,Built-up
EVT2026_002841,2026-05-08,2026-05-11,4,22.93305125,69.69926,656.0,8,1.599,3.21,1.0,closed,383.72252886884655,19330.139296195473,,,1,Moderate,True,40,Cropland
EVT2026_002842,2026-05-09,2026-05-09,1,20.56108,74.138195,216.8,2,27.095,38.02,0.0,closed,6790.549993771648,,,,,,,30,Grassland
EVT2026_002843,2026-05-09,2026-05-09,1,20.62454,73.261185,157.2,2,9.81,10.13,0.0,closed,1281.1092169199248,,,,,,,10,Tree cover
EVT2026_002844,2026-05-09,2026-05-09,1,20.739685,73.57415499999999,179.9,2,4.87,6.07,0.0,closed,8636.051688240068,,,,,,,10,Tree cover
EVT2026_002845,2026-05-09,2026-05-09,1,20.865565,73.82782,207.5,2,15.755,17.54,0.0,closed,9317.045739565205,,,,,,,10,Tree cover
EVT2026_002846,2026-05-09,2026-05-09,1,20.89387,73.6710675,231.9,4,17.505,17.71,0.0,closed,8446.68026801469,,,,,,,10,Tree cover
EVT2026_002847,2026-05-09,2026-05-09,1,20.934393333333333,73.60258,327.8,3,6.993,7.94,0.0,closed,2502.477874970315,,,,,,,10,Tree cover
EVT2026_002848,2026-05-09,2026-05-09,1,20.945385,73.69675,235.4,2,1.16,1.16,1.0,closed,8623.62570958364,,,,,,,10,Tree cover
EVT2026_002849,2026-05-09,2026-05-09,1,20.962705,70.761275,196.1,2,13.185,14.86,0.0,closed,3126.3237121276165,,,,,,,40,Cropland
EVT2026_002850,2026-05-09,2026-05-09,1,20.965195,73.68909500000001,137.4,2,6.315,11.09,0.5,closed,9902.829243557579,,,,,,,30,Grassland
EVT2026_002851,2026-05-09,2026-05-09,1,21.1011,71.579425,178.6,2,0.805,1.02,1.0,closed,4112.144988985354,,,,,,,40,Cropland
EVT2026_002852,2026-05-09,2026-05-09,1,21.291605,70.85643,291.8,2,13.15,18.7,0.0,closed,5010.896857930772,,,,,,,30,Grassland
EVT2026_002853,2026-05-09,2026-05-09,1,21.36993,73.68795,229.9,2,18.35,22.11,0.0,closed,8400.572883551777,,,,,,,40,Cropland
EVT2026_002854,2026-05-09,2026-05-09,1,21.575989999999997,73.50157999999999,197.1,2,2.37,2.37,0.0,closed,4905.740363820635,,,,,,,10,Tree cover
EVT2026_002855,2026-05-09,2026-05-09,1,21.625415,72.84453500000001,273.9,2,10.36,10.36,0.0,closed,5743.642132431047,,,,,,,40,Cropland
EVT2026_002856,2026-05-09,2026-05-09,1,21.737614999999998,73.54389499999999,58.7,2,10.405,10.56,0.0,closed,4225.841015499034,,,,,,,10,Tree cover
EVT2026_002857,2026-05-09,2026-05-09,1,21.838990000000003,72.64449,157.6,2,23.255,23.89,0.0,closed,1154.7775033748965,16483.057178114846,16628.414587897398,,,,,40,Cropland
EVT2026_002858,2026-05-09,2026-05-09,1,21.9812825,70.62741,551.9,4,3.665,6.4,0.0,closed,468.22927552011015,,,,,,,40,Cropland
EVT2026_002859,2026-05-09,2026-05-09,1,21.989183333333333,73.86378333333333,267.3,3,6.167,6.66,0.0,closed,9031.941280751214,,,,,,,40,Cropland
EVT2026_002860,2026-05-09,2026-05-09,1,22.055736666666665,72.85212333333334,440.4,3,11.803,15.41,0.0,closed,2310.4541737735144,,,,,,,40,Cropland
EVT2026_002861,2026-05-09,2026-05-09,1,22.25572,73.399595,39.0,2,5.545,5.69,0.0,closed,4558.813068643807,,,,,,,30,Grassland
EVT2026_002862,2026-05-09,2026-05-09,1,22.407964,73.8857,539.3,5,17.584,45.02,0.0,closed,8331.868597231574,,,,,,,10,Tree cover
EVT2026_002863,2026-05-09,2026-05-09,1,22.41694,69.038385,187.4,2,0.55,0.6,1.0,closed,116.02274935641566,,,14193.628295212195,17,Moderate,True,10,Tree cover
EVT2026_002864,2026-05-09,2026-05-09,1,22.54161,73.89563000000001,235.9,2,2.5,2.5,0.0,closed,6570.504018762335,,,,,,,10,Tree cover
EVT2026_002865,2026-05-09,2026-05-09,1,23.500965,73.700535,214.2,2,4.26,4.26,0.0,closed,10114.702809769327,,,,,,,30,Grassland
EVT2026_002866,2026-05-09,2026-05-09,1,23.647495,73.33290500000001,200.7,2,8.39,8.39,0.0,closed,1019.657858981407,,,,,,,20,Shrubland
EVT2026_002867,2026-05-09,2026-05-09,1,23.669244285714285,69.44293142857143,656.2,7,2.511,3.75,0.0,closed,14516.448470113315,,,,,,,20,Shrubland
EVT2026_002868,2026-05-09,2026-05-09,1,23.71732,74.005365,162.7,2,14.255,14.69,0.0,closed,3939.304997541773,,,,,,,30,Grassland
EVT2026_002869,2026-05-09,2026-05-09,1,23.855269999999997,74.420475,247.7,2,9.21,9.21,0.0,closed,,,,,,,,30,Grassland
EVT2026_002870,2026-05-09,2026-05-09,1,23.872410000000002,74.460195,245.9,2,12.465,16.28,0.0,closed,,,,,,,,40,Cropland
EVT2026_002871,2026-05-09,2026-05-09,1,23.873045,73.552505,55.0,2,9.61,10.03,0.0,closed,10069.11943652361,,,,,,,10,Tree cover
EVT2026_002872,2026-05-09,2026-05-09,1,23.944409999999998,74.12588,91.0,2,15.415,16.02,0.0,closed,2931.066115130802,,,,,,,30,Grassland
EVT2026_002873,2026-05-09,2026-05-09,1,23.98416,73.5332075,250.2,4,7.105,8.53,0.0,closed,17705.47992710896,,,,,,,20,Shrubland
EVT2026_002874,2026-05-09,2026-05-09,1,24.269875,68.023185,194.7,2,7.825,8.79,0.0,closed,6520.013366520253,,,,,,,40,Cropland
EVT2026_002875,2026-05-09,2026-05-10,2,20.905545,73.186655,129.4,2,2.28,2.34,0.5,closed,3404.5682935191217,,,,,,,10,Tree cover
EVT2026_002876,2026-05-09,2026-05-10,2,21.05873,73.78484666666667,229.7,3,8.303,11.27,0.0,closed,8495.115712853783,,,,,,,20,Shrubland
EVT2026_002877,2026-05-09,2026-05-10,2,21.954535,74.21678,214.3,2,16.475,17.63,0.0,closed,,,,,,,,10,Tree cover
EVT2026_002878,2026-05-09,2026-05-10,2,23.439757142857143,74.45412428571429,1139.0,7,16.051,25.05,0.2857,closed,10097.892533244389,13117.885824813566,,,,,,30,Grassland
EVT2026_002879,2026-05-09,2026-05-10,2,24.098695,74.1509575,434.9,4,4.718,5.86,0.5,closed,11256.796018590343,,,,,,,30,Grassland
EVT2026_002880,2026-05-09,2026-05-17,9,20.910395454545455,71.45921727272727,295.5,11,1.348,3.08,1.0,closed,326.06422367107564,1678.4585424579093,,,7,Strong,True,50,Built-up
EVT2026_002881,2026-05-10,2026-05-10,1,20.339534999999998,73.43774,194.4,2,1.83,1.83,0.0,closed,7424.383697787214,,,,,,,10,Tree cover
EVT2026_002882,2026-05-10,2026-05-10,1,20.60136,73.639135,186.8,2,6.725,6.95,0.0,closed,10705.357488831847,,,,,,,30,Grassland
EVT2026_002883,2026-05-10,2026-05-10,1,20.805320000000002,73.655985,194.3,2,6.69,6.94,0.0,closed,5755.549722303448,,,,,,,10,Tree cover
EVT2026_002884,2026-05-10,2026-05-10,1,20.83959,74.00033666666667,453.9,3,11.863,16.02,0.0,closed,12994.128836325646,,,,,,,20,Shrubland
EVT2026_002885,2026-05-10,2026-05-10,1,20.85012857142857,74.06599714285714,740.5,7,4.094,6.8,1.0,closed,7824.953614326791,,,,,,,30,Grassland
EVT2026_002886,2026-05-10,2026-05-10,1,20.871626666666668,74.08090333333334,299.0,3,2.64,2.64,1.0,closed,8947.196317086928,,,,,,,20,Shrubland
EVT2026_002887,2026-05-10,2026-05-10,1,21.511236666666665,71.06338333333333,302.0,3,23.5,40.21,0.0,closed,2475.7770568430237,,,,,,,40,Cropland
EVT2026_002888,2026-05-10,2026-05-10,1,21.55392,71.51215666666667,540.8,6,4.107,6.33,0.0,closed,4906.6827480840875,,,,,,,20,Shrubland
EVT2026_002889,2026-05-10,2026-05-10,1,21.693694999999998,70.17182,294.2,2,3.345,5.37,0.0,closed,955.3279772846283,,,,,,,40,Cropland
EVT2026_002890,2026-05-10,2026-05-10,1,22.232045,73.91946999999999,188.5,2,28.145,42.95,0.0,closed,11110.672700763524,,,,,,,40,Cropland
EVT2026_002891,2026-05-10,2026-05-10,1,22.293545,72.01081500000001,187.6,2,1.655,2.49,1.0,closed,9799.715315124622,,,,,,,40,Cropland
EVT2026_002892,2026-05-10,2026-05-10,1,22.566085,73.926625,351.4,2,5.475,9.64,0.5,closed,10027.753097173318,,,,,,,10,Tree cover
EVT2026_002893,2026-05-10,2026-05-10,1,22.754965,73.98957,189.6,2,13.83,17.3,0.0,closed,8683.984755101443,,,,,,,30,Grassland
EVT2026_002894,2026-05-10,2026-05-10,1,23.66858,73.96406999999999,277.6,2,15.545,16.21,0.0,closed,5227.131256675229,,,,,,,40,Cropland
EVT2026_002895,2026-05-10,2026-05-10,1,23.730596666666667,73.98237666666667,297.7,3,9.027,14.7,0.0,closed,6184.052827062834,,,,,,,30,Grassland
EVT2026_002896,2026-05-10,2026-05-10,1,23.875806666666666,74.38830666666667,385.6,3,19.207,20.16,0.0,closed,,,,,,,,10,Tree cover
EVT2026_002897,2026-05-10,2026-05-10,1,24.032585,73.38812,349.8,2,5.725,10.97,0.5,closed,4471.653480774881,,,,,,,30,Grassland
EVT2026_002898,2026-05-10,2026-05-10,1,24.318185,74.36483999999999,209.1,2,17.9,17.9,0.0,closed,16466.067119452684,,,,,,,30,Grassland
EVT2026_002899,2026-05-10,2026-05-10,1,24.401355000000002,73.75262000000001,276.9,2,4.075,5.9,0.0,closed,5175.829017491738,5732.116481745241,,,,,,10,Tree cover
EVT2026_002900,2026-05-10,2026-05-11,2,20.796266666666668,74.49222,1024.8,9,15.737,31.74,0.2222,closed,14416.111558805342,,,,,,,20,Shrubland
EVT2026_002901,2026-05-10,2026-05-11,2,21.90052,74.46723,154.6,2,5.09,9.27,0.5,closed,18664.324085415265,,,,,,,30,Grassland
EVT2026_002902,2026-05-10,2026-05-11,2,23.591340000000002,73.35632000000001,149.7,2,3.865,7.03,0.5,closed,4660.525014899436,,,,,,,10,Tree cover
EVT2026_002903,2026-05-11,2026-05-11,1,20.16227,73.05095,146.4,2,15.88,16.2,0.0,closed,2215.5991524258316,,,,,,,30,Grassland
EVT2026_002904,2026-05-11,2026-05-11,1,20.405455,73.36061000000001,367.0,2,5.37,5.37,0.0,closed,10288.654451399647,,,,,,,10,Tree cover
EVT2026_002905,2026-05-11,2026-05-11,1,20.46965,73.68866,274.6,2,6.93,6.93,0.0,closed,9220.874259149772,,,,,,,30,Grassland
EVT2026_002906,2026-05-11,2026-05-11,1,20.50663,73.21698,148.6,2,18.415,18.47,0.0,closed,8782.405267009044,,,,,,,30,Grassland
EVT2026_002907,2026-05-11,2026-05-11,1,20.538502,73.44489,393.8,5,5.04,8.87,0.8,closed,17332.96325924899,,,,,,,30,Grassland
EVT2026_002908,2026-05-11,2026-05-11,1,20.55716,73.2935,259.9,2,6.13,6.13,0.0,closed,5069.8982980657665,,,,,,,10,Tree cover
EVT2026_002909,2026-05-11,2026-05-11,1,20.565530000000003,74.13172,143.4,2,18.62,20.8,0.0,closed,7337.038706051487,,,,,,,30,Grassland
EVT2026_002910,2026-05-11,2026-05-11,1,20.750435,73.350885,163.4,2,9.775,10.57,0.0,closed,1946.577792392874,,,,,,,10,Tree cover
EVT2026_002911,2026-05-11,2026-05-11,1,20.864955000000002,74.061125,201.1,2,4.03,4.12,1.0,closed,9404.435173842103,,,,,,,30,Grassland
EVT2026_002912,2026-05-11,2026-05-11,1,20.888154999999998,72.83516499999999,89.0,2,3.57,3.9,0.0,closed,3511.6416072350717,,,,,,,80,Water bodies
EVT2026_002913,2026-05-11,2026-05-11,1,22.13273375,73.85588874999999,836.4,8,5.138,11.96,0.5,closed,3224.3664432813566,,,,,,,10,Tree cover
EVT2026_002914,2026-05-11,2026-05-11,1,22.483130000000003,71.88036,207.2,2,1.875,2.3,1.0,closed,3338.3491640247184,,,,,,,30,Grassland
EVT2026_002915,2026-05-11,2026-05-11,1,22.626405,72.03784999999999,194.9,2,8.4,8.4,0.0,closed,8561.08394356603,,,,,,,40,Cropland
EVT2026_002916,2026-05-11,2026-05-11,1,22.674545000000002,71.8478925,598.1,4,3.678,3.9,0.0,closed,8684.755041584327,,,,,,,40,Cropland
EVT2026_002917,2026-05-11,2026-05-11,1,23.145585,69.889965,201.7,2,7.59,8.58,0.0,closed,1924.3513053185397,,,,,,,40,Cropland
EVT2026_002918,2026-05-11,2026-05-11,1,23.449910000000003,73.68453,251.4,2,1.46,1.46,1.0,closed,9946.915242605151,,,,,,,10,Tree cover
EVT2026_002919,2026-05-11,2026-05-11,1,24.24412666666667,74.37665333333332,313.8,3,5.143,6.03,0.0,closed,19057.560421061247,,,,,,,10,Tree cover
EVT2026_002920,2026-05-11,2026-05-11,1,24.320864999999998,73.732755,212.8,2,1.94,1.94,1.0,closed,3533.402504435573,3576.043480872554,,,,,,10,Tree cover
EVT2026_002921,2026-05-11,2026-05-11,1,24.494135,73.686215,200.8,2,6.54,6.54,0.0,closed,7181.424916026955,17193.575982039707,,,,,,10,Tree cover
EVT2026_002922,2026-05-11,2026-05-12,2,20.87104857142857,74.03136714285714,492.3,7,7.757,10.88,0.1429,closed,12027.725002618377,,,,,,,20,Shrubland
EVT2026_002923,2026-05-11,2026-05-12,2,23.56847,69.42922333333333,250.9,3,12.13,20.79,0.0,closed,15872.053952815586,,,,,,,40,Cropland
EVT2026_002924,2026-05-12,2026-05-12,1,20.126224999999998,73.81702,286.0,2,2.29,2.29,1.0,closed,673.1158368498535,,,,,,,30,Grassland
EVT2026_002925,2026-05-12,2026-05-12,1,20.127086666666667,73.59899666666666,253.1,3,2.133,2.32,0.0,closed,14110.517271153034,,,,,,,40,Cropland
EVT2026_002926,2026-05-12,2026-05-12,1,20.35191,73.41695999999999,193.4,2,1.34,1.34,0.0,closed,6325.9121438087595,,,,,,,10,Tree cover
EVT2026_002927,2026-05-12,2026-05-12,1,20.90427,73.52951,157.6,2,1.63,1.63,0.0,closed,6643.183098755224,,,,,,,10,Tree cover
EVT2026_002928,2026-05-12,2026-05-12,1,21.54746,73.57951333333334,378.6,3,16.423,22.98,0.0,closed,8237.262673365845,,,,,,,10,Tree cover
EVT2026_002929,2026-05-12,2026-05-12,1,21.60506666666667,71.11073,449.3,3,13.663,15.04,0.0,closed,3923.867113857394,,,,,,,40,Cropland
EVT2026_002930,2026-05-12,2026-05-12,1,21.676805,73.7265,57.2,2,5.45,5.7,0.0,closed,15686.747962967287,,,,,,,10,Tree cover
EVT2026_002931,2026-05-12,2026-05-12,1,21.68541,72.61784,353.1,4,6.115,8.03,0.0,closed,659.7336411479489,854.3804700839793,1611.7300341645753,,,,,40,Cropland
EVT2026_002932,2026-05-12,2026-05-12,1,21.76176666666667,72.61150666666667,373.8,3,8.403,13.61,0.0,closed,2891.980558775503,7793.010610120047,7567.777495165932,,,,,40,Cropland
EVT2026_002933,2026-05-12,2026-05-12,1,21.848365,73.05521,160.0,2,4.345,4.61,0.0,closed,2826.7315815561924,6598.691651379737,,,,,,40,Cropland
EVT2026_002934,2026-05-12,2026-05-12,1,21.8623175,72.04178,426.9,4,8.335,9.16,0.0,closed,2771.8389779250842,,,,,,,20,Shrubland
EVT2026_002935,2026-05-12,2026-05-12,1,21.934015000000002,72.87164,40.6,2,5.84,6.35,0.0,closed,5410.577729613797,,,,,,,40,Cropland
EVT2026_002936,2026-05-12,2026-05-12,1,22.04665,73.36549500000001,162.4,2,19.46,23.98,0.0,closed,2551.5206071180673,,,,,,,40,Cropland
EVT2026_002937,2026-05-12,2026-05-12,1,22.05966,72.986855,184.9,2,2.455,2.81,0.0,closed,5312.51311537229,,,,,,,40,Cropland
EVT2026_002938,2026-05-12,2026-05-12,1,22.067010000000003,73.460185,38.8,2,4.21,5.3,0.0,closed,2394.46077800904,,,,,,,40,Cropland
EVT2026_002939,2026-05-12,2026-05-12,1,22.093764999999998,72.16724500000001,148.0,2,13.685,16.71,0.0,closed,8387.08985849782,,,,,,,40,Cropland
EVT2026_002940,2026-05-12,2026-05-12,1,22.253065,71.928055,100.2,2,7.9,8.04,0.0,closed,8003.84875662339,,,,,,,40,Cropland
EVT2026_002941,2026-05-12,2026-05-12,1,22.60463,71.00741,246.1,4,7.27,9.54,0.0,closed,2984.6578026434995,,,,,,,40,Cropland
EVT2026_002942,2026-05-12,2026-05-12,1,22.611939999999997,72.046055,122.0,2,7.975,8.63,0.0,closed,8173.768432070222,,,,,,,40,Cropland
EVT2026_002943,2026-05-12,2026-05-12,1,22.631145,72.57972,245.2,2,7.0,7.08,0.0,closed,2121.8732284499865,,,,,,,40,Cropland
EVT2026_002944,2026-05-12,2026-05-12,1,22.795769999999997,72.39735999999999,19.0,2,0.87,0.96,0.0,closed,2038.6245459225534,,,,,,,40,Cropland
EVT2026_002945,2026-05-12,2026-05-12,1,23.105195000000002,74.43378000000001,258.3,2,6.48,6.48,0.0,closed,,,,,,,,30,Grassland
EVT2026_002946,2026-05-12,2026-05-12,1,23.126206666666665,71.93355333333334,243.1,3,5.76,8.45,0.0,closed,6885.9796465525305,,,,,,,40,Cropland
EVT2026_002947,2026-05-12,2026-05-12,1,23.15941,73.602885,152.2,2,10.29,10.62,0.0,closed,8608.255517179485,,,,,,,30,Grassland
EVT2026_002948,2026-05-12,2026-05-12,1,23.314700000000002,73.59883500000001,163.8,2,1.8,1.8,1.0,closed,4571.416020471792,,,,,,,10,Tree cover
EVT2026_002949,2026-05-12,2026-05-12,1,23.560805000000002,73.954725,137.8,2,9.88,10.77,0.0,closed,14789.827060526297,,,,,,,30,Grassland
EVT2026_002950,2026-05-12,2026-05-12,1,24.20949,74.41826,172.4,2,6.335,7.65,0.0,closed,13773.00534209867,,,,,,,10,Tree cover
EVT2026_002951,2026-05-12,2026-05-12,1,24.315674,74.357182,521.9,5,12.346,16.18,0.0,closed,17254.42271569953,,,,,,,30,Grassland
EVT2026_002952,2026-05-12,2026-05-12,1,24.368994999999998,73.64518000000001,166.0,2,1.665,2.07,1.0,closed,5904.619835202547,10597.465742473387,,,,,,30,Grassland
EVT2026_002953,2026-05-12,2026-05-12,1,24.40448,74.31587999999999,206.2,2,12.43,15.6,0.0,closed,18064.31662930628,,,,,,,40,Cropland
EVT2026_002954,2026-05-12,2026-05-12,1,24.4743275,74.05354,767.3,8,7.256,12.92,0.0,closed,14352.20010932873,,,,,,,20,Shrubland
EVT2026_002955,2026-05-12,2026-05-13,2,21.793126666666666,72.64513,327.5,3,4.25,10.74,0.6667,closed,404.5830798077281,11473.985675730828,11771.592754615307,,41,Limited,True,40,Cropland
EVT2026_002956,2026-05-12,2026-05-13,2,23.480365,69.8416275,467.2,4,7.87,11.64,0.0,closed,17436.086914715153,,,,,,,20,Shrubland
EVT2026_002957,2026-05-12,2026-05-16,5,22.33079,69.73695599999999,747.9,15,5.126,23.53,0.8,closed,629.8781260653501,651.7226100935607,84.3906086904573,,38,Limited,True,40,Cropland
EVT2026_002958,2026-05-13,2026-05-13,1,20.400725,73.943845,112.3,2,0.995,1.12,1.0,closed,9037.903355208562,,,,,,,20,Shrubland
EVT2026_002959,2026-05-13,2026-05-13,1,20.840564999999998,74.03708499999999,287.1,2,9.035,11.83,0.0,closed,9561.194528150201,,,,,,,20,Shrubland
EVT2026_002960,2026-05-13,2026-05-13,1,21.94538,74.46037000000001,49.3,2,4.435,4.95,0.0,closed,13629.866664577119,,,,,,,10,Tree cover
EVT2026_002961,2026-05-13,2026-05-13,1,22.18683,73.935875,277.1,2,4.605,4.95,1.0,closed,10687.775022767297,,,,,,,10,Tree cover
EVT2026_002962,2026-05-13,2026-05-13,1,22.191310666666666,72.81518866666667,1202.8,15,8.493,19.97,0.0,closed,7600.193145655759,8434.621037219806,,14843.551707337643,,,,30,Grassland
EVT2026_002963,2026-05-13,2026-05-13,1,22.32535,69.06114500000001,259.6,2,5.605,6.53,0.0,closed,2832.6067502729265,,,4673.683027476897,,,,20,Shrubland
EVT2026_002964,2026-05-13,2026-05-13,1,23.08366,72.64363,384.3,3,14.117,16.46,0.0,closed,2099.099770500322,5364.855609037725,,,,,,40,Cropland
EVT2026_002965,2026-05-13,2026-05-13,1,23.25672,70.26298,57.9,2,2.225,2.68,1.0,closed,846.2089264083868,,,,29,Limited,True,60,Bare/sparse vegetation
EVT2026_002966,2026-05-13,2026-05-13,1,23.32395,73.608555,307.2,2,3.99,4.49,0.0,closed,3218.1214632196725,,,,,,,20,Shrubland
EVT2026_002967,2026-05-13,2026-05-13,1,23.328285,69.350945,267.6,2,5.32,5.32,0.0,closed,1028.0710939596768,,,,,,,40,Cropland
EVT2026_002968,2026-05-13,2026-05-13,1,23.933525,74.37563499999999,193.1,2,5.91,8.56,0.0,closed,,,,,,,,10,Tree cover
EVT2026_002969,2026-05-13,2026-05-14,2,20.822395555555556,74.46257333333332,1262.5,9,3.383,9.62,0.7778,closed,11857.8969787753,,,,,,,30,Grassland
EVT2026_002970,2026-05-13,2026-05-14,2,20.843420000000002,74.05275,258.1,2,4.29,4.53,0.0,closed,8360.858475511246,,,,,,,20,Shrubland
EVT2026_002971,2026-05-13,2026-05-14,2,23.668295,69.45552,183.7,2,6.26,8.63,0.0,closed,14538.896848399007,,,,,,,20,Shrubland
EVT2026_002972,2026-05-13,2026-05-14,2,24.33583,73.75764000000001,267.5,2,9.13,13.92,0.0,closed,1899.362260940841,1869.9441158420966,,,,,,10,Tree cover
EVT2026_002973,2026-05-13,2026-05-15,3,24.689833333333336,73.00197000000001,201.9,3,1.997,2.65,1.0,closed,260.7259661367887,719.5777177433429,,,15,Moderate,True,50,Built-up
EVT2026_002974,2026-05-13,2026-05-16,4,23.92059111111111,74.36817777777777,805.1,9,3.52,6.65,0.4444,closed,,,,,,,,10,Tree cover
EVT2026_002975,2026-05-13,2026-05-18,6,22.932095,69.69920785714285,474.2,14,1.314,2.8,1.0,closed,350.0843823234893,19258.89342081678,,,1,Moderate,True,50,Built-up
EVT2026_002976,2026-05-14,2026-05-14,1,20.36063,73.50115,311.3,3,3.73,4.48,0.0,closed,14432.880054455993,,,,,,,30,Grassland
EVT2026_002977,2026-05-14,2026-05-14,1,20.60715,73.89909,112.9,2,3.815,4.01,0.0,closed,14391.042696097193,,,,,,,40,Cropland
EVT2026_002978,2026-05-14,2026-05-14,1,20.878405,74.04157000000001,262.6,2,7.08,7.86,0.0,closed,11858.366705675211,,,,,,,30,Grassland
EVT2026_002979,2026-05-14,2026-05-14,1,21.569045000000003,73.754165,254.5,2,8.93,10.38,0.0,closed,5298.562193522903,,,,,,,30,Grassland
EVT2026_002980,2026-05-14,2026-05-14,1,21.828053333333333,70.71757666666666,275.9,3,20.403,21.91,0.0,closed,3243.9200557165645,,,,,,,40,Cropland
EVT2026_002981,2026-05-14,2026-05-14,1,21.832935,73.295755,195.0,2,4.56,5.6,0.0,closed,4912.189985084226,18827.529436622717,,,,,,10,Tree cover
EVT2026_002982,2026-05-14,2026-05-14,1,22.977523333333334,72.56508333333333,248.4,3,1.45,2.17,1.0,closed,360.6597876844976,10691.39517699816,,,32,Limited,True,30,Grassland
EVT2026_002983,2026-05-14,2026-05-14,1,23.00648,70.00817,207.7,2,11.46,11.46,0.0,closed,2484.316399360941,,,,,,,20,Shrubland
EVT2026_002984,2026-05-14,2026-05-14,1,23.136825,70.039255,208.3,2,41.27,53.02,0.0,closed,454.270087746338,,,,,,,20,Shrubland
EVT2026_002985,2026-05-14,2026-05-14,1,23.270165,69.356335,201.6,2,3.6,3.6,0.0,closed,1006.5488392555708,,,,,,,40,Cropland
EVT2026_002986,2026-05-14,2026-05-14,1,23.441055,69.81699,308.5,4,14.453,17.67,0.0,closed,13944.460104835116,,,,,,,40,Cropland
EVT2026_002987,2026-05-14,2026-05-14,1,23.607445,69.427705,60.2,2,11.48,19.22,0.0,closed,18571.765834689133,,,,,,,40,Cropland
EVT2026_002988,2026-05-14,2026-05-14,1,23.635055,74.17465,199.8,2,14.9,15.82,0.0,closed,6998.553300770496,9058.260475544044,,,,,,10,Tree cover
EVT2026_002989,2026-05-14,2026-05-14,1,23.735685,69.25818000000001,201.6,2,43.845,73.37,0.0,closed,9978.75495683773,,,,,,,60,Bare/sparse vegetation
EVT2026_002990,2026-05-14,2026-05-14,1,23.804795,74.36282,187.5,2,1.47,1.62,1.0,closed,17440.102486616448,,,,,,,20,Shrubland
EVT2026_002991,2026-05-14,2026-05-14,1,24.3831825,69.47339,314.5,4,5.49,5.49,0.0,closed,15131.548588565327,,,,,,,60,Bare/sparse vegetation
EVT2026_002992,2026-05-14,2026-05-14,1,24.46127,69.388655,189.1,2,10.55,15.94,0.0,closed,19418.394467548525,,,,,,,20,Shrubland
EVT2026_002993,2026-05-14,2026-05-14,1,24.50099,73.01088999999999,240.4,2,5.5,5.5,0.0,closed,15721.418478400537,,,,,,,20,Shrubland
EVT2026_002994,2026-05-14,2026-05-14,1,24.6393,73.761235,244.2,2,2.76,2.76,1.0,closed,4479.476063937029,,,,,,,30,Grassland
EVT2026_002995,2026-05-14,2026-05-14,1,24.66631,74.10827,145.6,2,15.14,15.91,0.0,closed,11418.590215418457,,,,,,,40,Cropland
EVT2026_002996,2026-05-14,2026-05-15,2,20.6839275,73.58896,469.9,4,5.8,10.12,0.0,closed,12564.000044781373,,,,,,,10,Tree cover
EVT2026_002997,2026-05-14,2026-05-15,2,21.81722,70.71993499999999,126.7,2,20.09,29.15,0.0,closed,2683.1679570311653,,,,,,,40,Cropland
EVT2026_002998,2026-05-14,2026-05-15,2,22.10727,72.575575,192.9,2,16.27,20.26,0.0,closed,6595.805893663332,,,,,,,40,Cropland
EVT2026_002999,2026-05-14,2026-05-15,2,23.315955,70.485725,57.2,2,1.72,2.45,1.0,closed,386.52875552328,,,,19,Moderate,True,40,Cropland
EVT2026_003000,2026-05-14,2026-05-15,2,24.431303333333332,73.76355000000001,455.4,3,9.3,14.35,0.3333,closed,8682.496541858782,9181.909098019069,,,,,,10,Tree cover
EVT2026_003001,2026-05-14,2026-05-16,3,24.658303333333333,73.87552,224.2,3,1.137,1.33,1.0,closed,181.73541416861823,,,,53,Limited,True,50,Built-up
EVT2026_003002,2026-05-15,2026-05-15,1,20.434235,72.96222,189.6,2,1.905,2.32,0.0,closed,1262.4179363623073,,,,,,,10,Tree cover
EVT2026_003003,2026-05-15,2026-05-15,1,21.410510000000002,72.975425,144.1,2,3.58,6.07,0.5,closed,1183.9013113024675,7854.436626353334,,,,,,10,Tree cover
EVT2026_003004,2026-05-15,2026-05-15,1,21.42004,71.89321000000001,195.0,2,4.79,4.79,0.0,closed,2255.2687283924624,,,,,,,20,Shrubland
EVT2026_003005,2026-05-15,2026-05-15,1,21.439141999999997,71.49696800000001,446.4,5,1.746,3.89,0.0,closed,6486.192238062328,,,,,,,40,Cropland
EVT2026_003006,2026-05-15,2026-05-15,1,21.61927,73.54057,213.2,2,5.91,6.67,0.0,closed,4704.5012697165785,,,,,,,30,Grassland
EVT2026_003007,2026-05-15,2026-05-15,1,22.108530000000002,73.61371,99.8,2,1.34,1.6,1.0,closed,5705.956071001176,,,,,,,40,Cropland
EVT2026_003008,2026-05-15,2026-05-15,1,22.51848,73.65082000000001,215.9,2,8.58,8.58,0.0,closed,14795.130986095362,,,,,,,10,Tree cover
EVT2026_003009,2026-05-15,2026-05-15,1,23.94387,74.119545,99.7,2,24.235,25.56,0.0,closed,2295.051516119527,,,,,,,10,Tree cover
EVT2026_003010,2026-05-15,2026-05-15,1,24.126235,74.19835,359.7,2,11.12,21.27,0.5,closed,15604.140475162678,,,,,,,10,Tree cover
EVT2026_003011,2026-05-15,2026-05-16,2,20.639678333333332,73.97722666666667,683.7,6,8.858,17.42,0.0,closed,17516.12362241662,,,,,,,10,Tree cover
EVT2026_003012,2026-05-15,2026-05-18,4,23.31357,70.19892250000001,242.0,4,1.08,1.47,1.0,closed,292.77040168308025,,,,14,Limited,True,60,Bare/sparse vegetation
EVT2026_003013,2026-05-16,2026-05-16,1,20.08716,73.74859000000001,190.5,2,0.82,0.82,1.0,closed,3127.8046837522647,,,,,,,30,Grassland
EVT2026_003014,2026-05-16,2026-05-16,1,20.276805,73.569135,197.9,2,3.97,3.97,0.0,closed,,,,,,,,30,Grassland
EVT2026_003015,2026-05-16,2026-05-16,1,20.764139999999998,73.647155,297.8,2,7.99,10.52,0.0,closed,3438.7069890291887,,,,,,,10,Tree cover
EVT2026_003016,2026-05-16,2026-05-16,1,21.387420000000002,73.68742666666667,311.0,3,5.58,10.7,0.0,closed,8008.719129053131,,,,,,,10,Tree cover
EVT2026_003017,2026-05-16,2026-05-16,1,21.713725,73.254885,61.9,2,8.07,8.36,0.0,closed,9003.338566087383,19072.654675539692,,,,,,40,Cropland
EVT2026_003018,2026-05-16,2026-05-16,1,21.794275,69.55179,227.7,2,4.03,4.03,0.0,closed,3831.606078318765,,,,,,,20,Shrubland
EVT2026_003019,2026-05-16,2026-05-16,1,22.1667,73.841195,214.1,2,1.06,1.13,1.0,closed,3067.655403456422,,,,,,,30,Grassland
EVT2026_003020,2026-05-16,2026-05-16,1,22.822850000000003,69.71161000000001,213.8,2,3.375,5.45,0.0,closed,702.2739951287615,16235.330892099539,,,,,,10,Tree cover
EVT2026_003021,2026-05-16,2026-05-16,1,23.1954,68.86678,184.2,2,5.39,5.48,0.0,closed,6049.0550648047965,,,,,,,20,Shrubland
EVT2026_003022,2026-05-16,2026-05-16,1,23.53465,74.237015,188.6,2,33.455,52.07,0.0,closed,6802.363424094696,7804.601821731493,,,,,,20,Shrubland
EVT2026_003023,2026-05-16,2026-05-16,1,23.56754,69.426665,235.2,2,15.33,18.57,0.0,closed,15976.149742483596,,,,,,,40,Cropland
EVT2026_003024,2026-05-16,2026-05-16,1,24.01081,74.32945000000001,237.7,2,3.745,6.33,0.5,closed,16763.40578084513,,,,,,,10,Tree cover
EVT2026_003025,2026-05-16,2026-05-16,1,24.469405000000002,73.871825,189.1,2,10.88,10.88,0.0,closed,10051.336686221595,18282.457869113772,,,,,,30,Grassland
EVT2026_003026,2026-05-16,2026-05-16,1,24.501314999999998,73.85560000000001,273.7,2,6.77,7.3,0.0,closed,6844.218565902235,,,,,,,10,Tree cover
EVT2026_003027,2026-05-16,2026-05-17,2,22.359535,74.43920499999999,239.9,2,3.305,4.62,0.0,closed,8060.8550432343845,,,,,,,30,Grassland
EVT2026_003028,2026-05-16,2026-05-17,2,23.6412125,68.5481075,331.1,4,12.85,22.78,0.0,closed,14846.981179136992,17271.47726352417,,,,,,20,Shrubland
EVT2026_003029,2026-05-17,2026-05-17,1,20.349705,73.82994500000001,254.2,2,7.33,7.33,0.0,closed,6276.5394882878645,,,,,,,40,Cropland
EVT2026_003030,2026-05-17,2026-05-17,1,21.358835,73.71915000000001,248.8,2,6.69,6.69,0.0,closed,6203.12174047119,,,,,,,10,Tree cover
EVT2026_003031,2026-05-17,2026-05-17,1,21.4459,71.63003499999999,170.4,2,11.495,12.92,0.0,closed,2957.3930851505784,,,,,,,10,Tree cover
EVT2026_003032,2026-05-17,2026-05-17,1,21.56673,73.499835,131.4,2,9.735,10.16,0.0,closed,5518.7034715547825,,,,,,,10,Tree cover
EVT2026_003033,2026-05-17,2026-05-17,1,21.67964,71.999755,37.5,2,25.755,26.54,0.0,closed,3609.0695783191304,,,,,,,40,Cropland
EVT2026_003034,2026-05-17,2026-05-17,1,21.83331,72.65301,48.2,2,26.98,28.33,0.0,closed,241.79034815007518,16013.695431997152,16261.583565432367,,,,,40,Cropland
EVT2026_003035,2026-05-17,2026-05-17,1,22.018333333333334,74.19014,305.1,3,10.067,15.64,0.0,closed,17066.91455495166,,,,,,,10,Tree cover
EVT2026_003036,2026-05-17,2026-05-17,1,22.172863333333336,73.27920999999999,324.3,3,5.813,8.39,0.0,closed,8555.182475071026,,,,,,,10,Tree cover
EVT2026_003037,2026-05-17,2026-05-17,1,22.229875,72.259015,272.6,2,14.1,14.1,0.0,closed,6583.137877135266,,,,,,,40,Cropland
EVT2026_003038,2026-05-17,2026-05-17,1,22.24736,72.8843,273.0,2,9.8,9.8,0.0,closed,10777.030610251948,13643.65476534296,,13017.053970795332,,,,30,Grassland
EVT2026_003039,2026-05-17,2026-05-17,1,23.12146,70.08292499999999,89.2,2,2.125,2.26,1.0,closed,625.0095414637357,,,,5,Moderate,True,50,Built-up
EVT2026_003040,2026-05-17,2026-05-17,1,23.259505,70.17595,24.5,2,9.02,9.95,0.0,closed,2550.875680580914,,,,,,,20,Shrubland
EVT2026_003041,2026-05-17,2026-05-17,1,23.434874999999998,69.842425,370.2,2,12.375,13.47,0.0,closed,13390.684199990052,,,,,,,60,Bare/sparse vegetation
EVT2026_003042,2026-05-17,2026-05-17,1,23.56722,69.07819,54.8,2,6.28,6.78,0.0,closed,197.451852090994,,,,,,,20,Shrubland
EVT2026_003043,2026-05-17,2026-05-17,1,23.57787,69.56751,256.3,3,8.037,10.85,0.0,closed,13087.532055359148,,,,,,,20,Shrubland
EVT2026_003044,2026-05-17,2026-05-17,1,23.597009999999997,69.20739,101.1,2,13.63,15.74,0.0,closed,1664.2053070969334,,,,,,,20,Shrubland
EVT2026_003045,2026-05-17,2026-05-17,1,24.032026666666667,69.53714000000001,405.9,3,9.447,12.9,0.0,closed,5304.736556860131,,,,,,,60,Bare/sparse vegetation
EVT2026_003046,2026-05-17,2026-05-17,1,24.032476666666668,69.54469666666667,408.1,3,8.507,10.08,0.0,closed,5502.878294594761,,,,,,,60,Bare/sparse vegetation
EVT2026_003047,2026-05-17,2026-05-17,1,24.03292666666667,69.55226,410.3,3,11.903,16.19,0.0,closed,5797.366168382055,,,,,,,60,Bare/sparse vegetation
EVT2026_003048,2026-05-17,2026-05-17,1,24.184475,74.30641499999999,206.8,2,4.61,4.61,0.0,closed,19168.06182908661,,,,,,,10,Tree cover
EVT2026_003049,2026-05-17,2026-05-17,1,24.235515,74.35471,65.7,2,7.005,7.6,0.0,closed,19441.53675855919,,,,,,,10,Tree cover
EVT2026_003050,2026-05-17,2026-05-17,1,24.425145,73.717665,238.6,2,6.33,6.33,0.0,closed,6846.155430035578,8892.167931359774,,,,,,30,Grassland
EVT2026_003051,2026-05-17,2026-05-20,4,23.424984545454546,69.81276454545454,1593.0,22,12.869,66.62,0.0455,closed,12484.196564702126,,,,,,,40,Cropland
EVT2026_003052,2026-05-18,2026-05-18,1,20.3003775,73.61216250000001,382.3,4,3.573,4.74,0.0,closed,,,,,,,,10,Tree cover
EVT2026_003053,2026-05-18,2026-05-18,1,20.393105,74.05861,82.7,2,10.365,12.55,0.0,closed,7577.700074107465,,,,,,,10,Tree cover
EVT2026_003054,2026-05-18,2026-05-18,1,21.92949,72.811075,293.4,2,3.17,3.17,0.0,closed,333.5443838141322,,,,,,,40,Cropland
EVT2026_003055,2026-05-18,2026-05-18,1,22.329410000000003,69.73761,44.6,2,1.935,1.97,1.0,closed,481.7557811002647,484.7301677606792,127.54325414648211,,38,Limited,True,50,Built-up
EVT2026_003056,2026-05-18,2026-05-18,1,22.333309999999997,70.87548000000001,86.2,2,8.305,8.41,0.0,closed,469.6400278318862,,,,,,,60,Bare/sparse vegetation
EVT2026_003057,2026-05-18,2026-05-18,1,23.30452,69.78635,73.4,2,3.365,3.6,0.0,closed,2236.5953861298713,,,,,,,40,Cropland
EVT2026_003058,2026-05-18,2026-05-18,1,23.361715,73.421795,122.3,2,1.315,1.51,0.0,closed,4041.020230431638,,,,,,,40,Cropland
EVT2026_003059,2026-05-18,2026-05-18,1,23.714195,73.96984499999999,117.9,2,4.475,5.27,0.0,closed,5630.68210475671,,,,,,,30,Grassland
EVT2026_003060,2026-05-18,2026-05-18,1,24.169975,73.05666,269.7,2,5.55,6.19,0.0,closed,5397.224372264581,,,,,,,30,Grassland
EVT2026_003061,2026-05-18,2026-05-18,1,24.427473333333335,73.88510666666666,670.2,6,8.652,16.32,0.0,closed,14243.177872524482,16366.225165666012,,,,,,10,Tree cover
EVT2026_003062,2026-05-18,2026-05-19,2,24.501739999999998,73.68054666666667,526.0,3,2.997,5.03,0.6667,closed,6538.898657339716,18190.98690278887,,,,,,10,Tree cover
EVT2026_003063,2026-05-18,2026-05-20,3,22.977016666666668,72.56408666666667,242.8,3,1.913,3.62,1.0,closed,471.57124077231714,10773.509329888015,,,32,Limited,True,60,Bare/sparse vegetation
EVT2026_003064,2026-05-19,2026-05-19,1,20.238709999999998,73.73321,278.8,2,4.13,4.13,0.0,closed,9831.981692467309,,,,,,,30,Grassland
EVT2026_003065,2026-05-19,2026-05-19,1,20.722645,73.474805,275.8,2,3.28,3.28,0.0,closed,5269.721455686345,,,,,,,30,Grassland
EVT2026_003066,2026-05-19,2026-05-19,1,20.915376666666667,73.80974666666667,392.5,3,2.67,2.67,0.0,closed,3914.278776218394,,,,,,,10,Tree cover
EVT2026_003067,2026-05-19,2026-05-19,1,21.085175,70.43061499999999,35.4,2,8.025,8.23,0.0,closed,2021.3993345639406,,,,,,,40,Cropland
EVT2026_003068,2026-05-19,2026-05-19,1,21.577883333333332,73.92128000000001,197.4,3,8.52,10.48,0.0,closed,9444.102528391002,,,,,,,40,Cropland
EVT2026_003069,2026-05-19,2026-05-19,1,22.256145,73.975655,163.0,2,3.41,3.41,0.0,closed,5956.718636312246,,,,,,,10,Tree cover
EVT2026_003070,2026-05-19,2026-05-19,1,22.31745,73.653595,284.4,2,3.095,4.66,0.0,closed,8734.80493039755,,,,,,,40,Cropland
EVT2026_003071,2026-05-19,2026-05-19,1,22.71985,72.26633000000001,270.5,2,4.705,6.69,0.0,closed,986.181968430983,,,,,,,40,Cropland
EVT2026_003072,2026-05-19,2026-05-19,1,22.910625,72.42811,170.4,2,16.65,17.47,0.0,closed,253.9396169655364,,,,,,,50,Built-up
EVT2026_003073,2026-05-19,2026-05-19,1,23.07654,73.64218,163.5,2,2.56,2.56,0.0,closed,12033.006339637896,,,,,,,30,Grassland
EVT2026_003074,2026-05-19,2026-05-19,1,23.117545,73.822895,290.2,2,7.735,8.83,0.0,closed,5116.463353084453,,,,,,,10,Tree cover
EVT2026_003075,2026-05-19,2026-05-19,1,23.18866,73.65598,168.6,2,2.78,2.78,0.0,closed,4391.627213581371,,,,,,,40,Cropland
EVT2026_003076,2026-05-19,2026-05-19,1,23.243123333333333,73.64883333333334,229.1,3,9.183,13.41,0.0,closed,8190.332280436676,,,,,,,30,Grassland
EVT2026_003077,2026-05-19,2026-05-19,1,23.477985,69.83701500000001,35.9,2,4.81,5.08,0.0,closed,16903.35558080681,,,,,,,20,Shrubland
EVT2026_003078,2026-05-19,2026-05-19,1,23.48612,73.5675,400.3,3,2.76,3.95,0.0,closed,3658.963623798588,,,,,,,10,Tree cover
EVT2026_003079,2026-05-19,2026-05-19,1,23.493335000000002,73.680135,172.7,2,9.78,9.87,0.0,closed,8032.925647822522,,,,,,,30,Grassland
EVT2026_003080,2026-05-19,2026-05-19,1,23.533810000000003,68.92828,152.9,2,2.56,2.64,1.0,closed,782.6759720814281,,,,,,,20,Shrubland
EVT2026_003081,2026-05-19,2026-05-19,1,23.642015,68.55558,97.7,2,8.615,8.79,0.0,closed,14496.409282447858,16774.7525995309,,,,,,20,Shrubland
EVT2026_003082,2026-05-19,2026-05-19,1,23.8057,69.890195,34.9,2,12.14,12.4,0.0,closed,16312.783401958144,,,,,,,40,Cropland
EVT2026_003083,2026-05-19,2026-05-19,1,23.862335,74.497565,145.7,2,5.365,5.95,0.0,closed,,,,,,,,30,Grassland
EVT2026_003084,2026-05-19,2026-05-19,1,23.903725,74.10734500000001,181.4,2,4.89,4.89,0.0,closed,3908.206342225911,,,,,,,30,Grassland
EVT2026_003085,2026-05-19,2026-05-19,1,23.91168,74.02793,84.1,2,10.605,12.82,0.0,closed,7687.84500239438,,,,,,,10,Tree cover
EVT2026_003086,2026-05-19,2026-05-19,1,23.93249,73.82265000000001,293.1,2,7.325,8.22,0.0,closed,14296.182746160466,,,,,,,30,Grassland
EVT2026_003087,2026-05-19,2026-05-19,1,24.02134666666667,74.47411,257.4,3,8.747,11.0,0.0,closed,8103.341562807679,,,,,,,10,Tree cover
EVT2026_003088,2026-05-19,2026-05-19,1,24.031219999999998,74.20976,272.6,4,11.05,11.11,0.0,closed,15391.55577763624,,,,,,,10,Tree cover
EVT2026_003089,2026-05-19,2026-05-19,1,24.266045,74.41364,158.9,2,4.67,4.72,0.0,closed,17753.543398128855,,,,,,,10,Tree cover
EVT2026_003090,2026-05-19,2026-05-19,1,24.311813333333333,73.72205666666666,191.0,3,7.317,10.89,0.0,closed,4161.863119370675,4977.980228414683,,,,,,10,Tree cover
EVT2026_003091,2026-05-19,2026-05-19,1,24.353605,74.2104625,257.2,4,9.525,9.66,0.0,closed,19530.61027050845,,,,,,,30,Grassland
EVT2026_003092,2026-05-19,2026-05-19,1,24.35740142857143,73.50539428571429,691.1,7,6.479,8.15,0.0,closed,18762.881733564467,,,,,,,10,Tree cover
EVT2026_003093,2026-05-19,2026-05-19,1,24.405625,73.81724,182.2,2,6.98,6.98,0.0,closed,9255.108347561156,9373.477359039052,,,,,,20,Shrubland
EVT2026_003094,2026-05-19,2026-05-19,1,24.41806,73.78415,89.1,2,8.615,8.95,0.0,closed,8264.885927424992,8420.262109919606,,,,,,10,Tree cover
EVT2026_003095,2026-05-19,2026-05-19,1,24.652765000000002,73.8631975,204.9,4,8.727,10.98,0.0,closed,1209.3431678605086,,,,,,,30,Grassland
EVT2026_003096,2026-05-19,2026-05-19,1,24.695597499999998,74.016025,394.5,4,8.945,12.68,0.0,closed,9713.308564663615,,,,,,,20,Shrubland
EVT2026_003097,2026-05-19,2026-05-20,2,22.4154475,69.0392825,290.0,4,0.835,1.13,1.0,closed,74.0316223554128,,,14028.374201559503,17,Moderate,True,60,Bare/sparse vegetation
EVT2026_003098,2026-05-19,2026-05-20,2,24.689376666666664,73.00153666666667,144.2,3,1.793,1.98,1.0,closed,323.3958397652157,770.0163685422623,,,15,Moderate,True,60,Bare/sparse vegetation
EVT2026_003099,2026-05-19,2026-05-23,5,22.933338,69.699006,510.1,10,1.661,4.25,0.9,closed,422.2148299655946,19330.212642973813,,,1,Moderate,True,60,Bare/sparse vegetation
EVT2026_003100,2026-05-19,2026-05-24,6,20.909803333333333,71.45903833333334,231.1,6,1.368,3.42,1.0,closed,276.5230026648634,1639.5518093812689,,,7,Strong,True,50,Built-up
EVT2026_003101,2026-05-20,2026-05-20,1,20.253349999999998,73.717715,319.7,2,6.91,8.33,0.0,closed,11642.642691915353,,,,,,,30,Grassland
EVT2026_003102,2026-05-20,2026-05-20,1,20.460915,73.451545,165.4,2,3.405,3.82,0.0,closed,16639.200513057902,,,,,,,40,Cropland
EVT2026_003103,2026-05-20,2026-05-20,1,20.947105,73.66496000000001,208.3,2,18.65,18.65,0.0,closed,8370.576011770743,,,,,,,10,Tree cover
EVT2026_003104,2026-05-20,2026-05-20,1,21.24885,72.02008000000001,574.1,4,2.2,3.77,0.0,closed,80.74617083653698,,,,,,,40,Cropland
EVT2026_003105,2026-05-20,2026-05-20,1,21.41879,73.37787333333334,359.4,3,3.04,4.66,0.0,closed,6868.517993448551,,,,,,,30,Grassland
EVT2026_003106,2026-05-20,2026-05-20,1,21.741255000000002,73.11345,236.7,2,5.0,5.88,0.0,closed,5074.31850895652,9223.076195285785,,,,,,40,Cropland
EVT2026_003107,2026-05-20,2026-05-20,1,22.145832272727272,72.23617136363636,1796.7,22,4.288,9.93,0.0,closed,290.5493497851339,,,,,,,60,Bare/sparse vegetation
EVT2026_003108,2026-05-20,2026-05-20,1,22.222405000000002,72.135685,153.2,2,15.555,16.35,0.0,closed,5119.554620432484,,,,,,,40,Cropland
EVT2026_003109,2026-05-20,2026-05-20,1,23.95973,73.18105,210.0,2,11.335,14.66,0.0,closed,3300.744873250776,,,,,,,10,Tree cover
EVT2026_003110,2026-05-20,2026-05-20,1,24.18393,74.310025,224.5,2,8.245,11.43,0.0,closed,18825.060146333897,,,,,,,30,Grassland
EVT2026_003111,2026-05-20,2026-05-23,4,22.332866666666668,69.73438777777778,664.6,9,1.783,2.33,0.7778,closed,899.1569748491053,987.0900932261271,38.736274347956005,,38,Limited,True,50,Built-up
EVT2026_003112,2026-05-21,2026-05-21,1,21.111535,72.63556,200.6,2,1.88,1.88,1.0,closed,690.0044179540415,2017.4239854831649,,,0,Strong,True,50,Built-up
EVT2026_003113,2026-05-21,2026-05-21,1,21.832315,72.660605,20.7,2,11.585,11.67,0.0,closed,890.4798742012113,16084.181906771197,16412.68213300747,,,,,30,Grassland
EVT2026_003114,2026-05-21,2026-05-21,1,21.910193333333336,72.04322666666667,310.3,3,9.213,12.76,0.0,closed,3174.492265204537,,,,,,,40,Cropland
EVT2026_003115,2026-05-21,2026-05-21,1,22.054405000000003,74.26355000000001,193.3,2,4.175,4.34,0.0,closed,18960.47478884984,,,,,,,30,Grassland
EVT2026_003116,2026-05-21,2026-05-21,1,22.072625000000002,73.21334,197.7,2,2.99,2.99,0.0,closed,3110.5687930935787,,,,,,,40,Cropland
EVT2026_003117,2026-05-21,2026-05-21,1,22.086470000000002,73.17859,292.8,3,3.597,4.73,1.0,closed,317.9718301637508,,,,,,,40,Cropland
EVT2026_003118,2026-05-21,2026-05-21,1,23.141566666666666,70.17238333333334,242.9,3,2.0,2.97,1.0,closed,390.5655257154695,,,,,,,20,Shrubland
EVT2026_003119,2026-05-21,2026-05-21,1,23.749116666666666,69.263475,689.2,6,13.483,19.12,0.0,closed,8673.185218410523,,,,,,,20,Shrubland
EVT2026_003120,2026-05-21,2026-05-21,1,24.427475,73.890635,193.5,2,10.36,11.44,0.0,closed,14616.173369268767,16844.9294823572,,,,,,20,Shrubland
EVT2026_003121,2026-05-21,2026-05-22,2,23.680776,73.984914,697.9,5,7.198,13.13,0.4,closed,2873.574708263353,,,,,,,10,Tree cover
EVT2026_003122,2026-05-21,2026-05-22,2,24.47758,73.107385,270.8,2,5.085,7.93,0.5,closed,14803.683737944668,,,,,,,20,Shrubland
EVT2026_003123,2026-05-22,2026-05-22,1,20.08205,74.059595,44.5,2,3.36,3.57,0.0,closed,1681.6067835267668,,,,,,,40,Cropland
EVT2026_003124,2026-05-22,2026-05-22,1,21.39042,71.80499,165.8,2,1.965,2.66,0.0,closed,1225.898150680462,,,,,,,20,Shrubland
EVT2026_003125,2026-05-22,2026-05-22,1,21.53368,73.71917,198.3,2,5.33,5.34,0.0,closed,7467.895099472446,,,,,,,40,Cropland
EVT2026_003126,2026-05-22,2026-05-22,1,21.5706,73.930825,225.4,2,4.96,4.96,0.0,closed,9358.983314250649,,,,,,,40,Cropland
EVT2026_003127,2026-05-22,2026-05-22,1,22.066845,71.94230999999999,145.5,2,10.05,10.38,0.0,closed,4650.568136194041,,,,,,,30,Grassland
EVT2026_003128,2026-05-22,2026-05-22,1,22.22474,73.30989,172.0,2,2.66,2.86,0.0,closed,7870.141439384551,,,,,,,40,Cropland
EVT2026_003129,2026-05-22,2026-05-22,1,22.24745,73.276355,231.2,2,2.02,2.37,0.0,closed,5007.47347307693,,,,,,,40,Cropland
EVT2026_003130,2026-05-22,2026-05-22,1,22.259245,72.877265,218.2,2,10.275,10.41,0.0,closed,10811.685876615717,13075.510015488739,,11628.200257501592,,,,30,Grassland
EVT2026_003131,2026-05-22,2026-05-22,1,22.26069,73.83332,223.5,2,9.585,9.8,0.0,closed,11167.894433767617,,,,,,,40,Cropland
EVT2026_003132,2026-05-22,2026-05-22,1,22.294165,72.01992,206.1,2,3.235,3.46,1.0,closed,10161.85281590603,,,,,,,40,Cropland
EVT2026_003133,2026-05-22,2026-05-22,1,22.650095,74.275865,79.9,2,1.125,1.14,1.0,closed,,,,,,,,30,Grassland
EVT2026_003134,2026-05-22,2026-05-22,1,22.928425,69.05915999999999,297.2,2,2.44,2.44,0.0,closed,189.0281465746071,,,,,,,10,Tree cover
EVT2026_003135,2026-05-22,2026-05-22,1,23.097745,72.36869999999999,225.9,2,7.205,7.27,0.0,closed,735.8425688230137,,,,,,,40,Cropland
EVT2026_003136,2026-05-22,2026-05-22,1,23.702996666666667,73.47473000000001,409.1,3,8.263,8.61,0.0,closed,2770.803949880036,,,,,,,10,Tree cover
EVT2026_003137,2026-05-22,2026-05-22,1,23.742835,73.89341999999999,148.9,2,9.78,10.93,0.0,closed,13900.45328674714,,,,,,,10,Tree cover
EVT2026_003138,2026-05-22,2026-05-22,1,23.81166,74.361615,257.7,2,12.78,14.35,0.0,closed,18202.009403279775,,,,,,,10,Tree cover
EVT2026_003139,2026-05-22,2026-05-22,1,24.024875,74.28267,212.0,2,9.805,10.2,0.0,closed,,,,,,,,20,Shrubland
EVT2026_003140,2026-05-22,2026-05-22,1,24.146985,74.16343,212.9,2,6.18,6.18,0.0,closed,12254.301425308438,,,,,,,30,Grassland
EVT2026_003141,2026-05-22,2026-05-22,1,24.257075,74.30801500000001,151.7,2,7.1,7.44,0.0,closed,,,,,,,,10,Tree cover
EVT2026_003142,2026-05-22,2026-05-23,2,21.79425833333333,72.032005,650.9,6,2.085,2.54,0.6667,closed,4211.011511039403,,,,,,,40,Cropland
EVT2026_003143,2026-05-22,2026-05-23,2,22.22176,73.24557,362.4,2,3.015,3.78,0.0,closed,2173.504560099445,,,,,,,10,Tree cover
EVT2026_003144,2026-05-22,2026-05-23,2,22.41456,69.03712,105.2,2,1.95,3.28,1.0,closed,243.8862425731471,,,13929.027752522175,17,Moderate,True,40,Cropland
EVT2026_003145,2026-05-23,2026-05-23,1,22.476585,73.31230500000001,77.1,2,2.33,2.45,0.0,closed,660.5366525604159,,,,,,,80,Water bodies
EVT2026_003146,2026-05-23,2026-05-23,1,22.71896,74.45035,134.1,2,3.12,3.22,0.0,closed,,,,,,,,30,Grassland
EVT2026_003147,2026-05-23,2026-05-23,1,23.170789999999997,70.12919,327.9,2,5.03,5.03,1.0,closed,531.2938077042223,,,,,,,40,Cropland
EVT2026_003148,2026-05-23,2026-05-23,1,23.458740000000002,68.90925333333333,396.5,3,4.54,5.94,0.0,closed,703.0330374732177,,,,,,,20,Shrubland
EVT2026_003149,2026-05-23,2026-05-23,1,23.615535,74.01983,127.9,2,4.7,5.37,0.0,closed,7489.21133439011,,,,,,,30,Grassland
EVT2026_003150,2026-05-23,2026-05-23,1,24.085085,74.27665999999999,171.1,2,4.78,4.89,0.0,closed,19363.899891522073,,,,,,,30,Grassland
EVT2026_003151,2026-05-24,2026-05-24,1,20.84487,74.15642,321.0,2,1.695,1.9,0.0,closed,6528.660402894561,,,,,,,20,Shrubland
EVT2026_003152,2026-05-24,2026-05-24,1,21.94264,73.28449499999999,151.1,2,3.065,4.57,0.0,closed,5726.567222650863,,,,,,,40,Cropland
EVT2026_003153,2026-05-24,2026-05-24,1,22.177725000000002,72.72482500000001,182.8,2,1.33,1.33,0.0,closed,7200.458399231761,7427.196708587207,,17298.01476792195,,,,40,Cropland
EVT2026_003154,2026-05-24,2026-05-24,1,23.05566,69.99532500000001,104.0,2,0.755,0.82,1.0,closed,2207.867101453949,,,,,,,50,Built-up
EVT2026_003155,2026-05-24,2026-05-24,1,23.26619,72.20866000000001,172.5,2,4.31,4.31,0.0,closed,6452.0117285618,,,,,,,20,Shrubland
EVT2026_003156,2026-05-24,2026-05-24,1,23.363395,70.15988,255.9,2,36.06,36.06,0.0,closed,4577.1093679302885,,,,,,,20,Shrubland
EVT2026_003157,2026-05-24,2026-05-24,1,23.759484999999998,69.271645,228.2,2,10.765,10.99,0.0,closed,7911.182559583781,,,,,,,40,Cropland
EVT2026_003158,2026-05-24,2026-05-24,1,24.147415000000002,74.04129,222.0,2,2.95,2.95,0.0,closed,2252.4306010217106,,,,,,,30,Grassland
EVT2026_003159,2026-05-24,2026-05-24,1,24.273384999999998,69.206545,229.3,2,13.62,13.62,0.0,closed,6584.153550970491,,,,,,,20,Shrubland
EVT2026_003160,2026-05-24,2026-05-24,1,24.59827,68.073525,18.3,2,0.69,0.84,0.0,closed,4141.93944836048,,,,,,,50,Built-up
EVT2026_003161,2026-05-25,2026-05-25,1,20.322865,74.08419,231.7,2,5.72,5.72,0.0,closed,7359.96104393461,,,,,,,40,Cropland
EVT2026_003162,2026-05-25,2026-05-25,1,20.825595,70.807975,42.3,2,2.945,2.99,0.0,closed,2650.731940216445,,,,,,,40,Cropland
EVT2026_003163,2026-05-25,2026-05-25,1,21.421475,70.65904499999999,196.1,2,5.43,5.43,0.0,closed,2422.3084703791574,,,,,,,40,Cropland
EVT2026_003164,2026-05-25,2026-05-25,1,21.67268,69.93420499999999,17.5,2,4.68,5.02,0.0,closed,677.7702331894922,,,,,,,40,Cropland
EVT2026_003165,2026-05-25,2026-05-25,1,22.034005,73.548765,156.3,2,6.45,6.51,0.0,closed,8445.152784584494,,,,,,,40,Cropland
EVT2026_003166,2026-05-25,2026-05-25,1,22.095585,73.49517,202.6,2,4.83,5.0,0.0,closed,3323.188917275163,,,,,,,40,Cropland
EVT2026_003167,2026-05-25,2026-05-25,1,22.416096666666665,69.03936666666667,290.8,3,1.58,2.2,1.0,closed,48.995272002685724,,,14100.650521997708,17,Moderate,True,50,Built-up
EVT2026_003168,2026-05-25,2026-05-25,1,22.552705,73.97474,237.1,2,2.165,3.28,0.0,closed,11465.864242409776,,,,,,,10,Tree cover
EVT2026_003169,2026-05-25,2026-05-25,1,22.606945,72.36064,265.3,2,5.2,5.2,0.0,closed,1206.7053654542108,,,,,,,60,Bare/sparse vegetation
EVT2026_003170,2026-05-25,2026-05-25,1,22.631396666666664,73.72231333333333,343.1,3,5.217,8.73,0.0,closed,18381.62004617047,,,,,,,30,Grassland
EVT2026_003171,2026-05-25,2026-05-25,1,22.632849999999998,71.767105,208.7,2,20.27,20.27,0.0,closed,3612.9170139808903,,,,,,,40,Cropland
EVT2026_003172,2026-05-25,2026-05-25,1,22.758325,73.284345,15.4,2,4.185,4.33,0.0,closed,5525.348401572122,14812.710299935683,,,,,,40,Cropland
EVT2026_003173,2026-05-25,2026-05-25,1,23.121335000000002,70.08744999999999,191.7,2,2.38,2.61,1.0,closed,862.2139103970171,,,,5,Moderate,True,60,Bare/sparse vegetation
EVT2026_003174,2026-05-25,2026-05-25,1,23.48549,69.329275,203.8,2,2.96,2.96,0.0,closed,6713.226047486962,,,,,,,20,Shrubland
EVT2026_003175,2026-05-25,2026-05-25,1,24.168039999999998,74.006955,336.6,4,13.22,16.53,0.0,closed,1882.013951202563,,,,,,,10,Tree cover
EVT2026_003176,2026-05-25,2026-05-25,1,24.286565,74.439205,221.5,2,6.345,7.76,0.0,closed,14589.677076632606,,,,,,,30,Grassland
EVT2026_003177,2026-05-25,2026-05-25,1,24.45735,73.85421333333333,348.4,3,8.65,8.65,0.0,closed,9685.988542209621,16087.742851101491,,,,,,30,Grassland
EVT2026_003178,2026-05-25,2026-05-25,1,24.57278,74.23281,90.2,2,2.155,2.68,0.0,closed,4487.726695412566,,,,,,,40,Cropland
EVT2026_003179,2026-05-25,2026-05-26,2,20.67307166666667,74.18468666666666,845.9,6,8.233,16.45,0.3333,closed,8833.568341166565,,,,,,,20,Shrubland
EVT2026_003180,2026-05-25,2026-05-26,2,22.247853333333335,72.87743999999999,327.8,3,9.1,10.04,0.0,closed,11187.21176227212,12942.863957219073,,12446.123886450645,,,,40,Cropland
EVT2026_003181,2026-05-25,2026-05-26,2,22.908105,69.70033000000001,61.7,2,2.15,2.72,1.0,closed,181.62663927874493,17798.708603928197,,,22,Limited,True,50,Built-up
EVT2026_003182,2026-05-25,2026-05-26,2,22.93407,69.69749,117.8,2,2.9,3.68,1.0,closed,597.2827011424976,19262.504007455296,,,1,Moderate,True,50,Built-up
EVT2026_003183,2026-05-25,2026-05-26,2,22.977116666666664,72.56470666666667,267.6,3,0.67,0.78,1.0,closed,407.26425069973646,10745.375065920303,,,32,Limited,True,30,Grassland
EVT2026_003184,2026-05-25,2026-05-26,2,24.69014,73.001015,101.6,2,1.925,1.99,1.0,closed,276.7588385070903,688.4477830460763,,,15,Moderate,True,50,Built-up
EVT2026_003185,2026-05-26,2026-05-26,1,20.191313333333333,73.95982333333333,289.2,3,3.51,3.51,0.0,closed,2266.8923943528903,,,,,,,30,Grassland
EVT2026_003186,2026-05-26,2026-05-26,1,20.550729999999998,73.94735000000001,295.9,3,1.06,1.48,1.0,closed,8249.796212093677,,,,,,,20,Shrubland
EVT2026_003187,2026-05-26,2026-05-26,1,20.628104999999998,73.63221999999999,194.9,2,7.505,10.41,0.0,closed,11915.661588521076,,,,,,,10,Tree cover
EVT2026_003188,2026-05-26,2026-05-26,1,20.809849999999997,73.773525,186.8,2,7.725,8.94,0.0,closed,11301.772919037568,,,,,,,30,Grassland
EVT2026_003189,2026-05-26,2026-05-26,1,21.316645,72.83987,193.2,2,1.88,2.41,0.0,closed,3128.892385698905,10302.343517589967,,,,,,40,Cropland
EVT2026_003190,2026-05-26,2026-05-26,1,21.447235,70.979645,191.5,2,2.95,2.95,0.0,closed,4394.670331739962,,,,,,,40,Cropland
EVT2026_003191,2026-05-26,2026-05-26,1,22.016695,70.71506500000001,192.5,2,4.94,5.94,0.0,closed,753.4996360183909,,,,,,,40,Cropland
EVT2026_003192,2026-05-26,2026-05-26,1,22.089435,73.19247,186.4,2,4.395,4.82,0.0,closed,500.8237288195234,,,,,,,40,Cropland
EVT2026_003193,2026-05-26,2026-05-26,1,23.038145,72.188875,193.5,2,1.645,1.9,0.0,closed,5929.822772961904,,,,,,,40,Cropland
EVT2026_003194,2026-05-26,2026-05-26,1,23.40895,73.49822499999999,188.0,2,7.14,7.14,0.0,closed,4468.659321258876,,,,,,,30,Grassland
EVT2026_003195,2026-05-26,2026-05-27,2,20.91026,71.46044,114.9,2,0.51,0.56,1.0,closed,236.85557555898464,1589.9752323536488,,,7,Strong,True,50,Built-up
EVT2026_003196,2026-05-26,2026-05-27,2,21.40959666666667,72.98753333333333,153.2,3,2.893,4.02,0.6667,closed,2259.663888399493,7619.203694163991,,,,,,10,Tree cover
EVT2026_003197,2026-05-26,2026-05-27,2,22.186846,72.803184,880.2,10,15.884,19.95,0.1,closed,7057.224768197892,7884.928206255263,,15146.075904913823,,,,30,Grassland
EVT2026_003198,2026-05-26,2026-05-27,2,23.012189999999997,70.102255,72.0,2,3.03,3.18,1.0,closed,221.54204378505682,,,,6,Moderate,True,50,Built-up
EVT2026_003199,2026-05-26,2026-05-27,2,23.43816,68.716555,327.3,6,2.688,5.26,0.5,closed,850.868829219463,,,,,,,40,Cropland
EVT2026_003200,2026-05-27,2026-05-27,1,20.295805,72.898295,107.0,2,3.295,3.45,1.0,closed,722.2549425710546,,,,,,,10,Tree cover
EVT2026_003201,2026-05-27,2026-05-27,1,20.41646,73.44288,215.1,2,3.71,3.71,0.0,closed,13612.020008953603,,,,,,,10,Tree cover
EVT2026_003202,2026-05-27,2026-05-27,1,20.708855,73.677965,93.3,2,5.21,5.63,0.0,closed,5527.578364085193,,,,,,,30,Grassland
EVT2026_003203,2026-05-27,2026-05-27,1,20.90363,73.57227,88.9,2,9.29,9.68,0.0,closed,2403.254950367276,,,,,,,30,Grassland
EVT2026_003204,2026-05-27,2026-05-27,1,21.801195,72.080055,199.6,2,5.94,5.94,0.0,closed,3597.5638795317755,,,,,,,40,Cropland
EVT2026_003205,2026-05-27,2026-05-27,1,22.134665,73.092745,124.1,2,3.915,4.45,0.0,closed,8172.8463862524895,,,,,,,10,Tree cover
EVT2026_003206,2026-05-27,2026-05-27,1,22.199091666666664,72.82522833333333,753.7,6,16.08,36.04,0.0,closed,7960.967486728472,8781.226053233098,,14245.637087960096,,,,30,Grassland
EVT2026_003207,2026-05-27,2026-05-27,1,22.325875,70.157655,177.4,2,13.265,14.49,0.0,closed,2320.6757248311333,,,,,,,40,Cropland
EVT2026_003208,2026-05-27,2026-05-27,1,23.066409999999998,72.225335,94.6,2,6.32,6.35,0.0,closed,4219.981214263995,,,,,,,40,Cropland
EVT2026_003209,2026-05-27,2026-05-27,1,23.937775,74.101585,46.1,2,20.2,20.94,0.0,closed,368.6437439070593,,,,,,,30,Grassland
EVT2026_003210,2026-05-27,2026-05-28,2,23.19066,69.645365,367.7,2,5.02,8.29,0.0,closed,1507.6377632501872,,,,,,,20,Shrubland
EVT2026_003211,2026-05-27,2026-05-28,2,23.45795,70.86101,287.4,2,4.49,7.35,0.0,closed,8164.596705730698,,,,,,,40,Cropland
EVT2026_003212,2026-05-28,2026-05-28,1,20.02983,73.62714,138.8,2,2.87,3.2,0.0,closed,5757.827123298854,,,,,,,40,Cropland
EVT2026_003213,2026-05-28,2026-05-28,1,20.70413,73.70438,87.4,2,2.715,3.29,0.0,closed,6572.771104247062,,,,,,,10,Tree cover
EVT2026_003214,2026-05-28,2026-05-28,1,20.872715,74.040805,202.0,2,3.845,4.56,0.0,closed,11449.109920392924,,,,,,,30,Grassland
EVT2026_003215,2026-05-28,2026-05-28,1,21.375349999999997,72.9485,289.8,2,0.925,1.09,1.0,closed,819.9999410765844,5703.654283522838,,,,,,30,Grassland
EVT2026_003216,2026-05-28,2026-05-28,1,21.439115,72.981905,292.2,2,0.99,0.99,0.0,closed,2703.680869334862,10927.101866732603,,,,,,40,Cropland
EVT2026_003217,2026-05-28,2026-05-28,1,21.67151,72.538785,358.7,4,18.857,36.44,0.5,closed,271.8754299396867,8853.883339044001,2886.9404860981863,,,,,50,Built-up
EVT2026_003218,2026-05-28,2026-05-28,1,22.109965000000003,73.728805,169.3,2,2.28,3.05,0.0,closed,10394.654269894665,,,,,,,40,Cropland
EVT2026_003219,2026-05-28,2026-05-28,1,22.142145,69.42071,231.8,2,2.2,2.97,0.0,closed,4286.54291319702,,,,,,,40,Cropland
EVT2026_003220,2026-05-28,2026-05-28,1,22.23564,73.24350999999999,115.6,2,3.52,3.92,0.0,closed,1425.0292217579195,,,,,,,40,Cropland
EVT2026_003221,2026-05-28,2026-05-28,1,22.486060000000002,70.88725500000001,200.9,2,8.115,9.19,0.0,closed,2076.8520622365213,,,,,,,40,Cropland
EVT2026_003222,2026-05-28,2026-05-28,1,22.82415,69.67842,276.5,2,3.395,3.71,1.0,closed,1614.3004323927598,12834.280079370532,,,,,,60,Bare/sparse vegetation
EVT2026_003223,2026-05-28,2026-05-28,1,22.8435525,72.5286375,362.7,4,3.75,3.82,0.0,closed,1855.0978818811654,,,,,,,10,Tree cover
EVT2026_003224,2026-05-28,2026-05-28,1,22.969365,72.55285,116.3,2,0.77,1.1,1.0,closed,240.33463392628533,11941.701641522088,,,,,,50,Built-up
EVT2026_003225,2026-05-28,2026-05-28,1,23.12363,71.94856,189.4,2,5.18,5.38,0.0,closed,7826.742360412891,,,,,,,40,Cropland
EVT2026_003226,2026-05-28,2026-05-28,1,23.673305,69.59254999999999,152.5,2,4.87,5.45,0.0,closed,17392.17170711833,,,,,,,40,Cropland
EVT2026_003227,2026-05-29,2026-05-29,1,20.3039,73.61868,570.9,4,5.827,7.63,0.0,closed,,,,,,,,10,Tree cover
EVT2026_003228,2026-05-29,2026-05-29,1,20.43797,73.78583,150.6,2,2.685,3.17,0.0,closed,5614.309648936204,,,,,,,40,Cropland
EVT2026_003229,2026-05-29,2026-05-29,1,20.83852,73.56443,372.9,3,9.12,11.47,0.0,closed,8878.832056523222,,,,,,,10,Tree cover
EVT2026_003230,2026-05-29,2026-05-29,1,22.60688,72.36029500000001,88.6,2,3.19,3.88,0.0,closed,1184.662560159908,,,,,,,60,Bare/sparse vegetation
EVT2026_003231,2026-05-29,2026-05-29,1,22.67051,70.43057,178.8,2,2.24,2.46,0.0,closed,2130.3420641066814,,,,,,,40,Cropland
EVT2026_003232,2026-05-29,2026-05-30,2,20.987659999999998,73.14494499999999,318.7,4,5.475,7.26,0.0,closed,5070.811636618077,,,,,,,10,Tree cover
EVT2026_003233,2026-05-29,2026-05-30,2,22.932055,69.70076,287.7,2,2.455,2.47,1.0,closed,196.92151138755872,19379.875429471853,,,1,Moderate,True,50,Built-up
EVT2026_003234,2026-05-29,2026-05-30,2,23.646865,69.87926999999999,201.8,2,11.79,13.02,0.0,closed,,,,,,,,40,Cropland
EVT2026_003235,2026-05-30,2026-05-30,1,20.547013333333336,73.94746666666667,356.3,3,3.09,5.0,0.0,closed,7859.660865358133,,,,,,,30,Grassland
EVT2026_003236,2026-05-30,2026-05-30,1,20.66235,73.10038,72.3,2,2.84,2.89,0.0,closed,2432.2477819289775,,,,,,,30,Grassland
EVT2026_003237,2026-05-30,2026-05-30,1,20.781525000000002,72.91516,240.3,2,2.03,2.03,0.0,closed,2291.6503830904003,,,,,,,40,Cropland
EVT2026_003238,2026-05-30,2026-05-30,1,20.985785,73.95908,143.7,2,8.38,10.09,0.0,closed,16164.932706239575,,,,,,,30,Grassland
EVT2026_003239,2026-05-30,2026-05-30,1,21.15177,73.599665,178.2,2,2.72,3.55,0.0,closed,2598.6202856637865,7754.072328508354,,,,,,40,Cropland
EVT2026_003240,2026-05-30,2026-05-30,1,21.8531,73.19449,137.5,2,2.91,3.61,0.0,closed,1636.130618827324,8946.153612913651,,,,,,10,Tree cover
EVT2026_003241,2026-05-30,2026-05-30,1,23.011225,71.62369000000001,200.3,2,3.45,3.45,0.0,closed,4043.170031018258,,,,,,,20,Shrubland
EVT2026_003242,2026-05-30,2026-05-30,1,23.095010000000002,72.35549,238.6,2,2.28,2.28,0.0,closed,1746.864823534295,,,,,,,40,Cropland
EVT2026_003243,2026-05-30,2026-05-30,1,23.36888,73.699015,261.1,2,3.58,3.58,0.0,closed,8301.369025432943,,,,,,,30,Grassland
EVT2026_003244,2026-05-30,2026-05-30,1,23.496346666666668,73.50108,315.7,3,2.877,3.68,0.0,closed,455.5083439687572,,,,,,,30,Grassland
EVT2026_003245,2026-05-30,2026-05-30,1,24.039205,72.783085,99.7,2,2.805,3.0,0.0,closed,2409.0742919810523,,,,,,,20,Shrubland
EVT2026_003246,2026-05-30,2026-05-31,2,20.9093525,71.4607,119.1,4,2.047,3.85,0.5,closed,136.5709034386306,1492.5016040330402,,,7,Strong,True,50,Built-up
EVT2026_003247,2026-05-30,2026-05-31,2,22.822466666666667,69.67899333333334,228.6,3,4.463,6.03,0.6667,closed,1633.122064052691,12892.619345321302,,,,,,30,Grassland
EVT2026_003248,2026-05-30,2026-05-31,2,23.4380075,68.7164625,277.8,4,3.433,4.8,1.0,closed,832.1907156998855,,,,,,,40,Cropland
EVT2026_003249,2026-05-30,2026-05-31,2,24.689035,73.00111000000001,87.9,2,1.415,1.48,1.0,closed,375.71921886688807,810.0271923427703,,,15,Moderate,True,50,Built-up
EVT2026_003250,2026-05-31,2026-05-31,1,20.279094999999998,72.82151,188.4,2,2.81,2.81,0.0,closed,3107.6486249945415,,,,,,,10,Tree cover
EVT2026_003251,2026-05-31,2026-05-31,1,20.521344999999997,73.17049,105.0,2,3.46,3.56,1.0,closed,4277.923514979704,,,,,,,40,Cropland
EVT2026_003252,2026-05-31,2026-05-31,1,20.81062,73.59477,193.0,2,9.705,12.05,0.0,closed,10557.26006120808,,,,,,,30,Grassland
EVT2026_003253,2026-05-31,2026-05-31,1,20.93279,73.52648333333333,309.2,3,3.8,3.96,0.0,closed,7184.132765500092,,,,,,,10,Tree cover
EVT2026_003254,2026-05-31,2026-05-31,1,21.085255,73.43888,192.7,2,2.85,2.85,0.0,closed,3050.634232079444,18475.06111367366,,,,,,40,Cropland
EVT2026_003255,2026-05-31,2026-05-31,1,21.40825,74.49861,202.1,2,7.33,7.37,0.0,closed,13834.887844105666,,,,,,,40,Cropland
EVT2026_003256,2026-05-31,2026-05-31,1,21.799245,73.194365,281.6,2,2.6,2.72,0.0,closed,132.39008143605756,8787.358043298567,,,,,,10,Tree cover
EVT2026_003257,2026-05-31,2026-05-31,1,22.204655000000002,71.97736,195.9,2,10.105,11.02,0.0,closed,4813.02367732199,,,,,,,40,Cropland
EVT2026_003258,2026-05-31,2026-05-31,1,23.02923,72.26503,189.0,2,6.29,6.29,0.0,closed,400.04304324802456,,,,,,,40,Cropland
EVT2026_003259,2026-05-31,2026-05-31,1,23.37173,73.46724499999999,56.4,2,4.08,4.35,0.0,closed,771.0079147828528,,,,,,,10,Tree cover
EVT2026_003260,2026-05-31,2026-05-31,1,23.44998,72.10175,199.3,2,3.545,3.88,0.0,closed,8267.335120012878,,,,,,,40,Cropland
EVT2026_003261,2026-06-02,2026-06-29,28,21.10483479768786,72.64095838150288,1445.2,173,5.777,32.32,0.6879,closed,628.8056144239098,1609.8555114829107,,,0,Strong,True,60,Bare/sparse vegetation
EVT2026_003262,2026-06-03,2026-06-03,1,21.16892,71.622395,123.6,2,4.44,4.56,0.0,closed,1570.7991960583097,,,,,,,40,Cropland
EVT2026_003263,2026-06-03,2026-06-03,1,22.887585,69.25587,163.4,2,1.3,1.3,1.0,closed,1415.5013160662868,,,,,,,40,Cropland
EVT2026_003264,2026-06-03,2026-06-03,1,23.644786666666665,69.53936,330.8,3,5.91,7.9,0.0,closed,18123.25506525071,,,,,,,40,Cropland
EVT2026_003265,2026-06-03,2026-06-04,2,23.460183333333333,72.02186666666667,485.2,3,5.327,7.37,0.3333,closed,3352.9431884070805,,,,,,,10,Tree cover
EVT2026_003266,2026-06-03,2026-06-04,2,23.49739,68.57753,132.2,2,2.03,3.19,1.0,closed,227.17077801313474,,,,,,,60,Bare/sparse vegetation
EVT2026_003267,2026-06-03,2026-06-05,3,22.97838,72.5668775,388.9,4,1.425,1.85,1.0,closed,178.39164556876156,10551.166566701979,,,32,Limited,True,50,Built-up
EVT2026_003268,2026-06-04,2026-06-04,1,22.806235,70.89212,222.1,2,10.665,10.77,0.0,closed,403.7063121726552,,,,,,,20,Shrubland
EVT2026_003269,2026-06-04,2026-06-04,1,22.813825,69.54657499999999,85.3,2,3.24,4.11,0.0,closed,250.17213426819455,1225.5183644523765,,,,,,10,Tree cover
EVT2026_003270,2026-06-04,2026-06-04,1,22.817545,70.45434,175.1,2,3.05,4.41,0.0,closed,352.28716499787265,,,,,,,20,Shrubland
EVT2026_003271,2026-06-04,2026-06-05,2,22.929209999999998,70.10786999999999,45.7,2,8.385,8.8,0.0,closed,800.3499025871222,,,,30,Moderate,True,30,Grassland
EVT2026_003272,2026-06-04,2026-06-05,2,23.43821,68.71475000000001,19.1,2,2.965,2.97,1.0,closed,832.9500197485132,,,,,,,10,Tree cover
EVT2026_003273,2026-06-04,2026-06-06,3,20.909896666666665,71.46036666666667,186.0,3,1.117,1.27,1.0,closed,205.96419584925758,1561.7211828767452,,,7,Strong,True,50,Built-up
EVT2026_003274,2026-06-04,2026-06-06,3,22.933378333333334,69.69772,528.1,6,3.102,4.0,1.0,closed,541.1146692280362,19231.44639437174,,,1,Moderate,True,50,Built-up
EVT2026_003275,2026-06-05,2026-06-05,1,20.013840000000002,74.451245,263.1,2,10.06,10.06,0.0,closed,5144.549156933566,,,,,,,40,Cropland
EVT2026_003276,2026-06-05,2026-06-05,1,20.234845,73.015175,117.2,2,1.685,2.53,1.0,closed,32.6747011619325,,,,,,,50,Built-up
EVT2026_003277,2026-06-05,2026-06-05,1,20.324815,73.800055,135.3,2,5.71,5.98,0.0,closed,4108.328870923669,,,,,,,40,Cropland
EVT2026_003278,2026-06-05,2026-06-05,1,20.638565,73.760675,106.2,2,7.38,7.65,0.0,closed,4980.569168760212,,,,,,,10,Tree cover
EVT2026_003279,2026-06-05,2026-06-05,1,20.638624999999998,73.73223999999999,108.7,2,6.5,6.93,0.0,closed,4696.673175663853,,,,,,,10,Tree cover
EVT2026_003280,2026-06-05,2026-06-05,1,21.248982,72.020192,532.8,5,1.87,2.51,0.0,closed,79.60569042882945,,,,,,,40,Cropland
EVT2026_003281,2026-06-05,2026-06-05,1,21.37532333333333,72.94838333333333,346.5,3,1.04,1.54,1.0,closed,832.3074208093532,5710.677775232303,,,,,,40,Cropland
EVT2026_003282,2026-06-05,2026-06-05,1,21.57629,74.2607,125.7,2,2.34,3.19,0.0,closed,4879.9499164430135,,,,,,,10,Tree cover
EVT2026_003283,2026-06-05,2026-06-05,1,21.669795,72.2516525,293.7,4,2.89,3.37,0.0,closed,1166.304827997887,10045.75127582293,,,,,,40,Cropland
EVT2026_003284,2026-06-05,2026-06-05,1,21.76217,72.637485,200.0,2,2.265,2.57,0.0,closed,2303.6913617793102,7942.712638973802,8283.926495801423,,,,,40,Cropland
EVT2026_003285,2026-06-05,2026-06-05,1,21.93269,74.15176,281.1,2,7.85,7.85,0.0,closed,,,,,,,,30,Grassland
EVT2026_003286,2026-06-05,2026-06-05,1,21.97106,72.944805,203.3,2,1.76,1.76,0.0,closed,2770.16550108558,,,,,,,10,Tree cover
EVT2026_003287,2026-06-05,2026-06-05,1,22.033555,71.81266,193.8,2,5.85,5.85,0.0,closed,1153.8632863039427,,,,,,,40,Cropland
EVT2026_003288,2026-06-05,2026-06-05,1,22.12252,72.187225,85.3,2,0.44,0.57,1.0,closed,4631.225748589103,,,,,,,40,Cropland
EVT2026_003289,2026-06-05,2026-06-05,1,22.147774102564103,72.23907076923076,2574.9,39,5.896,8.63,0.0,closed,194.31650328856477,,,,,,,60,Bare/sparse vegetation
EVT2026_003290,2026-06-05,2026-06-05,1,22.181826666666666,72.77557666666667,334.9,3,31.74,80.88,0.0,closed,6144.937710708746,6867.299972817953,,15657.484117826949,,,,30,Grassland
EVT2026_003291,2026-06-05,2026-06-05,1,23.006255,72.10583,31.9,2,8.105,8.12,0.0,closed,4160.745245918861,,,,,,,40,Cropland
EVT2026_003292,2026-06-05,2026-06-05,1,23.737966666666665,71.83051333333333,420.0,3,5.887,7.07,0.0,closed,4975.61639960436,,,,,,,40,Cropland
EVT2026_003293,2026-06-05,2026-06-05,1,23.81998,71.267315,193.3,2,6.58,6.58,0.0,closed,1182.9910355393672,,,,,,,40,Cropland
EVT2026_003294,2026-06-05,2026-06-05,1,24.530375,72.0819725,496.6,4,7.3,9.36,0.0,closed,2048.80407216452,,,,,,,40,Cropland
EVT2026_003295,2026-06-05,2026-06-06,2,22.415886666666665,69.03993666666666,205.9,3,2.377,2.76,1.0,closed,107.54837462684655,,,14078.0961421906,17,Moderate,True,60,Bare/sparse vegetation
EVT2026_003296,2026-06-06,2026-06-06,1,21.078965,70.90990500000001,205.3,2,7.03,7.03,0.0,closed,17030.68721348322,,,,,,,10,Tree cover
EVT2026_003297,2026-06-06,2026-06-06,1,23.626905,69.46599,987.6,8,22.457,42.46,0.0,closed,19153.607835586216,,,,,,,20,Shrubland
EVT2026_003298,2026-06-07,2026-06-07,1,21.13484,70.87144,274.9,2,6.96,6.96,0.0,closed,13116.641266414375,,,,,,,20,Shrubland
EVT2026_003299,2026-06-07,2026-06-07,1,21.52243,73.034475,324.3,2,14.76,22.78,0.0,closed,3153.015173535989,15789.59553111174,,,,,,40,Cropland
EVT2026_003300,2026-06-07,2026-06-07,1,22.893805,71.91561,64.6,2,7.645,8.37,0.0,closed,7282.71313748613,,,,,,,40,Cropland
EVT2026_003301,2026-06-07,2026-06-07,1,23.18946,69.63325999999999,257.7,3,2.287,3.65,0.0,closed,1199.8718865392748,,,,,,,20,Shrubland
EVT2026_003302,2026-06-07,2026-06-07,1,23.295795,69.54090500000001,165.4,2,3.4,3.4,0.0,closed,4599.151514512326,,,,,,,20,Shrubland
EVT2026_003303,2026-06-08,2026-06-08,1,22.21141,73.173645,75.6,2,3.34,3.71,0.0,closed,1883.5444427655289,19721.124020740815,,,,,,10,Tree cover
EVT2026_003304,2026-06-08,2026-06-08,1,23.621585,69.52078,122.7,2,4.07,4.64,0.0,closed,17590.07207817356,,,,,,,20,Shrubland
EVT2026_003305,2026-06-09,2026-06-09,1,21.055866,70.882908,418.0,5,5.176,6.68,0.0,closed,15069.181309810288,,,,,,,20,Shrubland
EVT2026_003306,2026-06-09,2026-06-09,1,21.774715,70.69438,107.9,2,5.535,6.17,0.0,closed,3363.2178859786104,,,,,,,10,Tree cover
EVT2026_003307,2026-06-09,2026-06-09,1,21.884535,73.76813,144.4,2,2.885,3.23,0.0,closed,5112.691305578623,,,,,,,30,Grassland
EVT2026_003308,2026-06-09,2026-06-09,1,22.322542727272726,69.88275545454546,870.4,11,2.294,4.81,0.9091,closed,1628.0913686046422,12309.993139877044,160.51968749324465,,47,Limited,True,80,Water bodies
EVT2026_003309,2026-06-09,2026-06-09,1,22.483385,73.364525,167.6,2,2.085,2.69,0.0,closed,3445.2541191846485,,,,,,,30,Grassland
EVT2026_003310,2026-06-09,2026-06-09,1,22.815060000000003,71.566015,277.3,2,9.48,9.48,0.0,closed,6218.230621413097,,,,,,,40,Cropland
EVT2026_003311,2026-06-09,2026-06-09,1,23.11691,72.214595,87.9,2,3.015,3.29,0.0,closed,2662.1935127951774,,,,,,,40,Cropland
EVT2026_003312,2026-06-09,2026-06-09,1,23.654155,73.655625,96.9,2,3.655,4.08,0.0,closed,7666.412594113224,,,,,,,30,Grassland
EVT2026_003313,2026-06-09,2026-06-09,1,23.717304000000002,69.222244,732.6,5,8.3,10.64,0.0,closed,11900.388568305938,,,,,,,40,Cropland
EVT2026_003314,2026-06-09,2026-06-12,4,22.928800000000003,70.10840400000001,127.8,5,6.016,7.28,0.2,closed,866.4234215892891,,,,30,Moderate,True,60,Bare/sparse vegetation
EVT2026_003315,2026-06-10,2026-06-10,1,21.307083333333335,71.14873666666666,270.9,3,6.553,15.98,0.0,closed,1253.935120585751,,,,,,,30,Grassland
EVT2026_003316,2026-06-10,2026-06-10,1,21.355949999999996,71.38213666666667,509.4,3,9.747,12.84,0.0,closed,816.8317994178013,,,,,,,40,Cropland
EVT2026_003317,2026-06-10,2026-06-10,1,21.368495000000003,71.36602500000001,230.7,2,15.445,15.97,0.0,closed,1903.485079786697,,,,,,,40,Cropland
EVT2026_003318,2026-06-10,2026-06-10,1,21.42024,70.77985,196.6,2,4.54,4.54,0.0,closed,821.2529706707909,,,,,,,40,Cropland
EVT2026_003319,2026-06-10,2026-06-10,1,21.421106666666663,70.66108666666666,505.9,3,5.67,6.79,0.0,closed,2436.3770949507425,,,,,,,40,Cropland
EVT2026_003320,2026-06-10,2026-06-10,1,21.42994333333333,70.79396,318.6,3,3.81,3.81,0.0,closed,2227.4769782165,,,,,,,40,Cropland
EVT2026_003321,2026-06-10,2026-06-10,1,21.439815,72.02636,247.6,2,4.285,5.32,0.0,closed,4278.667556830654,,,,,,,40,Cropland
EVT2026_003322,2026-06-10,2026-06-10,1,21.69003,70.82099500000001,40.3,2,7.52,8.08,0.0,closed,5485.857938783363,,,,,,,40,Cropland
EVT2026_003323,2026-06-10,2026-06-10,1,22.02688,70.11036,150.1,2,6.68,8.06,0.0,closed,195.09279035455268,,,,,,,40,Cropland
EVT2026_003324,2026-06-10,2026-06-10,1,22.145351764705882,72.23820352941176,1736.4,17,2.583,3.34,0.0,closed,110.13804325619105,,,,,,,60,Bare/sparse vegetation
EVT2026_003325,2026-06-10,2026-06-10,1,23.150060000000003,72.108688,426.2,5,5.34,9.16,0.0,closed,5103.0594838801235,,,,,,,20,Shrubland
EVT2026_003326,2026-06-10,2026-06-10,1,23.338285,73.654145,42.2,2,3.48,3.54,0.0,closed,3748.2155597310475,,,,,,,30,Grassland
EVT2026_003327,2026-06-10,2026-06-10,1,23.385399999999997,70.42917800000001,744.0,5,3.496,4.09,0.0,closed,3966.6538360427344,,,,,,,40,Cropland
EVT2026_003328,2026-06-10,2026-06-10,1,23.451700000000002,73.672865,14.4,2,4.405,4.55,0.0,closed,8840.76095305651,,,,,,,30,Grassland
EVT2026_003329,2026-06-10,2026-06-10,1,24.032985,69.445,282.3,2,3.32,3.32,0.0,closed,4468.83187539243,,,,,,,60,Bare/sparse vegetation
EVT2026_003330,2026-06-10,2026-06-10,1,24.664884999999998,72.98064,199.6,2,5.835,6.4,0.0,closed,3758.4283137514267,4090.2429246466622,,,,,,10,Tree cover
EVT2026_003331,2026-06-10,2026-06-11,2,21.101267272727274,70.91093636363637,1398.9,11,4.861,10.0,0.0,closed,15296.773810755749,,,,,,,10,Tree cover
EVT2026_003332,2026-06-10,2026-06-11,2,24.657925,73.875935,22.6,2,1.245,1.37,1.0,closed,134.06284960942787,,,,53,Limited,True,50,Built-up
EVT2026_003333,2026-06-11,2026-06-11,1,21.687945,73.649575,187.8,2,2.025,2.23,1.0,closed,9705.718725222014,,,,,,,40,Cropland
EVT2026_003334,2026-06-11,2026-06-11,1,23.226225,69.77721,229.4,2,3.775,3.93,1.0,closed,467.06934489847794,,,,,,,10,Tree cover
EVT2026_003335,2026-06-12,2026-06-12,1,20.637975,73.7286775,375.1,4,6.833,9.93,0.0,closed,4720.547527132934,,,,,,,10,Tree cover
EVT2026_003336,2026-06-12,2026-06-12,1,21.26846,74.239035,203.5,2,4.33,5.24,0.0,closed,2566.2358546635724,,,,,,,40,Cropland
EVT2026_003337,2026-06-12,2026-06-12,1,21.440485,71.53386,40.2,2,3.91,5.03,0.0,closed,7365.4982310815885,,,,,,,40,Cropland
EVT2026_003338,2026-06-12,2026-06-12,1,22.349565,73.452335,247.8,2,3.98,3.98,0.0,closed,3744.3930424911873,,,,,,,40,Cropland
EVT2026_003339,2026-06-12,2026-06-12,1,22.783715,72.347965,59.4,2,4.92,5.77,0.0,closed,1254.393026842522,,,,,,,40,Cropland
EVT2026_003340,2026-06-12,2026-06-12,1,22.931440000000002,69.7026,147.8,2,3.33,3.77,1.0,closed,9.619970357879772,19484.908467911195,,,,,,50,Built-up
EVT2026_003341,2026-06-12,2026-06-12,1,22.97829,71.236165,212.8,2,3.2,3.2,0.0,closed,3838.1791018532745,,,,,,,30,Grassland
EVT2026_003342,2026-06-13,2026-06-13,1,21.794764999999998,72.645625,236.1,2,0.85,1.07,1.0,closed,260.57364291837445,11662.86829156679,11960.14098221031,,41,Limited,True,30,Grassland
EVT2026_003343,2026-06-13,2026-06-13,1,23.718085,69.29189375,1260.6,8,7.706,15.07,0.0,closed,12953.270275502353,,,,,,,20,Shrubland
EVT2026_003344,2026-06-13,2026-06-14,2,21.432103333333334,72.97436,362.0,3,2.017,2.32,1.0,closed,1645.429036830087,10239.806379305786,,,50,Limited,True,40,Cropland
EVT2026_003345,2026-06-14,2026-06-14,1,20.655610000000003,73.67935,285.3,2,4.69,4.69,0.0,closed,9182.294755038534,,,,,,,10,Tree cover
EVT2026_003346,2026-06-14,2026-06-14,1,21.161003333333333,70.726995,510.3,6,3.967,5.1,0.0,closed,14452.446888773744,,,,,,,10,Tree cover
EVT2026_003347,2026-06-14,2026-06-14,1,21.918899999999997,72.00493999999999,495.3,3,7.547,10.74,0.0,closed,7214.302375960454,,,,,,,40,Cropland
EVT2026_003348,2026-06-14,2026-06-14,1,22.258645,73.361785,59.3,2,1.54,1.88,0.0,closed,3851.859205849307,,,,,,,40,Cropland
EVT2026_003349,2026-06-14,2026-06-14,1,23.005225,72.43178,40.6,2,5.075,5.86,0.0,closed,3202.1543763559994,18033.520963970514,,,,,,10,Tree cover
EVT2026_003350,2026-06-14,2026-06-14,1,23.44163,69.935405,315.5,2,5.38,6.07,0.0,closed,11950.177323252132,,,,,,,20,Shrubland
EVT2026_003351,2026-06-14,2026-06-15,2,24.68936,73.001645,7.9,2,1.525,2.13,1.0,closed,321.16366715081875,771.7127951931899,,,15,Moderate,True,60,Bare/sparse vegetation
EVT2026_003352,2026-06-14,2026-06-17,4,22.417436000000002,69.03926799999999,245.6,5,3.284,5.09,0.8,closed,162.91621637648336,,,14249.456431328312,17,Moderate,True,10,Tree cover
EVT2026_003353,2026-06-15,2026-06-15,1,21.32213333333333,72.64896,273.3,3,4.517,4.92,0.0,closed,5392.4426569679335,16850.849019145087,,,,,,80,Water bodies
EVT2026_003354,2026-06-15,2026-06-15,1,21.836785,72.65333,222.7,2,3.235,3.5,0.0,closed,621.0182020228578,16398.8082445069,16640.005539730922,,,,,40,Cropland
EVT2026_003355,2026-06-15,2026-06-15,1,22.827705,69.71226999999999,204.9,2,7.53,7.53,0.0,closed,1082.9876436960535,16311.066970501011,,,,,,10,Tree cover
EVT2026_003356,2026-06-15,2026-06-15,1,24.12824,69.48970750000001,778.3,4,7.41,10.02,0.0,closed,1809.4487177337949,,,,,,,60,Bare/sparse vegetation
EVT2026_003357,2026-06-15,2026-06-16,2,22.335535,69.867535,6.7,2,4.865,5.04,1.0,closed,170.13126080235733,10332.015262570694,778.4565081363319,,9,Moderate,True,50,Built-up
EVT2026_003358,2026-06-16,2026-06-16,1,21.121043333333333,70.81499666666666,347.5,3,8.86,11.84,0.0,closed,17271.27793778421,,,,,,,20,Shrubland
EVT2026_003359,2026-06-16,2026-06-16,1,21.576345,72.86394,202.9,2,2.2,2.64,0.0,closed,4521.797512777479,,,,,,,40,Cropland
EVT2026_003360,2026-06-16,2026-06-16,1,21.7992,73.19474,192.2,2,2.13,2.13,0.0,closed,170.08464983899952,8825.674628719662,,,,,,40,Cropland
EVT2026_003361,2026-06-16,2026-06-16,1,22.194665,72.789605,449.9,4,21.238,25.41,0.0,closed,5504.207079913976,6320.633968080638,,14187.786370110107,,,,30,Grassland
EVT2026_003362,2026-06-16,2026-06-17,2,20.35634,72.94726,90.7,2,2.95,3.3,1.0,closed,389.68630680774385,,,,,,,10,Tree cover
EVT2026_003363,2026-06-16,2026-06-17,2,20.909840000000003,71.45939,135.1,2,0.615,0.62,1.0,closed,272.2692378669235,1619.1856812105611,,,7,Strong,True,50,Built-up
EVT2026_003364,2026-06-17,2026-06-17,1,21.484965000000003,72.79383999999999,229.6,2,4.065,4.28,0.0,closed,3456.948241614006,,,,,,,40,Cropland
EVT2026_003365,2026-06-18,2026-06-18,1,21.17133,72.755315,164.4,2,6.615,6.88,0.0,closed,1743.8003553688707,7002.061941458989,,,,,,40,Cropland
EVT2026_003366,2026-06-18,2026-06-18,1,22.86229,69.78817,463.8,4,6.005,8.79,0.0,closed,2180.5174313770945,,,,,,,20,Shrubland
EVT2026_003367,2026-06-19,2026-06-19,1,20.724040000000002,73.62772000000001,69.2,2,3.535,4.91,0.0,closed,6626.632154542079,,,,,,,10,Tree cover
EVT2026_003368,2026-06-19,2026-06-19,1,20.785523333333334,74.15963666666666,257.5,3,1.663,2.35,1.0,closed,4622.839730456234,,,,,,,30,Grassland
EVT2026_003369,2026-06-19,2026-06-19,1,23.38085666666667,71.63945,317.6,3,3.857,4.89,0.0,closed,1539.0686263987968,,,,,,,20,Shrubland
EVT2026_003370,2026-06-19,2026-06-20,2,22.33681,69.86583,129.7,2,3.875,5.3,1.0,closed,77.47220938620683,10132.779171036827,605.2608643777734,,9,Moderate,True,60,Bare/sparse vegetation
EVT2026_003371,2026-06-19,2026-06-21,3,22.339633333333335,69.85394666666667,158.7,3,3.15,5.38,1.0,closed,716.4744530067908,9423.101212363757,1206.635454512402,,23,Limited,True,50,Built-up
EVT2026_003372,2026-06-19,2026-06-21,3,22.9289375,70.10694000000001,120.2,4,4.152,6.45,0.5,closed,720.3923337832122,,,,30,Moderate,True,60,Bare/sparse vegetation
EVT2026_003373,2026-06-20,2026-06-20,1,21.166555000000002,71.1528,223.7,2,2.77,2.77,0.0,closed,3470.9239876149595,,,,,,,20,Shrubland
EVT2026_003374,2026-06-20,2026-06-20,1,21.592765,69.659595,274.8,2,4.69,4.69,0.0,closed,253.93935980601682,,,,,,,20,Shrubland
EVT2026_003375,2026-06-20,2026-06-20,1,21.820259999999998,73.05022,146.6,2,5.515,5.68,0.0,closed,4121.131880941581,6557.172010383674,,,,,,40,Cropland
EVT2026_003376,2026-06-20,2026-06-20,1,22.744685,72.494585,135.1,2,3.615,3.66,0.0,closed,3896.3772521415895,,,,,,,20,Shrubland
EVT2026_003377,2026-06-20,2026-06-20,1,23.479855,68.79380499999999,135.6,2,4.895,6.01,0.0,closed,1342.8666031122957,,,,,,,40,Cropland
EVT2026_003378,2026-06-20,2026-06-21,2,24.691355,73.00127499999999,104.7,2,1.11,1.21,1.0,closed,168.4394173260795,551.5327245190185,,,15,Moderate,True,50,Built-up
EVT2026_003379,2026-06-20,2026-06-22,3,20.9102,71.45901666666667,172.6,3,1.563,2.29,1.0,closed,319.73152640408006,1674.7445982166305,,,7,Strong,True,50,Built-up
EVT2026_003380,2026-06-20,2026-06-22,3,22.417406666666665,69.03931,228.3,3,2.987,4.18,1.0,closed,160.82540747190936,,,14246.241476868197,17,Moderate,True,10,Tree cover
EVT2026_003381,2026-06-21,2026-06-21,1,21.21773,70.97408,293.0,3,4.91,4.91,0.0,closed,4623.095397711699,,,,,,,30,Grassland
EVT2026_003382,2026-06-21,2026-06-21,1,21.24644,71.99405,211.6,2,1.69,1.92,0.0,closed,412.08488349902666,,,,,,,40,Cropland
EVT2026_003383,2026-06-21,2026-06-21,1,21.248255,72.0195825,565.2,4,2.717,5.35,0.0,closed,125.89626263288962,,,,,,,40,Cropland
EVT2026_003384,2026-06-21,2026-06-21,1,21.74318,72.70535000000001,226.4,2,10.54,10.72,0.0,closed,1857.764601254446,10345.848389258228,11700.445173889688,,,,,40,Cropland
EVT2026_003385,2026-06-21,2026-06-21,1,21.934305000000002,70.728295,188.6,2,11.845,12.28,0.0,closed,3470.1899020132496,,,,,,,40,Cropland
EVT2026_003386,2026-06-21,2026-06-21,1,22.033115,71.81301500000001,193.9,2,6.385,7.02,0.0,closed,1209.1079225097317,,,,,,,40,Cropland
EVT2026_003387,2026-06-21,2026-06-21,1,22.146549069767442,72.23939302325581,2663.1,43,10.25,21.12,0.0,closed,71.56942998822576,,,,,,,60,Bare/sparse vegetation
EVT2026_003388,2026-06-21,2026-06-21,1,22.590375,72.13383,197.3,2,7.34,7.34,0.0,closed,6051.504677990662,,,,,,,40,Cropland
EVT2026_003389,2026-06-21,2026-06-21,1,22.785080000000004,72.34656333333334,327.8,3,4.53,4.53,0.0,closed,1229.4708980992832,,,,,,,10,Tree cover
EVT2026_003390,2026-06-21,2026-06-21,1,22.875325,71.601585,210.9,2,9.79,10.02,0.0,closed,1587.7463724553231,,,,,,,40,Cropland
EVT2026_003391,2026-06-21,2026-06-21,1,22.969324999999998,71.386005,192.8,2,4.66,4.66,0.0,closed,1774.9378642575743,,,,,,,40,Cropland
EVT2026_003392,2026-06-21,2026-06-21,1,23.35689,70.622405,200.0,2,5.71,6.15,0.0,closed,279.95889374262316,,,,,,,20,Shrubland
EVT2026_003393,2026-06-21,2026-06-21,1,23.764425000000003,71.84844000000001,219.1,2,8.57,9.92,0.0,closed,3278.9193747101317,,,,,,,40,Cropland
EVT2026_003394,2026-06-21,2026-06-21,1,23.779185,71.798325,218.5,2,6.52,6.52,0.0,closed,5926.03086418741,,,,,,,40,Cropland
EVT2026_003395,2026-06-21,2026-06-21,1,23.819376,71.267274,526.1,5,9.332,15.56,0.0,closed,1207.2003141917985,,,,,,,40,Cropland
EVT2026_003396,2026-06-21,2026-06-21,1,24.35157,71.88741999999999,222.2,2,5.64,5.64,0.0,closed,1014.1561695560066,,,,,,,10,Tree cover
EVT2026_003397,2026-06-21,2026-06-21,1,24.37539,71.745165,36.1,2,5.675,6.37,0.0,closed,1599.5995607883483,,,,,,,40,Cropland
EVT2026_003398,2026-06-22,2026-06-22,1,22.311374999999998,71.215265,224.4,2,7.785,10.87,0.0,closed,1908.5155882127713,,,,,,,40,Cropland
EVT2026_003399,2026-06-23,2026-06-23,1,23.385245,70.014595,26.8,2,0.3,0.34,1.0,closed,4495.081900118874,,,,,,,60,Bare/sparse vegetation
EVT2026_003400,2026-06-23,2026-06-23,1,23.74951,70.598715,154.5,2,6.87,7.4,0.0,closed,12779.043435430769,,,,,,,20,Shrubland
EVT2026_003401,2026-06-23,2026-06-23,1,23.767834999999998,69.468155,284.9,2,2.31,2.31,0.0,closed,3605.484388627304,,,,,,,20,Shrubland
EVT2026_003402,2026-06-23,2026-06-23,1,24.61024,69.01522,195.4,2,4.205,4.63,0.0,closed,15230.450992075994,,,,,,,40,Cropland
EVT2026_003403,2026-06-24,2026-06-24,1,22.166106666666668,72.14069666666667,353.6,3,6.28,7.96,0.0,closed,6348.000153359899,,,,,,,60,Bare/sparse vegetation
EVT2026_003404,2026-06-24,2026-06-24,1,22.910539999999997,72.28852666666667,409.7,3,6.797,7.84,0.0,closed,913.0274184350757,,,,,,,40,Cropland
EVT2026_003405,2026-06-25,2026-06-25,1,22.932074999999998,74.456705,251.9,2,4.56,5.38,0.0,closed,17491.056660659247,,,,,,,30,Grassland
EVT2026_003406,2026-06-25,2026-06-25,1,22.99373,72.48435,295.1,2,2.98,2.98,0.0,closed,1588.8135842395995,14014.751850829947,,,,,,40,Cropland
EVT2026_003407,2026-06-25,2026-06-26,2,22.92861,70.10832500000001,96.7,2,8.895,9.66,0.0,closed,865.884733378421,,,,30,Moderate,True,60,Bare/sparse vegetation
EVT2026_003408,2026-06-25,2026-06-26,2,23.49673,68.57744500000001,190.7,2,3.06,3.54,1.0,closed,301.01169959533405,,,,,,,60,Bare/sparse vegetation
EVT2026_003409,2026-06-25,2026-06-27,3,22.41744,69.040185,220.4,4,3.15,3.89,1.0,closed,206.68010630747506,,,14251.215585654496,17,Moderate,True,50,Built-up
EVT2026_003410,2026-06-26,2026-06-26,1,21.421005,70.778925,197.2,2,14.055,14.64,0.0,closed,933.0580472401911,,,,,,,40,Cropland
EVT2026_003411,2026-06-26,2026-06-26,1,21.422015000000002,70.65770499999999,196.3,2,6.97,6.97,0.0,closed,2456.224161590436,,,,,,,40,Cropland
EVT2026_003412,2026-06-26,2026-06-26,1,21.431685,70.79315,320.4,4,14.71,15.31,0.0,closed,2350.2489014343305,,,,,,,40,Cropland
EVT2026_003413,2026-06-26,2026-06-26,1,21.43944,70.75529333333334,319.0,3,10.41,13.11,0.0,closed,4033.771679000572,,,,,,,40,Cropland
EVT2026_003414,2026-06-26,2026-06-26,1,21.46644,70.028965,206.7,2,3.28,3.28,0.0,closed,1453.5174951551296,,,,,,,40,Cropland
EVT2026_003415,2026-06-26,2026-06-26,1,21.7548,72.6341475,690.0,4,10.81,14.54,0.0,closed,1682.182150516141,7071.416497398975,7395.010478908931,,,,,40,Cropland
EVT2026_003416,2026-06-26,2026-06-26,1,22.472123333333332,70.38972666666666,316.4,3,4.747,6.62,0.0,closed,777.48756724149,,,,,,,40,Cropland
EVT2026_003417,2026-06-26,2026-06-26,1,22.925705,69.82348,67.1,2,0.96,1.02,1.0,closed,228.4865369705209,,,,10,Moderate,True,10,Tree cover
EVT2026_003418,2026-06-26,2026-06-26,1,23.36865,71.61262500000001,202.9,2,3.01,3.01,1.0,closed,4025.5872052116524,,,,,,,20,Shrubland
EVT2026_003419,2026-06-26,2026-06-26,1,23.479275,69.22527,18.5,2,7.475,8.0,0.0,closed,275.16624574369644,,,,,,,40,Cropland
EVT2026_003420,2026-06-26,2026-06-26,1,23.66239,68.777825,198.5,2,4.28,4.28,0.0,closed,249.53223709980213,659.8678874952534,,,,,,20,Shrubland
EVT2026_003421,2026-06-26,2026-06-26,1,24.033879393939394,69.45241242424243,2256.8,33,5.023,11.61,0.0,closed,4801.685803537044,,,,,,,60,Bare/sparse vegetation
EVT2026_003422,2026-06-26,2026-06-26,1,24.04573,69.387581875,1211.9,16,6.079,12.67,0.0,closed,3501.881260113217,,,,,,,60,Bare/sparse vegetation
EVT2026_003423,2026-06-26,2026-06-26,1,24.06908,69.37353,491.3,4,6.865,8.65,0.0,closed,2400.341477537888,,,,,,,60,Bare/sparse vegetation
EVT2026_003424,2026-06-26,2026-06-26,1,24.07327114285714,69.61759914285715,2664.2,35,6.621,14.25,0.0,closed,9528.582361623457,,,,,,,60,Bare/sparse vegetation
EVT2026_003425,2026-06-26,2026-06-26,1,24.088341111111113,69.45473888888888,2063.8,27,6.113,12.1,0.0,closed,3536.7538643633857,,,,,,,60,Bare/sparse vegetation
EVT2026_003426,2026-06-26,2026-06-26,1,24.0936141025641,69.41077371794871,3239.2,78,6.324,16.91,0.0,closed,595.5865374003532,,,,,,,60,Bare/sparse vegetation
EVT2026_003427,2026-06-26,2026-06-26,1,24.12687,69.505315,282.8,2,12.125,13.67,0.0,closed,1311.766438976521,,,,,,,60,Bare/sparse vegetation
EVT2026_003428,2026-06-26,2026-06-26,1,24.140815,69.40223625,780.0,8,8.3,13.98,0.0,closed,3881.724267001146,,,,,,,60,Bare/sparse vegetation
EVT2026_003429,2026-06-26,2026-06-26,1,24.172522,69.49505,698.4,5,7.254,9.61,0.0,closed,3686.2717564078184,,,,,,,60,Bare/sparse vegetation
EVT2026_003430,2026-06-26,2026-06-26,1,24.182374,69.334425,813.7,10,7.138,11.67,0.0,closed,4738.805859048115,,,,,,,60,Bare/sparse vegetation
EVT2026_003431,2026-06-26,2026-06-27,2,22.33575,69.86739,105.4,2,3.83,4.01,1.0,closed,142.00630058470327,10304.151844188706,751.2846365214943,,9,Moderate,True,50,Built-up
EVT2026_003432,2026-06-26,2026-06-27,2,22.33942,69.85535,110.9,2,3.43,3.81,1.0,closed,599.5867674076146,9488.212131187345,1073.7446096247031,,23,Limited,True,50,Built-up
EVT2026_003433,2026-06-26,2026-06-27,2,24.69359,73.00511,201.4,2,1.485,1.67,1.0,closed,65.14389449428967,457.6932669516395,,,,,,50,Built-up
EVT2026_003434,2026-06-27,2026-06-27,1,23.12154,70.084105,199.1,2,1.13,1.13,1.0,closed,675.6163432932765,,,,5,Moderate,True,40,Cropland
EVT2026_003435,2026-06-28,2026-06-28,1,21.387745,70.27583,169.9,2,5.225,6.75,0.0,closed,3105.085845581308,,,,,,,10,Tree cover
EVT2026_003436,2026-06-29,2026-06-29,1,21.956935,69.89571,318.6,2,2.27,2.31,0.0,closed,2874.718564019195,,,,,,,40,Cropland
EVT2026_003437,2026-06-29,2026-06-29,1,22.13827,70.63125,102.0,2,3.325,3.55,0.0,closed,1194.3165693835529,,,,,,,40,Cropland
EVT2026_003438,2026-06-29,2026-06-29,1,22.956595,70.03255,102.5,2,3.96,4.4,0.0,closed,3682.41500958603,,,,,,,20,Shrubland
EVT2026_003439,2026-06-29,2026-06-29,1,22.981070000000003,72.56233,115.2,2,2.47,3.02,1.0,closed,724.490248420369,10394.638593335376,,,32,Limited,True,50,Built-up
EVT2026_003440,2026-06-29,2026-06-29,1,23.375149999999998,69.93184,124.9,2,4.835,5.66,0.0,closed,7062.00993525432,,,,,,,20,Shrubland
EVT2026_003441,2026-06-30,2026-06-30,1,23.13682,71.60271333333334,400.4,3,9.14,13.98,0.0,closed,13462.315161559125,,,,,,,40,Cropland
EVT2026_003442,2026-06-30,2026-06-30,1,23.15099222222222,71.59898222222222,610.9,9,3.577,4.4,0.0,closed,14358.702757264748,,,,,,,40,Cropland
EVT2026_003443,2026-06-30,2026-06-30,1,24.689065,73.002265,82.4,2,3.46,3.62,1.0,closed,337.62893900300037,806.5177381658133,,,15,Moderate,True,50,Built-up
EVT2026_003444,2026-06-30,2026-07-02,3,22.417166666666663,69.03969000000001,99.5,3,3.067,3.65,1.0,closed,152.05248241450593,,,14220.038140126766,17,Moderate,True,10,Tree cover
EVT2026_003445,2026-07-01,2026-07-01,1,23.652540000000002,68.558515,196.6,2,9.91,12.8,0.0,closed,15088.493748842178,15633.238740446353,,,,,,20,Shrubland
EVT2026_003446,2026-07-01,2026-07-01,1,23.731583333333333,68.61724,283.2,3,5.117,8.61,0.0,closed,5143.265876617544,5002.872134494358,,,,,,30,Grassland
EVT2026_003447,2026-07-01,2026-07-02,2,22.927,69.82358500000001,45.0,2,1.0,1.09,1.0,closed,93.78971878079362,,,,10,Moderate,True,50,Built-up
EVT2026_003448,2026-07-01,2026-07-02,2,22.928083333333333,70.10753333333334,220.6,3,6.097,11.16,0.3333,closed,814.4669117382613,,,,30,Moderate,True,60,Bare/sparse vegetation
EVT2026_003449,2026-07-01,2026-07-02,2,22.93411,69.69707000000001,238.1,3,1.043,1.1,1.0,closed,610.4922697251686,19232.359332639444,,,1,Moderate,True,40,Cropland
EVT2026_003450,2026-07-03,2026-07-03,1,22.94361,69.16155,228.3,2,3.5,3.5,0.0,closed,394.6605133167195,,,,,,,20,Shrubland
EVT2026_003451,2026-07-03,2026-07-03,1,23.647045,68.55548,247.8,2,5.3,5.3,0.0,closed,14881.201965458902,16312.70219612439,,,,,,20,Shrubland
EVT2026_003452,2026-07-06,2026-07-06,1,23.413294999999998,69.27375,219.1,2,8.495,8.69,0.0,closed,1776.1496548744303,,,,,,,20,Shrubland
EVT2026_003453,2026-07-06,2026-07-06,1,23.649465,68.561285,253.4,2,5.86,5.86,0.0,closed,14646.775853462485,15763.738277191407,,,,,,10,Tree cover
EVT2026_003454,2026-07-08,2026-07-08,1,21.104685,72.63379499999999,189.7,2,0.91,0.91,1.0,closed,1180.805536952449,2309.0451321344776,,,0,Strong,True,50,Built-up
EVT2026_003455,2026-07-08,2026-07-08,1,21.106335,72.645835,189.7,2,2.325,3.48,1.0,closed,448.74361121759944,1083.0241195586423,,,0,Strong,True,10,Tree cover
EVT2026_003456,2026-07-08,2026-07-08,1,23.1223,70.08509000000001,162.6,2,3.11,3.26,1.0,closed,796.9340950895347,,,,5,Moderate,True,10,Tree cover
EVT2026_003457,2026-07-08,2026-07-09,2,22.933646666666665,69.69576,271.7,3,2.633,4.14,1.0,closed,505.1725168452101,19096.487586085605,,,1,Moderate,True,40,Cropland
EVT2026_003458,2026-07-16,2026-07-16,1,21.103805,72.63384500000001,56.9,2,0.85,1.02,1.0,closed,1227.1436644320788,2335.791825476362,,,0,Strong,True,50,Built-up
EVT2026_003459,2026-07-16,2026-07-16,1,21.107056666666665,72.64536,297.5,3,2.933,3.84,1.0,closed,354.6893580398227,1091.8989477036628,,,0,Strong,True,50,Built-up
EVT2026_003460,2026-07-17,2026-07-17,1,23.45933,68.86869,220.7,2,3.22,3.22,0.0,closed,780.7245569569046,,,,,,,10,Tree cover
EVT2026_003461,2026-07-17,2026-07-18,2,22.932395,69.697615,107.2,2,3.37,4.79,0.5,closed,497.4765000508921,19153.580502683977,,,1,Moderate,True,60,Bare/sparse vegetation
EVT2026_003462,2026-07-18,2026-07-18,1,22.335465,69.867095,275.1,4,1.06,1.06,1.0,closed,156.0601291169037,10321.274832191304,774.1044377945302,,9,Moderate,True,50,Built-up
EVT2026_003463,2026-07-18,2026-07-18,1,22.92814,70.107355,143.8,2,4.07,6.5,0.5,closed,795.3015700093815,,,,30,Moderate,True,60,Bare/sparse vegetation
EVT2026_003464,2026-07-26,2026-07-28,3,21.104973,72.642939,822.6,10,9.248,42.02,0.8,closed,549.8863272931635,1419.3218761078458,,,0,Strong,True,60,Bare/sparse vegetation
EVT2026_003465,2026-07-28,2026-07-28,1,22.41709,69.03918,187.5,2,1.37,1.37,1.0,closed,123.39409889442574,,,14210.891588876488,17,Moderate,True,60,Bare/sparse vegetation
EVT2026_003466,2026-07-28,2026-07-28,1,23.12192,70.08781,113.4,2,4.59,5.11,0.0,closed,933.7772463057674,,,,5,Moderate,True,60,Bare/sparse vegetation
EVT2026_003467,2026-08-05,2026-08-05,1,21.104756666666667,72.64248333333333,597.4,3,11.753,15.08,0.0,closed,582.3528698591069,1472.3485077324274,,,0,Strong,True,60,Bare/sparse vegetation
EVT2026_003468,2026-08-06,2026-08-07,2,22.927805,70.10872499999999,134.3,2,4.99,6.02,0.0,closed,937.9977439872265,,,,30,Moderate,True,80,Water bodies
EVT2026_003469,2026-08-07,2026-08-07,1,24.453905,68.30988500000001,162.5,2,4.315,4.49,0.0,closed,18650.768551553818,,,,,,,40,Cropland
EVT2026_003470,2026-08-08,2026-08-09,2,22.9339675,69.6985375,547.2,4,1.827,1.91,1.0,closed,500.6888845463536,19337.709053472314,,,1,Moderate,True,60,Bare/sparse vegetation
EVT2026_003471,2026-08-08,2026-08-09,2,23.265655,70.25847999999999,70.6,2,1.185,1.92,1.0,closed,364.2172835570569,,,,12,Limited,True,40,Cropland
EVT2026_003472,2026-08-09,2026-08-09,1,21.054395,72.8528,188.7,2,0.73,0.73,1.0,closed,2731.1626243979704,19446.42758204595,,,,,,40,Cropland
EVT2026_003473,2026-08-09,2026-08-09,1,21.10539,72.6411275,738.4,8,2.095,2.5,1.0,closed,566.0292337327053,1568.436943210166,,,0,Strong,True,60,Bare/sparse vegetation
EVT2026_003474,2026-08-14,2026-08-15,2,21.108073333333333,72.64614333333333,355.6,3,2.373,4.1,1.0,closed,319.48476945719233,974.6629296906317,,,0,Strong,True,80,Water bodies
EVT2026_003475,2026-08-17,2026-08-17,1,21.10456,72.645415,282.8,2,3.06,3.43,1.0,closed,614.8638228555305,1225.3207402759933,,,0,Strong,True,50,Built-up
EVT2026_003476,2026-08-17,2026-08-17,1,23.505415,69.262225,210.4,2,3.53,3.6,0.0,closed,3392.7170771084197,,,,,,,20,Shrubland
EVT2026_003477,2026-08-19,2026-08-20,2,21.10201,72.634735,122.1,2,6.0,10.43,0.0,closed,1278.171392177992,2327.7671491882616,,,0,Strong,True,10,Tree cover
EVT2026_003478,2026-08-20,2026-08-20,1,21.105125,72.647775,205.2,2,10.555,13.54,0.0,closed,673.2495746767094,994.2233940401774,,,0,Strong,True,50,Built-up
EVT2026_003479,2026-08-22,2026-08-22,1,21.105112,72.634668,443.7,5,2.294,3.3,1.0,closed,1078.5909713198935,2208.4031737205196,,,0,Strong,True,10,Tree cover
EVT2026_003480,2026-08-22,2026-08-22,1,21.107776666666666,72.64650666666667,136.1,3,1.81,2.11,1.0,closed,369.5246694549479,951.1547703945886,,,0,Strong,True,50,Built-up
EVT2026_003481,2026-08-23,2026-08-24,2,24.68905,73.00163,303.9,2,1.345,1.64,1.0,closed,354.1852416718852,806.194236148015,,,15,Moderate,True,50,Built-up
EVT2026_003482,2026-08-24,2026-08-24,1,22.34339,69.87032500000001,186.1,2,1.78,1.78,1.0,closed,574.8867344871614,9663.764645700738,141.85876579760114,,9,Moderate,True,50,Built-up
EVT2026_003483,2026-08-24,2026-08-25,2,21.11137,72.63584,106.1,2,2.205,2.9,1.0,closed,719.1011317272278,1987.9286697993286,,,0,Strong,True,50,Built-up
EVT2026_003484,2026-08-24,2026-08-25,2,22.934182,69.699016,379.4,5,2.64,3.69,1.0,closed,476.7295846227024,19390.66802894147,,,1,Moderate,True,50,Built-up
EVT2026_003485,2026-08-24,2026-08-28,5,21.1041125,72.64217000000001,812.2,12,4.822,11.1,0.8333,closed,659.6081181053519,1535.5332392196815,,,0,Strong,True,50,Built-up
EVT2026_003486,2026-08-26,2026-08-26,1,22.925075,69.82285999999999,86.6,2,1.215,1.76,1.0,closed,297.1621344225279,,,,10,Moderate,True,40,Cropland
EVT2026_003487,2026-08-29,2026-08-30,2,24.690205,73.00150500000001,80.1,2,0.91,1.08,1.0,closed,242.26572971524945,678.0193397677159,,,15,Moderate,True,50,Built-up
EVT2026_003488,2026-08-30,2026-08-31,2,21.1041925,72.640885,646.6,4,2.407,5.89,1.0,closed,696.270314578007,1648.302551764916,,,0,Strong,True,50,Built-up
EVT2026_003489,2026-08-31,2026-08-31,1,22.38788,73.11720333333334,232.7,3,1.707,2.6,1.0,closed,683.4479985742496,2084.5136775908304,,,46,Limited,True,30,Grassland
EVT2026_003490,2026-09-29,2026-09-29,1,21.04045,72.872995,173.8,2,4.12,4.12,0.0,closed,4538.7761036664215,,,,,,,10,Tree cover
EVT2026_003491,2026-09-29,2026-09-29,1,22.363805,73.11838,31.0,2,3.35,3.38,1.0,closed,447.7424649216355,2172.726473711795,,,11,Limited,True,10,Tree cover
EVT2026_003492,2026-09-29,2026-09-29,1,23.1198375,70.0858225,573.7,4,1.295,1.5,1.0,closed,626.9806857834095,,,,5,Moderate,True,60,Bare/sparse vegetation
EVT2026_003493,2026-09-29,2026-09-30,2,22.340335,69.854325,106.7,2,1.765,1.87,1.0,closed,651.6156357161041,9359.744239266382,1152.0727402522232,,23,Limited,True,50,Built-up
EVT2026_003494,2026-09-29,2026-10-01,3,22.907556666666665,69.70159,251.1,3,1.153,1.54,1.0,closed,315.8843659843483,17876.05883967384,,,22,Limited,True,50,Built-up
EVT2026_003495,2026-09-29,2026-10-02,4,22.933134000000003,69.698708,403.4,10,1.965,2.92,0.9,closed,438.04257891896737,19292.232183457836,,,1,Moderate,True,50,Built-up
EVT2026_003496,2026-09-29,2026-10-08,10,21.105120285714285,72.64132219047619,1116.8,105,5.409,17.48,0.6762,closed,583.6155148112362,1562.2407324274436,,,0,Strong,True,60,Bare/sparse vegetation
EVT2026_003497,2026-09-29,2026-10-08,10,22.416545882352942,69.03907411764706,317.9,17,2.184,3.86,0.8824,closed,62.12693632252607,,,14150.286114729146,17,Moderate,True,60,Bare/sparse vegetation
EVT2026_003498,2026-09-30,2026-09-30,1,21.19923,72.89841,162.4,2,6.395,8.33,0.0,closed,991.2449924711558,4354.678350725208,,,,,,40,Cropland
EVT2026_003499,2026-09-30,2026-10-01,2,24.689815,73.00129,68.6,2,1.155,1.35,1.0,closed,290.6413538925908,722.2877684365891,,,15,Moderate,True,50,Built-up
EVT2026_003500,2026-09-30,2026-10-02,3,20.909893333333333,71.45991333333333,109.5,3,2.187,2.29,1.0,closed,235.43809275591389,1589.860156704404,,,7,Strong,True,50,Built-up
EVT2026_003501,2026-10-01,2026-10-01,1,23.266415000000002,69.69863000000001,87.1,2,2.615,2.99,0.0,closed,603.2229911898672,,,,,,,50,Built-up
EVT2026_003502,2026-10-02,2026-10-02,1,22.4667275,71.322005,336.6,4,4.01,7.0,1.0,closed,2048.635727079486,,,,,,,60,Bare/sparse vegetation
EVT2026_003503,2026-10-02,2026-10-02,1,23.412619999999997,72.3537,206.8,2,3.26,3.26,1.0,closed,2249.056730357898,,,,52,Limited,True,40,Cropland
EVT2026_003504,2026-10-02,2026-10-04,3,21.794202000000002,72.646202,410.7,5,2.012,4.07,0.6,closed,242.1928856274321,11614.664814941507,11922.506899102988,,41,Limited,True,40,Cropland
EVT2026_003505,2026-10-03,2026-10-03,1,24.437244999999997,73.842805,158.0,2,3.565,4.04,0.0,closed,10909.203228933846,13670.119764765155,,,,,,30,Grassland
EVT2026_003506,2026-10-04,2026-10-04,1,22.271549999999998,68.98093499999999,155.4,2,1.43,1.54,1.0,closed,1625.379345262959,,,6174.277038134152,,,,30,Grassland
EVT2026_003507,2026-10-04,2026-10-04,1,22.934925,69.69931,265.6,2,1.16,1.16,1.0,closed,514.6282194798885,19466.565618599856,,,1,Moderate,True,60,Bare/sparse vegetation
EVT2026_003508,2026-10-04,2026-10-04,1,23.514454999999998,69.269875,154.7,2,10.035,11.95,0.0,closed,4245.051827923785,,,,,,,20,Shrubland
EVT2026_003509,2026-10-04,2026-10-04,1,23.83101,70.30181,90.9,2,5.41,6.04,0.0,closed,18451.811707958048,,,,,,,20,Shrubland
EVT2026_003510,2026-10-04,2026-10-06,3,24.68983,73.00232333333334,169.2,3,1.11,1.19,1.0,closed,252.68077236074743,722.182031824228,,,15,Moderate,True,50,Built-up
EVT2026_003511,2026-10-04,2026-10-08,5,20.910744,71.459086,171.2,5,1.93,2.5,1.0,closed,363.20502897738527,1717.3053021867574,,,7,Strong,True,50,Built-up
EVT2026_003512,2026-10-05,2026-10-06,2,21.435005,72.9770125,293.1,4,2.433,4.56,1.0,closed,2055.002323064906,10521.501079863061,,,50,Limited,True,40,Cropland
EVT2026_003513,2026-10-05,2026-10-06,2,22.34059,69.85468,37.6,2,2.235,2.58,1.0,closed,608.0293065119579,9343.454134859463,1111.1838268677354,,23,Limited,True,50,Built-up
EVT2026_003514,2026-10-06,2026-10-06,1,23.120976666666667,70.08541666666666,198.9,3,2.36,3.0,0.6667,closed,692.232800018369,,,,5,Moderate,True,20,Shrubland
EVT2026_003515,2026-10-06,2026-10-07,2,22.93272,69.6983,287.1,4,2.235,3.45,0.75,closed,458.818043679405,19230.732408462143,,,1,Moderate,True,60,Bare/sparse vegetation
EVT2026_003516,2026-10-07,2026-10-07,1,22.267,73.51926,293.4,2,3.52,6.09,0.0,closed,2754.7319896093745,,,,,,,40,Cropland
EVT2026_003517,2026-10-08,2026-10-08,1,20.355785,72.9482,161.5,2,1.575,1.63,1.0,closed,494.53518291823525,,,,,,,10,Tree cover
EVT2026_003518,2026-10-08,2026-10-08,1,21.564325,74.110855,168.5,2,3.78,4.59,0.0,closed,5769.916332664509,,,,,,,40,Cropland
