cell_id,cell_lat_center,cell_lon_center,detection_count,unique_dates,first_date,last_date,active_span_days,mean_frp,max_frp,day_count,night_count
0_1448,20.00046,73.27693,1,1,2023-03-31,2023-03-31,0,1.32,1.32,1,0
0_1460,20.00118,73.31953,1,1,2023-03-29,2023-03-29,0,1.83,1.83,1,0
0_1492,20.00215,73.43602,1,1,2023-05-14,2023-05-14,0,4.81,4.81,1,0
0_1508,20.00236,73.49589,1,1,2023-02-13,2023-02-13,0,1.69,1.69,0,1
0_1629,20.00095,73.93446,1,1,2023-04-16,2023-04-16,0,8.47,8.47,1,0
0_1700,20.00123,74.19406,1,1,2023-04-24,2023-04-24,0,2.78,2.78,1,0
0_1715,20.00228,74.24839,1,1,2023-05-08,2023-05-08,0,8.52,8.52,1,0
0_1753,20.00294,74.38622,1,1,2023-11-11,2023-11-11,0,6.96,6.96,1,0
0_1758,20.00014,74.4034,1,1,2023-06-15,2023-06-15,0,2.5,2.5,1,0
1000_170,23.36902,68.62222,1,1,2023-10-24,2023-10-24,0,15.18,15.18,1,0
1000_171,23.36957,68.62601,1,1,2023-10-24,2023-10-24,0,15.18,15.18,1,0
1000_182,23.37071,68.66348,1,1,2023-12-11,2023-12-11,0,4.94,4.94,1,0
1000_569,23.37121,70.07532,1,1,2023-10-25,2023-10-25,0,4.16,4.16,1,0
1000_570,23.371565,70.07819,2,2,2023-10-25,2023-11-10,16,3.0949999999999998,4.16,2,0
1000_571,23.3719,70.08106,1,1,2023-11-10,2023-11-10,0,2.03,2.03,1,0
1000_572,23.36914,70.08511999999999,2,2,2023-10-25,2023-11-10,16,2.545,2.78,2,0
1000_573,23.369844999999998,70.08927499999999,2,2,2023-10-25,2023-11-10,16,2.545,2.78,2,0
1000_591,23.37122,70.15411,1,1,2023-05-11,2023-05-11,0,10.41,10.41,1,0
1000_609,23.37068,70.22131,1,1,2023-12-28,2023-12-28,0,3.74,3.74,1,0
1000_627,23.3688,70.28693,1,1,2023-03-25,2023-03-25,0,4.73,4.73,1,0
1000_742,23.3714,70.70298,1,1,2023-07-31,2023-07-31,0,1.49,1.49,1,0
1001_1003,23.37444,71.65405,1,1,2023-11-21,2023-11-21,0,10.09,10.09,1,0
1001_1582,23.37366,73.76266,1,1,2023-04-10,2023-04-10,0,1.84,1.84,0,1
1001_1608,23.3722,73.86029,1,1,2023-03-25,2023-03-25,0,14.05,14.05,1,0
1001_290,23.37527,69.05785,1,1,2023-05-10,2023-05-10,0,1.53,1.53,1,0
1001_570,23.37264,70.07733,1,1,2023-11-10,2023-11-10,0,3.43,3.43,1,0
1001_571,23.37335,70.08148,1,1,2023-11-10,2023-11-10,0,3.43,3.43,1,0
1001_572,23.37309,70.08482666666667,3,2,2023-10-25,2023-11-10,16,3.48,4.73,3,0
1001_573,23.37331,70.08858000000001,2,2,2023-10-25,2023-11-10,16,2.855,3.52,2,0
1001_591,23.37525,70.15356,1,1,2023-05-11,2023-05-11,0,10.41,10.41,1,0
1001_614,23.37206,70.23706,1,1,2023-02-12,2023-02-12,0,3.63,3.63,1,0
1002_1004,23.3786,71.65752,1,1,2023-11-21,2023-11-21,0,4.5,4.5,1,0
1002_1102,23.37836,72.01577,1,1,2023-03-08,2023-03-08,0,2.71,2.71,1,0
1002_337,23.3784,69.22905,1,1,2023-12-11,2023-12-11,0,1.79,1.79,1,0
1002_363,23.37652,69.32301,1,1,2023-01-05,2023-01-05,0,2.47,2.47,1,0
1003_1004,23.380315000000003,71.658375,2,1,2023-05-16,2023-05-16,0,4.485,4.57,2,0
1003_1005,23.38051,71.662455,2,2,2023-05-16,2023-11-21,189,5.555000000000001,8.05,2,0
1003_1611,23.38045,73.86945,1,1,2023-04-03,2023-04-03,0,4.57,4.57,1,0
1003_1757,23.38062,74.40035,1,1,2023-01-08,2023-01-08,0,4.25,4.25,0,1
1003_337,23.38127,69.22992,1,1,2023-03-02,2023-03-02,0,3.68,3.68,1,0
1003_627,23.38105,70.28612,1,1,2023-12-31,2023-12-31,0,11.42,11.42,1,0
1003_642,23.38179,70.34136,1,1,2023-04-18,2023-04-18,0,2.85,2.85,1,0
1003_643,23.37881,70.34287,1,1,2023-04-18,2023-04-18,0,4.53,4.53,1,0
1003_717,23.38052,70.61497,1,1,2023-12-12,2023-12-12,0,3.17,3.17,1,0
1003_985,23.38048,71.591,1,1,2023-04-20,2023-04-20,0,1.67,1.67,0,1
1004_1005,23.38276,71.661,1,1,2023-11-21,2023-11-21,0,3.06,3.06,1,0
1004_162,23.38299,68.59367,1,1,2023-01-15,2023-01-15,0,5.0,5.0,1,0
1004_1757,23.38461,74.4022,1,1,2023-01-08,2023-01-08,0,7.39,7.39,0,1
1004_353,23.38277,69.28797,1,1,2023-06-24,2023-06-24,0,4.0,4.0,1,0
1004_536,23.38222,69.95277,1,1,2023-06-07,2023-06-07,0,6.6,6.6,1,0
1004_616,23.38483,70.24558,1,1,2023-08-31,2023-08-31,0,1.29,1.29,1,0
1004_644,23.38288,70.34605,1,1,2023-04-18,2023-04-18,0,2.85,2.85,1,0
1004_717,23.38392,70.61431,1,1,2023-12-12,2023-12-12,0,3.17,3.17,1,0
1004_984,23.38238,71.58757,1,1,2023-04-20,2023-04-20,0,1.5,1.5,0,1
1005_161,23.387079999999997,68.58833,2,2,2023-01-15,2023-05-22,127,8.15,11.3,2,0
1005_162,23.38644,68.59299,1,1,2023-01-15,2023-01-15,0,5.0,5.0,1,0
1005_1757,23.38777,74.4012,1,1,2023-01-08,2023-01-08,0,3.42,3.42,0,1
1006_163,23.38996,68.59457,1,1,2023-02-18,2023-02-18,0,7.32,7.32,1,0
1006_164,23.3911,68.5994,1,1,2023-02-18,2023-02-18,0,9.29,9.29,1,0
1006_165,23.38978,68.60114,1,1,2023-05-03,2023-05-03,0,8.38,8.38,1,0
1006_1761,23.38969,74.41666,1,1,2023-04-25,2023-04-25,0,3.6,3.6,1,0
1006_365,23.389525,69.33024,2,1,2023-10-21,2023-10-21,0,3.1399999999999997,3.61,2,0
1007_160,23.393594999999998,68.58503,2,2,2023-04-18,2023-05-09,21,5.525,6.56,2,0
1007_528,23.39366,69.92473,1,1,2023-05-04,2023-05-04,0,8.54,8.54,1,0
1007_529,23.39484,69.92963,1,1,2023-05-04,2023-05-04,0,8.54,8.54,1,0
1007_999,23.39385,71.64161,1,1,2023-11-21,2023-11-21,0,3.09,3.09,1,0
1008_159,23.39703,68.58206,1,1,2023-04-18,2023-04-18,0,6.57,6.57,1,0
1008_1602,23.39822,73.83739,1,1,2023-05-12,2023-05-12,0,19.97,19.97,1,0
1008_1603,23.39573,73.84096,1,1,2023-05-12,2023-05-12,0,21.48,21.48,1,0
1008_168,23.39877,68.61333,1,1,2023-05-19,2023-05-19,0,5.68,5.68,1,0
1008_382,23.39826,69.39277,1,1,2023-12-11,2023-12-11,0,2.66,2.66,1,0
1008_391,23.3972,69.42573,1,1,2023-05-17,2023-05-17,0,6.06,6.06,1,0
1008_999,23.39732,71.64091,1,1,2023-11-21,2023-11-21,0,3.65,3.65,1,0
1009_168,23.39944,68.61295,1,1,2023-05-19,2023-05-19,0,2.03,2.03,1,0
1009_1748,23.40183,74.36704,1,1,2023-04-18,2023-04-18,0,8.11,8.11,1,0
1009_277,23.4012,69.00941,1,1,2023-02-02,2023-02-02,0,3.11,3.11,1,0
1009_979,23.39904,71.56876,1,1,2023-02-21,2023-02-21,0,0.49,0.49,0,1
100_1363,20.33914,72.96561,1,1,2023-03-25,2023-03-25,0,2.2,2.2,0,1
100_1379,20.34018,73.02464,1,1,2023-02-17,2023-02-17,0,3.82,3.82,1,0
100_1514,20.33971,73.51501,1,1,2023-05-29,2023-05-29,0,5.46,5.46,1,0
100_1530,20.33925,73.57581,1,1,2023-05-16,2023-05-16,0,3.38,3.38,1,0
100_1757,20.33928,74.40285,1,1,2023-03-29,2023-03-29,0,5.8,5.8,1,0
100_1759,20.33971,74.40719,1,1,2023-03-29,2023-03-29,0,5.93,5.93,1,0
100_1765,20.33716,74.42976,1,1,2023-03-11,2023-03-11,0,1.77,1.77,1,0
1010_1212,23.40489,72.41797500000001,2,2,2023-08-31,2023-11-12,73,0.7949999999999999,0.96,0,2
1010_1751,23.40374,74.38089,1,1,2023-04-13,2023-04-13,0,1.81,1.81,0,1
1010_209,23.40266,68.76369,1,1,2023-12-30,2023-12-30,0,5.83,5.83,1,0
1010_272,23.40504,68.99335,1,1,2023-05-10,2023-05-10,0,2.05,2.05,1,0
1010_276,23.40283,69.00771,1,1,2023-02-02,2023-02-02,0,4.73,4.73,1,0
1010_979,23.40239,71.5694,1,1,2023-02-21,2023-02-21,0,0.49,0.49,0,1
1011_1101,23.40863,72.01355,1,1,2023-10-24,2023-10-24,0,1.1,1.1,1,0
1011_1211,23.407235,72.413375,6,5,2023-01-21,2023-08-13,204,0.8416666666666667,1.13,0,6
1011_1212,23.40751266666667,72.416829,30,29,2023-01-06,2023-12-22,350,0.6856666666666666,2.06,0,30
1011_1213,23.407219090909095,72.41878727272727,11,11,2023-01-03,2023-12-01,332,1.1072727272727272,2.01,2,9
1011_1369,23.40641,72.98637,1,1,2023-04-16,2023-04-16,0,12.92,12.92,1,0
1011_1751,23.40605,74.37943,1,1,2023-04-13,2023-04-13,0,1.39,1.39,0,1
1011_227,23.40844,68.82697,1,1,2023-05-13,2023-05-13,0,2.49,2.49,1,0
1011_387,23.40586,69.41234,1,1,2023-04-03,2023-04-03,0,2.49,2.49,1,0
1012_1008,23.410625,71.67334,2,1,2023-11-21,2023-11-21,0,1.685,2.13,2,0
1012_1094,23.41185,71.9873,1,1,2023-03-23,2023-03-23,0,7.03,7.03,1,0
1012_1211,23.40982,72.41309,1,1,2023-12-25,2023-12-25,0,0.87,0.87,0,1
1012_1212,23.409367500000002,72.4162075,8,8,2023-08-29,2023-12-25,118,0.91875,2.08,0,8
1012_1213,23.410372,72.41889599999999,5,4,2023-10-23,2023-12-23,61,0.908,2.24,1,4
1012_1729,23.41077,74.30103,1,1,2023-04-19,2023-04-19,0,1.77,1.77,1,0
1012_290,23.41186,69.05772,1,1,2023-10-22,2023-10-22,0,8.3,8.3,1,0
1013_1195,23.414426666666667,72.35429666666667,15,14,2023-10-01,2023-12-31,91,0.644,0.94,0,15
1013_1196,23.414299999999997,72.35673666666666,3,3,2023-10-26,2023-11-05,10,0.44,0.79,0,3
1013_193,23.41355,68.70553,1,1,2023-03-08,2023-03-08,0,2.62,2.62,1,0
1013_451,23.41438,69.64455,1,1,2023-04-20,2023-04-20,0,10.33,10.33,1,0
1014_1195,23.416582,72.354966,5,5,2023-03-02,2023-12-30,303,0.658,1.08,0,5
1014_1196,23.4162,72.35851,1,1,2023-12-30,2023-12-30,0,0.97,0.97,0,1
1014_1498,23.4178,73.45811,1,1,2023-05-23,2023-05-23,0,10.97,10.97,1,0
1014_164,23.41915,68.60088,1,1,2023-12-22,2023-12-22,0,1.82,1.82,1,0
1014_339,23.41753,69.23559,1,1,2023-12-10,2023-12-10,0,5.84,5.84,1,0
1014_451,23.41798,69.64402,1,1,2023-04-20,2023-04-20,0,10.33,10.33,1,0
1014_582,23.41836,70.12177,1,1,2023-04-10,2023-04-10,0,14.32,14.32,1,0
1015_1613,23.42098,73.87715,1,1,2023-04-19,2023-04-19,0,1.55,1.55,1,0
1015_163,23.42003,68.59676,1,1,2023-12-29,2023-12-29,0,8.67,8.67,1,0
1015_1726,23.42061,74.28944,1,1,2023-04-08,2023-04-08,0,3.22,3.22,1,0
1015_339,23.42177,69.23515,1,1,2023-12-10,2023-12-10,0,36.04,36.04,1,0
1015_464,23.420920000000002,69.6911,2,1,2023-06-05,2023-06-05,0,4.93,5.52,2,0
1015_582,23.42168,70.12118,1,1,2023-04-10,2023-04-10,0,14.32,14.32,1,0
1015_589,23.42175,70.1485,1,1,2023-05-09,2023-05-09,0,13.13,13.13,1,0
1015_591,23.42182,70.15554,1,1,2023-09-01,2023-09-01,0,8.24,8.24,1,0
1015_993,23.42011,71.61839,1,1,2023-01-26,2023-01-26,0,1.56,1.56,1,0
1016_1421,23.4255,73.17741,1,1,2023-04-02,2023-04-02,0,3.37,3.37,1,0
1016_1751,23.42361,74.37792,1,1,2023-04-23,2023-04-23,0,12.95,12.95,1,0
1016_645,23.42491,70.35017,1,1,2023-10-25,2023-10-25,0,3.97,3.97,1,0
1017_1757,23.42747,74.40298,1,1,2023-03-31,2023-03-31,0,3.73,3.73,1,0
1017_194,23.428985,68.70983,4,4,2023-01-27,2023-03-15,47,1.2525,1.99,0,4
1017_195,23.42858055555556,68.71220388888891,18,18,2023-01-09,2023-12-23,348,1.393888888888889,3.82,0,18
1017_196,23.428877500000002,68.7142425,4,4,2023-02-15,2023-11-25,283,0.8125,0.95,0,4
1017_338,23.42712,69.23286,1,1,2023-12-11,2023-12-11,0,6.62,6.62,1,0
1017_339,23.42768,69.23673,1,1,2023-12-11,2023-12-11,0,6.62,6.62,1,0
1017_516,23.42694,69.87943,1,1,2023-09-08,2023-09-08,0,3.66,3.66,1,0
1017_585,23.42647,70.13181,1,1,2023-03-19,2023-03-19,0,6.96,6.96,1,0
1017_589,23.42717,70.14709,1,1,2023-05-09,2023-05-09,0,17.48,17.48,1,0
1018_176,23.43025,68.64383,1,1,2023-03-02,2023-03-02,0,2.46,2.46,1,0
1018_180,23.43023,68.65917,1,1,2023-03-08,2023-03-08,0,1.61,1.61,1,0
1018_192,23.42974,68.7023,1,1,2023-12-01,2023-12-01,0,1.51,1.51,1,0
1018_193,23.43004,68.70535,1,1,2023-12-17,2023-12-17,0,4.63,4.63,1,0
1018_194,23.429858000000003,68.70960199999999,5,5,2023-01-28,2023-05-28,120,1.384,1.82,0,5
1018_195,23.43042888888888,68.71218666666665,45,44,2023-01-03,2023-12-31,362,1.277111111111111,2.46,0,45
1018_196,23.430119999999995,68.71436642857142,14,14,2023-01-04,2023-11-30,330,0.8414285714285714,1.63,0,14
1019_1733,23.434604999999998,74.31434,2,2,2023-03-31,2023-04-03,3,11.745,19.74,2,0
1019_1735,23.436,74.32022,1,1,2023-04-19,2023-04-19,0,7.73,7.73,1,0
1019_1737,23.43533,74.32786,1,1,2023-04-04,2023-04-04,0,16.43,16.43,1,0
1019_1738,23.435825,74.331975,2,1,2023-04-04,2023-04-04,0,20.53,24.63,2,0
1019_568,23.43508,70.06934,1,1,2023-10-23,2023-10-23,0,3.68,3.68,1,0
1019_569,23.43558,70.07409,1,1,2023-10-23,2023-10-23,0,3.57,3.57,1,0
1019_799,23.43523,70.91105,1,1,2023-04-01,2023-04-01,0,5.02,5.02,1,0
1019_981,23.43496,71.57519,1,1,2023-01-10,2023-01-10,0,0.36,0.36,0,1
101_1465,20.34153,73.33899,1,1,2023-05-08,2023-05-08,0,2.18,2.18,1,0
101_1588,20.34185,73.78418,1,1,2023-04-21,2023-04-21,0,19.45,19.45,1,0
101_1590,20.34272,73.79248,1,1,2023-05-09,2023-05-09,0,10.05,10.05,1,0
101_1759,20.34194,74.40697,1,1,2023-03-29,2023-03-29,0,5.37,5.37,1,0
1020_1490,23.43685,73.42794,1,1,2023-05-14,2023-05-14,0,6.26,6.26,1,0
1020_1731,23.43835,74.30534,1,1,2023-04-02,2023-04-02,0,9.84,9.84,1,0
1020_1734,23.43904,74.31911,1,1,2023-04-02,2023-04-02,0,12.55,12.55,1,0
1020_1735,23.438045,74.32202,2,1,2023-04-19,2023-04-19,0,8.945,13.9,2,0
1020_1736,23.43727,74.32539,1,1,2023-04-19,2023-04-19,0,7.73,7.73,1,0
1020_1739,23.43636,74.33609,1,1,2023-04-04,2023-04-04,0,12.16,12.16,1,0
1020_1746,23.43788,74.36254,1,1,2023-04-30,2023-04-30,0,4.47,4.47,1,0
1020_236,23.43752,68.8629,1,1,2023-03-17,2023-03-17,0,7.07,7.07,1,0
1020_237,23.43841,68.86438,1,1,2023-03-17,2023-03-17,0,7.89,7.89,1,0
1020_499,23.43666,69.82072,1,1,2023-04-17,2023-04-17,0,6.79,6.79,1,0
1020_568,23.4374,70.0714,1,1,2023-10-23,2023-10-23,0,11.3,11.3,1,0
1020_580,23.438835,70.11495,2,1,2023-12-08,2023-12-08,0,4.515,6.21,2,0
1020_589,23.43608,70.14887,1,1,2023-11-15,2023-11-15,0,0.92,0.92,0,1
1021_1731,23.4418,74.307395,2,1,2023-04-02,2023-04-02,0,5.735,9.82,1,1
1021_1734,23.44058,74.3159,1,1,2023-04-02,2023-04-02,0,7.16,7.16,1,0
1021_1735,23.44005,74.32029,1,1,2023-03-31,2023-03-31,0,2.04,2.04,1,0
1021_1737,23.44118,74.3296,1,1,2023-04-02,2023-04-02,0,6.37,6.37,1,0
1021_1752,23.43952,74.38161,1,1,2023-04-06,2023-04-06,0,3.8,3.8,1,0
1021_569,23.44004,70.07353,1,1,2023-10-23,2023-10-23,0,2.47,2.47,1,0
1021_575,23.44264,70.09486,1,1,2023-05-31,2023-05-31,0,2.22,2.22,1,0
1021_579,23.43978,70.10986,1,1,2023-12-22,2023-12-22,0,1.99,1.99,1,0
1021_580,23.44034,70.11365,1,1,2023-12-22,2023-12-22,0,1.99,1.99,1,0
1022_1563,23.44409,73.69386,1,1,2023-06-03,2023-06-03,0,10.34,10.34,1,0
1022_1735,23.44344,74.31973,1,1,2023-03-31,2023-03-31,0,5.04,5.04,1,0
1022_303,23.44531,69.10455,1,1,2023-05-16,2023-05-16,0,3.43,3.43,1,0
1022_579,23.4431,70.1093,1,1,2023-12-22,2023-12-22,0,2.89,2.89,1,0
1022_587,23.44405,70.14096,1,1,2023-04-26,2023-04-26,0,8.55,8.55,1,0
1022_623,23.44392,70.27147,1,1,2023-11-30,2023-11-30,0,4.52,4.52,1,0
1023_1228,23.44883,72.47504,1,1,2023-01-20,2023-01-20,0,1.65,1.65,0,1
1023_1734,23.44683,74.31917,1,1,2023-03-31,2023-03-31,0,5.04,5.04,1,0
1023_1736,23.44739,74.3231,1,1,2023-03-31,2023-03-31,0,17.49,17.49,1,0
1023_212,23.44687,68.77541,1,1,2023-11-20,2023-11-20,0,2.89,2.89,1,0
1023_267,23.44837,68.97408,1,1,2023-12-09,2023-12-09,0,3.64,3.64,1,0
1023_589,23.44781,70.1468,1,1,2023-05-10,2023-05-10,0,13.46,13.46,1,0
1024_168,23.450184999999998,68.612455,2,1,2023-05-30,2023-05-30,0,3.215,3.37,2,0
1024_1727,23.45109,74.2924,1,1,2023-04-04,2023-04-04,0,5.15,5.15,1,0
1024_1728,23.45111,74.29676,1,1,2023-04-02,2023-04-02,0,5.77,5.77,1,0
1024_1729,23.45064,74.298925,2,2,2023-04-02,2023-04-03,1,11.325,18.52,2,0
1024_1730,23.45222,74.30202,1,1,2023-04-02,2023-04-02,0,13.74,13.74,1,0
1024_1731,23.45075,74.30518,1,1,2023-04-02,2023-04-02,0,4.13,4.13,1,0
1024_1736,23.45134,74.32648,1,1,2023-03-31,2023-03-31,0,6.59,6.59,1,0
1024_1752,23.45085,74.38453,1,1,2023-05-04,2023-05-04,0,5.6,5.6,1,0
1024_462,23.44979,69.68438,1,1,2023-11-29,2023-11-29,0,5.27,5.27,1,0
1024_707,23.45287,70.57765,1,1,2023-10-08,2023-10-08,0,5.98,5.98,1,0
1024_989,23.44971,71.60557,1,1,2023-02-08,2023-02-08,0,3.13,3.13,1,0
1025_1371,23.45541,72.99414,1,1,2023-02-18,2023-02-18,0,3.68,3.68,1,0
1025_1729,23.4543,74.29877,1,1,2023-04-02,2023-04-02,0,9.49,9.49,1,0
1025_1731,23.45532,74.30581,1,1,2023-04-03,2023-04-03,0,3.55,3.55,1,0
1026_145,23.45755,68.53062,1,1,2023-02-02,2023-02-02,0,8.43,8.43,1,0
1026_1739,23.4584,74.33409,1,1,2023-04-08,2023-04-08,0,11.85,11.85,1,0
1026_1744,23.45934,74.35483,1,1,2023-05-04,2023-05-04,0,6.01,6.01,1,0
1026_214,23.45859,68.78093,1,1,2023-03-13,2023-03-13,0,2.08,2.08,1,0
1026_290,23.45663,69.0593,1,1,2023-03-30,2023-03-30,0,2.91,2.91,1,0
1026_400,23.45698,69.45866,1,1,2023-01-15,2023-01-15,0,2.98,2.98,1,0
1026_707,23.45637,70.5771,1,1,2023-10-08,2023-10-08,0,5.98,5.98,1,0
1027_1028,23.46021,71.74519,1,1,2023-06-07,2023-06-07,0,1.29,1.29,0,1
1027_144,23.46123,68.52724,1,1,2023-02-02,2023-02-02,0,3.67,3.67,1,0
1027_145,23.46267,68.53125,2,2,2023-02-01,2023-02-02,1,2.48,3.05,2,0
1027_1732,23.46268,74.30925,1,1,2023-04-03,2023-04-03,0,5.22,5.22,1,0
1027_1736,23.46173,74.32422,1,1,2023-04-03,2023-04-03,0,3.97,3.97,1,0
1027_1757,23.46273,74.3997,1,1,2023-04-23,2023-04-23,0,14.51,14.51,1,0
1027_209,23.46021,68.76301,1,1,2023-11-14,2023-11-14,0,5.83,5.83,1,0
1027_329,23.46072,69.20155,1,1,2023-04-19,2023-04-19,0,8.62,8.62,1,0
1027_591,23.46089,70.15366,1,1,2023-03-16,2023-03-16,0,3.34,3.34,1,0
1027_592,23.462269999999997,70.15741,2,1,2023-03-16,2023-03-16,0,5.3149999999999995,6.61,2,0
1028_1090,23.46618,71.97304,1,1,2023-04-06,2023-04-06,0,5.37,5.37,1,0
1028_147,23.46424,68.53779,1,1,2023-01-26,2023-01-26,0,4.24,4.24,1,0
1028_148,23.46598,68.53946,1,1,2023-01-26,2023-01-26,0,3.26,3.26,1,0
1028_159,23.46415,68.5815,1,1,2023-03-11,2023-03-11,0,1.06,1.06,1,0
1028_1733,23.46465,74.31329,2,1,2023-04-03,2023-04-03,0,4.395,5.22,2,0
1028_1735,23.46522,74.31955,1,1,2023-04-03,2023-04-03,0,6.49,6.49,1,0
1028_1755,23.4661,74.39449,1,1,2023-04-23,2023-04-23,0,14.51,14.51,1,0
1028_380,23.46393,69.38664,1,1,2023-05-09,2023-05-09,0,4.15,4.15,1,0
1029_1091,23.46817,71.97616,1,1,2023-05-17,2023-05-17,0,3.89,3.89,1,0
1029_1097,23.46842,71.99725,1,1,2023-05-10,2023-05-10,0,2.53,2.53,1,0
1029_1558,23.46947,73.67804,1,1,2023-06-01,2023-06-01,0,3.42,3.42,1,0
1029_1569,23.46808,73.71655,1,1,2023-04-25,2023-04-25,0,4.4,4.4,1,0
1029_1726,23.46685,74.28789,1,1,2023-04-10,2023-04-10,0,25.67,25.67,1,0
1029_1753,23.46935,74.38567,1,1,2023-04-21,2023-04-21,0,14.82,14.82,1,0
1029_1755,23.46938,74.39307,1,1,2023-04-19,2023-04-19,0,7.6,7.6,1,0
1029_1756,23.46691,74.39872,1,1,2023-04-23,2023-04-23,0,14.51,14.51,1,0
1029_276,23.46798,69.00733,1,1,2023-04-08,2023-04-08,0,3.08,3.08,1,0
1029_502,23.46762,69.83028,1,1,2023-04-08,2023-04-08,0,2.59,2.59,1,0
1029_672,23.46798,70.4479,1,1,2023-09-04,2023-09-04,0,3.05,3.05,1,0
102_1356,20.34486,72.9419,1,1,2023-05-28,2023-05-28,0,6.13,6.13,1,0
102_1466,20.34632,73.341,1,1,2023-04-28,2023-04-28,0,3.05,3.05,1,0
102_1491,20.34546,73.43279,1,1,2023-04-16,2023-04-16,0,3.24,3.24,1,0
1030_1160,23.473,72.22691,1,1,2023-11-21,2023-11-21,0,1.54,1.54,1,0
1030_1560,23.46982,73.6821,1,1,2023-06-01,2023-06-01,0,3.83,3.83,1,0
1030_1726,23.47076,74.28732,1,1,2023-04-10,2023-04-10,0,15.64,15.64,1,0
1030_1754,23.46975,74.39208,1,1,2023-04-19,2023-04-19,0,6.85,6.85,1,0
1030_502,23.471204999999998,69.82970499999999,2,2,2023-04-08,2023-05-09,31,5.855,7.1,2,0
1030_583,23.47029,70.12386,1,1,2023-12-18,2023-12-18,0,2.42,2.42,1,0
1031_1097,23.47456,71.99674,1,1,2023-05-10,2023-05-10,0,2.53,2.53,1,0
1031_1104,23.47318,72.02316,1,1,2023-03-25,2023-03-25,0,3.66,3.66,1,0
1031_1744,23.4753,74.35324,1,1,2023-05-09,2023-05-09,0,0.73,0.73,0,1
1031_1754,23.4762,74.39162,1,1,2023-04-19,2023-04-19,0,6.85,6.85,1,0
1031_1755,23.47583,74.39263,1,1,2023-04-19,2023-04-19,0,7.6,7.6,1,0
1032_1091,23.47753,71.97528,1,1,2023-09-05,2023-09-05,0,2.03,2.03,1,0
1032_1295,23.47676,72.71976,1,1,2023-10-13,2023-10-13,0,3.03,3.03,1,0
1032_1567,23.4792,73.7082,1,1,2023-04-22,2023-04-22,0,0.9,0.9,0,1
1032_368,23.47697,69.34061,1,1,2023-03-10,2023-03-10,0,0.91,0.91,0,1
1033_1091,23.48259,71.97473,1,1,2023-09-05,2023-09-05,0,5.13,5.13,1,0
1033_1560,23.48031,73.68279,1,1,2023-04-25,2023-04-25,0,3.74,3.74,1,0
1033_1561,23.48061,73.68602,1,1,2023-04-25,2023-04-25,0,3.74,3.74,1,0
1033_1562,23.48092,73.68925,1,1,2023-04-25,2023-04-25,0,4.45,4.45,1,0
1033_1734,23.48161,74.31721,1,1,2023-04-17,2023-04-17,0,1.84,1.84,0,1
1033_1775,23.4832,74.46529,1,1,2023-04-21,2023-04-21,0,16.91,16.91,1,0
1033_294,23.48035,69.07231,1,1,2023-02-26,2023-02-26,0,3.61,3.61,1,0
1033_969,23.48268,71.53144,1,1,2023-11-01,2023-11-01,0,2.29,2.29,1,0
1034_1159,23.48523,72.22251,1,1,2023-05-22,2023-05-22,0,2.09,2.09,1,0
1034_1560,23.48538,73.6822,1,1,2023-04-25,2023-04-25,0,3.74,3.74,1,0
1034_1728,23.48422,74.297,1,1,2023-04-25,2023-04-25,0,3.33,3.33,1,0
1034_1733,23.48332,74.31356,1,1,2023-04-09,2023-04-09,0,6.07,6.07,1,0
1034_1744,23.4862,74.35274,1,1,2023-05-20,2023-05-20,0,9.49,9.49,1,0
1034_1751,23.48441,74.37849,1,1,2023-10-21,2023-10-21,0,4.39,4.39,1,0
1034_1752,23.48584,74.38225,1,1,2023-10-14,2023-10-14,0,14.55,14.55,1,0
1034_1775,23.48642,74.46534,1,1,2023-04-20,2023-04-20,0,1.62,1.62,0,1
1034_708,23.4863,70.57885,1,1,2023-05-22,2023-05-22,0,5.54,5.54,1,0
1035_1105,23.48924,72.02635,1,1,2023-11-10,2023-11-10,0,0.67,0.67,0,1
1035_411,23.48862,69.49761,1,1,2023-06-05,2023-06-05,0,2.22,2.22,1,0
1036_1484,23.49096,73.40591,1,1,2023-12-17,2023-12-17,0,5.39,5.39,1,0
1036_1775,23.49089,74.46665,1,1,2023-04-20,2023-04-20,0,1.64,1.64,0,1
1036_410,23.49062,69.49516,1,1,2023-06-05,2023-06-05,0,1.88,1.88,1,0
1037_1175,23.4942,72.28077,1,1,2023-06-24,2023-06-24,0,2.0,2.0,1,0
1037_158,23.496355,68.578375,2,2,2023-02-24,2023-05-21,86,1.745,2.69,0,2
1037_1727,23.49444,74.29234,1,1,2023-04-25,2023-04-25,0,3.04,3.04,1,0
1037_367,23.49404,69.33894,1,1,2023-11-15,2023-11-15,0,0.67,0.67,0,1
1037_507,23.49511,69.84751,1,1,2023-04-02,2023-04-02,0,2.13,2.13,1,0
1037_541,23.49597,69.97063,1,1,2023-10-24,2023-10-24,0,3.51,3.51,1,0
1037_825,23.493715,71.00667999999999,2,1,2023-10-12,2023-10-12,0,1.35,1.78,2,0
1038_158,23.4975675,68.57799,4,4,2023-01-04,2023-12-09,339,1.1199999999999999,1.65,0,4
1038_1752,23.49702,74.38395,1,1,2023-04-22,2023-04-22,0,1.09,1.09,0,1
1038_346,23.4997,69.26199,1,1,2023-02-16,2023-02-16,0,2.96,2.96,1,0
1038_649,23.49716,70.36629,1,1,2023-11-16,2023-11-16,0,2.02,2.02,1,0
1039_1752,23.50045,74.38453,1,1,2023-04-22,2023-04-22,0,2.29,2.29,0,1
1039_346,23.50156,69.26087,1,1,2023-12-14,2023-12-14,0,6.54,6.54,1,0
103_1356,20.34837,72.94136,1,1,2023-05-28,2023-05-28,0,39.43,39.43,1,0
103_1365,20.34891,72.97499,1,1,2023-03-10,2023-03-10,0,0.42,0.42,0,1
103_1387,20.35018,73.05209,1,1,2023-12-28,2023-12-28,0,4.15,4.15,1,0
103_1467,20.3483,73.344,1,1,2023-05-12,2023-05-12,0,1.59,1.59,1,0
103_1474,20.34986,73.37032,1,1,2023-04-30,2023-04-30,0,2.01,2.01,1,0
103_1490,20.35034,73.43053,1,1,2023-04-28,2023-04-28,0,3.42,3.42,1,0
1040_1754,23.50465,74.38895,1,1,2023-04-19,2023-04-19,0,9.33,9.33,1,0
1040_1763,23.50521,74.42215,1,1,2023-04-11,2023-04-11,0,0.44,0.44,0,1
1040_302,23.50561,69.10173,1,1,2023-03-06,2023-03-06,0,2.34,2.34,1,0
1040_346,23.50418,69.26315,1,1,2023-04-08,2023-04-08,0,4.02,4.02,1,0
1040_633,23.50646,70.30847,1,1,2023-10-09,2023-10-09,0,9.69,9.69,1,0
1040_666,23.50513,70.42704,1,1,2023-10-09,2023-10-09,0,3.87,3.87,1,0
1040_718,23.50447,70.6179,1,1,2023-05-04,2023-05-04,0,6.07,6.07,1,0
1041_824,23.51013,71.00224,1,1,2023-11-17,2023-11-17,0,2.34,2.34,1,0
1041_838,23.50945,71.05318,1,1,2023-05-17,2023-05-17,0,5.84,5.84,1,0
1042_678,23.51051,70.47152,1,1,2023-05-11,2023-05-11,0,5.86,5.86,1,0
1042_839,23.51132,71.0563,1,1,2023-05-17,2023-05-17,0,6.19,6.19,1,0
1043_1124,23.51367,72.09738,1,1,2023-02-25,2023-02-25,0,2.71,2.71,1,0
1043_1233,23.51456,72.49249,1,1,2023-11-25,2023-11-25,0,0.43,0.43,0,1
1043_403,23.51688,69.47099,1,1,2023-06-12,2023-06-12,0,8.47,8.47,1,0
1043_737,23.51612,70.68629,1,1,2023-10-25,2023-10-25,0,3.23,3.23,1,0
1044_364,23.51949,69.32586,1,1,2023-05-21,2023-05-21,0,7.97,7.97,1,0
1044_404,23.51904,69.47366,1,1,2023-05-17,2023-05-17,0,1.33,1.33,1,0
1044_405,23.5175,69.47623,1,1,2023-06-12,2023-06-12,0,8.47,8.47,1,0
1044_648,23.51901,70.36262,1,1,2023-10-18,2023-10-18,0,4.54,4.54,1,0
1045_1417,23.52328,73.16308,1,1,2023-04-21,2023-04-21,0,5.87,5.87,1,0
1045_1752,23.52054,74.38271,1,1,2023-05-04,2023-05-04,0,4.16,4.16,1,0
1045_405,23.52138,69.47568,1,1,2023-06-12,2023-06-12,0,20.03,20.03,1,0
1046_1011,23.52367,71.68441,1,1,2023-05-23,2023-05-23,0,1.71,1.71,0,1
1046_1083,23.52623,71.94515,1,1,2023-04-10,2023-04-10,0,3.5,3.5,1,0
1046_1172,23.52576,72.27144,1,1,2023-02-14,2023-02-14,0,0.43,0.43,0,1
1046_1290,23.52649,72.69913,1,1,2023-02-07,2023-02-07,0,0.37,0.37,0,1
1046_139,23.52492,68.50764,1,1,2023-12-28,2023-12-28,0,1.71,1.71,1,0
1046_1417,23.52383,73.16255,1,1,2023-04-21,2023-04-21,0,5.65,5.65,1,0
1046_1512,23.52531,73.50824,1,1,2023-03-04,2023-03-04,0,0.75,0.75,0,1
1047_1172,23.52924,72.27071,1,1,2023-12-17,2023-12-17,0,0.25,0.25,0,1
1047_1756,23.5298,74.39743,1,1,2023-04-26,2023-04-26,0,1.11,1.11,0,1
1047_306,23.52857,69.11666,1,1,2023-10-23,2023-10-23,0,2.92,2.92,1,0
1047_631,23.52762,70.30035,1,1,2023-04-17,2023-04-17,0,4.56,4.56,1,0
1047_632,23.52855,70.30511,1,1,2023-04-17,2023-04-17,0,4.85,4.85,1,0
1048_1173,23.53101,72.27285,1,1,2023-02-14,2023-02-14,0,0.21,0.21,0,1
1048_1755,23.530794999999998,74.39352,2,1,2023-04-26,2023-04-26,0,1.3599999999999999,1.59,0,2
1049_1617,23.53515,73.89278,1,1,2023-04-02,2023-04-02,0,3.86,3.86,1,0
1049_407,23.53566,69.48369,1,1,2023-12-16,2023-12-16,0,23.77,23.77,1,0
1049_409,23.53685,69.49256,1,1,2023-12-16,2023-12-16,0,5.45,5.45,1,0
1049_713,23.5347,70.59999,1,1,2023-12-23,2023-12-23,0,3.56,3.56,1,0
1049_835,23.53446,71.04392,1,1,2023-04-02,2023-04-02,0,2.42,2.42,1,0
104_1357,20.35361,72.94602,1,1,2023-01-15,2023-01-15,0,0.72,0.72,0,1
104_1470,20.35337,73.35644,1,1,2023-04-11,2023-04-11,0,6.01,6.01,1,0
1050_407,23.538375000000002,69.48388,2,1,2023-12-16,2023-12-16,0,32.725,41.68,2,0
1050_408,23.53808,69.48907,1,1,2023-12-16,2023-12-16,0,2.68,2.68,1,0
1051_1209,23.542766666666665,72.40602666666666,3,3,2023-04-27,2023-11-05,192,0.5133333333333333,0.71,0,3
1051_1210,23.54197,72.409255,2,2,2023-10-11,2023-10-29,18,0.565,0.66,0,2
1051_407,23.54109,69.48408,1,1,2023-12-16,2023-12-16,0,54.29,54.29,1,0
1052_1030,23.54467,71.75404,1,1,2023-01-10,2023-01-10,0,1.96,1.96,1,0
1052_1102,23.54508,72.01615,1,1,2023-03-04,2023-03-04,0,1.71,1.71,1,0
1052_1209,23.54494,72.40571999999999,3,3,2023-01-17,2023-08-17,212,0.77,1.07,0,3
1053_1743,23.5491,74.35021,1,1,2023-04-09,2023-04-09,0,3.76,3.76,1,0
1053_1746,23.54885,74.36183,1,1,2023-05-02,2023-05-02,0,9.48,9.48,1,0
1053_1775,23.54968,74.46766,1,1,2023-05-17,2023-05-17,0,11.69,11.69,1,0
1053_636,23.549725000000002,70.31964500000001,2,1,2023-08-31,2023-08-31,0,1.615,2.1,2,0
1054_146,23.55251,68.53501,1,1,2023-05-03,2023-05-03,0,1.83,1.83,1,0
1054_1732,23.55385,74.30848,1,1,2023-03-06,2023-03-06,0,4.5,4.5,1,0
1054_295,23.55213,69.0752,1,1,2023-03-28,2023-03-28,0,3.87,3.87,1,0
1054_353,23.551,69.28601,1,1,2023-06-07,2023-06-07,0,9.41,9.41,1,0
1055_1777,23.55402,74.47259,1,1,2023-02-26,2023-02-26,0,0.96,0.96,0,1
1055_334,23.55491,69.21719,1,1,2023-05-17,2023-05-17,0,5.02,5.02,1,0
1055_352,23.55454,69.28547,1,1,2023-06-07,2023-06-07,0,9.41,9.41,1,0
1056_1451,23.55849,73.28671,1,1,2023-10-31,2023-10-31,0,1.45,1.45,1,0
1056_354,23.55874,69.29198,1,1,2023-05-14,2023-05-14,0,3.33,3.33,1,0
1056_355,23.559044999999998,69.294835,2,1,2023-05-14,2023-05-14,0,6.275,9.22,2,0
1057_1077,23.56134,71.92553,1,1,2023-05-17,2023-05-17,0,7.89,7.89,1,0
1057_1136,23.56234,72.13832,1,1,2023-02-17,2023-02-17,0,1.79,1.79,1,0
1057_1588,23.56295,73.78656,1,1,2023-04-02,2023-04-02,0,6.65,6.65,1,0
1057_1589,23.56256,73.78989,1,1,2023-04-02,2023-04-02,0,5.45,5.45,1,0
1057_247,23.56347,68.90263,1,1,2023-03-11,2023-03-11,0,3.95,3.95,1,0
1058_1690,23.5661,74.15623,1,1,2023-02-17,2023-02-17,0,5.99,5.99,1,0
1058_247,23.56575,68.90088,1,1,2023-03-11,2023-03-11,0,2.59,2.59,1,0
1059_1690,23.56947,74.15559,1,1,2023-02-17,2023-02-17,0,4.79,4.79,1,0
1059_978,23.57039,71.56396,1,1,2023-06-10,2023-06-10,0,3.33,3.33,1,0
105_1358,20.355766666666668,72.94857333333333,3,3,2023-01-01,2023-12-03,336,0.8766666666666666,1.15,0,3
105_1359,20.35545666666667,72.95076666666667,3,3,2023-01-25,2023-12-07,316,1.0466666666666666,1.53,0,3
105_1397,20.35376,73.08835,1,1,2023-06-12,2023-06-12,0,4.15,4.15,1,0
105_1464,20.35587,73.33553,1,1,2023-05-02,2023-05-02,0,7.54,7.54,1,0
105_1496,20.35581,73.45107,1,1,2023-04-12,2023-04-12,0,4.53,4.53,1,0
105_1603,20.3569,73.83865,1,1,2023-02-01,2023-02-01,0,10.99,10.99,1,0
105_1608,20.35686,73.85913,1,1,2023-05-29,2023-05-29,0,5.06,5.06,1,0
105_1682,20.35622,74.12802,1,1,2023-03-09,2023-03-09,0,1.84,1.84,1,0
1060_1129,23.57379,72.11427,1,1,2023-05-28,2023-05-28,0,8.96,8.96,1,0
1060_292,23.57111,69.06416,1,1,2023-05-22,2023-05-22,0,5.87,5.87,1,0
1061_1448,23.57614,73.27741,1,1,2023-04-15,2023-04-15,0,2.66,2.66,1,0
1061_175,23.57508,68.6402,1,1,2023-11-16,2023-11-16,0,3.35,3.35,1,0
1062_1744,23.57812,74.35253,1,1,2023-05-07,2023-05-07,0,17.43,17.43,1,0
1062_1749,23.58045,74.37328,1,1,2023-04-10,2023-04-10,0,4.27,4.27,1,0
1062_713,23.57807,70.5983,1,1,2023-01-13,2023-01-13,0,3.21,3.21,1,0
1063_1666,23.58286,74.07024,1,1,2023-06-08,2023-06-08,0,10.29,10.29,1,0
1063_1743,23.58171,74.35198,1,1,2023-05-07,2023-05-07,0,19.62,19.62,1,0
1063_1750,23.58121,74.37556,1,1,2023-04-10,2023-04-10,0,6.09,6.09,1,0
1063_995,23.58164,71.62678,1,1,2023-12-23,2023-12-23,0,1.89,1.89,1,0
1065_1759,23.59077,74.40969,1,1,2023-04-03,2023-04-03,0,3.32,3.32,1,0
1065_283,23.58996,69.0341,1,1,2023-02-26,2023-02-26,0,3.53,3.53,1,0
1065_653,23.589325000000002,70.38087,2,1,2023-02-14,2023-02-14,0,5.43,7.88,2,0
1066_1760,23.59123,74.4114,1,1,2023-04-03,2023-04-03,0,6.2,6.2,1,0
1066_654,23.59262,70.38428,1,1,2023-05-25,2023-05-25,0,1.4,1.4,1,0
1066_958,23.59434,71.49271,1,1,2023-03-27,2023-03-27,0,3.6,3.6,1,0
1067_1634,23.59517,73.95199,1,1,2023-04-12,2023-04-12,0,4.84,4.84,1,0
1067_1685,23.5966,74.13905,1,1,2023-06-13,2023-06-13,0,10.99,10.99,1,0
1067_191,23.59517,68.69747,1,1,2023-12-07,2023-12-07,0,3.02,3.02,1,0
1067_223,23.59662,68.81513,1,1,2023-03-10,2023-03-10,0,2.34,2.34,1,0
1067_509,23.59539,69.85522,1,1,2023-01-30,2023-01-30,0,3.6,3.6,1,0
1067_654,23.59558,70.38421,1,1,2023-05-25,2023-05-25,0,1.04,1.04,1,0
1067_677,23.59612,70.4677,1,1,2023-03-19,2023-03-19,0,1.58,1.58,1,0
1067_712,23.59582,70.59688,1,1,2023-05-22,2023-05-22,0,14.13,14.13,1,0
1068_1442,23.599,73.25446,1,1,2023-04-21,2023-04-21,0,4.89,4.89,1,0
1068_965,23.59955,71.51705,1,1,2023-02-20,2023-02-20,0,0.39,0.39,0,1
1069_1056,23.60258,71.84816,1,1,2023-12-18,2023-12-18,0,6.26,6.26,1,0
1069_1077,23.60347,71.92472,1,1,2023-01-04,2023-01-04,0,2.49,2.49,1,0
1069_1776,23.60153,74.47162,1,1,2023-03-05,2023-03-05,0,2.6,2.6,1,0
1069_302,23.60327,69.10345,1,1,2023-10-08,2023-10-08,0,3.35,3.35,1,0
1069_993,23.6033,71.61953,1,1,2023-01-15,2023-01-15,0,2.89,2.89,1,0
106_1358,20.35878,72.94797,1,1,2023-02-19,2023-02-19,0,2.78,2.78,0,1
106_1359,20.35827,72.95014,1,1,2023-02-02,2023-02-02,0,0.97,0.97,0,1
106_1460,20.35929,73.32006,1,1,2023-03-31,2023-03-31,0,3.57,3.57,1,0
106_1466,20.35989,73.34179,1,1,2023-04-28,2023-04-28,0,3.4,3.4,1,0
106_1593,20.3585,73.80476,1,1,2023-05-29,2023-05-29,0,6.59,6.59,1,0
1070_1626,23.60619,73.92462,1,1,2023-05-15,2023-05-15,0,2.17,2.17,1,0
1070_402,23.60482,69.46571,1,1,2023-10-05,2023-10-05,0,4.06,4.06,1,0
1071_1125,23.61048,72.09982,1,1,2023-09-05,2023-09-05,0,4.05,4.05,1,0
1071_1400,23.60847,73.09956,1,1,2023-06-01,2023-06-01,0,3.95,3.95,1,0
1071_402,23.60853,69.46614,1,1,2023-10-05,2023-10-05,0,4.49,4.49,1,0
1072_1399,23.61141,73.09624,1,1,2023-06-01,2023-06-01,0,3.04,3.04,1,0
1072_1400,23.61175,73.09983,1,1,2023-06-01,2023-06-01,0,4.75,4.75,1,0
1072_1625,23.61373,73.92091,1,1,2023-02-20,2023-02-20,0,1.72,1.72,1,0
1072_1707,23.61427,74.21995,1,1,2023-04-25,2023-04-25,0,3.16,3.16,1,0
1072_747,23.612139999999997,70.724115,2,2,2023-01-25,2023-02-04,10,2.185,2.38,2,0
1073_1707,23.61501,74.21982,1,1,2023-04-25,2023-04-25,0,2.88,2.88,1,0
1073_405,23.61648,69.47659,1,1,2023-12-05,2023-12-05,0,7.23,7.23,1,0
1073_791,23.6151,70.88466,1,1,2023-04-17,2023-04-17,0,5.81,5.81,1,0
1073_969,23.61567,71.5294,1,1,2023-03-22,2023-03-22,0,2.41,2.41,1,0
1074_322,23.62088,69.17413,1,1,2023-10-07,2023-10-07,0,2.81,2.81,1,0
1074_500,23.61931,69.82321,1,1,2023-07-02,2023-07-02,0,4.5,4.5,1,0
1075_1640,23.622,73.97671,1,1,2023-03-28,2023-03-28,0,1.58,1.58,1,0
1075_414,23.624215,69.50971,2,1,2023-02-19,2023-02-19,0,22.64,33.64,2,0
1076_1642,23.62726,73.98072,1,1,2023-04-04,2023-04-04,0,6.27,6.27,1,0
1076_376,23.62707,69.37212,1,1,2023-05-08,2023-05-08,0,4.06,4.06,1,0
1076_377,23.62792,69.37646,1,1,2023-05-08,2023-05-08,0,8.87,8.87,1,0
1076_400,23.62768,69.45715,1,1,2023-04-08,2023-04-08,0,7.83,7.83,1,0
1076_415,23.6247,69.51496,1,1,2023-02-19,2023-02-19,0,33.64,33.64,1,0
1076_819,23.62502,70.98563,1,1,2023-12-22,2023-12-22,0,2.93,2.93,1,0
1077_1027,23.62941,71.74169,1,1,2023-05-23,2023-05-23,0,0.7,0.7,0,1
1077_1503,23.63038,73.4768,1,1,2023-12-16,2023-12-16,0,3.2,3.2,1,0
1077_1637,23.63009,73.96452,1,1,2023-04-21,2023-04-21,0,12.2,12.2,1,0
1077_198,23.62915,68.72314,1,1,2023-12-01,2023-12-01,0,3.43,3.43,1,0
1077_400,23.62844,69.45808,1,1,2023-04-08,2023-04-08,0,10.26,10.26,1,0
1077_820,23.62988,70.98753,1,1,2023-12-14,2023-12-14,0,1.95,1.95,1,0
1078_1541,23.63436,73.61584,1,1,2023-05-30,2023-05-30,0,1.31,1.31,1,0
1078_377,23.63217,69.3755,1,1,2023-05-08,2023-05-08,0,8.87,8.87,1,0
1078_415,23.63467,69.51205,1,1,2023-04-17,2023-04-17,0,31.13,31.13,1,0
1078_839,23.6332,71.05815,1,1,2023-03-06,2023-03-06,0,1.71,1.71,1,0
1079_1606,23.63622,73.85281,1,1,2023-03-27,2023-03-27,0,2.78,2.78,0,1
1079_1607,23.63575,73.85678,1,1,2023-03-27,2023-03-27,0,2.78,2.78,0,1
1079_1619,23.63553,73.89868,1,1,2023-05-11,2023-05-11,0,5.48,5.48,1,0
1079_1635,23.63783,73.95564,1,1,2023-02-20,2023-02-20,0,4.44,4.44,1,0
1079_416,23.63576,69.51733,1,1,2023-04-17,2023-04-17,0,31.13,31.13,1,0
107_1400,20.36164,73.10182,1,1,2023-03-09,2023-03-09,0,4.91,4.91,1,0
107_1490,20.36232,73.4281,1,1,2023-05-16,2023-05-16,0,1.34,1.34,1,0
107_1522,20.36378,73.54507,1,1,2023-05-23,2023-05-23,0,7.05,7.05,1,0
107_1549,20.36326,73.6443,1,1,2023-05-14,2023-05-14,0,5.96,5.96,1,0
107_1577,20.36108,73.74743,1,1,2023-05-23,2023-05-23,0,12.25,12.25,1,0
107_1593,20.36185,73.80417,1,1,2023-05-29,2023-05-29,0,9.98,9.98,1,0
107_1733,20.36324,74.31309,1,1,2023-02-13,2023-02-13,0,5.84,5.84,1,0
1080_1134,23.63879,72.13081,1,1,2023-04-09,2023-04-09,0,5.16,5.16,1,0
1080_1607,23.64037,73.85336,1,1,2023-03-27,2023-03-27,0,0.56,0.56,0,1
1080_1619,23.63958666666667,73.89850333333334,3,1,2023-05-11,2023-05-11,0,8.646666666666667,10.23,3,0
1080_1623,23.63964,73.91363000000001,2,2,2023-03-29,2023-04-22,24,8.895,14.44,2,0
1080_402,23.64101,69.46605,1,1,2023-05-10,2023-05-10,0,7.01,7.01,1,0
1080_403,23.64133,69.46951,1,1,2023-05-10,2023-05-10,0,7.01,7.01,1,0
1080_739,23.64017,70.69179,1,1,2023-06-09,2023-06-09,0,1.05,1.05,0,1
1080_820,23.64025,70.99001,1,1,2023-11-04,2023-11-04,0,3.08,3.08,1,0
1081_805,23.64176,70.93412,1,1,2023-11-20,2023-11-20,0,2.85,2.85,1,0
1082_740,23.64556,70.69878,1,1,2023-06-01,2023-06-01,0,3.89,3.89,1,0
1082_958,23.64779,71.49137,1,1,2023-05-28,2023-05-28,0,12.86,12.86,1,0
1083_1689,23.64872,74.15466,1,1,2023-12-23,2023-12-23,0,2.4,2.4,1,0
1084_1536,23.65439,73.59796,1,1,2023-03-27,2023-03-27,0,3.24,3.24,1,0
1084_1565,23.65238,73.70261,1,1,2023-05-23,2023-05-23,0,3.33,3.33,1,0
1084_283,23.65222,69.03113,1,1,2023-04-20,2023-04-20,0,12.63,12.63,1,0
1084_369,23.65454,69.34521,1,1,2023-10-14,2023-10-14,0,9.04,9.04,1,0
1084_460,23.65466,69.67694,1,1,2023-02-25,2023-02-25,0,2.68,2.68,1,0
1084_497,23.65477,69.81294,1,1,2023-03-11,2023-03-11,0,2.92,2.92,1,0
1084_675,23.65396,70.46091,1,1,2023-02-22,2023-02-22,0,3.87,3.87,1,0
1084_997,23.65323,71.6317,1,1,2023-12-01,2023-12-01,0,1.58,1.58,1,0
1085_690,23.65638,70.51437,1,1,2023-05-21,2023-05-21,0,5.05,5.05,1,0
1086_795,23.66079,70.89668,1,1,2023-05-03,2023-05-03,0,8.26,8.26,1,0
1087_1606,23.66245,73.85238,1,1,2023-03-04,2023-03-04,0,3.61,3.61,1,0
1087_309,23.66261,69.12684,1,1,2023-04-12,2023-04-12,0,1.39,1.39,1,0
1087_741,23.66247,70.7021,1,1,2023-05-22,2023-05-22,0,15.05,15.05,1,0
1088_1558,23.66719,73.67828,1,1,2023-04-11,2023-04-11,0,20.81,20.81,1,0
1088_1560,23.66777,73.68204,1,1,2023-04-11,2023-04-11,0,20.81,20.81,1,0
1088_718,23.66832,70.61845,1,1,2023-03-24,2023-03-24,0,0.91,0.91,1,0
1088_732,23.66768,70.66698,1,1,2023-05-20,2023-05-20,0,2.52,2.52,1,0
1089_1559,23.67109,73.68143,1,1,2023-04-11,2023-04-11,0,20.81,20.81,1,0
1089_309,23.67092,69.12821,1,1,2023-11-21,2023-11-21,0,4.82,4.82,1,0
1089_733,23.66872,70.6714,1,1,2023-05-20,2023-05-20,0,2.52,2.52,1,0
108_1543,20.36386,73.62337,1,1,2023-06-13,2023-06-13,0,5.69,5.69,1,0
108_1546,20.36609,73.63437,1,1,2023-04-04,2023-04-04,0,3.11,3.11,1,0
108_1547,20.36614,73.63622,1,1,2023-04-04,2023-04-04,0,7.21,7.21,1,0
108_1548,20.3666,73.63869,1,1,2023-04-04,2023-04-04,0,3.11,3.11,1,0
1090_1538,23.67273,73.60461,1,1,2023-02-27,2023-02-27,0,3.35,3.35,1,0
1090_1558,23.67196,73.67576,1,1,2023-02-22,2023-02-22,0,3.29,3.29,1,0
1090_1559,23.6744,73.68084,1,1,2023-04-11,2023-04-11,0,26.35,26.35,1,0
1090_1615,23.67354,73.88537,1,1,2023-04-23,2023-04-23,0,1.54,1.54,0,1
1090_1638,23.67354,73.96949,1,1,2023-05-23,2023-05-23,0,2.47,2.47,1,0
1090_283,23.67273,69.03248,1,1,2023-04-25,2023-04-25,0,2.82,2.82,1,0
1090_709,23.67507,70.58448,1,1,2023-03-20,2023-03-20,0,1.78,1.78,1,0
1090_738,23.67427,70.690505,2,1,2023-06-10,2023-06-10,0,10.14,11.27,2,0
1090_742,23.6722,70.70534,1,1,2023-05-28,2023-05-28,0,0.8,0.8,0,1
1090_809,23.67302,70.94903,1,1,2023-05-28,2023-05-28,0,3.15,3.15,1,0
1091_1230,23.67535,72.48164,1,1,2023-10-29,2023-10-29,0,0.6,0.6,0,1
1091_1516,23.67783,73.52523,1,1,2023-04-05,2023-04-05,0,7.74,7.74,1,0
1091_1531,23.67737,73.57883,1,1,2023-04-20,2023-04-20,0,0.54,0.54,0,1
1091_403,23.67856,69.46952,1,1,2023-02-19,2023-02-19,0,14.19,14.19,1,0
1091_806,23.67589,70.93645,1,1,2023-05-20,2023-05-20,0,6.73,6.73,1,0
1092_1516,23.68131,73.52464,1,1,2023-04-05,2023-04-05,0,5.51,5.51,1,0
1092_403,23.67912,69.47048,1,1,2023-02-19,2023-02-19,0,13.94,13.94,1,0
1093_1767,23.68527,74.43874,1,1,2023-04-11,2023-04-11,0,2.56,2.56,0,1
1093_403,23.68411,69.46944500000001,2,1,2023-02-19,2023-02-19,0,14.065,14.19,2,0
1094_1597,23.6865,73.81926,1,1,2023-04-21,2023-04-21,0,12.33,12.33,1,0
1094_228,23.68839,68.83286,1,1,2023-04-04,2023-04-04,0,0.7,0.7,0,1
1094_399,23.68801,69.45515,1,1,2023-06-02,2023-06-02,0,22.64,22.64,1,0
1094_400,23.68857,69.45906,1,1,2023-06-02,2023-06-02,0,22.64,22.64,1,0
1094_402,23.68631,69.46745,1,1,2023-06-02,2023-06-02,0,25.6,25.6,1,0
1095_1138,23.69158,72.145,1,1,2023-04-14,2023-04-14,0,2.52,2.52,1,0
1095_1445,23.69001,73.2663,1,1,2023-12-19,2023-12-19,0,5.46,5.46,1,0
1095_1499,23.69163,73.46129,1,1,2023-04-10,2023-04-10,0,4.97,4.97,1,0
1095_171,23.690575000000003,68.62508500000001,2,1,2023-02-07,2023-02-07,0,1.2999999999999998,1.44,2,0
1095_228,23.689392999999995,68.83213,10,10,2023-01-25,2023-12-06,315,0.5680000000000001,0.73,0,10
1095_397,23.69027,69.44676,1,1,2023-06-02,2023-06-02,0,10.45,10.45,1,0
1095_398,23.69083,69.45068,1,1,2023-06-02,2023-06-02,0,10.45,10.45,1,0
1095_399,23.69139,69.4546,1,1,2023-06-02,2023-06-02,0,9.8,9.8,1,0
1095_400,23.69195,69.45851,1,1,2023-06-02,2023-06-02,0,9.8,9.8,1,0
1095_401,23.68913,69.46298,1,1,2023-06-02,2023-06-02,0,25.6,25.6,1,0
1095_402,23.68969,69.4669,1,1,2023-06-02,2023-06-02,0,25.6,25.6,1,0
1095_403,23.69024,69.47083,1,1,2023-06-02,2023-06-02,0,7.18,7.18,1,0
1095_405,23.69136,69.47866,1,1,2023-06-02,2023-06-02,0,4.26,4.26,1,0
1095_407,23.69192,69.48258,1,1,2023-06-02,2023-06-02,0,4.26,4.26,1,0
1096_1479,23.69335,73.39024,1,1,2023-04-21,2023-04-21,0,6.74,6.74,1,0
1096_1512,23.69527,73.51044,1,1,2023-04-19,2023-04-19,0,5.79,5.79,1,0
1096_1515,23.69329,73.52142,1,1,2023-04-21,2023-04-21,0,14.63,14.63,1,0
1096_155,23.69457,68.56819,1,1,2023-12-11,2023-12-11,0,6.73,6.73,1,0
1096_156,23.69467,68.57136,1,1,2023-12-01,2023-12-01,0,4.28,4.28,1,0
1096_386,23.69518,69.40694,1,1,2023-03-02,2023-03-02,0,28.49,28.49,1,0
1096_395,23.69309,69.44229,1,1,2023-06-02,2023-06-02,0,11.84,11.84,1,0
1096_397,23.69365,69.4462,1,1,2023-06-02,2023-06-02,0,10.45,10.45,1,0
1096_404,23.69418,69.47417,1,1,2023-06-02,2023-06-02,0,17.51,17.51,1,0
1096_405,23.69474,69.4781,1,1,2023-06-02,2023-06-02,0,18.21,18.21,1,0
1096_406,23.6953,69.48202,1,1,2023-06-02,2023-06-02,0,18.21,18.21,1,0
1097_1513,23.69581,73.51359,1,1,2023-04-19,2023-04-19,0,3.82,3.82,1,0
1097_1528,23.69594,73.56841,1,1,2023-05-11,2023-05-11,0,4.51,4.51,1,0
1097_156,23.69565,68.5709,1,1,2023-12-31,2023-12-31,0,3.5,3.5,1,0
1097_157,23.69658,68.57362499999999,2,2,2023-11-20,2023-12-27,37,2.745,3.03,2,0
1097_259,23.69645,68.94459,1,1,2023-04-06,2023-04-06,0,2.97,2.97,1,0
1097_394,23.69591,69.43781,1,1,2023-06-02,2023-06-02,0,12.06,12.06,1,0
1097_395,23.69751666666667,69.44035000000001,3,2,2023-06-01,2023-06-02,1,5.96,12.06,1,2
1097_400,23.6987,69.45739,1,1,2023-06-02,2023-06-02,0,9.82,9.82,1,0
1097_403,23.697,69.46969,1,1,2023-06-02,2023-06-02,0,17.51,17.51,1,0
1097_404,23.69756,69.47362,1,1,2023-06-02,2023-06-02,0,17.51,17.51,1,0
1097_405,23.69812,69.47754,1,1,2023-06-02,2023-06-02,0,18.21,18.21,1,0
1097_406,23.69868,69.48146,1,1,2023-06-02,2023-06-02,0,18.21,18.21,1,0
1097_902,23.6958,71.28827,1,1,2023-06-03,2023-06-03,0,0.36,0.36,0,1
1097_979,23.6957,71.56605,1,1,2023-12-07,2023-12-07,0,3.28,3.28,1,0
1098_1352,23.70067,72.92749,1,1,2023-05-22,2023-05-22,0,8.0,8.0,1,0
1098_1552,23.69913,73.65541,1,1,2023-04-15,2023-04-15,0,7.73,7.73,1,0
1098_157,23.69954,68.57318,1,1,2023-12-27,2023-12-27,0,13.54,13.54,1,0
1098_1642,23.70057,73.98273,1,1,2023-05-23,2023-05-23,0,20.12,20.12,1,0
1098_386,23.6999,69.40636,1,1,2023-03-02,2023-03-02,0,28.49,28.49,1,0
1098_387,23.70045,69.4118,1,1,2023-03-02,2023-03-02,0,28.49,28.49,1,0
1098_394,23.700285,69.4371775,4,2,2023-06-02,2023-10-28,148,9.0475,12.06,4,0
1098_401,23.69926,69.4613,1,1,2023-06-02,2023-06-02,0,16.13,16.13,1,0
1098_403,23.70038,69.46913,1,1,2023-06-02,2023-06-02,0,5.77,5.77,1,0
1098_404,23.70094,69.47306,1,1,2023-06-02,2023-06-02,0,5.77,5.77,1,0
1098_407,23.69924,69.48538,1,1,2023-06-02,2023-06-02,0,14.26,14.26,1,0
1099_1529,23.70377,73.57117,1,1,2023-05-02,2023-05-02,0,4.79,4.79,1,0
1099_1530,23.70432,73.57497,1,1,2023-05-02,2023-05-02,0,4.79,4.79,1,0
1099_1551,23.70278,73.65071,1,1,2023-04-15,2023-04-15,0,9.76,9.76,1,0
1099_1552,23.70409,73.65464,2,1,2023-04-15,2023-04-15,0,5.975,7.73,2,0
1099_1605,23.70461,73.84672,1,1,2023-03-14,2023-03-14,0,3.39,3.39,1,0
1099_381,23.70385,69.38841,1,1,2023-10-02,2023-10-02,0,13.39,13.39,1,0
1099_395,23.7035,69.43958,1,1,2023-06-02,2023-06-02,0,1.68,1.68,0,1
1099_489,23.70317,69.78246,1,1,2023-01-16,2023-01-16,0,2.6,2.6,1,0
109_1402,20.3681,73.1079,1,1,2023-05-15,2023-05-15,0,3.19,3.19,1,0
109_1415,20.3683,73.15645,1,1,2023-06-02,2023-06-02,0,15.32,15.32,1,0
109_1421,20.36781,73.17719,1,1,2023-05-13,2023-05-13,0,0.85,0.85,0,1
109_1478,20.36951,73.38627,1,1,2023-04-19,2023-04-19,0,1.52,1.52,1,0
109_1482,20.36745,73.4011,1,1,2023-05-09,2023-05-09,0,3.39,3.39,1,0
109_1483,20.36733,73.40225,1,1,2023-05-09,2023-05-09,0,3.26,3.26,1,0
109_1728,20.369125,74.29564500000001,2,1,2023-03-27,2023-03-27,0,7.4350000000000005,7.65,2,0
109_1732,20.36805,74.31146,1,1,2023-02-13,2023-02-13,0,5.87,5.87,1,0
10_1396,20.03591,73.08567,1,1,2023-03-19,2023-03-19,0,2.14,2.14,1,0
10_1490,20.03594,73.4302,1,1,2023-04-26,2023-04-26,0,6.74,6.74,1,0
10_1654,20.03409,74.02578,1,1,2023-12-05,2023-12-05,0,2.65,2.65,1,0
1100_1476,23.70835,73.37704,1,1,2023-04-23,2023-04-23,0,4.31,4.31,1,0
1100_381,23.70773,69.38786,1,1,2023-10-02,2023-10-02,0,13.39,13.39,1,0
1100_394,23.705730000000003,69.43662499999999,2,1,2023-10-28,2023-10-28,0,11.055,12.52,2,0
1100_397,23.70609,69.44786,1,1,2023-11-14,2023-11-14,0,7.84,7.84,1,0
1100_398,23.70888,69.45164,1,1,2023-06-02,2023-06-02,0,15.66,15.66,1,0
1100_400,23.70674,69.45704,1,1,2023-01-30,2023-01-30,0,43.16,43.16,1,0
1100_404,23.70564,69.47382,1,1,2023-06-03,2023-06-03,0,3.79,3.79,1,0
1100_405,23.70639,69.47821,1,1,2023-06-03,2023-06-03,0,23.06,23.06,1,0
1100_805,23.70747,70.93458,1,1,2023-10-16,2023-10-16,0,2.11,2.11,1,0
1101_1476,23.71119,73.37822,1,1,2023-04-23,2023-04-23,0,7.57,7.57,1,0
1101_1483,23.711,73.40498,1,1,2023-02-16,2023-02-16,0,15.98,15.98,1,0
1101_1505,23.71071,73.48353,1,1,2023-03-02,2023-03-02,0,1.76,1.76,0,1
1101_1506,23.71086,73.48796,2,1,2023-03-02,2023-03-02,0,1.665,1.8,0,2
1101_1508,23.70997,73.49271,1,1,2023-03-03,2023-03-03,0,8.57,8.57,1,0
1101_1656,23.71185,74.0351,1,1,2023-05-15,2023-05-15,0,1.88,1.88,1,0
1101_284,23.70979,69.03562,1,1,2023-06-09,2023-06-09,0,5.15,5.15,1,0
1101_285,23.71068,69.0401,1,1,2023-06-09,2023-06-09,0,6.15,6.15,1,0
1101_398,23.71226,69.45107,1,1,2023-06-02,2023-06-02,0,15.66,15.66,1,0
1101_793,23.71175,70.89169,1,1,2023-11-06,2023-11-06,0,2.6,2.6,1,0
1102_1063,23.7131,71.87202,1,1,2023-11-05,2023-11-05,0,2.71,2.71,1,0
1102_1064,23.713445,71.87732,2,2,2023-11-05,2023-11-21,16,3.435,4.36,2,0
1102_1065,23.71445,71.88016,1,1,2023-11-05,2023-11-05,0,4.36,4.36,1,0
1102_1505,23.713,73.484355,2,1,2023-03-02,2023-03-02,0,1.5699999999999998,1.94,0,2
1102_284,23.7141,69.03455,1,1,2023-06-09,2023-06-09,0,12.63,12.63,1,0
1102_285,23.715,69.03904,1,1,2023-06-09,2023-06-09,0,10.95,10.95,1,0
1102_399,23.71281,69.45499,1,1,2023-06-02,2023-06-02,0,15.66,15.66,1,0
1102_853,23.715,71.10854,1,1,2023-04-09,2023-04-09,0,21.4,21.4,1,0
1103_1063,23.71586,71.87381,1,1,2023-11-21,2023-11-21,0,3.79,3.79,1,0
1103_1064,23.716875,71.876645,2,2,2023-11-05,2023-11-21,16,3.435,4.36,2,0
1103_1065,23.717555,71.88071500000001,2,2,2023-11-05,2023-11-21,16,3.435,4.36,2,0
1103_1599,23.71776,73.82522,1,1,2023-04-19,2023-04-19,0,3.34,3.34,1,0
1103_737,23.71776,70.68468,1,1,2023-10-29,2023-10-29,0,4.24,4.24,1,0
1104_1063,23.72064,71.87473,1,1,2023-11-05,2023-11-05,0,4.08,4.08,1,0
1104_1770,23.7207,74.44724,1,1,2023-05-12,2023-05-12,0,4.09,4.09,0,1
1104_1771,23.72153,74.45374,1,1,2023-03-16,2023-03-16,0,6.29,6.29,1,0
1104_1773,23.72043,74.45907,1,1,2023-04-08,2023-04-08,0,1.21,1.21,0,1
1104_360,23.72104,69.31331,1,1,2023-03-09,2023-03-09,0,6.8,6.8,1,0
1104_853,23.71931,71.10798,1,1,2023-04-09,2023-04-09,0,9.75,9.75,1,0
1105_1607,23.7239,73.85666,1,1,2023-04-14,2023-04-14,0,2.37,2.37,1,0
1105_1640,23.72538,73.97562,1,1,2023-05-10,2023-05-10,0,11.66,11.66,1,0
1105_1678,23.7229,74.113,1,1,2023-04-19,2023-04-19,0,8.38,8.38,1,0
1105_1771,23.72472,74.45172,1,1,2023-03-31,2023-03-31,0,0.41,0.41,0,1
1105_357,23.72423,69.30224,1,1,2023-04-08,2023-04-08,0,13.64,13.64,1,0
1106_1074,23.72659,71.91384,1,1,2023-02-21,2023-02-21,0,2.32,2.32,1,0
1106_1496,23.72657,73.45244,1,1,2023-04-21,2023-04-21,0,7.77,7.77,1,0
1106_317,23.72686,69.15546,1,1,2023-02-12,2023-02-12,0,0.32,0.32,0,1
1106_357,23.72638,69.30347,1,1,2023-03-27,2023-03-27,0,4.26,4.26,1,0
1106_358,23.72728,69.30395,1,1,2023-03-27,2023-03-27,0,3.84,3.84,1,0
1106_396,23.72767,69.44456,1,1,2023-11-14,2023-11-14,0,6.77,6.77,1,0
1106_501,23.72614,69.82767,1,1,2023-04-08,2023-04-08,0,4.27,4.27,1,0
1107_1496,23.73004,73.45186,1,1,2023-04-21,2023-04-21,0,7.77,7.77,1,0
1107_1756,23.731835,74.39695,2,1,2023-03-13,2023-03-13,0,1.025,1.28,0,2
1107_389,23.73016,69.41956,1,1,2023-09-27,2023-09-27,0,7.74,7.74,1,0
1107_390,23.73075,69.424,1,1,2023-09-27,2023-09-27,0,7.74,7.74,1,0
1107_396,23.73127,69.444,1,1,2023-11-14,2023-11-14,0,6.77,6.77,1,0
1107_440,23.73081,69.60373,1,1,2023-04-09,2023-04-09,0,32.51,32.51,1,0
1108_1761,23.73252,74.41753,1,1,2023-03-13,2023-03-13,0,1.17,1.17,0,1
1108_1762,23.73256,74.42008,1,1,2023-03-13,2023-03-13,0,1.19,1.19,0,1
1108_1771,23.73515,74.45369,1,1,2023-04-05,2023-04-05,0,7.99,7.99,1,0
1108_341,23.73406,69.24303,1,1,2023-10-02,2023-10-02,0,2.32,2.32,1,0
1108_389,23.73375,69.41901,1,1,2023-09-27,2023-09-27,0,3.02,3.02,1,0
1108_390,23.73434,69.42345,1,1,2023-09-27,2023-09-27,0,3.02,3.02,1,0
1108_396,23.73486,69.44346,1,1,2023-11-14,2023-11-14,0,5.06,5.06,1,0
1108_407,23.73479,69.48244,1,1,2023-06-03,2023-06-03,0,55.05,55.05,1,0
1108_408,23.73556,69.48682,1,1,2023-06-03,2023-06-03,0,55.05,55.05,1,0
1109_406,23.73835,69.48172,1,1,2023-06-03,2023-06-03,0,53.04,53.04,1,0
1109_408,23.73911,69.48611,1,1,2023-06-03,2023-06-03,0,53.04,53.04,1,0
1109_409,23.73633,69.49122,1,1,2023-06-03,2023-06-03,0,77.84,77.84,1,0
110_1455,20.3714,73.30182,1,1,2023-04-16,2023-04-16,0,0.45,0.45,0,1
110_1488,20.37235,73.42106,1,1,2023-05-16,2023-05-16,0,3.21,3.21,1,0
110_1525,20.3739,73.55659,1,1,2023-05-18,2023-05-18,0,9.1,9.1,1,0
1110_1535,23.74225,73.59454,1,1,2023-04-21,2023-04-21,0,13.01,13.01,1,0
1110_1705,23.74184,74.21132,1,1,2023-06-01,2023-06-01,0,3.11,3.11,1,0
1110_1757,23.74225,74.40148500000001,2,1,2023-03-13,2023-03-13,0,1.475,1.82,0,2
1111_1617,23.74422,73.893,1,1,2023-04-14,2023-04-14,0,2.26,2.26,1,0
1111_1647,23.74512,74.00166,1,1,2023-04-27,2023-04-27,0,7.57,7.57,1,0
1111_1682,23.74515,74.12724,1,1,2023-05-23,2023-05-23,0,17.54,17.54,1,0
1111_1756,23.74317,74.39916,1,1,2023-03-13,2023-03-13,0,1.13,1.13,0,1
1111_246,23.743615,68.898475,2,1,2023-05-10,2023-05-10,0,4.26,4.65,2,0
1111_516,23.74512,69.88123,1,1,2023-06-09,2023-06-09,0,11.79,11.79,1,0
1112_1301,23.749,72.74035,1,1,2023-05-10,2023-05-10,0,5.04,5.04,1,0
1112_1613,23.74856,73.8759,1,1,2023-04-11,2023-04-11,0,4.73,4.73,1,0
1112_1682,23.74871,74.12669,1,1,2023-05-23,2023-05-23,0,40.17,40.17,1,0
1112_1757,23.7475,74.40194,1,1,2023-03-13,2023-03-13,0,0.94,0.94,0,1
1113_1072,23.74937,71.90781,1,1,2023-05-15,2023-05-15,0,3.61,3.61,1,0
1113_1617,23.74991,73.89227,1,1,2023-04-14,2023-04-14,0,2.26,2.26,1,0
1113_1759,23.75024,74.4069,1,1,2023-03-14,2023-03-14,0,8.67,8.67,1,0
1113_350,23.75113,69.2774,1,1,2023-06-11,2023-06-11,0,6.44,6.44,1,0
1114_1647,23.75273,73.99943,1,1,2023-04-25,2023-04-25,0,2.77,2.77,1,0
1114_1758,23.75391,74.40602,1,1,2023-03-14,2023-03-14,0,0.91,0.91,0,1
1115_1091,23.75876,71.97519,1,1,2023-10-30,2023-10-30,0,12.41,12.41,1,0
1115_1738,23.75613,74.33112,1,1,2023-02-28,2023-02-28,0,7.78,7.78,1,0
1116_1655,23.76201,74.03053,1,1,2023-04-18,2023-04-18,0,12.09,12.09,1,0
1116_1656,23.7621,74.03311,1,1,2023-04-18,2023-04-18,0,17.64,17.64,1,0
1117_1493,23.76331,73.43947,1,1,2023-04-06,2023-04-06,0,5.7,5.7,1,0
1117_1657,23.76315,74.03592,1,1,2023-04-18,2023-04-18,0,11.19,11.19,1,0
1117_245,23.7639,68.89282,1,1,2023-06-07,2023-06-07,0,5.07,5.07,1,0
1118_1314,23.76688,72.78757,1,1,2023-02-06,2023-02-06,0,1.87,1.87,1,0
1118_354,23.767755,69.29184000000001,2,1,2023-05-10,2023-05-10,0,17.56,21.97,2,0
1118_355,23.76777,69.2945,1,1,2023-05-10,2023-05-10,0,15.21,15.21,1,0
1118_876,23.76879,71.1927,1,1,2023-02-14,2023-02-14,0,3.26,3.26,1,0
1119_1717,23.77078,74.25632,1,1,2023-05-04,2023-05-04,0,3.71,3.71,1,0
1119_504,23.7702,69.83836,1,1,2023-05-10,2023-05-10,0,2.49,2.49,1,0
1120_1505,23.77331,73.48298,1,1,2023-04-21,2023-04-21,0,8.94,8.94,1,0
1120_1718,23.77391,74.25848,1,1,2023-05-04,2023-05-04,0,3.87,3.87,1,0
1120_178,23.775,68.64884,1,1,2023-03-19,2023-03-19,0,9.8,9.8,1,0
1121_1170,23.77745,72.26353,1,1,2023-03-03,2023-03-03,0,1.75,1.75,1,0
1121_1736,23.77742,74.32437,1,1,2023-03-20,2023-03-20,0,3.72,3.72,1,0
1121_177,23.77891,68.64523,1,1,2023-12-01,2023-12-01,0,0.96,0.96,0,1
1122_1168,23.78148,72.25583,1,1,2023-12-23,2023-12-23,0,0.59,0.59,0,1
1122_1249,23.78213,72.55175,1,1,2023-12-01,2023-12-01,0,1.75,1.75,1,0
1122_1667,23.78104,74.07375,1,1,2023-06-02,2023-06-02,0,5.77,5.77,1,0
1122_1735,23.78277,74.32253,1,1,2023-04-21,2023-04-21,0,16.09,16.09,1,0
1122_422,23.77986,69.53889,1,1,2023-04-19,2023-04-19,0,12.29,12.29,1,0
1122_423,23.78027,69.5423,1,1,2023-04-19,2023-04-19,0,15.59,15.59,1,0
1122_424,23.780625,69.54618500000001,2,1,2023-04-19,2023-04-19,0,13.94,15.59,2,0
1123_1167,23.785539999999997,72.25334,3,3,2023-10-08,2023-11-04,27,8.56,14.43,3,0
1123_1168,23.78564,72.25761,1,1,2023-10-15,2023-10-15,0,2.6,2.6,1,0
1123_1169,23.78618,72.25857,1,1,2023-10-08,2023-10-08,0,14.43,14.43,1,0
1123_1490,23.78631,73.42767,1,1,2023-04-23,2023-04-23,0,1.22,1.22,0,1
1123_1672,23.784215,74.09121999999999,2,1,2023-04-18,2023-04-18,0,5.4350000000000005,6.74,2,0
1123_1734,23.78443,74.31823,2,1,2023-04-21,2023-04-21,0,18.81,25.77,2,0
1123_1735,23.78637,74.32195,1,1,2023-04-21,2023-04-21,0,12.74,12.74,1,0
1123_1736,23.78364,74.32337,1,1,2023-04-21,2023-04-21,0,16.41,16.41,1,0
1123_421,23.78416,69.53622,1,1,2023-10-30,2023-10-30,0,2.23,2.23,1,0
1123_422,23.78421,69.539715,2,2,2023-05-20,2023-10-30,163,5.855,9.48,2,0
1123_647,23.7848,70.35943,1,1,2023-11-14,2023-11-14,0,16.61,16.61,1,0
1123_649,23.7854,70.36438,1,1,2023-11-14,2023-11-14,0,8.29,8.29,1,0
1124_1167,23.78975,72.25291,1,1,2023-11-04,2023-11-04,0,2.99,2.99,1,0
1124_1168,23.78645,72.25758,1,1,2023-10-12,2023-10-12,0,3.42,3.42,1,0
1124_1457,23.78874,73.31038,1,1,2023-04-23,2023-04-23,0,2.72,2.72,0,1
1124_1736,23.78803,74.32419,1,1,2023-02-16,2023-02-16,0,5.02,5.02,1,0
1124_421,23.78681,69.53466,1,1,2023-05-20,2023-05-20,0,4.5,4.5,1,0
1124_422,23.78807,69.5398,1,1,2023-05-20,2023-05-20,0,4.5,4.5,1,0
1124_647,23.78856,70.35886,1,1,2023-11-14,2023-11-14,0,16.61,16.61,1,0
1125_1058,23.792135000000002,71.85466500000001,2,2,2023-01-21,2023-02-06,16,5.805,9.84,2,0
1126_1058,23.79557,71.85454,1,1,2023-01-21,2023-01-21,0,7.53,7.53,1,0
1126_413,23.79474,69.50502,1,1,2023-05-17,2023-05-17,0,10.1,10.1,1,0
1129_1527,23.80481,73.56454,1,1,2023-01-08,2023-01-08,0,0.48,0.48,0,1
1129_1562,23.80523,73.69267,1,1,2023-03-26,2023-03-26,0,3.6,3.6,1,0
1129_860,23.80394,71.1358,1,1,2023-05-16,2023-05-16,0,10.35,10.35,1,0
112_1466,20.37885,73.34236,1,1,2023-04-21,2023-04-21,0,0.57,0.57,0,1
112_1570,20.37893,73.72151,1,1,2023-05-18,2023-05-18,0,6.61,6.61,1,0
112_1629,20.37873,73.93631,1,1,2023-06-02,2023-06-02,0,2.72,2.72,1,0
112_1649,20.37737,74.00855,1,1,2023-04-27,2023-04-27,0,5.77,5.77,1,0
112_1725,20.38029,74.28429,1,1,2023-05-29,2023-05-29,0,20.58,20.58,1,0
1130_1168,23.80874,72.25526,1,1,2023-02-21,2023-02-21,0,1.96,1.96,1,0
1130_1313,23.80853,72.78585,1,1,2023-10-01,2023-10-01,0,3.52,3.52,1,0
1130_1596,23.80734,73.81516,1,1,2023-04-24,2023-04-24,0,4.66,4.66,1,0
1131_1313,23.81215,72.78318,1,1,2023-09-01,2023-09-01,0,4.04,4.04,1,0
1131_1735,23.81033,74.32101,1,1,2023-05-13,2023-05-13,0,0.64,0.64,0,1
1131_1747,23.811909999999997,74.36366000000001,2,1,2023-04-22,2023-04-22,0,1.295,1.54,0,2
1131_337,23.81304,69.228,1,1,2023-11-28,2023-11-28,0,5.15,5.15,1,0
1132_1313,23.81462,72.78462666666667,3,2,2023-10-01,2023-10-05,4,4.226666666666667,5.83,3,0
1132_1746,23.81492,74.36255,1,1,2023-05-31,2023-05-31,0,12.79,12.79,1,0
1132_1747,23.8142,74.36481,1,1,2023-04-22,2023-04-22,0,1.05,1.05,0,1
1132_1749,23.8135,74.37068,1,1,2023-04-22,2023-04-22,0,11.91,11.91,1,0
1133_1454,23.81845,73.2968,1,1,2023-03-31,2023-03-31,0,4.47,4.47,1,0
1133_1661,23.81839,74.05112,1,1,2023-05-18,2023-05-18,0,2.62,2.62,1,0
1134_1124,23.82085,72.09732,1,1,2023-09-03,2023-09-03,0,0.79,0.79,0,1
1134_1147,23.82273,72.17987,1,1,2023-01-28,2023-01-28,0,2.85,2.85,1,0
1135_1387,23.82372,73.05331,1,1,2023-05-25,2023-05-25,0,1.07,1.07,1,0
1135_1618,23.82569,73.89657,1,1,2023-02-26,2023-02-26,0,10.29,10.29,1,0
1136_1615,23.82775,73.88257,1,1,2023-02-06,2023-02-06,0,2.13,2.13,1,0
1136_337,23.82975,69.23026,1,1,2023-03-01,2023-03-01,0,4.69,4.69,1,0
1137_988,23.83111,71.60181,1,1,2023-04-23,2023-04-23,0,1.21,1.21,0,1
1137_989,23.8325,71.60243,1,1,2023-04-23,2023-04-23,0,1.12,1.12,0,1
1138_1723,23.83645,74.27728,1,1,2023-05-09,2023-05-09,0,8.78,8.78,1,0
1138_1724,23.83552,74.28045,1,1,2023-04-05,2023-04-05,0,6.75,6.75,1,0
1139_1506,23.83952,73.48794,1,1,2023-03-10,2023-03-10,0,6.66,6.66,1,0
1139_475,23.83864,69.73345,1,1,2023-06-02,2023-06-02,0,6.39,6.39,1,0
1139_478,23.8395,69.74264,1,1,2023-06-12,2023-06-12,0,14.04,14.04,1,0
113_1500,20.38254,73.46578,1,1,2023-06-01,2023-06-01,0,0.85,0.85,1,0
113_1522,20.382,73.54517,1,1,2023-05-19,2023-05-19,0,6.79,6.79,1,0
113_1551,20.38315,73.65252,1,1,2023-05-30,2023-05-30,0,6.38,6.38,1,0
1140_1103,23.84048,72.01775,1,1,2023-02-15,2023-02-15,0,4.09,4.09,1,0
1140_1684,23.84065,74.13412,1,1,2023-11-15,2023-11-15,0,2.35,2.35,1,0
1140_1696,23.841254999999997,74.17866000000001,2,1,2023-05-10,2023-05-10,0,4.47,5.05,2,0
1140_1697,23.84185,74.1831,1,1,2023-05-10,2023-05-10,0,4.01,4.01,1,0
1140_638,23.84332,70.32442,1,1,2023-11-12,2023-11-12,0,4.87,4.87,1,0
1141_1549,23.84589,73.64231,1,1,2023-03-04,2023-03-04,0,2.57,2.57,1,0
1141_1669,23.84562,74.07956,1,1,2023-04-19,2023-04-19,0,20.83,20.83,1,0
1141_1670,23.84517,74.084325,2,1,2023-04-19,2023-04-19,0,30.28,38.34,2,0
1141_1671,23.84474,74.08899,1,1,2023-04-19,2023-04-19,0,22.22,22.22,1,0
1141_1672,23.84638,74.0907,1,1,2023-04-19,2023-04-19,0,38.34,38.34,1,0
1141_1738,23.84575,74.33167,1,1,2023-05-10,2023-05-10,0,7.71,7.71,1,0
1141_937,23.84414,71.41483,1,1,2023-04-02,2023-04-02,0,3.27,3.27,1,0
1142_1459,23.84929,73.31422,1,1,2023-04-24,2023-04-24,0,1.2,1.2,0,1
1142_1505,23.848489999999998,73.48334,2,1,2023-03-11,2023-03-11,0,1.555,1.88,2,0
1142_1667,23.84742,74.07224,1,1,2023-05-15,2023-05-15,0,0.71,0.71,0,1
1142_1748,23.84802,74.36987,1,1,2023-04-19,2023-04-19,0,0.81,0.81,0,1
1142_937,23.848,71.41502,1,1,2023-04-02,2023-04-02,0,3.13,3.13,1,0
1143_1458,23.85127,73.31406,1,1,2023-04-24,2023-04-24,0,2.13,2.13,0,1
1143_1670,23.85068,74.08295,1,1,2023-04-19,2023-04-19,0,18.88,18.88,1,0
1143_1671,23.8511,74.08849,1,1,2023-04-19,2023-04-19,0,18.88,18.88,1,0
1143_1747,23.85168,74.36633,1,1,2023-04-19,2023-04-19,0,1.62,1.62,0,1
1143_1749,23.85308,74.37395,1,1,2023-04-19,2023-04-19,0,3.05,3.05,1,0
1143_1750,23.85297,74.37568,1,1,2023-04-19,2023-04-19,0,3.13,3.13,1,0
1143_858,23.85229,71.12588,1,1,2023-12-29,2023-12-29,0,2.59,2.59,1,0
1144_1459,23.85544,73.31561,1,1,2023-04-24,2023-04-24,0,1.2,1.2,0,1
1144_1751,23.85432,74.37914,1,1,2023-04-19,2023-04-19,0,3.05,3.05,1,0
1144_1783,23.85573,74.49535,1,1,2023-04-11,2023-04-11,0,1.28,1.28,0,1
1145_1748,23.85782,74.3668,1,1,2023-04-19,2023-04-19,0,3.05,3.05,1,0
1145_1749,23.858815,74.37208000000001,2,1,2023-04-19,2023-04-19,0,4.465,5.88,2,0
1145_1750,23.859516666666664,74.37658666666665,3,1,2023-04-19,2023-04-19,0,3.85,4.64,3,0
1145_1751,23.860120000000002,74.37911,2,1,2023-04-19,2023-04-19,0,2.875,3.05,2,0
1145_479,23.85944,69.74587,1,1,2023-02-27,2023-02-27,0,4.71,4.71,1,0
1146_1034,23.86279,71.7684,1,1,2023-02-12,2023-02-12,0,4.33,4.33,1,0
1146_1088,23.86171,71.96428,1,1,2023-05-23,2023-05-23,0,1.84,1.84,1,0
1146_1506,23.86273,73.4866,1,1,2023-02-28,2023-02-28,0,1.9,1.9,0,1
1146_1514,23.86212,73.51725,1,1,2023-12-23,2023-12-23,0,4.52,4.52,1,0
1146_1711,23.86226,74.23254,1,1,2023-02-17,2023-02-17,0,2.97,2.97,1,0
1147_1505,23.8639,73.48282,1,1,2023-02-28,2023-02-28,0,0.96,0.96,0,1
1147_1736,23.86656,74.32386,1,1,2023-02-22,2023-02-22,0,2.28,2.28,1,0
1147_1757,23.86615,74.40029,1,1,2023-04-10,2023-04-10,0,8.44,8.44,1,0
1147_1758,23.86682,74.40575,1,1,2023-04-10,2023-04-10,0,8.44,8.44,1,0
1148_1471,23.87037,73.35783,1,1,2023-04-16,2023-04-16,0,6.52,6.52,1,0
1148_1476,23.87053,73.37887,1,1,2023-04-21,2023-04-21,0,4.87,4.87,1,0
1148_1478,23.86777,73.38489,1,1,2023-04-20,2023-04-20,0,5.28,5.28,1,0
1148_1736,23.86987,74.32327,1,1,2023-02-22,2023-02-22,0,2.28,2.28,1,0
1148_1761,23.87005,74.41756,1,1,2023-04-10,2023-04-10,0,1.96,1.96,0,1
1149_1570,23.87071,73.72083,1,1,2023-11-10,2023-11-10,0,0.36,0.36,0,1
1149_1700,23.8714,74.19421,1,1,2023-02-10,2023-02-10,0,5.25,5.25,1,0
1149_1701,23.87216,74.19569,1,1,2023-04-02,2023-04-02,0,3.46,3.46,1,0
1149_1758,23.87078,74.40524,1,1,2023-04-10,2023-04-10,0,15.55,15.55,1,0
114_1410,20.38687,73.13818,1,1,2023-02-26,2023-02-26,0,0.47,0.47,0,1
114_1487,20.3844,73.41666,1,1,2023-05-08,2023-05-08,0,4.57,4.57,1,0
114_1552,20.3857,73.65376,1,1,2023-05-31,2023-05-31,0,4.81,4.81,1,0
1150_1473,23.87725,73.36596,1,1,2023-04-21,2023-04-21,0,3.49,3.49,1,0
1150_1474,23.87629,73.3693,1,1,2023-04-21,2023-04-21,0,2.48,2.48,1,0
1150_1750,23.87569,74.37556,1,1,2023-04-03,2023-04-03,0,7.41,7.41,1,0
1150_1756,23.87445,74.39824,1,1,2023-04-09,2023-04-09,0,2.38,2.38,0,1
1151_1736,23.87979,74.32557,1,1,2023-03-03,2023-03-03,0,3.55,3.55,1,0
1151_1755,23.87824,74.3941,1,1,2023-04-10,2023-04-10,0,1.43,1.43,0,1
1152_1755,23.88193,74.39502,1,1,2023-04-10,2023-04-10,0,1.07,1.07,0,1
1152_1756,23.88227,74.39594,1,1,2023-04-11,2023-04-11,0,10.82,10.82,1,0
1153_1146,23.88721,72.17603,1,1,2023-10-29,2023-10-29,0,3.71,3.71,1,0
1153_1420,23.88664,73.1754,1,1,2023-04-14,2023-04-14,0,4.51,4.51,1,0
1153_1480,23.88595,73.39375,1,1,2023-05-08,2023-05-08,0,1.91,1.91,1,0
1153_600,23.88717,70.18823,1,1,2023-06-10,2023-06-10,0,5.59,5.59,1,0
1154_1515,23.8905,73.51938,1,1,2023-03-27,2023-03-27,0,2.73,2.73,1,0
1154_1745,23.88983,74.35846,1,1,2023-05-10,2023-05-10,0,3.07,3.07,1,0
1154_1746,23.89078,74.36253,1,1,2023-05-10,2023-05-10,0,8.51,8.51,1,0
1154_858,23.88835,71.12812,1,1,2023-10-03,2023-10-03,0,3.47,3.47,1,0
1155_1088,23.8912,71.96623,1,1,2023-02-05,2023-02-05,0,4.75,4.75,1,0
1155_1477,23.89083,73.38001,1,1,2023-04-22,2023-04-22,0,1.41,1.41,0,1
1155_1746,23.89381,74.36201,1,1,2023-05-10,2023-05-10,0,9.95,9.95,1,0
1156_1529,23.89654,73.57249,1,1,2023-11-16,2023-11-16,0,2.41,2.41,1,0
1156_1746,23.89692,74.35955,1,1,2023-05-09,2023-05-09,0,2.54,2.54,0,1
1157_1210,23.89892,72.40948,1,1,2023-10-03,2023-10-03,0,2.85,2.85,1,0
1157_1671,23.90086,74.0866,1,1,2023-05-20,2023-05-20,0,10.69,10.69,1,0
1157_946,23.89816,71.44663,1,1,2023-01-04,2023-01-04,0,3.83,3.83,1,0
1158_1078,23.904,71.92686,1,1,2023-12-12,2023-12-12,0,3.33,3.33,1,0
1158_1658,23.90372,74.03893,1,1,2023-05-22,2023-05-22,0,13.91,13.91,1,0
1158_884,23.903215,71.22079,2,2,2023-01-26,2023-02-11,16,2.545,3.04,2,0
1158_885,23.902755,71.22365500000001,2,2,2023-01-26,2023-11-21,299,4.025,4.23,2,0
1158_963,23.90333,71.50864,1,1,2023-12-07,2023-12-07,0,1.9,1.9,1,0
1159_874,23.90516,71.18413,1,1,2023-02-27,2023-02-27,0,2.31,2.31,1,0
1159_883,23.90551,71.21927,1,1,2023-01-26,2023-01-26,0,2.54,2.54,1,0
1159_884,23.906875,71.22209000000001,2,2,2023-01-26,2023-02-11,16,2.885,3.46,2,0
1159_885,23.90674,71.22699,1,1,2023-01-26,2023-01-26,0,2.31,2.31,1,0
1159_886,23.90697,71.2271,1,1,2023-11-21,2023-11-21,0,2.85,2.85,1,0
1159_887,23.90552,71.23219,1,1,2023-11-05,2023-11-05,0,4.52,4.52,1,0
115_1387,20.388080000000002,73.05251,2,1,2023-04-22,2023-04-22,0,3.015,3.58,2,0
115_1603,20.38859,73.84041,1,1,2023-04-05,2023-04-05,0,6.76,6.76,1,0
115_1692,20.39017,74.16473,1,1,2023-05-22,2023-05-22,0,13.34,13.34,1,0
115_1693,20.39072,74.1694,1,1,2023-05-22,2023-05-22,0,13.34,13.34,1,0
1160_874,23.90851,71.18349,1,1,2023-02-27,2023-02-27,0,2.31,2.31,1,0
1160_875,23.90914,71.18737,1,1,2023-02-27,2023-02-27,0,4.96,4.96,1,0
1160_882,23.90824,71.21477,1,1,2023-01-26,2023-01-26,0,2.54,2.54,1,0
1160_883,23.90885,71.21864,1,1,2023-01-26,2023-01-26,0,2.54,2.54,1,0
1160_884,23.90947,71.2225,1,1,2023-01-26,2023-01-26,0,2.31,2.31,1,0
1160_887,23.908365,71.231425,2,2,2023-11-05,2023-11-21,16,3.06,3.73,2,0
1161_1681,23.91165,74.12297,1,1,2023-05-15,2023-05-15,0,4.67,4.67,1,0
1161_1697,23.9139,74.18272,1,1,2023-03-26,2023-03-26,0,5.72,5.72,1,0
1161_1751,23.91159,74.37829,1,1,2023-04-04,2023-04-04,0,0.91,0.91,0,1
1161_873,23.91187,71.18285,1,1,2023-02-27,2023-02-27,0,2.1,2.1,1,0
1161_874,23.9125,71.18672,1,1,2023-02-27,2023-02-27,0,2.66,2.66,1,0
1161_875,23.91313,71.19061,1,1,2023-02-27,2023-02-27,0,2.66,2.66,1,0
1162_1080,23.91456,71.93581,1,1,2023-12-23,2023-12-23,0,5.26,5.26,1,0
1162_1462,23.91537,73.32652,1,1,2023-04-05,2023-04-05,0,0.8,0.8,0,1
1162_1750,23.91704,74.37445,1,1,2023-04-04,2023-04-04,0,0.91,0.91,0,1
1162_876,23.91663,71.19144,1,1,2023-02-11,2023-02-11,0,1.97,1.97,1,0
1162_882,23.91492,71.2135,1,1,2023-01-26,2023-01-26,0,4.27,4.27,1,0
1162_999,23.91556,71.64134,1,1,2023-11-21,2023-11-21,0,2.37,2.37,1,0
1163_1663,23.92022,74.05744,1,1,2023-06-11,2023-06-11,0,2.7,2.7,1,0
1163_882,23.91827,71.21286,1,1,2023-01-26,2023-01-26,0,3.28,3.28,1,0
1163_883,23.91889,71.21672,1,1,2023-01-26,2023-01-26,0,3.28,3.28,1,0
1163_998,23.91832,71.63653,1,1,2023-11-21,2023-11-21,0,7.78,7.78,1,0
1163_999,23.91861,71.63975500000001,2,2,2023-11-21,2023-12-07,16,5.415,7.78,2,0
1165_1259,23.92579,72.58741,1,1,2023-04-20,2023-04-20,0,2.14,2.14,1,0
1165_726,23.92451,70.64457,1,1,2023-05-12,2023-05-12,0,1.34,1.34,1,0
1165_727,23.92506,70.64842,1,1,2023-05-12,2023-05-12,0,4.28,4.28,1,0
1165_915,23.92554,71.33363,1,1,2023-03-17,2023-03-17,0,1.89,1.89,1,0
1165_962,23.9266,71.50426,1,1,2023-05-30,2023-05-30,0,1.55,1.55,1,0
1165_999,23.92581,71.64162,1,1,2023-12-07,2023-12-07,0,2.56,2.56,1,0
1166_1683,23.9303,74.13001,1,1,2023-04-27,2023-04-27,0,8.02,8.02,1,0
1167_909,23.93252,71.31296,1,1,2023-01-21,2023-01-21,0,2.29,2.29,1,0
1169_1385,23.93928,73.04652,1,1,2023-11-12,2023-11-12,0,0.66,0.66,0,1
116_1328,20.39145,72.83967,1,1,2023-03-24,2023-03-24,0,2.23,2.23,1,0
116_1401,20.39411,73.10609,1,1,2023-04-21,2023-04-21,0,0.45,0.45,0,1
116_1489,20.39383,73.42566,1,1,2023-04-28,2023-04-28,0,3.38,3.38,1,0
116_1504,20.39194,73.48022,1,1,2023-03-01,2023-03-01,0,8.31,8.31,1,0
116_1505,20.39264,73.48358,1,1,2023-03-01,2023-03-01,0,8.31,8.31,1,0
116_1574,20.39098,73.73651,1,1,2023-04-21,2023-04-21,0,7.51,7.51,1,0
116_1693,20.3917,74.1664,1,1,2023-05-22,2023-05-22,0,25.27,25.27,1,0
1170_1455,23.94386,73.30161,1,1,2023-03-26,2023-03-26,0,2.05,2.05,1,0
1171_1010,23.94567,71.679,1,1,2023-09-08,2023-09-08,0,1.26,1.26,1,0
1171_1762,23.94743,74.41974,1,1,2023-03-27,2023-03-27,0,0.65,0.65,0,1
1173_1748,23.95251,74.36674,1,1,2023-05-24,2023-05-24,0,4.99,4.99,1,0
1173_1764,23.95218,74.42573,1,1,2023-03-14,2023-03-14,0,7.93,7.93,1,0
1175_1662,23.9605,74.05447,1,1,2023-05-17,2023-05-17,0,13.16,13.16,1,0
1175_502,23.96075,69.82924,1,1,2023-04-20,2023-04-20,0,10.83,10.83,1,0
1176_1463,23.96288,73.32977,1,1,2023-04-26,2023-04-26,0,0.83,0.83,0,1
1176_1471,23.9638,73.35849,1,1,2023-02-15,2023-02-15,0,1.4,1.4,0,1
1176_1580,23.96391,73.75526,1,1,2023-04-09,2023-04-09,0,4.03,4.03,1,0
1177_1449,23.96795,73.2809,1,1,2023-04-26,2023-04-26,0,0.64,0.64,0,1
1177_1451,23.96716,73.28533,1,1,2023-04-26,2023-04-26,0,0.64,0.64,0,1
1178_1359,23.96958,72.95171,1,1,2023-03-04,2023-03-04,0,2.85,2.85,1,0
1178_1448,23.97097,73.27766,1,1,2023-04-27,2023-04-27,0,2.39,2.39,1,0
1178_1450,23.97148,73.28162,1,1,2023-04-26,2023-04-26,0,0.64,0.64,0,1
1179_1446,23.97311,73.26939,1,1,2023-05-13,2023-05-13,0,4.4,4.4,1,0
1179_1447,23.97328,73.27374,1,1,2023-05-12,2023-05-12,0,8.59,8.59,1,0
1179_1450,23.97499,73.28239,1,1,2023-04-26,2023-04-26,0,0.36,0.36,0,1
1179_1463,23.97348,73.33195,1,1,2023-04-26,2023-04-26,0,0.74,0.74,0,1
1179_1750,23.97312,74.375565,2,1,2023-03-07,2023-03-07,0,2.505,2.68,2,0
117_1333,20.39554,72.85772,1,1,2023-02-16,2023-02-16,0,2.8,2.8,1,0
117_1487,20.39726,73.41691,1,1,2023-04-02,2023-04-02,0,1.39,1.39,1,0
117_1513,20.39675,73.51376,1,1,2023-05-24,2023-05-24,0,3.53,3.53,1,0
117_1716,20.3957,74.25284,1,1,2023-04-04,2023-04-04,0,2.35,2.35,0,1
117_1784,20.39721,74.49805,1,1,2023-04-10,2023-04-10,0,3.99,3.99,1,0
1180_1190,23.97826,72.33741,1,1,2023-02-20,2023-02-20,0,3.32,3.32,1,0
1180_1446,23.97643,73.26878,1,1,2023-05-13,2023-05-13,0,4.4,4.4,1,0
1180_1465,23.97626,73.33694,1,1,2023-04-26,2023-04-26,0,1.37,1.37,0,1
1180_1471,23.97689,73.35862,1,1,2023-05-13,2023-05-13,0,7.32,7.32,1,0
1180_1474,23.97729,73.3692,1,1,2023-02-25,2023-02-25,0,4.09,4.09,1,0
1180_1476,23.97833,73.3795,1,1,2023-03-04,2023-03-04,0,1.47,1.47,0,1
1180_1483,23.97519,73.40319,1,1,2023-04-28,2023-04-28,0,7.37,7.37,1,0
1181_1462,23.97909,73.32561,1,1,2023-04-08,2023-04-08,0,3.53,3.53,1,0
1181_1475,23.97898,73.3756,1,1,2023-03-04,2023-03-04,0,1.47,1.47,0,1
1181_1479,23.97882,73.38764,1,1,2023-04-20,2023-04-20,0,4.81,4.81,1,0
1181_1483,23.9792,73.40234,1,1,2023-04-28,2023-04-28,0,8.75,8.75,1,0
1182_1481,23.98385,73.39739,1,1,2023-04-26,2023-04-26,0,1.25,1.25,0,1
1182_1483,23.98402,73.40406,1,1,2023-04-27,2023-04-27,0,2.77,2.77,1,0
1182_1698,23.98402,74.1875,1,1,2023-11-23,2023-11-23,0,2.96,2.96,1,0
1182_1704,23.98224,74.2086,1,1,2023-04-12,2023-04-12,0,5.49,5.49,1,0
1182_1747,23.98328,74.3661,1,1,2023-04-06,2023-04-06,0,0.71,0.71,0,1
1183_1685,23.98738,74.13837,1,1,2023-04-25,2023-04-25,0,4.14,4.14,1,0
1184_1465,23.990705,73.33815999999999,2,1,2023-04-15,2023-04-15,0,11.115,12.22,2,0
1184_1466,23.99137,73.34195,1,1,2023-04-15,2023-04-15,0,6.64,6.64,1,0
1184_1482,23.9892,73.39864,1,1,2023-05-07,2023-05-07,0,7.75,7.75,1,0
1186_1057,23.99571,71.85035,1,1,2023-03-27,2023-03-27,0,0.96,0.96,0,1
1187_1482,24.00138,73.39799,1,1,2023-05-14,2023-05-14,0,3.48,3.48,1,0
1188_1452,24.00338,73.29102,1,1,2023-04-23,2023-04-23,0,2.39,2.39,0,1
1188_1756,24.00422,74.39888,1,1,2023-04-08,2023-04-08,0,1.25,1.25,1,0
1189_1452,24.00667,73.2908,1,1,2023-04-22,2023-04-22,0,2.61,2.61,0,1
1189_1482,24.0057,73.40034,1,1,2023-04-18,2023-04-18,0,0.38,0.38,0,1
1189_1724,24.00871,74.28223,1,1,2023-04-15,2023-04-15,0,16.87,16.87,1,0
118_1477,20.40019,73.38116,1,1,2023-05-17,2023-05-17,0,4.08,4.08,1,0
118_1485,20.39985,73.4107,1,1,2023-04-28,2023-04-28,0,3.23,3.23,1,0
1190_1454,24.00964,73.2961,1,1,2023-04-22,2023-04-22,0,1.72,1.72,0,1
1190_1456,24.01176,73.30391,1,1,2023-04-23,2023-04-23,0,1.68,1.68,0,1
1190_1780,24.0105,74.48497,1,1,2023-04-11,2023-04-11,0,5.81,5.81,1,0
1190_992,24.01076,71.61633,1,1,2023-01-10,2023-01-10,0,2.07,2.07,1,0
1191_1743,24.01284,74.34897,1,1,2023-04-23,2023-04-23,0,1.53,1.53,0,1
1191_1745,24.01276,74.35613,1,1,2023-04-25,2023-04-25,0,3.67,3.67,1,0
1191_1779,24.01325,74.48061,1,1,2023-04-11,2023-04-11,0,7.01,7.01,1,0
1191_1780,24.01264,74.48622,1,1,2023-04-10,2023-04-10,0,1.88,1.88,0,1
1191_1781,24.01309,74.48909,1,1,2023-04-10,2023-04-10,0,0.72,0.72,0,1
1192_1456,24.01653,73.30476,1,1,2023-04-23,2023-04-23,0,1.68,1.68,0,1
1192_1728,24.0158,74.2969,1,1,2023-03-02,2023-03-02,0,9.21,9.21,1,0
1192_1730,24.01805,74.3046,1,1,2023-04-24,2023-04-24,0,2.9,2.9,1,0
1192_1780,24.01712,74.48379,1,1,2023-04-11,2023-04-11,0,7.01,7.01,1,0
1193_1493,24.02214,73.44115,1,1,2023-04-08,2023-04-08,0,5.86,5.86,1,0
1193_1494,24.01925,73.44387,1,1,2023-04-08,2023-04-08,0,5.47,5.47,1,0
1193_1776,24.0203,74.46902,1,1,2023-04-09,2023-04-09,0,2.2,2.2,0,1
1193_1777,24.01897,74.47515,1,1,2023-04-09,2023-04-09,0,2.28,2.28,0,1
1193_1783,24.01888,74.4973,1,1,2023-05-13,2023-05-13,0,0.32,0.32,1,0
1194_1738,24.02428,74.33249,1,1,2023-03-27,2023-03-27,0,1.07,1.07,0,1
1194_1740,24.02282,74.3407,1,1,2023-04-23,2023-04-23,0,2.5,2.5,0,1
1194_1783,24.023845,74.49642,2,1,2023-05-13,2023-05-13,0,1.91,3.5,2,0
1195_1773,24.02833,74.45895,1,1,2023-04-18,2023-04-18,0,8.92,8.92,1,0
1195_1784,24.02606,74.49989,1,1,2023-05-13,2023-05-13,0,13.08,13.08,1,0
1195_934,24.0288,71.40488,1,1,2023-12-17,2023-12-17,0,1.45,1.45,1,0
1196_1776,24.02984,74.471385,2,1,2023-04-21,2023-04-21,0,1.435,1.45,0,2
1196_935,24.02937,71.40865,1,1,2023-12-17,2023-12-17,0,3.01,3.01,1,0
1197_1727,24.03523,74.29259,1,1,2023-04-22,2023-04-22,0,11.64,11.64,1,0
1197_1728,24.03551,74.29499,1,1,2023-05-21,2023-05-21,0,1.77,1.77,1,0
1197_1778,24.03301,74.47863,1,1,2023-04-21,2023-04-21,0,41.11,41.11,1,0
1197_1779,24.03359,74.48322,1,1,2023-04-21,2023-04-21,0,25.3,25.3,1,0
1197_1783,24.034105,74.49623,2,1,2023-04-11,2023-04-11,0,19.990000000000002,26.89,2,0
1198_1779,24.03723,74.48267,1,1,2023-04-21,2023-04-21,0,25.3,25.3,1,0
1198_1782,24.03733,74.49394,1,1,2023-02-27,2023-02-27,0,5.7,5.7,1,0
119_1349,20.40409,72.91512,1,1,2023-12-03,2023-12-03,0,0.84,0.84,0,1
119_1505,20.40307,73.48477,1,1,2023-04-24,2023-04-24,0,7.32,7.32,1,0
119_1655,20.40422,74.03125,1,1,2023-04-04,2023-04-04,0,4.34,4.34,1,0
1200_1458,24.04455,73.311,1,1,2023-04-27,2023-04-27,0,1.16,1.16,1,0
1201_1088,24.04712,71.96479,1,1,2023-04-16,2023-04-16,0,0.57,0.57,0,1
1201_1457,24.04787,73.3104,1,1,2023-04-27,2023-04-27,0,5.21,5.21,1,0
1201_1779,24.04733,74.48038,1,1,2023-03-27,2023-03-27,0,0.65,0.65,0,1
1202_1379,24.05243,73.02374,1,1,2023-12-23,2023-12-23,0,13.37,13.37,1,0
1202_1471,24.04958,73.35918,1,1,2023-04-23,2023-04-23,0,1.98,1.98,0,1
1203_1731,24.05551,74.30534,1,1,2023-04-12,2023-04-12,0,6.72,6.72,1,0
1204_1555,24.059,73.66584,1,1,2023-11-10,2023-11-10,0,0.83,0.83,0,1
1204_1730,24.056,74.30248,1,1,2023-04-12,2023-04-12,0,1.0,1.0,0,1
1205_1703,24.06138,74.2053,1,1,2023-03-24,2023-03-24,0,13.44,13.44,1,0
1205_1718,24.06034,74.25795,1,1,2023-04-14,2023-04-14,0,3.74,3.74,1,0
1206_1716,24.06582,74.25275,1,1,2023-04-14,2023-04-14,0,7.19,7.19,1,0
1206_1734,24.065075,74.318425,2,2,2023-04-17,2023-04-18,1,7.305,12.52,1,1
1206_389,24.06374,69.41901,1,1,2023-11-19,2023-11-19,0,11.7,11.7,1,0
1207_1717,24.06618,74.25724,1,1,2023-04-14,2023-04-14,0,11.42,11.42,1,0
1208_1303,24.06939,72.74618,1,1,2023-04-23,2023-04-23,0,7.72,7.72,1,0
1208_1699,24.07252,74.18988,1,1,2023-04-14,2023-04-14,0,3.13,3.13,1,0
1208_366,24.07184,69.33488,1,1,2023-03-27,2023-03-27,0,4.62,4.62,1,0
1209_1473,24.07361,73.366,1,1,2023-04-11,2023-04-11,0,1.18,1.18,0,1
1209_1517,24.07399,73.52741,1,1,2023-04-16,2023-04-16,0,1.18,1.18,0,1
1209_1711,24.07524,74.23486,1,1,2023-04-21,2023-04-21,0,1.9,1.9,0,1
1209_1712,24.0733,74.23604,1,1,2023-04-21,2023-04-21,0,1.73,1.73,0,1
120_1381,20.40454,73.03166,1,1,2023-05-08,2023-05-08,0,3.15,3.15,1,0
120_1384,20.40675,73.04137,1,1,2023-05-14,2023-05-14,0,3.17,3.17,1,0
120_1479,20.40507,73.39025,1,1,2023-05-03,2023-05-03,0,9.52,9.52,1,0
120_1492,20.40489,73.43771,1,1,2023-05-15,2023-05-15,0,4.32,4.32,1,0
120_1494,20.40587,73.44212,1,1,2023-05-15,2023-05-15,0,7.16,7.16,1,0
120_1525,20.40444,73.5576,1,1,2023-04-16,2023-04-16,0,6.75,6.75,1,0
120_1655,20.40546,74.02912,1,1,2023-04-04,2023-04-04,0,2.89,2.89,1,0
1210_1711,24.07901,74.23489,1,1,2023-04-21,2023-04-21,0,8.97,8.97,1,0
1210_366,24.07693,69.3336,1,1,2023-03-27,2023-03-27,0,5.39,5.39,1,0
1210_367,24.07767,69.3369,1,1,2023-03-27,2023-03-27,0,6.88,6.88,1,0
1211_1208,24.07994,72.40019,1,1,2023-01-06,2023-01-06,0,2.4,2.4,1,0
1211_1775,24.08267,74.46743,1,1,2023-05-12,2023-05-12,0,2.06,2.06,0,1
1211_367,24.08023,69.33775,1,1,2023-11-06,2023-11-06,0,2.47,2.47,1,0
1211_368,24.08095,69.34103,1,1,2023-11-06,2023-11-06,0,2.47,2.47,1,0
1212_1683,24.08501,74.13092,1,1,2023-04-12,2023-04-12,0,5.16,5.16,1,0
1212_1714,24.0855,74.24344,1,1,2023-04-15,2023-04-15,0,0.5,0.5,0,1
1212_1776,24.08291,74.46932,1,1,2023-05-12,2023-05-12,0,1.44,1.44,0,1
1212_366,24.0853,69.33646,1,1,2023-11-06,2023-11-06,0,3.88,3.88,1,0
1213_1090,24.08799,71.97078,1,1,2023-02-12,2023-02-12,0,0.51,0.51,0,1
1213_1692,24.08868,74.16494,1,1,2023-04-17,2023-04-17,0,3.73,3.73,0,1
1213_1775,24.086775,74.466925,2,1,2023-04-18,2023-04-18,0,8.94,9.6,2,0
1213_412,24.08884,69.50253,1,1,2023-03-13,2023-03-13,0,2.15,2.15,0,1
1214_411,24.08957,69.49871,1,1,2023-03-13,2023-03-13,0,2.71,2.71,0,1
1215_372,24.09614,69.35665,1,1,2023-01-17,2023-01-17,0,5.63,5.63,1,0
1215_409,24.0951,69.49114,1,1,2023-04-17,2023-04-17,0,2.29,2.29,0,1
1215_410,24.09361,69.49453,1,1,2023-02-20,2023-02-20,0,0.52,0.52,0,1
1216_1703,24.09795,74.20638,1,1,2023-05-25,2023-05-25,0,2.13,2.13,1,0
1216_1733,24.09852,74.31519,1,1,2023-05-21,2023-05-21,0,3.83,3.83,1,0
1216_1764,24.09734,74.4263,1,1,2023-04-25,2023-04-25,0,3.98,3.98,1,0
1216_374,24.09659,69.36378,1,1,2023-01-17,2023-01-17,0,5.63,5.63,1,0
1216_916,24.09772,71.33946,1,1,2023-03-18,2023-03-18,0,2.41,2.41,1,0
1216_917,24.09805,71.34317,1,1,2023-03-18,2023-03-18,0,2.8,2.8,1,0
1217_1731,24.10228,74.30831,1,1,2023-04-04,2023-04-04,0,1.88,1.88,0,1
1217_373,24.09977,69.36092,1,1,2023-01-20,2023-01-20,0,2.49,2.49,1,0
1217_409,24.10008,69.49174,1,1,2023-04-17,2023-04-17,0,1.62,1.62,0,1
1217_418,24.09977,69.52341,1,1,2023-11-10,2023-11-10,0,2.23,2.23,1,0
1218_1443,24.10509,73.25875,1,1,2023-04-10,2023-04-10,0,1.75,1.75,0,1
1218_1445,24.10345,73.26334,1,1,2023-04-22,2023-04-22,0,1.61,1.61,0,1
1218_1680,24.10321,74.12213,1,1,2023-04-24,2023-04-24,0,2.94,2.94,1,0
1218_1724,24.10523,74.27972,1,1,2023-03-03,2023-03-03,0,0.54,0.54,0,1
1218_1732,24.10611,74.30998,1,1,2023-04-05,2023-04-05,0,6.35,6.35,1,0
1218_1734,24.10628,74.31576,1,1,2023-04-03,2023-04-03,0,1.53,1.53,0,1
1218_1762,24.10432,74.41949,1,1,2023-05-25,2023-05-25,0,3.2,3.2,1,0
1218_372,24.104725000000002,69.35768999999999,2,2,2023-01-16,2023-02-13,28,4.98,5.62,2,0
1218_373,24.10354,69.361155,2,2,2023-01-20,2023-02-09,20,2.815,3.17,2,0
1218_374,24.10611,69.36224,1,1,2023-01-16,2023-01-16,0,5.62,5.62,1,0
1218_412,24.10499,69.50108,1,1,2023-04-15,2023-04-15,0,2.91,2.91,1,0
1219_1438,24.10846,73.23786,1,1,2023-04-14,2023-04-14,0,1.34,1.34,1,0
1219_1443,24.1093,73.25794,1,1,2023-04-11,2023-04-11,0,2.49,2.49,1,0
1219_1471,24.10783,73.36027,1,1,2023-04-21,2023-04-21,0,1.3,1.3,0,1
1219_1686,24.10901,74.14226,1,1,2023-04-25,2023-04-25,0,4.28,4.28,1,0
1219_1700,24.10711,74.19548,1,1,2023-04-22,2023-04-22,0,16.63,16.63,1,0
1219_1702,24.10902,74.2014,1,1,2023-05-13,2023-05-13,0,0.49,0.49,0,1
1219_1713,24.10737,74.23949,1,1,2023-04-14,2023-04-14,0,2.99,2.99,1,0
1219_1722,24.10793,74.27347,1,1,2023-02-25,2023-02-25,0,3.54,3.54,1,0
1219_1733,24.10965,74.3149,1,1,2023-04-03,2023-04-03,0,1.08,1.08,0,1
1219_1734,24.10737,74.31814,1,1,2023-04-03,2023-04-03,0,0.67,0.67,0,1
1219_371,24.10864,69.3549,1,1,2023-01-15,2023-01-15,0,6.04,6.04,1,0
1219_376,24.10776,69.37066,1,1,2023-01-16,2023-01-16,0,2.78,2.78,1,0
1219_377,24.10859,69.37486,1,1,2023-01-16,2023-01-16,0,47.32,47.32,1,0
1219_378,24.10942,69.37906,1,1,2023-01-16,2023-01-16,0,47.32,47.32,1,0
1219_413,24.10894,69.50449,1,1,2023-04-15,2023-04-15,0,10.28,10.28,1,0
1219_416,24.10956,69.51603,1,1,2023-03-31,2023-03-31,0,4.05,4.05,0,1
121_1344,20.40877,72.89777,1,1,2023-04-30,2023-04-30,0,2.72,2.72,0,1
121_1345,20.40801,72.90128,1,1,2023-04-30,2023-04-30,0,3.73,3.73,0,1
121_1381,20.40819,73.03096,1,1,2023-05-08,2023-05-08,0,4.56,4.56,1,0
1220_1684,24.11143,74.13535,1,1,2023-04-25,2023-04-25,0,3.79,3.79,0,1
1220_1725,24.110954999999997,74.28587,2,1,2023-03-24,2023-03-24,0,3.0599999999999996,3.3,2,0
1220_1731,24.11214,74.3054,1,1,2023-04-04,2023-04-04,0,1.26,1.26,0,1
1220_1732,24.1126,74.31207,1,1,2023-04-03,2023-04-03,0,5.41,5.41,1,0
1220_1734,24.11307,74.31864,1,1,2023-04-03,2023-04-03,0,5.41,5.41,1,0
1220_1761,24.11312,74.41488,1,1,2023-04-22,2023-04-22,0,0.99,0.99,0,1
1220_373,24.11029,69.36127,1,1,2023-01-16,2023-01-16,0,3.67,3.67,1,0
1220_377,24.11277,69.37389,1,1,2023-01-16,2023-01-16,0,56.09,56.09,1,0
1220_379,24.111105000000002,69.382255,2,2,2023-01-16,2023-02-01,16,26.955000000000002,50.42,2,0
1220_409,24.11158,69.49332,1,1,2023-04-18,2023-04-18,0,1.69,1.69,1,0
1220_416,24.110570000000003,69.516815,2,2,2023-03-31,2023-04-01,1,4.585,4.93,1,1
1220_417,24.11263,69.52142,1,1,2023-03-31,2023-03-31,0,4.05,4.05,0,1
1221_1436,24.11566,73.23338,1,1,2023-04-23,2023-04-23,0,3.28,3.28,0,1
1221_1443,24.11462,73.25582,1,1,2023-04-24,2023-04-24,0,0.35,0.35,0,1
1221_1712,24.11383,74.23852,1,1,2023-03-12,2023-03-12,0,1.97,1.97,1,0
1221_1718,24.1154,74.25867,1,1,2023-04-18,2023-04-18,0,6.52,6.52,1,0
1221_1733,24.11557,74.31371,1,1,2023-04-16,2023-04-16,0,7.9,7.9,1,0
1221_378,24.11359,69.3781,1,1,2023-01-16,2023-01-16,0,56.09,56.09,1,0
1221_379,24.11442,69.3823,1,1,2023-01-16,2023-01-16,0,26.06,26.06,1,0
1221_409,24.11472,69.492,1,1,2023-05-26,2023-05-26,0,2.08,2.08,1,0
1221_415,24.1148,69.51423,1,1,2023-04-01,2023-04-01,0,2.77,2.77,1,0
1221_416,24.11328,69.51661,1,1,2023-03-31,2023-03-31,0,4.05,4.05,0,1
1221_417,24.11462,69.51887,1,1,2023-03-31,2023-03-31,0,4.93,4.93,0,1
1222_1445,24.11979,73.26465,1,1,2023-04-11,2023-04-11,0,1.93,1.93,0,1
1222_1446,24.11862,73.26875,1,1,2023-04-21,2023-04-21,0,1.74,1.74,1,0
1222_1699,24.11848,74.18858,1,1,2023-04-21,2023-04-21,0,7.16,7.16,1,0
1222_1721,24.11674,74.26862,1,1,2023-05-10,2023-05-10,0,6.49,6.49,1,0
1222_1733,24.11898,74.31319,1,1,2023-04-16,2023-04-16,0,7.9,7.9,1,0
1222_371,24.11908,69.3546,1,1,2023-01-21,2023-01-21,0,4.25,4.25,1,0
1222_373,24.11714,69.36152,1,1,2023-01-30,2023-01-30,0,2.69,2.69,1,0
1222_414,24.1194,69.50968,1,1,2023-12-09,2023-12-09,0,1.64,1.64,0,1
1223_1445,24.12035,73.26359,1,1,2023-04-11,2023-04-11,0,2.03,2.03,0,1
1223_1446,24.12207,73.26814,1,1,2023-04-21,2023-04-21,0,1.74,1.74,1,0
1223_1719,24.12319,74.26292,1,1,2023-05-21,2023-05-21,0,5.4,5.4,1,0
1223_1722,24.1223,74.27541,1,1,2023-04-21,2023-04-21,0,13.23,13.23,1,0
1223_1768,24.12117,74.44045,1,1,2023-06-12,2023-06-12,0,3.88,3.88,1,0
1223_416,24.12256,69.51533,1,1,2023-12-09,2023-12-09,0,10.52,10.52,0,1
1223_417,24.1217,69.51907,1,1,2023-12-09,2023-12-09,0,4.38,4.38,0,1
1224_1438,24.12403,73.23968,1,1,2023-04-26,2023-04-26,0,1.85,1.85,0,1
1224_1446,24.124885,73.26719,2,2,2023-04-10,2023-04-11,1,3.05,3.93,1,1
1224_1652,24.12559,74.02061,1,1,2023-11-01,2023-11-01,0,2.33,2.33,1,0
1224_1718,24.12428,74.26093,1,1,2023-05-21,2023-05-21,0,3.85,3.85,1,0
1224_415,24.12342,69.5116,1,1,2023-12-09,2023-12-09,0,10.52,10.52,0,1
1225_1422,24.12875,73.18113,1,1,2023-04-15,2023-04-15,0,3.71,3.71,1,0
1225_1438,24.12756,73.24033,1,1,2023-04-26,2023-04-26,0,1.45,1.45,0,1
1225_1625,24.12902,73.92216,1,1,2023-02-21,2023-02-21,0,2.03,2.03,1,0
1225_1643,24.12687,73.98596,1,1,2023-12-24,2023-12-24,0,2.24,2.24,1,0
1225_1740,24.1268,74.34102,1,1,2023-05-06,2023-05-06,0,8.01,8.01,1,0
1225_414,24.12847,69.50835,1,1,2023-12-10,2023-12-10,0,2.15,2.15,0,1
1226_1773,24.1302,74.45866,1,1,2023-04-12,2023-04-12,0,5.19,5.19,1,0
1227_1689,24.13582,74.15412,1,1,2023-04-18,2023-04-18,0,3.81,3.81,1,0
1227_412,24.1349,69.50414,1,1,2023-10-23,2023-10-23,0,2.94,2.94,1,0
1228_1443,24.13941,73.25703,1,1,2023-04-16,2023-04-16,0,1.68,1.68,0,1
1228_1687,24.13688,74.1456,1,1,2023-04-21,2023-04-21,0,1.14,1.14,0,1
1228_361,24.13691,69.31758,1,1,2023-04-07,2023-04-07,0,6.9,6.9,1,0
1229_1437,24.14025,73.2374,1,1,2023-04-21,2023-04-21,0,1.28,1.28,0,1
1229_1693,24.14301,74.16758999999999,2,1,2023-04-25,2023-04-25,0,3.15,3.54,2,0
1229_1694,24.14256,74.17082,1,1,2023-04-19,2023-04-19,0,3.99,3.99,1,0
1229_1722,24.14149,74.27348,1,1,2023-04-16,2023-04-16,0,1.74,1.74,0,1
1229_1743,24.14213,74.35009,1,1,2023-01-15,2023-01-15,0,3.05,3.05,1,0
1229_1750,24.14183,74.37661,1,1,2023-03-04,2023-03-04,0,1.0,1.0,0,1
1229_1753,24.14268,74.38563,1,1,2023-04-13,2023-04-13,0,0.58,0.58,0,1
1229_901,24.14197,71.282265,2,2,2023-01-26,2023-11-21,299,2.71,3.29,2,0
122_1355,20.41433,72.93656,1,1,2023-03-09,2023-03-09,0,2.91,2.91,1,0
1230_1540,24.14677,73.61099,1,1,2023-04-21,2023-04-21,0,11.76,11.76,1,0
1230_1542,24.14514,73.61764,1,1,2023-04-15,2023-04-15,0,12.67,12.67,1,0
1230_1693,24.14347,74.1688,1,1,2023-04-19,2023-04-19,0,1.84,1.84,1,0
1230_1720,24.14641,74.26656,1,1,2023-04-23,2023-04-23,0,1.53,1.53,0,1
1230_1748,24.144555,74.36916500000001,2,2,2023-02-27,2023-03-15,16,2.165,2.92,1,1
1230_1758,24.14547,74.40626,1,1,2023-04-08,2023-04-08,0,1.56,1.56,0,1
1230_1760,24.14506,74.4111,1,1,2023-04-08,2023-04-08,0,1.56,1.56,0,1
1230_1762,24.14621,74.4202,1,1,2023-04-27,2023-04-27,0,5.8,5.8,1,0
1230_379,24.1451,69.38304,1,1,2023-04-14,2023-04-14,0,2.84,2.84,1,0
1230_899,24.1439,71.27766,1,1,2023-11-21,2023-11-21,0,1.43,1.43,1,0
1230_901,24.14462,71.28189,1,1,2023-11-21,2023-11-21,0,2.13,2.13,1,0
1231_1448,24.14697,73.27709,1,1,2023-03-27,2023-03-27,0,0.44,0.44,0,1
1231_1748,24.14737,74.3688,1,1,2023-02-27,2023-02-27,0,1.86,1.86,0,1
1231_1757,24.14949,74.4015,1,1,2023-04-21,2023-04-21,0,11.6,11.6,1,0
1231_1758,24.14741,74.40533,1,1,2023-04-08,2023-04-08,0,1.25,1.25,0,1
1231_1759,24.14702,74.40868,2,2,2023-04-08,2023-04-14,6,3.57,5.89,1,1
1231_1760,24.14992,74.41142,1,1,2023-04-14,2023-04-14,0,3.4,3.4,1,0
1231_1762,24.14952,74.41961,1,1,2023-04-27,2023-04-27,0,3.99,3.99,1,0
1232_1421,24.1518,73.17767,1,1,2023-04-22,2023-04-22,0,1.44,1.44,0,1
1232_1446,24.15175,73.26809,1,1,2023-04-12,2023-04-12,0,4.59,4.59,1,0
1232_1694,24.15043,74.17089,1,1,2023-04-19,2023-04-19,0,3.99,3.99,1,0
1232_1709,24.15165,74.22829,1,1,2023-03-28,2023-03-28,0,2.35,2.35,1,0
1232_1747,24.15053,74.36364,1,1,2023-03-05,2023-03-05,0,4.7,4.7,1,0
1232_1748,24.1532,74.36913,1,1,2023-04-03,2023-04-03,0,2.29,2.29,1,0
1232_362,24.1533,69.31954,1,1,2023-05-08,2023-05-08,0,8.93,8.93,1,0
1233_1625,24.15542,73.92142,1,1,2023-12-18,2023-12-18,0,2.22,2.22,1,0
1233_1685,24.15549,74.138895,2,1,2023-04-24,2023-04-24,0,1.725,1.79,0,2
1233_1686,24.15562,74.14274,1,1,2023-04-24,2023-04-24,0,1.79,1.79,0,1
1233_1694,24.15683,74.17039,1,1,2023-04-19,2023-04-19,0,14.92,14.92,1,0
1233_1717,24.15493,74.25683,1,1,2023-04-05,2023-04-05,0,12.68,12.68,1,0
1233_1718,24.15541,74.25816,1,1,2023-04-11,2023-04-11,0,8.25,8.25,1,0
1233_1734,24.15521,74.31785,1,1,2023-04-12,2023-04-12,0,4.33,4.33,1,0
1233_1746,24.15388,74.36304,1,1,2023-03-05,2023-03-05,0,4.7,4.7,1,0
1233_1758,24.15543,74.40609,1,1,2023-04-14,2023-04-14,0,3.4,3.4,1,0
1233_1766,24.15616,74.43482,1,1,2023-04-28,2023-04-28,0,8.55,8.55,1,0
1234_1422,24.15759,73.18204,1,1,2023-04-17,2023-04-17,0,5.66,5.66,1,0
1234_1449,24.16002,73.27872,1,1,2023-03-27,2023-03-27,0,1.52,1.52,1,0
1234_1695,24.15724,74.17598,1,1,2023-04-19,2023-04-19,0,13.37,13.37,1,0
1234_1703,24.15948,74.20345,1,1,2023-05-09,2023-05-09,0,0.92,0.92,0,1
1234_1704,24.15724,74.20668,1,1,2023-05-07,2023-05-07,0,4.03,4.03,1,0
1234_1758,24.15881,74.40571,1,1,2023-04-14,2023-04-14,0,6.5,6.5,1,0
1234_1762,24.16009,74.42043,1,1,2023-05-13,2023-05-13,0,1.29,1.29,0,1
1234_1765,24.15886,74.42918,1,1,2023-05-05,2023-05-05,0,6.25,6.25,1,0
1234_1766,24.16023,74.43282,1,1,2023-04-18,2023-04-18,0,1.24,1.24,0,1
1234_1777,24.15713,74.4752,1,1,2023-03-25,2023-03-25,0,8.44,8.44,1,0
1234_1778,24.15977,74.47732,1,1,2023-03-25,2023-03-25,0,13.62,13.62,1,0
1234_1781,24.15917,74.48879,1,1,2023-04-12,2023-04-12,0,10.13,10.13,1,0
1234_360,24.15777,69.31415,1,1,2023-05-09,2023-05-09,0,9.11,9.11,1,0
1234_362,24.15752,69.31857,1,1,2023-05-08,2023-05-08,0,8.93,8.93,1,0
1235_1667,24.16265,74.07528,1,1,2023-04-15,2023-04-15,0,7.58,7.58,1,0
1235_1691,24.16139,74.16125,1,1,2023-04-20,2023-04-20,0,7.83,7.83,1,0
1235_1723,24.16316,74.27849,1,1,2023-04-21,2023-04-21,0,11.31,11.31,1,0
1235_1725,24.16207,74.28377,1,1,2023-04-05,2023-04-05,0,11.68,11.68,1,0
1235_1731,24.16259,74.30503,1,1,2023-04-22,2023-04-22,0,1.73,1.73,0,1
1235_1748,24.16168,74.36986,1,1,2023-04-17,2023-04-17,0,1.17,1.17,0,1
1235_1752,24.16257,74.38145,1,1,2023-04-03,2023-04-03,0,2.2,2.2,1,0
1235_1754,24.16277,74.39039,1,1,2023-03-26,2023-03-26,0,1.05,1.05,0,1
1235_1755,24.16047,74.39516,1,1,2023-04-01,2023-04-01,0,2.27,2.27,1,0
1235_1760,24.16229,74.41214,1,1,2023-04-06,2023-04-06,0,4.39,4.39,1,0
1235_1768,24.16344,74.44237,1,1,2023-04-17,2023-04-17,0,0.84,0.84,0,1
1235_1769,24.16282,74.44498,1,1,2023-04-18,2023-04-18,0,11.43,11.43,1,0
1235_1777,24.16111,74.47463,1,1,2023-03-25,2023-03-25,0,7.49,7.49,1,0
1235_360,24.16213666666667,69.31269333333334,3,2,2023-05-08,2023-05-09,1,9.613333333333333,19.02,2,1
1236_1732,24.16547,74.30972,1,1,2023-04-22,2023-04-22,0,1.12,1.12,0,1
1236_1743,24.16472,74.35048,1,1,2023-03-16,2023-03-16,0,0.8,0.8,0,1
1236_1753,24.16666,74.38721,1,1,2023-03-26,2023-03-26,0,0.7,0.7,0,1
1236_1758,24.16564,74.40468,1,1,2023-05-10,2023-05-10,0,7.55,7.55,1,0
1236_1760,24.16563,74.41151,1,1,2023-04-06,2023-04-06,0,9.15,9.15,1,0
1236_1781,24.16627,74.48864,1,1,2023-04-11,2023-04-11,0,14.55,14.55,1,0
1236_413,24.16463,69.50661,1,1,2023-04-22,2023-04-22,0,39.91,39.91,1,0
1237_1730,24.16961,74.30194,1,1,2023-03-14,2023-03-14,0,5.99,5.99,1,0
1237_1739,24.16717,74.33654,1,1,2023-05-11,2023-05-11,0,2.77,2.77,1,0
1237_1752,24.16725,74.38342,1,1,2023-03-26,2023-03-26,0,0.7,0.7,0,1
1237_1758,24.16773,74.40315,1,1,2023-04-06,2023-04-06,0,9.57,9.57,1,0
1237_1764,24.16755,74.42687,1,1,2023-04-21,2023-04-21,0,13.67,13.67,1,0
1237_1777,24.16842,74.4752,1,1,2023-04-10,2023-04-10,0,21.16,21.16,1,0
1237_1782,24.1704,74.49184,1,1,2023-04-10,2023-04-10,0,13.86,13.86,1,0
1237_413,24.16879,69.50565,1,1,2023-04-22,2023-04-22,0,44.12,44.12,1,0
1238_1733,24.17126,74.31513,1,1,2023-04-27,2023-04-27,0,3.02,3.02,1,0
1238_1754,24.17224,74.39188,1,1,2023-03-26,2023-03-26,0,5.94,5.94,1,0
1238_1756,24.17313,74.39826,1,1,2023-04-11,2023-04-11,0,10.74,10.74,1,0
1238_1757,24.17107,74.40253,1,1,2023-04-06,2023-04-06,0,7.54,7.54,1,0
1238_1758,24.171770000000002,74.40518499999999,2,1,2023-04-05,2023-04-05,0,0.8400000000000001,1.0,0,2
1238_1767,24.17088,74.43703,2,1,2023-04-18,2023-04-18,0,9.64,10.93,2,0
1238_1769,24.17112,74.44468,1,1,2023-04-19,2023-04-19,0,4.07,4.07,1,0
1238_1770,24.17048,74.44978,1,1,2023-04-21,2023-04-21,0,8.27,8.27,1,0
1238_1775,24.17343,74.468085,2,1,2023-05-11,2023-05-11,0,4.0649999999999995,5.62,2,0
1238_1776,24.17192,74.47011,1,1,2023-04-10,2023-04-10,0,0.73,0.73,0,1
1238_1779,24.17306,74.48012,1,1,2023-04-10,2023-04-10,0,9.36,9.36,1,0
1238_1780,24.17371,74.48564,1,1,2023-04-10,2023-04-10,0,9.36,9.36,1,0
1238_1781,24.1729,74.48746,1,1,2023-04-11,2023-04-11,0,14.96,14.96,1,0
1238_415,24.17275,69.51159,1,1,2023-10-29,2023-10-29,0,4.0,4.0,1,0
1239_1313,24.17482,72.78486,1,1,2023-04-18,2023-04-18,0,1.72,1.72,1,0
1239_1431,24.17641,73.21456,1,1,2023-04-22,2023-04-22,0,1.41,1.41,0,1
1239_1692,24.17578,74.16584,1,1,2023-04-23,2023-04-23,0,0.92,0.92,0,1
1239_1718,24.17632,74.26075,1,1,2023-04-19,2023-04-19,0,2.32,2.32,1,0
1239_1756,24.17644,74.39767,1,1,2023-04-11,2023-04-11,0,13.91,13.91,1,0
1239_1767,24.17542,74.43685,1,1,2023-04-18,2023-04-18,0,3.42,3.42,1,0
1239_1771,24.17471,74.45384,1,1,2023-04-21,2023-04-21,0,17.28,17.28,1,0
1239_1781,24.17635,74.48902,1,1,2023-04-09,2023-04-09,0,4.65,4.65,1,0
1239_414,24.17637,69.51102,1,1,2023-10-29,2023-10-29,0,5.07,5.07,1,0
123_1358,20.41665,72.94633,1,1,2023-03-13,2023-03-13,0,2.75,2.75,1,0
123_1430,20.41658,73.21119,1,1,2023-05-02,2023-05-02,0,0.8,0.8,0,1
123_1496,20.41588,73.45107,1,1,2023-04-20,2023-04-20,0,1.84,1.84,1,0
123_1548,20.41743,73.6413,1,1,2023-04-28,2023-04-28,0,6.74,6.74,1,0
1240_1433,24.17756,73.22071,1,1,2023-04-21,2023-04-21,0,0.48,0.48,0,1
1240_1448,24.1789,73.276275,2,1,2023-04-23,2023-04-23,0,0.985,1.27,0,2
1240_1718,24.17721,74.25902,1,1,2023-04-19,2023-04-19,0,3.65,3.65,1,0
1240_1749,24.17915,74.37328,1,1,2023-04-21,2023-04-21,0,16.78,16.78,1,0
1240_1760,24.17754,74.41061,1,1,2023-04-16,2023-04-16,0,3.82,3.82,1,0
1240_1763,24.17802,74.42291,1,1,2023-04-14,2023-04-14,0,1.07,1.07,1,0
1240_1770,24.17775,74.44861,1,1,2023-04-21,2023-04-21,0,11.58,11.58,1,0
1240_1771,24.17835,74.45327,1,1,2023-04-21,2023-04-21,0,17.28,17.28,1,0
1240_1779,24.17763,74.48026,1,1,2023-04-09,2023-04-09,0,4.78,4.78,1,0
1240_1780,24.17794,74.48384,1,1,2023-04-09,2023-04-09,0,5.98,5.98,1,0
1240_1781,24.17825,74.48748,1,1,2023-04-09,2023-04-09,0,5.98,5.98,1,0
1240_1782,24.17857,74.49123,1,1,2023-04-09,2023-04-09,0,8.53,8.53,1,0
1241_1430,24.18084,73.21169,1,1,2023-03-27,2023-03-27,0,0.33,0.33,0,1
1241_1709,24.1833,74.22662,1,1,2023-04-02,2023-04-02,0,4.41,4.41,1,0
1241_1717,24.18242,74.2569,1,1,2023-04-21,2023-04-21,0,11.97,11.97,1,0
1241_1728,24.18071,74.29483,1,1,2023-04-08,2023-04-08,0,4.62,4.62,1,0
1241_1749,24.18277,74.37272,1,1,2023-04-21,2023-04-21,0,16.78,16.78,1,0
1241_1763,24.18372,74.4235,1,1,2023-04-11,2023-04-11,0,8.71,8.71,1,0
1241_1764,24.18097,74.42787,1,1,2023-04-11,2023-04-11,0,8.42,8.42,1,0
1241_1766,24.18246,74.43447,1,1,2023-04-19,2023-04-19,0,6.65,6.65,1,0
1241_1767,24.1822,74.43644499999999,2,1,2023-04-19,2023-04-19,0,5.425,5.97,2,0
1241_1768,24.18313,74.44157,1,1,2023-04-19,2023-04-19,0,3.66,3.66,1,0
1241_1772,24.18117,74.45751,1,1,2023-04-21,2023-04-21,0,0.9,0.9,0,1
1241_1779,24.18107,74.48116,1,1,2023-04-09,2023-04-09,0,6.05,6.05,1,0
1241_1780,24.1814,74.48476,1,1,2023-04-09,2023-04-09,0,4.65,4.65,1,0
1241_1781,24.18175,74.48841,1,1,2023-04-09,2023-04-09,0,4.65,4.65,1,0
1241_1783,24.18324,74.49464,1,1,2023-04-24,2023-04-24,0,2.18,2.18,1,0
1242_1417,24.1869,73.16452,1,1,2023-04-22,2023-04-22,0,0.9,0.9,0,1
1242_1755,24.18632,74.3924,1,1,2023-04-10,2023-04-10,0,2.57,2.57,0,1
1242_1764,24.18428,74.42728,1,1,2023-04-11,2023-04-11,0,8.42,8.42,1,0
1242_1772,24.18678,74.45576,1,1,2023-04-22,2023-04-22,0,15.82,15.82,1,0
1243_1707,24.18889,74.21986,1,1,2023-03-16,2023-03-16,0,1.46,1.46,1,0
1243_1710,24.18726,74.22839,1,1,2023-04-02,2023-04-02,0,4.53,4.53,1,0
1243_1713,24.18785,74.24229,1,1,2023-04-21,2023-04-21,0,11.72,11.72,1,0
1243_1725,24.18974,74.28296,1,1,2023-04-11,2023-04-11,0,18.31,18.31,1,0
1243_1730,24.1884,74.30431,1,1,2023-04-15,2023-04-15,0,11.24,11.24,1,0
1243_1761,24.18754,74.41601,1,1,2023-04-15,2023-04-15,0,15.34,15.34,1,0
1243_1768,24.18914,74.44003,1,1,2023-04-19,2023-04-19,0,3.66,3.66,1,0
1243_1771,24.18926,74.45157,1,1,2023-04-21,2023-04-21,0,5.9,5.9,1,0
1243_1777,24.18776,74.47318,1,1,2023-04-11,2023-04-11,0,8.1,8.1,1,0
1243_1781,24.189,74.48692,1,1,2023-04-14,2023-04-14,0,2.63,2.63,1,0
1244_1735,24.19321,74.32248,1,1,2023-03-28,2023-03-28,0,2.31,2.31,1,0
1244_1759,24.19176,74.40763,1,1,2023-03-15,2023-03-15,0,3.96,3.96,1,0
1244_1777,24.19107,74.47259,1,1,2023-04-11,2023-04-11,0,8.1,8.1,1,0
1244_1781,24.19333,74.48769,1,1,2023-04-11,2023-04-11,0,11.03,11.03,1,0
1245_1433,24.19476,73.22227,1,1,2023-04-11,2023-04-11,0,1.5,1.5,1,0
1245_1440,24.19602,73.24566,1,1,2023-04-23,2023-04-23,0,1.98,1.98,0,1
1245_1699,24.19714,74.18885,1,1,2023-05-24,2023-05-24,0,6.19,6.19,1,0
1245_1716,24.1959,74.25313,1,1,2023-04-19,2023-04-19,0,2.3,2.3,1,0
1245_1717,24.19556,74.25495,1,1,2023-04-19,2023-04-19,0,2.74,2.74,1,0
1245_1722,24.19559,74.27316,1,1,2023-04-21,2023-04-21,0,11.06,11.06,1,0
1245_1724,24.19726,74.28129,1,1,2023-04-19,2023-04-19,0,3.06,3.06,1,0
1245_1746,24.19466,74.36001,1,1,2023-11-11,2023-11-11,0,1.09,1.09,1,0
1245_1757,24.1948,74.39977,1,1,2023-04-21,2023-04-21,0,0.95,0.95,0,1
1245_1767,24.19424,74.43882,1,1,2023-04-20,2023-04-20,0,7.96,7.96,1,0
1245_1776,24.19438,74.472,1,1,2023-04-11,2023-04-11,0,8.81,8.81,1,0
1246_1435,24.19747,73.22974,1,1,2023-04-03,2023-04-03,0,3.16,3.16,1,0
1246_1442,24.19743,73.25323,1,1,2023-04-22,2023-04-22,0,4.58,4.58,1,0
1246_1443,24.19812,73.25735,1,1,2023-04-22,2023-04-22,0,7.06,7.06,1,0
1246_1717,24.199019999999997,74.25448,2,1,2023-03-10,2023-03-10,0,6.93,10.51,2,0
1246_1719,24.199,74.26237,1,1,2023-04-22,2023-04-22,0,14.92,14.92,1,0
1246_1722,24.19919,74.2726,1,1,2023-04-21,2023-04-21,0,11.06,11.06,1,0
1246_1725,24.19858,74.28467,1,1,2023-04-19,2023-04-19,0,4.52,4.52,1,0
1246_1776,24.19828,74.47077,1,1,2023-04-11,2023-04-11,0,0.89,0.89,0,1
1247_1713,24.20354,74.24009,1,1,2023-04-22,2023-04-22,0,0.89,0.89,0,1
1247_1716,24.20398,74.25359,1,1,2023-03-10,2023-03-10,0,10.51,10.51,1,0
1247_1718,24.20124,74.25795,1,1,2023-03-10,2023-03-10,0,9.5,9.5,1,0
1247_1784,24.20386,74.49953,1,1,2023-04-06,2023-04-06,0,3.87,3.87,1,0
1248_1690,24.20552,74.15836,1,1,2023-04-14,2023-04-14,0,2.35,2.35,0,1
1248_1711,24.20466,74.23324,1,1,2023-04-22,2023-04-22,0,16.49,16.49,1,0
1248_1713,24.207,74.24071,1,1,2023-04-22,2023-04-22,0,0.89,0.89,0,1
1248_1714,24.20428,74.24384,1,1,2023-03-03,2023-03-03,0,5.33,5.33,1,0
1248_1716,24.20729,74.253,1,1,2023-03-10,2023-03-10,0,7.95,7.95,1,0
1248_1722,24.20625,74.2742,1,1,2023-04-18,2023-04-18,0,1.11,1.11,0,1
1248_1768,24.20697,74.44016,1,1,2023-04-22,2023-04-22,0,9.97,9.97,1,0
1248_1771,24.20523,74.45161,1,1,2023-03-28,2023-03-28,0,3.09,3.09,1,0
1248_1772,24.2059,74.45474,1,1,2023-03-28,2023-03-28,0,4.58,4.58,1,0
1248_1777,24.20425,74.4733,1,1,2023-04-09,2023-04-09,0,6.34,6.34,1,0
1248_1784,24.20719,74.4989,1,1,2023-04-06,2023-04-06,0,6.61,6.61,1,0
1249_1691,24.20843,74.15982,1,1,2023-04-14,2023-04-14,0,2.13,2.13,0,1
1249_1714,24.20905,74.24316,1,1,2023-03-03,2023-03-03,0,3.17,3.17,1,0
1249_1728,24.20774,74.29476,1,1,2023-02-27,2023-02-27,0,3.65,3.65,1,0
1249_1730,24.20784,74.30353,1,1,2023-04-19,2023-04-19,0,4.3,4.3,1,0
1249_1731,24.2078,74.30509,1,1,2023-04-19,2023-04-19,0,3.65,3.65,1,0
1249_1769,24.21049,74.44353,1,1,2023-04-21,2023-04-21,0,7.4,7.4,1,0
124_1349,20.41821,72.91573,1,1,2023-03-26,2023-03-26,0,1.86,1.86,1,0
124_1408,20.419,73.1292,1,1,2023-11-30,2023-11-30,0,3.92,3.92,1,0
124_1453,20.41961,73.29433,1,1,2023-04-26,2023-04-26,0,5.81,5.81,1,0
124_1454,20.42058,73.29856,1,1,2023-05-24,2023-05-24,0,4.07,4.07,1,0
124_1455,20.41996,73.30215,1,1,2023-05-24,2023-05-24,0,3.02,3.02,1,0
1250_1425,24.21128,73.19179,1,1,2023-04-18,2023-04-18,0,2.04,2.04,0,1
1250_1434,24.21292,73.22457,1,1,2023-04-16,2023-04-16,0,2.92,2.92,1,0
1250_1625,24.21203,73.9201,1,1,2023-09-07,2023-09-07,0,4.27,4.27,1,0
1250_1710,24.21214,74.22941,1,1,2023-04-12,2023-04-12,0,6.57,6.57,1,0
1250_1715,24.21171,74.24931,1,1,2023-02-27,2023-02-27,0,2.17,2.17,1,0
1250_1726,24.21396,74.28963,1,1,2023-02-27,2023-02-27,0,3.21,3.21,1,0
1250_1728,24.21113,74.29419,1,1,2023-02-27,2023-02-27,0,3.65,3.65,1,0
1250_1729,24.21167,74.29997,1,1,2023-05-15,2023-05-15,0,2.29,2.29,1,0
1250_1739,24.21388,74.33698,1,1,2023-02-26,2023-02-26,0,9.9,9.9,1,0
1250_1754,24.21217,74.388845,2,1,2023-05-25,2023-05-25,0,3.035,3.28,2,0
1250_1767,24.21351,74.4383,1,1,2023-04-21,2023-04-21,0,7.4,7.4,1,0
1250_1770,24.21314,74.45013,1,1,2023-04-06,2023-04-06,0,6.82,6.82,1,0
1250_1771,24.21376,74.45398,1,1,2023-04-06,2023-04-06,0,6.82,6.82,1,0
1251_1445,24.21569,73.26617,1,1,2023-04-21,2023-04-21,0,39.34,39.34,1,0
1251_1711,24.216085,74.23365000000001,2,2,2023-04-10,2023-04-15,5,6.35,11.11,1,1
1251_1713,24.21458,74.2393,1,1,2023-04-10,2023-04-10,0,0.36,0.36,0,1
1251_1715,24.2151,74.24874,1,1,2023-02-27,2023-02-27,0,4.59,4.59,1,0
1251_1717,24.21447,74.25557,1,1,2023-03-10,2023-03-10,0,2.25,2.25,1,0
1251_1726,24.21736,74.28908,1,1,2023-02-27,2023-02-27,0,3.21,3.21,1,0
1251_1731,24.21485,74.30753,1,1,2023-05-14,2023-05-14,0,0.74,0.74,0,1
1251_1741,24.2144,74.34158,1,1,2023-02-26,2023-02-26,0,9.76,9.76,1,0
1251_1752,24.21432,74.38404,1,1,2023-04-12,2023-04-12,0,4.4,4.4,1,0
1251_1767,24.21715,74.43772,1,1,2023-04-21,2023-04-21,0,6.25,6.25,1,0
1251_1775,24.21616,74.46811,1,1,2023-04-10,2023-04-10,0,10.16,10.16,1,0
1252_1445,24.21915,73.26564,1,1,2023-04-21,2023-04-21,0,12.09,12.09,1,0
1252_1727,24.21794,74.29228,1,1,2023-02-27,2023-02-27,0,0.9,0.9,0,1
1252_1738,24.21875,74.33141,1,1,2023-02-16,2023-02-16,0,1.04,1.04,0,1
1252_1747,24.21905,74.36411,1,1,2023-03-26,2023-03-26,0,2.59,2.59,1,0
1252_1750,24.21794,74.37505,1,1,2023-04-16,2023-04-16,0,13.25,13.25,1,0
1252_1767,24.22078,74.43713,1,1,2023-04-21,2023-04-21,0,6.25,6.25,1,0
1252_1771,24.21896,74.45163,1,1,2023-04-21,2023-04-21,0,8.29,8.29,1,0
1253_1435,24.22333,73.22955,1,1,2023-03-26,2023-03-26,0,3.83,3.83,1,0
1253_1448,24.22291,73.27502,1,1,2023-03-27,2023-03-27,0,0.76,0.76,0,1
1253_1521,24.22184,73.54114,1,1,2023-05-17,2023-05-17,0,7.59,7.59,1,0
1253_1720,24.22244,74.2653,1,1,2023-03-28,2023-03-28,0,0.52,0.52,0,1
1253_1730,24.22242,74.30328,1,1,2023-04-05,2023-04-05,0,0.55,0.55,0,1
1253_1731,24.22096,74.30545,1,1,2023-04-06,2023-04-06,0,7.22,7.22,1,0
1253_1733,24.22392,74.31497,1,1,2023-04-08,2023-04-08,0,4.97,4.97,1,0
1253_1738,24.22219,74.33212,1,1,2023-02-16,2023-02-16,0,2.03,2.03,0,1
1253_1746,24.22114,74.36136,1,1,2023-03-26,2023-03-26,0,0.73,0.73,0,1
1253_1768,24.22139,74.44178,1,1,2023-04-21,2023-04-21,0,6.25,6.25,1,0
1253_1769,24.222,74.44643,1,1,2023-04-21,2023-04-21,0,8.29,8.29,1,0
1253_1771,24.2226,74.45105,1,1,2023-04-21,2023-04-21,0,8.29,8.29,1,0
1254_1425,24.22449,73.19274,2,1,2023-04-19,2023-04-19,0,1.13,1.15,0,2
1254_1692,24.22651,74.16495,1,1,2023-03-14,2023-03-14,0,4.63,4.63,1,0
1254_1720,24.22717,74.26762,1,1,2023-03-05,2023-03-05,0,0.97,0.97,0,1
1254_1734,24.22657,74.31674,1,1,2023-04-08,2023-04-08,0,3.49,3.49,1,0
1254_1743,24.22571,74.34966,1,1,2023-03-13,2023-03-13,0,0.67,0.67,0,1
1254_1765,24.22617,74.43102,1,1,2023-04-23,2023-04-23,0,0.48,0.48,0,1
1254_1768,24.22503,74.44121,1,1,2023-04-21,2023-04-21,0,28.58,28.58,1,0
1254_1769,24.22563,74.44585,1,1,2023-04-21,2023-04-21,0,17.73,17.73,1,0
1254_1772,24.22684,74.45509,1,1,2023-04-21,2023-04-21,0,3.84,3.84,1,0
1254_1782,24.22638,74.4938,1,1,2023-04-25,2023-04-25,0,1.95,1.95,0,1
1255_1322,24.23057,72.81761,1,1,2023-04-26,2023-04-26,0,6.27,6.27,1,0
1255_1323,24.23039,72.81995,1,1,2023-04-26,2023-04-26,0,5.5,5.5,1,0
1255_1600,24.23053,73.83051,1,1,2023-01-22,2023-01-22,0,2.46,2.46,1,0
1255_1691,24.2285,74.16245,1,1,2023-03-14,2023-03-14,0,10.33,10.33,1,0
1255_1692,24.23081,74.16432,1,1,2023-03-14,2023-03-14,0,4.63,4.63,1,0
1255_1719,24.22776,74.26345,1,1,2023-03-05,2023-03-05,0,0.97,0.97,0,1
1255_1720,24.23064,74.2682,1,1,2023-03-05,2023-03-05,0,0.97,0.97,0,1
1255_1722,24.23005,74.27235,1,1,2023-03-05,2023-03-05,0,1.45,1.45,0,1
1255_1723,24.22946,74.2765,1,1,2023-03-05,2023-03-05,0,1.45,1.45,0,1
1255_1746,24.22993,74.36275,1,1,2023-04-12,2023-04-12,0,1.38,1.38,0,1
1255_1767,24.22847,74.43826,1,1,2023-04-22,2023-04-22,0,0.32,0.32,0,1
1255_1772,24.23048,74.45451,1,1,2023-04-21,2023-04-21,0,3.84,3.84,1,0
1255_1776,24.23011,74.47021,1,1,2023-04-18,2023-04-18,0,9.16,9.16,1,0
1255_1783,24.23046,74.49441,1,1,2023-04-25,2023-04-25,0,2.15,2.15,0,1
1256_1601,24.23105,73.83315,1,1,2023-01-22,2023-01-22,0,5.81,5.81,1,0
1256_1723,24.23293,74.27708,1,1,2023-03-05,2023-03-05,0,3.36,3.36,0,1
1256_1729,24.23139,74.29823,1,1,2023-02-22,2023-02-22,0,0.52,0.52,0,1
1256_1739,24.23106,74.33516,1,1,2023-02-16,2023-02-16,0,6.87,6.87,1,0
1256_1740,24.2318,74.33838,1,1,2023-02-16,2023-02-16,0,0.42,0.42,0,1
1256_1746,24.23275,74.36172,1,1,2023-04-12,2023-04-12,0,5.59,5.59,1,0
1256_1764,24.23188,74.42834,1,1,2023-04-24,2023-04-24,0,1.82,1.82,1,0
1256_1769,24.232865,74.445405,2,1,2023-04-21,2023-04-21,0,8.735,10.93,2,0
1256_1777,24.23114,74.47522,1,1,2023-04-18,2023-04-18,0,9.16,9.16,1,0
1256_1783,24.2313,74.495,1,1,2023-04-25,2023-04-25,0,2.15,2.15,0,1
1257_1719,24.23615,74.26355,1,1,2023-03-05,2023-03-05,0,7.3,7.3,1,0
1257_1720,24.23677,74.26743,1,1,2023-03-05,2023-03-05,0,8.36,8.36,1,0
1257_1728,24.23456,74.29636,1,1,2023-02-22,2023-02-22,0,2.54,2.54,1,0
1257_1729,24.23513,74.30013,1,1,2023-02-22,2023-02-22,0,2.54,2.54,1,0
1257_1737,24.23581,74.3271,1,1,2023-02-22,2023-02-22,0,4.78,4.78,1,0
1257_1739,24.236,74.3364,1,1,2023-04-18,2023-04-18,0,6.9,6.9,1,0
1257_1746,24.23652,74.3609,1,1,2023-04-12,2023-04-12,0,3.96,3.96,1,0
1257_1747,24.23744,74.36586,1,1,2023-04-12,2023-04-12,0,3.96,3.96,1,0
1257_1764,24.236705,74.426745,2,1,2023-04-24,2023-04-24,0,3.6100000000000003,4.61,2,0
1257_1766,24.23507,74.43231,1,1,2023-04-23,2023-04-23,0,0.61,0.61,0,1
1257_1772,24.2354,74.4572,1,1,2023-04-20,2023-04-20,0,3.92,3.92,1,0
1257_1776,24.23466,74.46927,1,1,2023-04-18,2023-04-18,0,10.62,10.62,1,0
1258_1448,24.23823,73.27596,1,1,2023-04-21,2023-04-21,0,6.56,6.56,1,0
1258_1719,24.2395,74.26291,1,1,2023-03-05,2023-03-05,0,7.3,7.3,1,0
1258_1720,24.24012,74.26678,1,1,2023-03-05,2023-03-05,0,8.36,8.36,1,0
1258_1727,24.23893,74.2921,1,1,2023-02-21,2023-02-21,0,20.17,20.17,1,0
1258_1730,24.23901,74.30331,1,1,2023-02-22,2023-02-22,0,2.25,2.25,1,0
1258_1736,24.23854,74.32476,1,1,2023-02-20,2023-02-20,0,3.86,3.86,1,0
1258_1766,24.238495,74.434585,2,1,2023-04-24,2023-04-24,0,2.545,2.9,2,0
1258_1768,24.23827,74.44221,1,1,2023-04-22,2023-04-22,0,17.81,17.81,1,0
1258_1769,24.23985,74.44509,1,1,2023-04-06,2023-04-06,0,4.07,4.07,1,0
1258_1770,24.24047,74.44894,1,1,2023-04-06,2023-04-06,0,4.07,4.07,1,0
1259_1339,24.24177,72.87711,1,1,2023-04-26,2023-04-26,0,6.88,6.88,1,0
1259_1719,24.24285,74.26225,1,1,2023-03-05,2023-03-05,0,3.5,3.5,1,0
1259_1727,24.24368,74.29073,1,1,2023-02-22,2023-02-22,0,7.08,7.08,1,0
1259_1733,24.24412,74.31361,1,1,2023-02-12,2023-02-12,0,1.63,1.63,0,1
1259_1734,24.24349,74.31846,1,1,2023-02-12,2023-02-12,0,0.65,0.65,0,1
1259_1736,24.24442,74.3234,1,1,2023-02-09,2023-02-09,0,0.36,0.36,0,1
1259_1766,24.24398,74.43354,1,1,2023-04-23,2023-04-23,0,1.2,1.2,0,1
125_1509,20.42169,73.49638,1,1,2023-05-08,2023-05-08,0,1.43,1.43,1,0
125_1611,20.42241,73.87069,1,1,2023-02-26,2023-02-26,0,1.03,1.03,0,1
125_1782,20.42279,74.49364,1,1,2023-03-12,2023-03-12,0,2.11,2.11,1,0
1260_1436,24.24562,73.23123,1,1,2023-04-22,2023-04-22,0,2.41,2.41,1,0
1260_1726,24.24699,74.29014,1,1,2023-02-22,2023-02-22,0,2.27,2.27,1,0
1260_1729,24.24507,74.29849,1,1,2023-04-14,2023-04-14,0,4.44,4.44,1,0
1260_1733,24.24782,74.31424,1,1,2023-02-12,2023-02-12,0,1.63,1.63,0,1
1260_1734,24.2472,74.31905,1,1,2023-02-12,2023-02-12,0,0.65,0.65,0,1
1260_1755,24.24533,74.39537,1,1,2023-04-14,2023-04-14,0,4.37,4.37,1,0
1260_1756,24.24741,74.39638,1,1,2023-04-14,2023-04-14,0,4.94,4.94,1,0
1260_1757,24.24768,74.40011,1,1,2023-04-23,2023-04-23,0,1.17,1.17,0,1
1260_1761,24.24785,74.4149,1,1,2023-04-22,2023-04-22,0,1.0,1.0,0,1
1261_1726,24.24871,74.28899,1,1,2023-05-07,2023-05-07,0,23.03,23.03,1,0
1261_1729,24.24813,74.29768,1,1,2023-02-22,2023-02-22,0,5.28,5.28,1,0
1261_1732,24.25017,74.30946,1,1,2023-02-22,2023-02-22,0,1.44,1.44,0,1
1261_1754,24.24957,74.38915,1,1,2023-04-12,2023-04-12,0,9.27,9.27,1,0
1262_1732,24.25234,74.30957,1,1,2023-02-22,2023-02-22,0,1.11,1.11,0,1
1262_1738,24.25346,74.33378,1,1,2023-03-10,2023-03-10,0,4.07,4.07,1,0
1262_1743,24.25426,74.35132,1,1,2023-05-13,2023-05-13,0,15.85,15.85,1,0
1262_1746,24.25162,74.36222,1,1,2023-04-25,2023-04-25,0,8.1,8.1,1,0
1262_1748,24.25461,74.36691,1,1,2023-04-25,2023-04-25,0,3.53,3.53,1,0
1262_1758,24.2536,74.40515,1,1,2023-04-21,2023-04-21,0,6.74,6.74,1,0
1262_1772,24.2544,74.4573,1,1,2023-04-02,2023-04-02,0,3.7,3.7,1,0
1262_1773,24.25445,74.46021,1,1,2023-04-02,2023-04-02,0,7.12,7.12,1,0
1263_1299,24.25726,72.7328,1,1,2023-04-21,2023-04-21,0,27.2,27.2,1,0
1263_1333,24.25757,72.8553,1,1,2023-04-26,2023-04-26,0,5.53,5.53,1,0
1263_1448,24.256205,73.27648500000001,2,1,2023-04-14,2023-04-14,0,2.915,3.41,2,0
1263_1738,24.25677,74.33318,1,1,2023-03-10,2023-03-10,0,4.07,4.07,1,0
1263_1746,24.25662,74.36075,1,1,2023-04-25,2023-04-25,0,2.85,2.85,1,0
1263_1747,24.25696,74.36443,1,1,2023-04-25,2023-04-25,0,2.85,2.85,1,0
1263_1760,24.2555,74.41132,1,1,2023-04-23,2023-04-23,0,0.85,0.85,0,1
1263_1765,24.25631,74.42922,1,1,2023-05-10,2023-05-10,0,4.89,4.89,1,0
1263_1777,24.25746,74.47517,1,1,2023-04-02,2023-04-02,0,6.87,6.87,1,0
1264_1469,24.2583,73.35357,1,1,2023-05-18,2023-05-18,0,5.53,5.53,1,0
1264_1733,24.25887,74.31431,1,1,2023-02-09,2023-02-09,0,2.69,2.69,1,0
1264_1765,24.25915,74.42933,1,1,2023-05-10,2023-05-10,0,3.39,3.39,1,0
1265_1294,24.26354,72.71482,1,1,2023-04-11,2023-04-11,0,4.32,4.32,1,0
1265_1570,24.26263,73.71954,1,1,2023-02-24,2023-02-24,0,1.61,1.61,0,1
1265_1725,24.26306,74.2846,1,1,2023-02-27,2023-02-27,0,1.13,1.13,0,1
1265_1777,24.26456,74.47372,1,1,2023-04-05,2023-04-05,0,9.55,9.55,1,0
1266_1443,24.26606,73.25898,1,1,2023-04-26,2023-04-26,0,1.64,1.64,0,1
1266_1724,24.26571,74.28275,1,1,2023-02-28,2023-02-28,0,5.21,5.21,1,0
1266_1726,24.265866666666668,74.28806666666667,3,3,2023-01-18,2023-02-28,41,2.0733333333333333,3.02,2,1
1266_1752,24.26658,74.38457,1,1,2023-04-06,2023-04-06,0,1.9,1.9,1,0
1266_1775,24.26726,74.46591,1,1,2023-04-05,2023-04-05,0,0.96,0.96,0,1
1267_1311,24.268700000000003,72.777305,2,1,2023-05-07,2023-05-07,0,2.645,2.94,2,0
1267_1323,24.27044,72.81989,1,1,2023-04-10,2023-04-10,0,7.78,7.78,1,0
1267_1450,24.26917,73.28246,1,1,2023-04-11,2023-04-11,0,8.58,8.58,1,0
1267_1451,24.26977,73.28624,1,1,2023-04-11,2023-04-11,0,4.68,4.68,1,0
1267_1725,24.26891,74.28463,1,1,2023-02-27,2023-02-27,0,2.31,2.31,1,0
1267_1726,24.26867,74.28791,1,1,2023-02-28,2023-02-28,0,1.25,1.25,0,1
1267_1772,24.26935,74.45714,1,1,2023-04-06,2023-04-06,0,1.72,1.72,0,1
1267_1777,24.27085,74.47514,1,1,2023-04-06,2023-04-06,0,4.33,4.33,1,0
1268_1473,24.27203,73.36691,1,1,2023-03-04,2023-03-04,0,0.82,0.82,0,1
1268_1474,24.27156,73.37026,1,1,2023-03-11,2023-03-11,0,4.68,4.68,1,0
1268_1612,24.2718,73.87483,1,1,2023-12-28,2023-12-28,0,3.18,3.18,1,0
1268_1733,24.27172,74.31287,1,1,2023-02-12,2023-02-12,0,3.23,3.23,1,0
1268_1734,24.27245,74.31715,1,1,2023-02-12,2023-02-12,0,4.26,4.26,1,0
1268_1741,24.2745,74.34135,1,1,2023-03-14,2023-03-14,0,0.57,0.57,0,1
1268_1742,24.27242,74.34543,1,1,2023-03-14,2023-03-14,0,3.47,3.47,1,0
1268_1776,24.27357,74.4707,1,1,2023-04-06,2023-04-06,0,4.33,4.33,1,0
1269_1139,24.27756,72.14916,1,1,2023-02-22,2023-02-22,0,5.43,5.43,1,0
1269_1779,24.2767,74.48109,1,1,2023-04-05,2023-04-05,0,5.97,5.97,1,0
126_1336,20.42516,72.86933,1,1,2023-12-26,2023-12-26,0,1.2,1.2,0,1
126_1502,20.42526,73.47112,1,1,2023-04-01,2023-04-01,0,8.52,8.52,1,0
126_1587,20.42691,73.78162,1,1,2023-04-21,2023-04-21,0,1.09,1.09,0,1
1270_1275,24.28007,72.64725,1,1,2023-04-05,2023-04-05,0,2.48,2.48,1,0
1270_1781,24.28123,74.48976,1,1,2023-04-03,2023-04-03,0,12.66,12.66,1,0
1270_385,24.27941,69.40514,1,1,2023-01-25,2023-01-25,0,1.94,1.94,1,0
1271_1542,24.28426,73.6183,1,1,2023-03-05,2023-03-05,0,2.47,2.47,1,0
1271_1782,24.28275,74.49318,1,1,2023-04-03,2023-04-03,0,20.77,20.77,1,0
1271_1783,24.28163,74.49567,1,1,2023-04-03,2023-04-03,0,12.66,12.66,1,0
1272_1724,24.28792,74.28288,1,1,2023-03-31,2023-03-31,0,2.84,2.84,1,0
1272_1744,24.28647,74.35555,1,1,2023-04-12,2023-04-12,0,7.68,7.68,1,0
1272_1775,24.28671,74.46698,1,1,2023-02-26,2023-02-26,0,5.45,5.45,1,0
1273_1388,24.29164,73.05755,1,1,2023-04-15,2023-04-15,0,5.24,5.24,1,0
1273_1730,24.28925,74.30443,1,1,2023-04-17,2023-04-17,0,0.66,0.66,0,1
1273_1737,24.28835,74.32673,1,1,2023-05-26,2023-05-26,0,2.59,2.59,1,0
1273_1742,24.29124,74.34649,1,1,2023-04-11,2023-04-11,0,0.91,0.91,0,1
1273_1743,24.29066,74.35028,1,1,2023-04-11,2023-04-11,0,0.91,0.91,0,1
1273_1745,24.29167,74.35869,1,1,2023-04-25,2023-04-25,0,1.54,1.54,1,0
1273_1761,24.29022,74.41696,1,1,2023-04-18,2023-04-18,0,6.02,6.02,1,0
1273_1768,24.29133,74.43995,1,1,2023-05-22,2023-05-22,0,7.65,7.65,1,0
1273_1775,24.28973,74.46762,1,1,2023-02-26,2023-02-26,0,0.39,0.39,0,1
1274_1734,24.29215,74.31873,1,1,2023-04-25,2023-04-25,0,5.78,5.78,1,0
1274_1741,24.2923,74.34371,1,1,2023-04-05,2023-04-05,0,7.68,7.68,1,0
1274_1742,24.293725000000002,74.347695,2,2,2023-04-05,2023-04-11,6,4.295,7.68,1,1
1275_1446,24.29779,73.26729,1,1,2023-04-07,2023-04-07,0,5.08,5.08,1,0
1275_1448,24.29661,73.27499,1,1,2023-04-09,2023-04-09,0,3.73,3.73,1,0
1275_1451,24.29813,73.2852,1,1,2023-04-11,2023-04-11,0,1.66,1.66,0,1
1275_1740,24.29534,74.33857,1,1,2023-04-05,2023-04-05,0,16.17,16.17,1,0
1275_1747,24.2984,74.36545,1,1,2023-05-08,2023-05-08,0,9.68,9.68,1,0
1275_1764,24.29544,74.4265,1,1,2023-04-14,2023-04-14,0,5.3,5.3,1,0
1275_1772,24.29677,74.45569,1,1,2023-02-27,2023-02-27,0,0.56,0.56,0,1
1275_1774,24.29836,74.46375,1,1,2023-04-14,2023-04-14,0,6.33,6.33,1,0
1276_1684,24.29878,74.13628,1,1,2023-04-20,2023-04-20,0,3.4,3.4,1,0
1276_1740,24.29985,74.33842999999999,2,2,2023-04-04,2023-04-05,1,5.655,10.49,1,1
1276_1748,24.30163,74.36791,1,1,2023-04-11,2023-04-11,0,0.53,0.53,0,1
1276_1775,24.29873,74.46843,1,1,2023-04-14,2023-04-14,0,7.16,7.16,1,0
1277_1613,24.30241,73.87773,1,1,2023-02-18,2023-02-18,0,1.0,1.0,0,1
1277_1614,24.30487,73.88004,1,1,2023-02-18,2023-02-18,0,4.04,4.04,1,0
1277_1748,24.30428,74.36739,1,1,2023-04-12,2023-04-12,0,5.48,5.48,1,0
1277_1754,24.30414,74.39019,1,1,2023-04-11,2023-04-11,0,10.73,10.73,1,0
1277_1760,24.303420000000003,74.411485,2,1,2023-03-02,2023-03-02,0,1.1400000000000001,1.3,0,2
1278_1424,24.30648,73.18778,1,1,2023-04-15,2023-04-15,0,5.1,5.1,1,0
1278_1425,24.30692,73.19164,1,1,2023-04-15,2023-04-15,0,5.1,5.1,1,0
1278_1475,24.30603,73.37576,1,1,2023-04-12,2023-04-12,0,1.71,1.71,1,0
1278_1573,24.30779,73.73064,1,1,2023-04-25,2023-04-25,0,2.4,2.4,1,0
1278_1615,24.30568,73.88414,1,1,2023-02-18,2023-02-18,0,4.04,4.04,1,0
1278_1751,24.30689,74.37992,1,1,2023-05-15,2023-05-15,0,2.76,2.76,1,0
1279_1319,24.31182,72.80577,1,1,2023-04-17,2023-04-17,0,2.68,2.68,1,0
1279_1567,24.31027,73.7076,1,1,2023-05-23,2023-05-23,0,5.4,5.4,1,0
1279_1572,24.30996,73.72913,1,1,2023-04-25,2023-04-25,0,2.59,2.59,1,0
1279_1711,24.3098,74.23486,1,1,2023-04-18,2023-04-18,0,5.39,5.39,1,0
1279_1752,24.30989,74.38306,1,1,2023-04-14,2023-04-14,0,6.39,6.39,1,0
127_1337,20.4281,72.87098,1,1,2023-12-26,2023-12-26,0,1.17,1.17,0,1
127_1382,20.42851,73.03656,1,1,2023-01-13,2023-01-13,0,0.62,0.62,0,1
127_1410,20.42856,73.13763,1,1,2023-05-13,2023-05-13,0,1.06,1.06,0,1
1280_1566,24.31379,73.70705,1,1,2023-05-23,2023-05-23,0,5.4,5.4,1,0
1280_1744,24.31248,74.35555,1,1,2023-04-27,2023-04-27,0,3.93,3.93,1,0
1280_1745,24.3152,74.35856,1,1,2023-05-10,2023-05-10,0,5.88,5.88,1,0
1281_1534,24.3174,73.58859,1,1,2023-02-19,2023-02-19,0,4.64,4.64,1,0
1281_1744,24.31623,74.35439,1,1,2023-05-10,2023-05-10,0,8.12,8.12,1,0
1281_1781,24.31698,74.48765,1,1,2023-05-14,2023-05-14,0,0.7,0.7,0,1
1281_1783,24.31635,74.496205,2,1,2023-03-12,2023-03-12,0,2.225,2.23,2,0
1282_1453,24.31999,73.29292,1,1,2023-04-22,2023-04-22,0,4.67,4.67,1,0
1282_1535,24.3198,73.59262,1,1,2023-02-24,2023-02-24,0,3.91,3.91,1,0
1282_1749,24.3196,74.37132,1,1,2023-04-21,2023-04-21,0,30.45,30.45,1,0
1282_1782,24.31871,74.49406,1,1,2023-04-14,2023-04-14,0,3.92,3.92,1,0
1283_1470,24.32341,73.35586,1,1,2023-01-03,2023-01-03,0,1.4,1.4,0,1
1283_1535,24.32453,73.59289,1,1,2023-03-26,2023-03-26,0,9.48,9.48,1,0
1283_1536,24.32461,73.59715,1,1,2023-02-24,2023-02-24,0,3.27,3.27,1,0
1283_1561,24.32249,73.68887,1,1,2023-04-21,2023-04-21,0,11.34,11.34,1,0
1284_1479,24.32565,73.38953,1,1,2023-04-21,2023-04-21,0,3.34,3.34,1,0
1287_1725,24.33752,74.2844,1,1,2023-04-14,2023-04-14,0,2.66,2.66,1,0
1288_1724,24.34188,74.28123,1,1,2023-04-21,2023-04-21,0,9.7,9.7,1,0
1288_1780,24.34206,74.48498,1,1,2023-04-18,2023-04-18,0,1.64,1.64,0,1
1289_1535,24.34535,73.59399,1,1,2023-04-27,2023-04-27,0,6.88,6.88,1,0
1289_1574,24.34278,73.73339,1,1,2023-12-29,2023-12-29,0,5.74,5.74,1,0
1289_1721,24.34259,74.27198,1,1,2023-02-19,2023-02-19,0,0.56,0.56,0,1
1289_1722,24.34353,74.27278,1,1,2023-02-27,2023-02-27,0,1.56,1.56,0,1
128_1335,20.43143,72.86542,1,1,2023-03-16,2023-03-16,0,3.51,3.51,0,1
1290_1573,24.34637,73.73264,1,1,2023-12-29,2023-12-29,0,5.74,5.74,1,0
1290_1722,24.34607,74.27238,1,1,2023-02-27,2023-02-27,0,0.64,0.64,0,1
1291_1478,24.35,73.38564,1,1,2023-04-21,2023-04-21,0,4.09,4.09,1,0
1291_1531,24.35094,73.5768,1,1,2023-03-11,2023-03-11,0,0.54,0.54,0,1
1291_1720,24.35197,74.26807,1,1,2023-04-25,2023-04-25,0,4.17,4.17,1,0
1292_1476,24.35477,73.37794,1,1,2023-04-22,2023-04-22,0,1.45,1.45,0,1
1292_1477,24.35415,73.38254,1,1,2023-04-22,2023-04-22,0,2.32,2.32,0,1
1292_1721,24.35354,74.26892,1,1,2023-04-25,2023-04-25,0,4.05,4.05,1,0
1293_1594,24.35722,73.80631,1,1,2023-04-16,2023-04-16,0,12.91,12.91,1,0
1294_1593,24.36057,73.8057,1,1,2023-04-16,2023-04-16,0,6.43,6.43,1,0
1295_1553,24.36339,73.65813,1,1,2023-02-13,2023-02-13,0,5.26,5.26,1,0
1296_1511,24.36612,73.50421,1,1,2023-03-09,2023-03-09,0,3.75,3.75,1,0
1296_1586,24.36671,73.77832,1,1,2023-03-04,2023-03-04,0,3.6,3.6,1,0
129_1548,20.43757,73.63857,1,1,2023-05-15,2023-05-15,0,2.39,2.39,1,0
129_1554,20.43606,73.66304,1,1,2023-05-20,2023-05-20,0,10.65,10.65,1,0
129_1555,20.43732,73.66544,1,1,2023-05-08,2023-05-08,0,3.19,3.19,1,0
129_1570,20.4378,73.72134,1,1,2023-02-19,2023-02-19,0,1.82,1.82,0,1
129_1573,20.43786,73.73062,1,1,2023-05-11,2023-05-11,0,0.93,0.93,0,1
12_1461,20.04074,73.32143,1,1,2023-04-12,2023-04-12,0,1.72,1.72,1,0
12_1473,20.04268,73.36606,1,1,2023-03-11,2023-03-11,0,4.43,4.43,1,0
12_1489,20.04198,73.42477,1,1,2023-04-20,2023-04-20,0,2.44,2.44,1,0
12_1498,20.04332,73.45663,1,1,2023-04-18,2023-04-18,0,0.86,0.86,1,0
12_1515,20.04068,73.5209,1,1,2023-04-26,2023-04-26,0,6.57,6.57,1,0
12_1749,20.0424,74.37334,1,1,2023-04-07,2023-04-07,0,1.93,1.93,1,0
1300_933,24.381805,71.39945,2,1,2023-04-04,2023-04-04,0,5.025,5.59,2,0
1301_1443,24.38436,73.25906,1,1,2023-04-10,2023-04-10,0,1.19,1.19,0,1
1301_1718,24.38522,74.25919,1,1,2023-02-28,2023-02-28,0,3.79,3.79,1,0
1301_1721,24.38327,74.26852,1,1,2023-03-25,2023-03-25,0,12.81,12.81,1,0
1302_1447,24.3863,73.27128,1,1,2023-03-03,2023-03-03,0,1.56,1.56,1,0
1302_1571,24.38774,73.72399,1,1,2023-01-11,2023-01-11,0,1.76,1.76,1,0
1303_1514,24.39205,73.51498,1,1,2023-04-25,2023-04-25,0,1.62,1.62,0,1
1304_1780,24.39429,74.48402,1,1,2023-04-06,2023-04-06,0,3.79,3.79,1,0
1305_1320,24.39774,72.80977,1,1,2023-04-17,2023-04-17,0,3.44,3.44,1,0
1305_1541,24.39892,73.61469,1,1,2023-03-28,2023-03-28,0,0.93,0.93,1,0
1305_1715,24.39787,74.24708,1,1,2023-04-14,2023-04-14,0,8.35,8.35,1,0
1305_1780,24.39762,74.48338,1,1,2023-04-06,2023-04-06,0,3.79,3.79,1,0
1306_1181,24.40181,72.30393,1,1,2023-05-20,2023-05-20,0,2.91,2.91,1,0
1306_1363,24.4009,72.96505,1,1,2023-04-21,2023-04-21,0,3.43,3.43,1,0
1306_1587,24.40223,73.78309,1,1,2023-05-20,2023-05-20,0,5.46,5.46,1,0
1306_1778,24.40251,74.47948,1,1,2023-04-06,2023-04-06,0,0.79,0.79,0,1
1307_1307,24.40429,72.76095,1,1,2023-04-23,2023-04-23,0,3.53,3.53,1,0
1307_1550,24.40421,73.64717,1,1,2023-02-16,2023-02-16,0,1.97,1.97,1,0
1307_1564,24.40516,73.69964,1,1,2023-01-16,2023-01-16,0,0.59,0.59,0,1
1307_1579,24.40387,73.75331,1,1,2023-02-16,2023-02-16,0,3.64,3.64,1,0
1307_1580,24.4029,73.75844,1,1,2023-02-20,2023-02-20,0,3.07,3.07,1,0
1307_1612,24.40535,73.87389,1,1,2023-04-27,2023-04-27,0,4.16,4.16,1,0
1307_1777,24.4031,74.47533,1,1,2023-04-06,2023-04-06,0,3.11,3.11,0,1
1307_1781,24.4048,74.48817,1,1,2023-04-06,2023-04-06,0,1.13,1.13,0,1
1308_1281,24.40657,72.66618,1,1,2023-02-10,2023-02-10,0,6.53,6.53,1,0
1308_1516,24.40689,73.52187,1,1,2023-03-27,2023-03-27,0,1.24,1.24,0,1
1308_1569,24.40841,73.71568,1,1,2023-04-21,2023-04-21,0,8.25,8.25,1,0
1308_1777,24.40655,74.47589,1,1,2023-04-06,2023-04-06,0,1.18,1.18,0,1
1309_1575,24.41091,73.73895999999999,2,2,2023-02-04,2023-04-11,66,4.47,5.35,2,0
130_1554,20.44128,73.66225,1,1,2023-05-20,2023-05-20,0,4.78,4.78,1,0
130_1569,20.43898,73.71717,1,1,2023-02-19,2023-02-19,0,1.85,1.85,0,1
130_1573,20.44022,73.73074,1,1,2023-05-11,2023-05-11,0,1.11,1.11,0,1
1311_1445,24.41948,73.26567,1,1,2023-03-13,2023-03-13,0,0.58,0.58,0,1
1311_1453,24.4174,73.29475,1,1,2023-04-21,2023-04-21,0,4.52,4.52,1,0
1311_961,24.4172,71.50083,1,1,2023-02-11,2023-02-11,0,2.97,2.97,1,0
1312_1331,24.42078,72.8501,1,1,2023-11-11,2023-11-11,0,3.75,3.75,1,0
1312_1335,24.42176,72.86258,1,1,2023-04-21,2023-04-21,0,4.76,4.76,1,0
1312_1519,24.42281,73.53394,1,1,2023-04-22,2023-04-22,0,1.16,1.16,0,1
1313_1365,24.424525,72.974515,2,1,2023-04-18,2023-04-18,0,12.335,13.4,2,0
1314_1412,24.42797,73.14557,1,1,2023-04-17,2023-04-17,0,1.78,1.78,0,1
1314_1698,24.42927,74.18781,1,1,2023-05-18,2023-05-18,0,2.78,2.78,1,0
1315_1252,24.43006,72.56294,1,1,2023-04-17,2023-04-17,0,4.01,4.01,1,0
1315_1254,24.43097,72.56787,1,1,2023-04-17,2023-04-17,0,4.01,4.01,1,0
1315_1412,24.42988,73.14542,1,1,2023-04-18,2023-04-18,0,15.11,15.11,1,0
1315_1517,24.43311,73.52571,1,1,2023-02-26,2023-02-26,0,0.7,0.7,1,0
1315_1551,24.43174,73.65257,1,1,2023-01-21,2023-01-21,0,0.49,0.49,0,1
1315_1561,24.43255,73.68631,1,1,2023-03-01,2023-03-01,0,0.59,0.59,0,1
1315_1562,24.43226,73.68947,1,1,2023-03-01,2023-03-01,0,0.59,0.59,0,1
1315_1578,24.43023,73.74939,1,1,2023-05-24,2023-05-24,0,11.2,11.2,1,0
1316_1005,24.43651,71.66106,1,1,2023-01-04,2023-01-04,0,0.48,0.48,0,1
1316_1147,24.43434,72.18112,1,1,2023-12-23,2023-12-23,0,2.23,2.23,1,0
1316_1319,24.43556,72.80507,1,1,2023-04-07,2023-04-07,0,2.87,2.87,1,0
1316_1615,24.43485,73.8858,1,1,2023-04-22,2023-04-22,0,6.01,6.01,1,0
1317_1147,24.43773,72.18047,1,1,2023-12-23,2023-12-23,0,3.34,3.34,1,0
1317_1412,24.43933,73.14541,1,1,2023-04-15,2023-04-15,0,1.84,1.84,0,1
1317_1413,24.43796,73.14679,1,1,2023-04-15,2023-04-15,0,3.57,3.57,1,0
1317_1414,24.4384,73.15061,1,1,2023-04-15,2023-04-15,0,3.57,3.57,1,0
1317_1456,24.43759,73.30458,1,1,2023-03-27,2023-03-27,0,2.29,2.29,1,0
1318_1254,24.44034,72.5694,1,1,2023-05-11,2023-05-11,0,2.89,2.89,1,0
1318_1321,24.44158,72.81229,1,1,2023-04-12,2023-04-12,0,1.11,1.11,1,0
1318_1416,24.44074,73.15862,1,1,2023-04-12,2023-04-12,0,2.01,2.01,1,0
1318_1542,24.44121,73.61897,1,1,2023-02-17,2023-02-17,0,0.38,0.38,0,1
1318_1763,24.44253,74.42313,1,1,2023-05-25,2023-05-25,0,0.79,0.79,1,0
1319_1269,24.44566,72.62563,1,1,2023-04-12,2023-04-12,0,1.57,1.57,1,0
1319_1454,24.44637,73.29681,1,1,2023-04-11,2023-04-11,0,1.36,1.36,0,1
1319_1546,24.4456,73.63226,1,1,2023-02-18,2023-02-18,0,3.46,3.46,1,0
1319_1557,24.44434,73.67308,1,1,2023-03-01,2023-03-01,0,0.56,0.56,0,1
1319_1569,24.44563,73.7157,1,1,2023-04-16,2023-04-16,0,3.21,3.21,1,0
131_1430,20.44403,73.21193,1,1,2023-04-06,2023-04-06,0,1.86,1.86,1,0
131_1671,20.444515,74.088325,2,2,2023-02-21,2023-02-22,1,3.69,6.21,1,1
131_1696,20.4443,74.18003,1,1,2023-03-27,2023-03-27,0,4.76,4.76,1,0
1320_1412,24.44848,73.14494,1,1,2023-04-22,2023-04-22,0,6.65,6.65,1,0
1320_1416,24.4497,73.15987,1,1,2023-03-26,2023-03-26,0,3.14,3.14,1,0
1320_1546,24.44677,73.63306,1,1,2023-02-18,2023-02-18,0,6.56,6.56,1,0
1320_1562,24.44983,73.69014,1,1,2023-02-13,2023-02-13,0,4.83,4.83,1,0
1320_1569,24.44898,73.71512,1,1,2023-04-16,2023-04-16,0,2.2,2.2,1,0
1320_1571,24.44907,73.72217,1,1,2023-04-14,2023-04-14,0,4.75,4.75,1,0
1320_1574,24.447,73.73498,1,1,2023-05-23,2023-05-23,0,7.48,7.48,1,0
1320_1575,24.44757,73.73922,1,1,2023-05-23,2023-05-23,0,14.64,14.64,1,0
1320_1576,24.44814,73.74348,1,1,2023-05-23,2023-05-23,0,14.64,14.64,1,0
1320_1607,24.44942,73.85577,1,1,2023-05-05,2023-05-05,0,5.7,5.7,1,0
1320_1608,24.44868,73.8596,1,1,2023-02-21,2023-02-21,0,11.69,11.69,1,0
1321_1416,24.45278,73.15867,1,1,2023-04-11,2023-04-11,0,1.6,1.6,0,1
1321_1423,24.45203,73.18341,1,1,2023-02-27,2023-02-27,0,1.8,1.8,1,0
1321_1518,24.45041,73.53153,1,1,2023-02-20,2023-02-20,0,0.41,0.41,0,1
1321_1576,24.45166,73.74291,1,1,2023-05-23,2023-05-23,0,8.45,8.45,1,0
1322_1417,24.45421,73.16328,1,1,2023-04-12,2023-04-12,0,2.29,2.29,1,0
1322_1418,24.45493,73.16698,1,1,2023-04-12,2023-04-12,0,1.94,1.94,1,0
1322_1419,24.45444,73.17129,1,1,2023-04-11,2023-04-11,0,1.06,1.06,0,1
1322_1483,24.45365,73.40284,1,1,2023-04-22,2023-04-22,0,3.69,3.69,1,0
1323_1460,24.45946,73.31987,1,1,2023-03-26,2023-03-26,0,1.09,1.09,0,1
1323_1558,24.45794,73.67606,1,1,2023-12-22,2023-12-22,0,7.34,7.34,1,0
1323_1589,24.45717,73.78831,1,1,2023-04-24,2023-04-24,0,6.19,6.19,1,0
1323_1608,24.45737,73.85819,1,1,2023-04-17,2023-04-17,0,4.27,4.27,1,0
1324_1328,24.46212,72.83895,1,1,2023-01-04,2023-01-04,0,1.91,1.91,1,0
1324_1587,24.46245,73.7838,1,1,2023-04-11,2023-04-11,0,8.24,8.24,1,0
1324_1597,24.46237,73.81713,1,1,2023-05-24,2023-05-24,0,8.27,8.27,1,0
1324_1696,24.46321,74.17747,1,1,2023-03-04,2023-03-04,0,2.64,2.64,1,0
1325_1328,24.46434,72.83991,1,1,2023-04-25,2023-04-25,0,12.05,12.05,1,0
1325_1330,24.46542,72.84687500000001,2,2,2023-04-05,2023-04-26,21,0.465,0.66,0,2
1325_1515,24.46668,73.52107,1,1,2023-04-22,2023-04-22,0,1.13,1.13,0,1
1325_1544,24.46466,73.6247,1,1,2023-02-03,2023-02-03,0,0.56,0.56,0,1
1325_1587,24.46576,73.78319,1,1,2023-04-11,2023-04-11,0,8.24,8.24,1,0
1326_1328,24.46983,72.83983,1,1,2023-04-05,2023-04-05,0,0.33,0.33,0,1
1326_1331,24.4671,72.84808,1,1,2023-04-26,2023-04-26,0,0.65,0.65,0,1
1326_1473,24.46922,73.36755,1,1,2023-04-16,2023-04-16,0,6.38,6.38,1,0
1326_1515,24.46873,73.51868,1,1,2023-04-22,2023-04-22,0,2.16,2.16,0,1
1326_1570,24.4676,73.71964,1,1,2023-02-24,2023-02-24,0,1.62,1.62,1,0
1327_1474,24.47094,73.37049,1,1,2023-04-16,2023-04-16,0,0.94,0.94,0,1
1327_1515,24.47027,73.52152,1,1,2023-04-22,2023-04-22,0,1.13,1.13,0,1
1327_1570,24.47187,73.71899,1,1,2023-04-19,2023-04-19,0,6.63,6.63,1,0
1327_1579,24.47281,73.75292,2,1,2023-05-14,2023-05-14,0,13.67,17.82,2,0
1328_1569,24.47392,73.71482,1,1,2023-04-19,2023-04-19,0,5.67,5.67,1,0
1328_1580,24.47388,73.75668,1,1,2023-05-14,2023-05-14,0,9.52,9.52,1,0
1328_1616,24.47678,73.88766,1,1,2023-03-14,2023-03-14,0,0.33,0.33,0,1
1329_1333,24.47788,72.85692,1,1,2023-03-10,2023-03-10,0,3.02,3.02,1,0
1329_1334,24.4785,72.86079,1,1,2023-03-10,2023-03-10,0,3.02,3.02,1,0
1329_1583,24.47791,73.76777,1,1,2023-03-14,2023-03-14,0,7.35,7.35,1,0
132_1421,20.44577,73.17715,1,1,2023-05-29,2023-05-29,0,6.06,6.06,1,0
132_1447,20.44683,73.27103,1,1,2023-04-21,2023-04-21,0,8.34,8.34,1,0
132_1562,20.44491,73.69099,1,1,2023-03-11,2023-03-11,0,5.88,5.88,1,0
132_1581,20.44606,73.76059,1,1,2023-03-02,2023-03-02,0,1.26,1.26,0,1
132_1670,20.446,74.08373,1,1,2023-02-21,2023-02-21,0,6.35,6.35,1,0
1330_1514,24.48301,73.51717,1,1,2023-04-12,2023-04-12,0,4.58,4.58,1,0
1330_1545,24.48125,73.62817,1,1,2023-04-11,2023-04-11,0,1.1,1.1,0,1
1330_1556,24.48321,73.6676,1,1,2023-04-24,2023-04-24,0,3.81,3.81,1,0
1330_1615,24.48357,73.88265,1,1,2023-05-24,2023-05-24,0,5.78,5.78,1,0
1331_1506,24.48675,73.48775,1,1,2023-04-06,2023-04-06,0,0.73,0.73,0,1
1331_1515,24.48587,73.52038,1,1,2023-04-12,2023-04-12,0,4.96,4.96,1,0
1331_1545,24.48462,73.62876,1,1,2023-04-11,2023-04-11,0,1.1,1.1,0,1
1331_1584,24.48504,73.77087,1,1,2023-04-13,2023-04-13,0,1.2,1.2,1,0
1331_1615,24.48613,73.88448,1,1,2023-04-06,2023-04-06,0,2.54,2.54,1,0
1331_1741,24.485815000000002,74.342255,2,2,2023-03-26,2023-04-05,10,0.61,0.71,0,2
1332_1422,24.48737,73.18124,1,1,2023-05-13,2023-05-13,0,8.09,8.09,1,0
1332_1496,24.48916,73.44928,1,1,2023-04-07,2023-04-07,0,1.72,1.72,1,0
1332_1544,24.48857,73.62542,1,1,2023-04-11,2023-04-11,0,1.05,1.05,0,1
1332_1545,24.48798,73.62939,1,1,2023-04-11,2023-04-11,0,1.11,1.11,0,1
1333_1457,24.4912,73.30923,1,1,2023-03-10,2023-03-10,0,0.78,0.78,0,1
1333_1493,24.49056,73.43966,1,1,2023-04-10,2023-04-10,0,0.79,0.79,0,1
1333_1506,24.49196,73.48598,1,1,2023-04-07,2023-04-07,0,1.84,1.84,1,0
1333_1507,24.49288,73.49062,1,1,2023-04-07,2023-04-07,0,5.14,5.14,1,0
1333_1579,24.49283,73.75213,1,1,2023-05-14,2023-05-14,0,2.07,2.07,0,1
1333_1605,24.492350000000002,73.84747999999999,2,1,2023-05-17,2023-05-17,0,3.4499999999999997,4.64,2,0
1333_1615,24.49149,73.88545,1,1,2023-03-13,2023-03-13,0,3.64,3.64,1,0
1334_1338,24.49528,72.8738,1,1,2023-02-27,2023-02-27,0,0.64,0.64,0,1
1334_1450,24.49486,73.28191,1,1,2023-04-16,2023-04-16,0,1.6,1.6,0,1
1334_1662,24.49583,74.05447,1,1,2023-05-11,2023-05-11,0,3.99,3.99,1,0
1334_1738,24.49454,74.33183,1,1,2023-06-13,2023-06-13,0,10.92,10.92,1,0
1335_1450,24.49816,73.28252,1,1,2023-04-16,2023-04-16,0,1.91,1.91,0,1
1335_1561,24.4996,73.68629,1,1,2023-04-14,2023-04-14,0,1.76,1.76,1,0
1335_1778,24.50016,74.47879,1,1,2023-04-17,2023-04-17,0,0.4,0.4,0,1
1336_1561,24.50333,73.68628,1,1,2023-04-14,2023-04-14,0,1.59,1.59,1,0
1336_1594,24.5018,73.80741,1,1,2023-03-27,2023-03-27,0,7.33,7.33,1,0
1337_1312,24.5069,72.78094,1,1,2023-02-27,2023-02-27,0,2.04,2.04,1,0
1337_1560,24.50414,73.68507,1,1,2023-11-06,2023-11-06,0,0.54,0.54,0,1
1337_1561,24.50517,73.6862,1,1,2023-11-04,2023-11-04,0,0.74,0.74,0,1
1337_1594,24.50567,73.80658,1,1,2023-03-27,2023-03-27,0,6.74,6.74,1,0
1337_1595,24.50665,73.81187,1,1,2023-03-27,2023-03-27,0,12.95,12.95,1,0
1337_1614,24.50674,73.88154,1,1,2023-06-02,2023-06-02,0,7.16,7.16,1,0
1337_892,24.50658,71.25165,1,1,2023-11-05,2023-11-05,0,2.79,2.79,1,0
1338_1532,24.50925,73.58076,1,1,2023-05-20,2023-05-20,0,2.75,2.75,0,1
1338_1612,24.50931,73.8719,1,1,2023-04-20,2023-04-20,0,7.1,7.1,1,0
1338_892,24.51006,71.25094,1,1,2023-11-05,2023-11-05,0,2.79,2.79,1,0
1338_893,24.50729,71.25587,1,1,2023-11-05,2023-11-05,0,2.79,2.79,1,0
1339_1508,24.51226,73.49429,1,1,2023-04-23,2023-04-23,0,9.87,9.87,1,0
1339_1533,24.51157,73.58598,1,1,2023-05-12,2023-05-12,0,1.6,1.6,0,1
1339_1610,24.51344,73.86575,1,1,2023-04-20,2023-04-20,0,7.1,7.1,1,0
1339_1771,24.5123,74.4515,1,1,2023-04-11,2023-04-11,0,0.65,0.65,0,1
1339_893,24.51077,71.25517,1,1,2023-11-05,2023-11-05,0,2.79,2.79,1,0
1339_897,24.51291,71.26785,1,1,2023-11-05,2023-11-05,0,0.94,0.94,1,0
133_1673,20.44917666666667,74.09436333333333,3,1,2023-06-01,2023-06-01,0,2.14,3.67,0,3
1340_1153,24.51579,72.20135,1,1,2023-11-21,2023-11-21,0,4.9,4.9,1,0
1340_1343,24.51567,72.89161,1,1,2023-03-14,2023-03-14,0,2.95,2.95,1,0
1340_1582,24.51536,73.76405,1,1,2023-05-13,2023-05-13,0,3.02,3.02,0,1
1340_893,24.51425,71.25446,1,1,2023-11-05,2023-11-05,0,2.83,2.83,1,0
1340_894,24.51497,71.25869,1,1,2023-11-05,2023-11-05,0,2.11,2.11,1,0
1340_897,24.51639,71.26714,1,1,2023-11-05,2023-11-05,0,1.98,1.98,1,0
1340_898,24.5171,71.27136,1,1,2023-11-05,2023-11-05,0,1.98,1.98,1,0
1340_903,24.51712,71.28967,1,1,2023-10-20,2023-10-20,0,2.92,2.92,1,0
1341_1227,24.51933,72.47131,1,1,2023-05-05,2023-05-05,0,1.84,1.84,1,0
1341_1616,24.52029,73.88683,1,1,2023-04-20,2023-04-20,0,8.04,8.04,1,0
1341_893,24.51773,71.25375,1,1,2023-11-05,2023-11-05,0,2.83,2.83,1,0
1341_894,24.51844,71.25798,1,1,2023-11-05,2023-11-05,0,2.11,2.11,1,0
1341_895,24.519460000000002,71.26252,2,2,2023-10-20,2023-11-05,16,3.9749999999999996,5.84,2,0
1341_897,24.52057,71.27066,1,1,2023-11-05,2023-11-05,0,1.98,1.98,1,0
1341_898,24.51772,71.27201,1,1,2023-10-20,2023-10-20,0,2.55,2.55,1,0
1341_899,24.51844,71.27625,1,1,2023-10-20,2023-10-20,0,2.55,2.55,1,0
1341_904,24.51784,71.2939,1,1,2023-10-20,2023-10-20,0,2.92,2.92,1,0
1341_905,24.51787,71.29737,1,1,2023-11-05,2023-11-05,0,3.3,3.3,1,0
1341_906,24.51858,71.30158,1,1,2023-11-05,2023-11-05,0,4.85,4.85,1,0
1341_907,24.51929,71.30579,1,1,2023-11-05,2023-11-05,0,4.85,4.85,1,0
1341_908,24.52,71.31001,1,1,2023-11-05,2023-11-05,0,5.23,5.23,1,0
1341_909,24.520020000000002,71.312905,2,2,2023-02-11,2023-11-05,267,4.13,5.23,2,0
1342_1072,24.52085,71.90633,1,1,2023-01-15,2023-01-15,0,3.06,3.06,1,0
1342_1763,24.52087,74.42467,1,1,2023-05-03,2023-05-03,0,10.15,10.15,1,0
1342_892,24.52115,71.25009,1,1,2023-11-05,2023-11-05,0,3.9,3.9,1,0
1342_893,24.52163333333333,71.25366333333334,3,2,2023-10-20,2023-11-05,16,3.413333333333333,3.9,3,0
1342_894,24.52227,71.257905,2,1,2023-11-05,2023-11-05,0,3.13,3.87,2,0
1342_895,24.522893333333332,71.26236333333333,3,3,2023-02-27,2023-11-05,251,3.3466666666666667,4.21,3,0
1342_896,24.52271,71.26607,1,1,2023-02-27,2023-02-27,0,1.96,1.96,1,0
1342_899,24.52128,71.27488,1,1,2023-11-05,2023-11-05,0,3.16,3.16,1,0
1342_900,24.52265,71.27978,1,1,2023-10-20,2023-10-20,0,1.56,1.56,1,0
1342_901,24.52336,71.28402,1,1,2023-10-20,2023-10-20,0,1.56,1.56,1,0
1342_905,24.52204,71.29742,1,1,2023-10-20,2023-10-20,0,5.84,5.84,1,0
1342_906,24.52206,71.30088,1,1,2023-11-05,2023-11-05,0,4.41,4.41,1,0
1342_907,24.52276,71.30508,1,1,2023-11-05,2023-11-05,0,4.41,4.41,1,0
1342_908,24.52347,71.3093,1,1,2023-11-05,2023-11-05,0,3.32,3.32,1,0
1343_1152,24.52592,72.19936,1,1,2023-11-21,2023-11-21,0,19.74,19.74,1,0
1343_1444,24.52684,73.26221,1,1,2023-04-14,2023-04-14,0,2.8,2.8,1,0
1343_1552,24.52449,73.65491,1,1,2023-04-27,2023-04-27,0,3.26,3.26,1,0
1343_1553,24.52507,73.65868,1,1,2023-04-27,2023-04-27,0,3.26,3.26,1,0
1343_892,24.524665,71.250855,2,1,2023-11-05,2023-11-05,0,3.4699999999999998,3.9,2,0
1343_893,24.52639,71.25408999999999,2,2,2023-02-11,2023-11-05,267,4.0,4.1,2,0
1343_894,24.525745,71.257205,2,1,2023-11-05,2023-11-05,0,3.13,3.87,2,0
1343_895,24.526465,71.26143,2,1,2023-11-05,2023-11-05,0,3.13,3.87,2,0
1343_896,24.52605,71.26543,1,1,2023-02-27,2023-02-27,0,1.96,1.96,1,0
1343_899,24.52551,71.27541,1,1,2023-11-05,2023-11-05,0,3.19,3.19,1,0
1343_900,24.52613,71.27908,1,1,2023-10-20,2023-10-20,0,3.93,3.93,1,0
1343_901,24.52685,71.28331,1,1,2023-10-20,2023-10-20,0,3.93,3.93,1,0
1343_907,24.52624,71.30439,1,1,2023-11-05,2023-11-05,0,4.41,4.41,1,0
1343_908,24.52695,71.30859,1,1,2023-11-05,2023-11-05,0,3.32,3.32,1,0
1343_909,24.52418,71.3135,1,1,2023-11-05,2023-11-05,0,3.32,3.32,1,0
1343_982,24.52646,71.57674,1,1,2023-03-03,2023-03-03,0,0.63,0.63,0,1
1344_893,24.529795,71.25341499999999,2,2,2023-02-11,2023-11-05,267,4.655,7.28,2,0
1344_894,24.5288,71.25777500000001,2,2,2023-02-11,2023-11-05,267,6.125,8.54,2,0
1344_895,24.53029,71.26135,1,1,2023-11-05,2023-11-05,0,8.54,8.54,1,0
1344_899,24.52899,71.27471,1,1,2023-11-05,2023-11-05,0,3.19,3.19,1,0
1344_907,24.52971,71.30369,1,1,2023-11-05,2023-11-05,0,2.39,2.39,1,0
1344_909,24.52765,71.3128,1,1,2023-11-05,2023-11-05,0,3.32,3.32,1,0
1345_892,24.53232,71.2522,1,1,2023-11-05,2023-11-05,0,7.28,7.28,1,0
1345_894,24.53221,71.25709499999999,2,2,2023-02-11,2023-11-05,267,5.4399999999999995,8.54,2,0
1345_895,24.532875,71.261135,2,2,2023-02-11,2023-11-05,267,5.4399999999999995,8.54,2,0
1345_897,24.53175,71.26979,1,1,2023-11-05,2023-11-05,0,3.52,3.52,1,0
1345_898,24.53247,71.27401,1,1,2023-11-05,2023-11-05,0,5.72,5.72,1,0
1346_1116,24.53705,72.06815,1,1,2023-10-30,2023-10-30,0,3.31,3.31,1,0
1346_1376,24.53679,73.01477,1,1,2023-05-11,2023-05-11,0,5.1,5.1,0,1
1346_1586,24.53649,73.77812,1,1,2023-04-17,2023-04-17,0,2.23,2.23,0,1
1346_892,24.5358,71.2515,1,1,2023-11-05,2023-11-05,0,3.27,3.27,1,0
1346_893,24.53652,71.25571,1,1,2023-11-05,2023-11-05,0,4.68,4.68,1,0
1346_895,24.53725,71.25994,1,1,2023-11-05,2023-11-05,0,4.68,4.68,1,0
1346_896,24.5345,71.26487,1,1,2023-11-05,2023-11-05,0,3.52,3.52,1,0
1347_1321,24.54076,72.81367,1,1,2023-12-27,2023-12-27,0,3.3,3.3,1,0
1347_1384,24.53797,73.04405,1,1,2023-11-21,2023-11-21,0,0.39,0.39,0,1
1347_1437,24.539755,73.23661999999999,2,1,2023-04-08,2023-04-08,0,0.6699999999999999,0.97,0,2
1347_892,24.53928,71.25079,1,1,2023-11-05,2023-11-05,0,3.27,3.27,1,0
1347_893,24.53998,71.25467,2,2,2023-10-20,2023-11-05,16,3.505,4.68,2,0
1347_894,24.53981333333333,71.25809666666667,3,3,2023-02-11,2023-11-05,267,3.163333333333333,4.68,3,0
1347_895,24.53865,71.26035,1,1,2023-02-11,2023-02-11,0,1.81,1.81,1,0
1347_896,24.538615,71.26418000000001,2,2,2023-02-11,2023-11-05,267,4.485,5.41,2,0
1347_897,24.538665,71.26807,2,2,2023-10-20,2023-11-05,16,4.46,5.41,2,0
1347_898,24.53942,71.27259,1,1,2023-11-05,2023-11-05,0,2.68,2.68,1,0
1348_892,24.54276,71.25009,1,1,2023-11-05,2023-11-05,0,0.93,0.93,1,0
1348_893,24.543464999999998,71.253965,2,2,2023-10-20,2023-11-05,16,2.2350000000000003,2.93,2,0
1348_894,24.54421,71.25853,1,1,2023-11-05,2023-11-05,0,2.93,2.93,1,0
1348_895,24.541420000000002,71.263135,2,2,2023-10-20,2023-11-05,16,4.205,5.41,2,0
1348_896,24.54211,71.26705,1,1,2023-10-20,2023-10-20,0,3.51,3.51,1,0
1348_897,24.54217,71.26767,1,1,2023-11-05,2023-11-05,0,5.41,5.41,1,0
1348_898,24.5429,71.27188,1,1,2023-11-05,2023-11-05,0,2.68,2.68,1,0
1349_1285,24.54635,72.68232,1,1,2023-04-21,2023-04-21,0,4.73,4.73,1,0
134_1535,20.45288,73.59202,1,1,2023-04-30,2023-04-30,0,4.34,4.34,1,0
134_1672,20.45303,74.09129,1,1,2023-06-01,2023-06-01,0,3.67,3.67,0,1
134_1756,20.45354,74.3966,1,1,2023-04-25,2023-04-25,0,2.74,2.74,1,0
1350_1455,24.55106,73.30257,1,1,2023-04-16,2023-04-16,0,4.34,4.34,1,0
1351_1285,24.55188,72.68237,1,1,2023-04-20,2023-04-20,0,2.07,2.07,0,1
1351_1442,24.55308,73.25234,1,1,2023-04-21,2023-04-21,0,1.22,1.22,0,1
1351_1457,24.55256,73.30795,1,1,2023-04-23,2023-04-23,0,1.16,1.16,0,1
1352_1447,24.55641,73.27350000000001,2,1,2023-04-22,2023-04-22,0,3.885,4.56,2,0
1353_1505,24.56103,73.48386,1,1,2023-04-25,2023-04-25,0,0.84,0.84,1,0
1353_1513,24.55843,73.51332,1,1,2023-04-19,2023-04-19,0,3.5,3.5,1,0
1353_1514,24.55785,73.51573,1,1,2023-04-19,2023-04-19,0,5.35,5.35,1,0
1353_1781,24.55913,74.48994,1,1,2023-02-06,2023-02-06,0,5.1,5.1,1,0
1354_1238,24.5637,72.51034,1,1,2023-04-10,2023-04-10,0,3.86,3.86,1,0
1354_1456,24.56139,73.30589,1,1,2023-04-22,2023-04-22,0,1.21,1.21,0,1
1354_1458,24.56438,73.31113,1,1,2023-04-22,2023-04-22,0,0.83,0.83,0,1
1355_1320,24.56685,72.81117,1,1,2023-04-06,2023-04-06,0,0.85,0.85,0,1
1355_1439,24.56647,73.24228,2,2,2023-04-20,2023-04-21,1,1.72,2.52,1,1
1355_1440,24.56475,73.24676,1,1,2023-04-20,2023-04-20,0,1.27,1.27,0,1
1355_1443,24.56787,73.25825,1,1,2023-04-21,2023-04-21,0,1.35,1.35,0,1
1356_1438,24.57108,73.23895,1,1,2023-04-21,2023-04-21,0,1.54,1.54,0,1
1357_1439,24.57378,73.24343,1,1,2023-04-21,2023-04-21,0,1.62,1.62,0,1
1357_1452,24.57327,73.29112,1,1,2023-04-16,2023-04-16,0,3.44,3.44,1,0
1357_1455,24.5716,73.30311,1,1,2023-04-16,2023-04-16,0,3.05,3.05,1,0
1357_1501,24.57174,73.4685,1,1,2023-04-18,2023-04-18,0,4.56,4.56,1,0
1357_1503,24.573,73.47446,1,1,2023-04-18,2023-04-18,0,3.17,3.17,1,0
1357_1532,24.57432,73.5826,1,1,2023-04-13,2023-04-13,0,0.96,0.96,0,1
1357_1533,24.57422,73.58521,1,1,2023-04-13,2023-04-13,0,0.59,0.59,0,1
1357_1759,24.57419,74.40717,1,1,2023-05-20,2023-05-20,0,8.89,8.89,1,0
1358_1458,24.57589,73.31217,1,1,2023-04-14,2023-04-14,0,3.45,3.45,1,0
1358_1459,24.57527,73.31411,1,1,2023-04-14,2023-04-14,0,3.58,3.58,1,0
1358_1530,24.57673,73.57571,1,1,2023-05-23,2023-05-23,0,9.06,9.06,1,0
1359_1526,24.5803,73.56156,1,1,2023-03-26,2023-03-26,0,6.65,6.65,1,0
135_1453,20.45787,73.29441,1,1,2023-05-19,2023-05-19,0,2.85,2.85,1,0
135_1535,20.45532,73.5937,1,1,2023-04-30,2023-04-30,0,4.44,4.44,1,0
135_1568,20.45532,73.71194,1,1,2023-05-03,2023-05-03,0,5.78,5.78,1,0
135_1755,20.45564,74.39412,1,1,2023-04-25,2023-04-25,0,4.45,4.45,1,0
135_1756,20.45596,74.39733,1,1,2023-04-25,2023-04-25,0,4.71,4.71,1,0
1360_1484,24.58414,73.40554,1,1,2023-04-11,2023-04-11,0,1.3,1.3,0,1
1360_1526,24.5836,73.56094,1,1,2023-03-26,2023-03-26,0,2.13,2.13,1,0
1361_1436,24.58623,73.23365,1,1,2023-04-22,2023-04-22,0,2.14,2.14,1,0
1361_1454,24.58762,73.29883,1,1,2023-04-23,2023-04-23,0,2.75,2.75,0,1
1362_1437,24.5895,73.23411,1,1,2023-04-22,2023-04-22,0,1.75,1.75,0,1
1362_1456,24.5902,73.30391,1,1,2023-03-09,2023-03-09,0,2.86,2.86,1,0
1363_1437,24.59423,73.23444,1,1,2023-04-23,2023-04-23,0,2.43,2.43,0,1
1363_1767,24.59303,74.43726,1,1,2023-05-05,2023-05-05,0,5.44,5.44,1,0
1363_1768,24.59232,74.43968,1,1,2023-05-05,2023-05-05,0,5.65,5.65,1,0
1364_1339,24.59723,72.878305,2,1,2023-05-15,2023-05-15,0,2.575,2.8,2,0
1364_1454,24.59747,73.29916,1,1,2023-02-27,2023-02-27,0,2.22,2.22,1,0
1364_1456,24.59665,73.30588,1,1,2023-04-23,2023-04-23,0,1.99,1.99,0,1
1364_1484,24.59598,73.40565,1,1,2023-02-27,2023-02-27,0,3.67,3.67,1,0
1364_1598,24.59802,73.82053,1,1,2023-02-01,2023-02-01,0,2.71,2.71,1,0
1365_1483,24.59932,73.40508,1,1,2023-02-27,2023-02-27,0,2.75,2.75,1,0
1365_1576,24.59997,73.74322,1,1,2023-03-24,2023-03-24,0,2.19,2.19,1,0
1365_1597,24.60047,73.82031,1,1,2023-01-16,2023-01-16,0,3.98,3.98,1,0
1365_1599,24.59866,73.82445,1,1,2023-02-01,2023-02-01,0,2.71,2.71,1,0
1366_1113,24.602625,72.05529,2,2,2023-01-21,2023-12-23,336,2.915,4.08,2,0
1366_1114,24.60337,72.06062,1,1,2023-01-21,2023-01-21,0,3.93,3.93,1,0
1366_1596,24.603772727272727,73.81563454545454,11,11,2023-01-10,2023-12-23,347,0.7509090909090909,1.29,0,11
1366_1597,24.603801,73.81765499999999,10,10,2023-01-20,2023-12-22,336,0.5690000000000001,0.93,0,10
1366_1598,24.60203,73.8238,1,1,2023-02-01,2023-02-01,0,12.3,12.3,1,0
1367_1114,24.6072,72.0601,1,1,2023-02-06,2023-02-06,0,2.24,2.24,1,0
1367_1482,24.60712,73.40067,1,1,2023-04-23,2023-04-23,0,4.87,4.87,1,0
1367_1596,24.605195000000002,73.8153925,4,4,2023-02-01,2023-12-07,309,0.5825,0.78,0,4
1367_1597,24.60563,73.81703,1,1,2023-02-16,2023-02-16,0,0.94,0.94,0,1
1368_1584,24.61068,73.77259,1,1,2023-04-24,2023-04-24,0,17.4,17.4,1,0
1368_1672,24.61122,74.09238,1,1,2023-05-26,2023-05-26,0,0.75,0.75,0,1
1369_1456,24.612985000000002,73.30373,2,1,2023-04-08,2023-04-08,0,2.0549999999999997,2.13,0,2
1369_1576,24.61493,73.74142,1,1,2023-01-13,2023-01-13,0,6.5,6.5,1,0
1369_1594,24.61478,73.80634,1,1,2023-02-23,2023-02-23,0,4.54,4.54,1,0
136_1565,20.46055,73.7014,1,1,2023-06-02,2023-06-02,0,3.06,3.06,1,0
136_1569,20.45938,73.71505,1,1,2023-05-08,2023-05-08,0,2.56,2.56,1,0
136_1570,20.46011,73.7193,1,1,2023-05-08,2023-05-08,0,2.56,2.56,1,0
136_1659,20.46021,74.0435,1,1,2023-11-05,2023-11-05,0,2.38,2.38,1,0
136_1687,20.46001,74.14815,1,1,2023-05-31,2023-05-31,0,8.64,8.64,1,0
136_1756,20.45867,74.39606,1,1,2023-04-25,2023-04-25,0,2.74,2.74,1,0
1370_1577,24.61531,73.74674,1,1,2023-01-13,2023-01-13,0,6.5,6.5,1,0
1370_1707,24.61761,74.21792,1,1,2023-11-01,2023-11-01,0,2.53,2.53,1,0
1371_1456,24.619484999999997,73.30387999999999,2,1,2023-04-08,2023-04-08,0,1.335,1.4,0,2
1371_1576,24.62121,73.74073,1,1,2023-01-13,2023-01-13,0,6.5,6.5,1,0
1373_1575,24.62573,73.73979,1,1,2023-01-13,2023-01-13,0,1.79,1.79,0,1
1375_1590,24.63528,73.7942,1,1,2023-04-24,2023-04-24,0,2.06,2.06,1,0
1375_1591,24.63377,73.79615,1,1,2023-04-24,2023-04-24,0,2.13,2.13,1,0
1376_1558,24.63678,73.67755,1,1,2023-04-21,2023-04-21,0,15.85,15.85,1,0
1376_1591,24.63622,73.79817,1,1,2023-04-24,2023-04-24,0,2.06,2.06,1,0
1377_1558,24.64031,73.67701,1,1,2023-04-21,2023-04-21,0,9.34,9.34,1,0
1377_1580,24.64157,73.75797,1,1,2023-06-03,2023-06-03,0,10.72,10.72,1,0
137_1496,20.46371,73.45216,1,1,2023-04-28,2023-04-28,0,4.81,4.81,1,0
137_1687,20.46172,74.14815,1,1,2023-05-31,2023-05-31,0,10.75,10.75,1,0
1380_1752,24.65153,74.38239,1,1,2023-11-10,2023-11-10,0,5.5,5.5,1,0
1381_1370,24.65244,72.99263,1,1,2023-04-17,2023-04-17,0,2.49,2.49,0,1
1381_1406,24.65319,73.12403,1,1,2023-02-27,2023-02-27,0,0.62,0.62,0,1
1381_1667,24.65304,74.07497,1,1,2023-04-25,2023-04-25,0,5.72,5.72,1,0
1381_1668,24.65279,74.07782499999999,2,1,2023-04-25,2023-04-25,0,10.66,13.69,2,0
1381_1669,24.65251,74.08068,1,1,2023-04-25,2023-04-25,0,7.63,7.63,1,0
1381_1752,24.65495,74.38183,1,1,2023-11-10,2023-11-10,0,5.5,5.5,1,0
1382_1209,24.65726,72.40567,1,1,2023-02-06,2023-02-06,0,2.13,2.13,1,0
1382_1336,24.65773,72.86967,1,1,2023-05-14,2023-05-14,0,2.12,2.12,0,1
1382_1455,24.65882,73.30028,1,1,2023-05-12,2023-05-12,0,4.65,4.65,1,0
1382_1612,24.65752,73.873725,6,6,2023-05-07,2023-12-28,235,0.6933333333333334,1.29,0,6
1382_1613,24.657608000000003,73.876197,10,10,2023-09-02,2023-12-12,101,0.9470000000000001,1.12,0,10
1383_1372,24.65989,72.99991,1,1,2023-04-16,2023-04-16,0,1.62,1.62,0,1
1383_1612,24.658949999999997,73.87349499999999,2,2,2023-03-20,2023-11-26,251,0.87,0.92,0,2
1383_1613,24.65895,73.87801,1,1,2023-12-17,2023-12-17,0,1.2,1.2,0,1
1383_1717,24.66132,74.25602,1,1,2023-06-08,2023-06-08,0,3.92,3.92,1,0
1385_1407,24.66719,73.12624,1,1,2023-03-10,2023-03-10,0,0.53,0.53,0,1
1385_1607,24.66805,73.85591,1,1,2023-03-10,2023-03-10,0,2.63,2.63,1,0
1386_1498,24.67158,73.45723,1,1,2023-04-14,2023-04-14,0,9.05,9.05,1,0
1387_1419,24.67364,73.16984,1,1,2023-04-18,2023-04-18,0,5.4,5.4,1,0
1387_1510,24.67355,73.50261,1,1,2023-04-21,2023-04-21,0,1.87,1.87,0,1
1388_1634,24.6765,73.95512,1,1,2023-06-11,2023-06-11,0,3.17,3.17,1,0
138_1496,20.4649,73.4499,1,1,2023-04-28,2023-04-28,0,3.11,3.11,1,0
138_1514,20.46795,73.51705,1,1,2023-05-23,2023-05-23,0,4.58,4.58,1,0
138_1584,20.46524,73.77233,1,1,2023-03-31,2023-03-31,0,2.42,2.42,1,0
138_1596,20.46694,73.81448,1,1,2023-03-29,2023-03-29,0,2.01,2.01,0,1
1390_1565,24.68538,73.70364,1,1,2023-04-22,2023-04-22,0,4.26,4.26,1,0
1391_1172,24.68592,72.26978,1,1,2023-01-05,2023-01-05,0,1.15,1.15,1,0
1391_1372,24.68866,73.00053666666666,3,3,2023-01-26,2023-12-28,336,1.6033333333333333,2.2,0,3
1391_1373,24.688555555555556,73.00248277777777,18,17,2023-01-19,2023-11-08,293,1.267777777777778,3.36,1,17
1391_1567,24.68723,73.70903,1,1,2023-04-23,2023-04-23,0,6.61,6.61,1,0
1392_1372,24.690133333333332,73.00050555555555,9,9,2023-01-02,2023-10-30,301,1.541111111111111,3.48,0,9
1392_1373,24.690542105263173,73.00251705263156,95,93,2023-01-04,2023-12-27,357,1.43,3.17,2,93
1392_1374,24.690915000000004,73.00477500000001,8,8,2023-01-03,2023-12-28,359,1.11,2.0,0,8
1392_1421,24.69244,73.17804,1,1,2023-02-10,2023-02-10,0,2.42,2.42,1,0
1392_1564,24.69121,73.69832,1,1,2023-04-22,2023-04-22,0,2.13,2.13,0,1
1392_1755,24.691139999999997,74.39316,2,1,2023-04-08,2023-04-08,0,5.800000000000001,6.19,2,0
1393_1373,24.69276,73.00215,1,1,2023-12-17,2023-12-17,0,0.88,0.88,0,1
1393_1471,24.69407,73.359545,2,1,2023-04-23,2023-04-23,0,5.495,6.45,2,0
1394_1510,24.6961,73.50151,1,1,2023-04-21,2023-04-21,0,4.82,4.82,1,0
1394_1686,24.69817,74.14323,1,1,2023-04-21,2023-04-21,0,12.78,12.78,1,0
1395_1510,24.6996,73.50092,1,1,2023-04-21,2023-04-21,0,4.82,4.82,1,0
1395_1677,24.69951,74.10851,1,1,2023-10-30,2023-10-30,0,5.06,5.06,1,0
139_1354,20.47027,72.93442,1,1,2023-05-06,2023-05-06,0,4.4,4.4,1,0
139_1511,20.47083,73.50408,1,1,2023-05-08,2023-05-08,0,8.05,8.05,1,0
139_1517,20.47096,73.52638,1,1,2023-05-08,2023-05-08,0,3.95,3.95,1,0
139_1547,20.47094,73.63787,1,1,2023-05-18,2023-05-18,0,9.36,9.36,1,0
13_1377,20.04688,73.01786,1,1,2023-02-28,2023-02-28,0,1.07,1.07,0,1
13_1440,20.04421,73.24492,1,1,2023-05-08,2023-05-08,0,2.92,2.92,1,0
13_1456,20.0469,73.30671,1,1,2023-04-12,2023-04-12,0,3.93,3.93,1,0
13_1479,20.04626,73.38978,1,1,2023-05-13,2023-05-13,0,3.57,3.57,1,0
13_1498,20.04709,73.45915,1,1,2023-04-26,2023-04-26,0,7.25,7.25,1,0
13_1609,20.04505,73.86126,1,1,2023-04-04,2023-04-04,0,4.09,4.09,1,0
140_1712,20.47408,74.23906,1,1,2023-05-02,2023-05-02,0,4.36,4.36,1,0
141_1434,20.47738,73.22418,1,1,2023-05-02,2023-05-02,0,6.39,6.39,1,0
141_1503,20.47577,73.47732,1,1,2023-04-27,2023-04-27,0,5.58,5.58,1,0
141_1537,20.47812,73.6005,1,1,2023-04-26,2023-04-26,0,12.9,12.9,1,0
142_1438,20.47961,73.2405,1,1,2023-06-02,2023-06-02,0,3.19,3.19,0,1
142_1517,20.48162,73.52799,1,1,2023-04-30,2023-04-30,0,2.77,2.77,1,0
142_1525,20.47899,73.55715,1,1,2023-04-10,2023-04-10,0,6.15,6.15,1,0
143_1454,20.48195,73.29772,1,1,2023-04-26,2023-04-26,0,9.62,9.62,1,0
143_1481,20.48248,73.39444,1,1,2023-05-03,2023-05-03,0,5.35,5.35,1,0
144_1479,20.48689,73.38879,1,1,2023-04-23,2023-04-23,0,1.01,1.01,1,0
146_1481,20.49247,73.3951,1,1,2023-05-10,2023-05-10,0,3.39,3.39,1,0
146_1515,20.49238,73.51858,1,1,2023-04-21,2023-04-21,0,14.6,14.6,1,0
146_1575,20.4935,73.73763,1,1,2023-04-12,2023-04-12,0,1.72,1.72,1,0
146_1713,20.49195,74.24079,1,1,2023-12-12,2023-12-12,0,1.77,1.77,1,0
147_1458,20.49847,73.31227,1,1,2023-04-26,2023-04-26,0,7.65,7.65,1,0
147_1556,20.49566,73.66793,1,1,2023-05-18,2023-05-18,0,9.08,9.08,1,0
147_1624,20.49777,73.91728,1,1,2023-02-06,2023-02-06,0,10.37,10.37,1,0
148_1354,20.50188,72.93244,1,1,2023-05-28,2023-05-28,0,2.08,2.08,1,0
148_1490,20.50087,73.4295,1,1,2023-05-16,2023-05-16,0,2.38,2.38,1,0
148_1681,20.49861,74.12572,1,1,2023-04-24,2023-04-24,0,8.97,8.97,1,0
149_1424,20.50228,73.1879,1,1,2023-05-07,2023-05-07,0,6.86,6.86,1,0
149_1425,20.50283,73.1917,1,1,2023-05-07,2023-05-07,0,6.86,6.86,1,0
149_1488,20.50282,73.4212,1,1,2023-05-23,2023-05-23,0,8.7,8.7,1,0
149_1490,20.50397,73.42731,1,1,2023-05-16,2023-05-16,0,2.13,2.13,1,0
149_1551,20.50393,73.6495,1,1,2023-05-23,2023-05-23,0,4.43,4.43,1,0
14_1394,20.048,73.08034,1,1,2023-03-31,2023-03-31,0,6.07,6.07,1,0
14_1478,20.0492,73.38513,1,1,2023-05-12,2023-05-12,0,3.85,3.85,1,0
14_1491,20.04941,73.43312,1,1,2023-04-18,2023-04-18,0,2.24,2.24,1,0
14_1494,20.04783,73.44289,1,1,2023-05-24,2023-05-24,0,5.84,5.84,1,0
14_1496,20.04964,73.44976,1,1,2023-04-25,2023-04-25,0,7.39,7.39,1,0
14_1499,20.0486,73.46177,1,1,2023-04-28,2023-04-28,0,4.21,4.21,1,0
14_1677,20.04744,74.11063,1,1,2023-01-05,2023-01-05,0,2.51,2.51,1,0
14_1703,20.04894,74.20372,1,1,2023-04-15,2023-04-15,0,2.72,2.72,1,0
150_1467,20.50642,73.34633,1,1,2023-04-12,2023-04-12,0,0.35,0.35,0,1
150_1750,20.5071,74.37559,1,1,2023-03-29,2023-03-29,0,2.24,2.24,1,0
151_1563,20.51113,73.69384,1,1,2023-06-05,2023-06-05,0,3.81,3.81,1,0
152_1507,20.51236,73.49043,1,1,2023-04-12,2023-04-12,0,2.03,2.03,1,0
152_1549,20.51269,73.6427,1,1,2023-05-08,2023-05-08,0,1.34,1.34,1,0
153_1475,20.51583,73.37292,1,1,2023-04-11,2023-04-11,0,2.02,2.02,0,1
153_1493,20.51688,73.43945,1,1,2023-05-02,2023-05-02,0,9.61,9.61,1,0
153_1511,20.5178,73.50539,1,1,2023-05-12,2023-05-12,0,5.01,5.01,1,0
154_1351,20.51991,72.92277,1,1,2023-06-05,2023-06-05,0,1.61,1.61,0,1
154_1352,20.5208,72.92569,1,1,2023-02-11,2023-02-11,0,0.39,0.39,0,1
154_1363,20.52049,72.96632,1,1,2023-05-07,2023-05-07,0,5.03,5.03,0,1
154_1437,20.51997,73.2356,1,1,2023-05-25,2023-05-25,0,2.71,2.71,0,1
154_1454,20.51967,73.29767,1,1,2023-05-28,2023-05-28,0,3.05,3.05,0,1
154_1455,20.51884,73.30225,1,1,2023-05-28,2023-05-28,0,3.26,3.26,0,1
154_1676,20.52009,74.10709,1,1,2023-12-16,2023-12-16,0,2.63,2.63,1,0
155_1351,20.52219,72.92337,1,1,2023-03-04,2023-03-04,0,1.3,1.3,0,1
155_1537,20.524540000000002,73.60044500000001,2,1,2023-05-14,2023-05-14,0,4.074999999999999,4.14,2,0
156_1589,20.52826,73.78781,1,1,2023-05-10,2023-05-10,0,4.4,4.4,1,0
156_1644,20.52811,73.9905,1,1,2023-02-09,2023-02-09,0,3.38,3.38,0,1
156_1722,20.52558,74.27476,1,1,2023-02-23,2023-02-23,0,2.0,2.0,1,0
157_1542,20.53019,73.61773,1,1,2023-05-02,2023-05-02,0,6.79,6.79,1,0
157_1619,20.53091,73.89692,1,1,2023-02-10,2023-02-10,0,0.61,0.61,0,1
157_1635,20.53207,73.95568,1,1,2023-05-17,2023-05-17,0,6.69,6.69,1,0
157_1722,20.52962,74.27393,1,1,2023-02-23,2023-02-23,0,3.73,3.73,1,0
158_1637,20.5342,73.96362,1,1,2023-05-08,2023-05-08,0,9.8,9.8,1,0
158_1726,20.53538,74.29018,1,1,2023-11-21,2023-11-21,0,0.86,0.86,1,0
159_1587,20.53832,73.78339,1,1,2023-05-20,2023-05-20,0,2.93,2.93,1,0
159_1721,20.53605,74.26898,1,1,2023-04-17,2023-04-17,0,4.84,4.84,1,0
15_1474,20.05079,73.36917,1,1,2023-05-06,2023-05-06,0,2.38,2.38,1,0
15_1497,20.05127,73.45503,1,1,2023-05-12,2023-05-12,0,6.72,6.72,1,0
15_1520,20.05352,73.53979,1,1,2023-03-10,2023-03-10,0,1.28,1.28,0,1
15_1667,20.05195,74.07413,1,1,2023-01-12,2023-01-12,0,2.37,2.37,1,0
15_1676,20.05352,74.10505,2,2,2023-11-24,2023-12-21,27,5.2700000000000005,6.94,2,0
15_1677,20.05077,74.11005,1,1,2023-01-05,2023-01-05,0,6.39,6.39,1,0
160_1444,20.54068,73.26221,1,1,2023-03-10,2023-03-10,0,5.81,5.81,1,0
160_1505,20.54004,73.48506,1,1,2023-04-24,2023-04-24,0,0.75,0.75,0,1
160_1588,20.54113,73.78577,1,1,2023-06-03,2023-06-03,0,2.61,2.61,1,0
160_1747,20.54171,74.36385,1,1,2023-06-10,2023-06-10,0,9.83,9.83,1,0
160_1752,20.54072,74.38466,1,1,2023-12-24,2023-12-24,0,5.51,5.51,1,0
161_1530,20.54484,73.57552,1,1,2023-04-27,2023-04-27,0,5.99,5.99,1,0
161_1553,20.54354,73.65913,1,1,2023-05-23,2023-05-23,0,5.63,5.63,1,0
161_1582,20.54408,73.76436,1,1,2023-05-08,2023-05-08,0,4.37,4.37,1,0
161_1715,20.54445,74.2492,1,1,2023-11-23,2023-11-23,0,4.94,4.94,1,0
162_1598,20.54761,73.82214,1,1,2023-04-01,2023-04-01,0,4.03,4.03,1,0
162_1623,20.54716,73.91434,1,1,2023-03-01,2023-03-01,0,1.6,1.6,0,1
162_1715,20.54835,74.2477,1,1,2023-03-31,2023-03-31,0,0.37,0.37,0,1
162_1716,20.5477,74.25153,1,1,2023-03-31,2023-03-31,0,0.36,0.36,0,1
162_1776,20.54783,74.47025,1,1,2023-04-13,2023-04-13,0,8.07,8.07,1,0
163_1492,20.55105,73.43698,1,1,2023-05-10,2023-05-10,0,2.37,2.37,1,0
163_1493,20.55075,73.43888,1,1,2023-05-10,2023-05-10,0,2.9,2.9,1,0
163_1501,20.55037,73.46889,1,1,2023-05-15,2023-05-15,0,2.88,2.88,1,0
163_1539,20.5493,73.60808,1,1,2023-04-26,2023-04-26,0,10.06,10.06,1,0
163_1600,20.55197,73.83032,1,1,2023-02-28,2023-02-28,0,1.11,1.11,0,1
163_1608,20.55009,73.85882,1,1,2023-02-17,2023-02-17,0,8.88,8.88,1,0
163_1615,20.55184,73.88571,1,1,2023-02-28,2023-02-28,0,1.31,1.31,0,1
163_1626,20.55056,73.92468,1,1,2023-03-01,2023-03-01,0,8.49,8.49,1,0
164_1583,20.55309,73.76856,1,1,2023-04-27,2023-04-27,0,4.55,4.55,1,0
164_1599,20.5526,73.82571,1,1,2023-02-28,2023-02-28,0,1.11,1.11,0,1
164_1614,20.55371,73.88099,1,1,2023-02-23,2023-02-23,0,1.94,1.94,0,1
164_1616,20.55548,73.88635,1,1,2023-02-28,2023-02-28,0,0.86,0.86,0,1
164_1627,20.55558,73.92802,1,1,2023-03-01,2023-03-01,0,1.6,1.6,0,1
164_1652,20.55507,74.0174,1,1,2023-02-12,2023-02-12,0,3.48,3.48,1,0
165_1470,20.5589,73.35564,1,1,2023-05-29,2023-05-29,0,1.55,1.55,0,1
165_1477,20.55782,73.38152,1,1,2023-05-08,2023-05-08,0,1.93,1.93,0,1
165_1564,20.55819,73.6999,1,1,2023-05-20,2023-05-20,0,2.55,2.55,1,0
165_1634,20.55597,73.95274,1,1,2023-04-12,2023-04-12,0,1.6,1.6,0,1
165_1756,20.55649,74.39684,1,1,2023-05-29,2023-05-29,0,14.84,14.84,1,0
166_1349,20.56104,72.91465,1,1,2023-02-26,2023-02-26,0,2.97,2.97,1,0
166_1583,20.55979,73.76746,1,1,2023-04-27,2023-04-27,0,4.53,4.53,1,0
167_1516,20.56371,73.52461,1,1,2023-05-19,2023-05-19,0,3.72,3.72,1,0
167_1584,20.56367,73.7698,1,1,2023-04-25,2023-04-25,0,5.44,5.44,1,0
167_1615,20.56573,73.88438,1,1,2023-02-17,2023-02-17,0,0.73,0.73,0,1
168_1552,20.56905,73.65437,1,1,2023-05-17,2023-05-17,0,10.58,10.58,1,0
168_1584,20.56812,73.7724,1,1,2023-05-12,2023-05-12,0,4.42,4.42,1,0
168_1606,20.56763,73.8512,1,1,2023-04-04,2023-04-04,0,0.98,0.98,0,1
169_1438,20.5714,73.23935,1,1,2023-05-29,2023-05-29,0,6.17,6.17,1,0
169_1439,20.57202,73.24319,1,1,2023-05-29,2023-05-29,0,6.17,6.17,1,0
169_1588,20.57074,73.78596,1,1,2023-05-11,2023-05-11,0,1.76,1.76,1,0
169_1606,20.57232,73.8518,1,1,2023-04-04,2023-04-04,0,1.7,1.7,0,1
169_1613,20.570149999999998,73.87723,2,1,2023-05-31,2023-05-31,0,1.4300000000000002,1.5,0,2
16_1438,20.05642,73.24117,1,1,2023-04-04,2023-04-04,0,3.59,3.59,1,0
16_1519,20.05534,73.53606,1,1,2023-03-11,2023-03-11,0,3.17,3.17,1,0
16_1521,20.05684,73.54036,1,1,2023-03-10,2023-03-10,0,1.28,1.28,0,1
16_1527,20.05444,73.56182,1,1,2023-06-01,2023-06-01,0,2.45,2.45,1,0
16_1665,20.05472,74.06487,1,1,2023-05-14,2023-05-14,0,3.85,3.85,1,0
16_1667,20.05696,74.07299,1,1,2023-01-12,2023-01-12,0,2.01,2.01,1,0
16_1680,20.05418,74.12143,1,1,2023-03-31,2023-03-31,0,1.33,1.33,1,0
16_1726,20.05579,74.28965,1,1,2023-05-02,2023-05-02,0,7.5,7.5,1,0
170_1345,20.57603,72.89941,1,1,2023-03-13,2023-03-13,0,0.5,0.5,0,1
170_1353,20.57523,72.92982,1,1,2023-04-06,2023-04-06,0,5.06,5.06,1,0
171_1529,20.57901,73.5692,1,1,2023-05-27,2023-05-27,0,2.58,2.58,1,0
171_1600,20.5794,73.8296,1,1,2023-04-15,2023-04-15,0,1.38,1.38,0,1
172_1489,20.58165,73.42452,1,1,2023-05-19,2023-05-19,0,2.31,2.31,1,0
172_1588,20.58091,73.78407,1,1,2023-05-14,2023-05-14,0,6.25,6.25,1,0
172_1603,20.5822,73.83963,1,1,2023-04-16,2023-04-16,0,3.84,3.84,1,0
172_1618,20.57999,73.8941,1,1,2023-04-18,2023-04-18,0,0.81,0.81,0,1
172_1625,20.58102,73.92006,1,1,2023-03-04,2023-03-04,0,1.34,1.34,0,1
173_1478,20.58532,73.3856,1,1,2023-04-15,2023-04-15,0,7.25,7.25,1,0
173_1494,20.58599,73.44286,1,1,2023-05-23,2023-05-23,0,5.16,5.16,1,0
173_1565,20.58558,73.70067,1,1,2023-04-27,2023-04-27,0,7.58,7.58,1,0
173_1599,20.5834,73.82642,1,1,2023-05-08,2023-05-08,0,2.66,2.66,1,0
173_1626,20.58433,73.92252,1,1,2023-04-16,2023-04-16,0,10.15,10.15,1,0
174_1465,20.58728,73.33808,1,1,2023-06-01,2023-06-01,0,3.75,3.75,1,0
174_1514,20.58844,73.51764,1,1,2023-05-16,2023-05-16,0,1.14,1.14,1,0
174_1533,20.5893,73.58704,1,1,2023-04-21,2023-04-21,0,8.24,8.24,1,0
174_1557,20.58672,73.67249,1,1,2023-03-12,2023-03-12,0,2.18,2.18,1,0
174_1558,20.58766,73.67667,1,1,2023-03-12,2023-03-12,0,2.18,2.18,1,0
174_1588,20.5886,73.78501,1,1,2023-04-19,2023-04-19,0,7.94,7.94,1,0
174_1602,20.58724,73.83799,1,1,2023-04-15,2023-04-15,0,0.81,0.81,0,1
175_1435,20.59127,73.22805,1,1,2023-05-23,2023-05-23,0,1.99,1.99,0,1
175_1504,20.59112,73.48122,1,1,2023-05-22,2023-05-22,0,5.64,5.64,1,0
175_1509,20.59228,73.49802,1,1,2023-05-14,2023-05-14,0,2.08,2.08,1,0
175_1557,20.59,73.67204,1,1,2023-03-12,2023-03-12,0,3.77,3.77,1,0
175_1587,20.58999,73.78139,1,1,2023-04-19,2023-04-19,0,4.24,4.24,1,0
175_1588,20.59039,73.78612,1,1,2023-04-19,2023-04-19,0,4.24,4.24,1,0
175_1599,20.59218,73.82407,1,1,2023-04-15,2023-04-15,0,4.84,4.84,1,0
175_1601,20.59182,73.834755,2,1,2023-04-15,2023-04-15,0,1.8900000000000001,1.98,0,2
175_1603,20.590980000000002,73.839125,2,1,2023-04-15,2023-04-15,0,1.05,1.09,0,2
175_1660,20.59083,74.0463,1,1,2023-05-23,2023-05-23,0,2.77,2.77,1,0
175_1661,20.59137,74.05022,1,1,2023-05-23,2023-05-23,0,2.77,2.77,1,0
176_1473,20.59557,73.368,1,1,2023-06-01,2023-06-01,0,3.12,3.12,1,0
176_1516,20.59362,73.52171,1,1,2023-04-26,2023-04-26,0,11.85,11.85,1,0
176_1548,20.59422,73.63891,1,1,2023-04-26,2023-04-26,0,10.35,10.35,1,0
176_1577,20.59552,73.74657,1,1,2023-05-08,2023-05-08,0,2.27,2.27,1,0
177_1545,20.59866,73.62855,1,1,2023-05-11,2023-05-11,0,8.04,8.04,1,0
177_1561,20.59809,73.68712,1,1,2023-02-17,2023-02-17,0,0.86,0.86,0,1
177_1586,20.598265,73.777625,2,1,2023-05-12,2023-05-12,0,4.23,5.15,2,0
178_1444,20.601145000000002,73.26193,2,1,2023-05-21,2023-05-21,0,1.79,1.94,2,0
179_1447,20.60422,73.27209,1,1,2023-04-26,2023-04-26,0,5.64,5.64,1,0
179_1474,20.60581,73.371,1,1,2023-03-11,2023-03-11,0,2.52,2.52,1,0
179_1510,20.604055000000002,73.50305499999999,2,2,2023-04-28,2023-05-21,23,2.46,2.47,2,0
179_1555,20.60329,73.66621,1,1,2023-05-16,2023-05-16,0,6.23,6.23,1,0
179_1556,20.60361,73.66945,1,1,2023-05-16,2023-05-16,0,3.62,3.62,1,0
179_1589,20.60401,73.79027,1,1,2023-05-12,2023-05-12,0,10.44,10.44,1,0
179_1590,20.60345,73.79143,1,1,2023-05-12,2023-05-12,0,7.62,7.62,1,0
17_1416,20.05786,73.15794,1,1,2023-05-29,2023-05-29,0,0.37,0.37,0,1
17_1424,20.05815,73.18808,1,1,2023-03-31,2023-03-31,0,4.45,4.45,1,0
17_1443,20.0585,73.25603,1,1,2023-04-28,2023-04-28,0,3.16,3.16,1,0
17_1447,20.05956,73.27137,1,1,2023-04-21,2023-04-21,0,6.66,6.66,1,0
17_1461,20.05951,73.3245,2,1,2023-04-20,2023-04-20,0,4.42,4.77,2,0
17_1482,20.05745,73.4003,1,1,2023-04-26,2023-04-26,0,5.82,5.82,1,0
17_1520,20.0574,73.53668,1,1,2023-03-10,2023-03-10,0,1.28,1.28,0,1
17_1669,20.06026,74.07975,1,1,2023-04-17,2023-04-17,0,3.88,3.88,1,0
180_1483,20.60794,73.40223,1,1,2023-05-04,2023-05-04,0,3.83,3.83,1,0
180_1510,20.60649,73.50298,1,1,2023-05-21,2023-05-21,0,1.86,1.86,1,0
181_1578,20.61072,73.75051,1,1,2023-04-27,2023-04-27,0,4.08,4.08,1,0
181_1598,20.61054,73.82284,1,1,2023-02-14,2023-02-14,0,1.3,1.3,0,1
181_1601,20.61077,73.83188,1,1,2023-02-14,2023-02-14,0,1.06,1.06,0,1
182_1469,20.61438,73.35265,1,1,2023-05-28,2023-05-28,0,3.85,3.85,0,1
182_1495,20.61352,73.44566,1,1,2023-02-10,2023-02-10,0,6.39,6.39,1,0
182_1513,20.61569,73.51336,1,1,2023-05-29,2023-05-29,0,0.84,0.84,0,1
182_1525,20.61387,73.55807,1,1,2023-06-05,2023-06-05,0,1.87,1.87,1,0
182_1535,20.61562,73.59341,1,1,2023-05-15,2023-05-15,0,0.95,0.95,1,0
182_1599,20.61351,73.82415,1,1,2023-02-14,2023-02-14,0,1.75,1.75,0,1
183_1457,20.61982,73.30947,1,1,2023-05-01,2023-05-01,0,0.74,0.74,0,1
183_1531,20.61964,73.57958,1,1,2023-02-27,2023-02-27,0,2.49,2.49,1,0
183_1535,20.61917,73.59197,1,1,2023-05-15,2023-05-15,0,1.19,1.19,1,0
183_1575,20.61742,73.73822,1,1,2023-04-21,2023-04-21,0,5.93,5.93,1,0
183_1580,20.61871,73.75491,1,1,2023-05-08,2023-05-08,0,3.07,3.07,1,0
184_1441,20.62161,73.2495,1,1,2023-05-19,2023-05-19,0,1.33,1.33,0,1
184_1509,20.62234,73.49947,1,1,2023-05-16,2023-05-16,0,6.31,6.31,1,0
184_1529,20.62295,73.57063,1,1,2023-05-18,2023-05-18,0,4.01,4.01,1,0
184_1581,20.62271,73.76163,1,1,2023-03-14,2023-03-14,0,3.02,3.02,1,0
184_1757,20.61996,74.40295,1,1,2023-05-03,2023-05-03,0,7.24,7.24,1,0
185_1503,20.62577,73.47575,1,1,2023-05-03,2023-05-03,0,5.45,5.45,1,0
185_1541,20.62413,73.61603,1,1,2023-04-19,2023-04-19,0,2.84,2.84,1,0
185_1596,20.62642,73.8154,1,1,2023-05-15,2023-05-15,0,2.84,2.84,1,0
185_1613,20.62381,73.87676,1,1,2023-05-13,2023-05-13,0,4.41,4.41,1,0
186_1504,20.62674,73.48105,1,1,2023-05-03,2023-05-03,0,5.45,5.45,1,0
186_1540,20.62816,73.61123,1,1,2023-05-12,2023-05-12,0,10.63,10.63,1,0
186_1587,20.62728,73.78088,1,1,2023-05-18,2023-05-18,0,7.81,7.81,1,0
187_1505,20.63054,73.48347,1,1,2023-05-04,2023-05-04,0,4.89,4.89,1,0
187_1524,20.63159,73.55226,1,1,2023-02-11,2023-02-11,0,3.21,3.21,1,0
187_1594,20.63313,73.80746,1,1,2023-05-22,2023-05-22,0,5.79,5.79,1,0
187_1604,20.63245,73.84447,1,1,2023-05-13,2023-05-13,0,4.39,4.39,1,0
187_1711,20.63284,74.23289,1,1,2023-02-16,2023-02-16,0,4.53,4.53,1,0
188_1543,20.63453,73.62244,1,1,2023-06-08,2023-06-08,0,7.18,7.18,1,0
188_1602,20.63358,73.83513,1,1,2023-02-14,2023-02-14,0,1.32,1.32,0,1
188_1604,20.63667,73.84516,1,1,2023-04-16,2023-04-16,0,7.55,7.55,1,0
189_1585,20.64001,73.77487,1,1,2023-04-21,2023-04-21,0,5.99,5.99,1,0
189_1602,20.63987,73.83597,1,1,2023-02-14,2023-02-14,0,0.97,0.97,0,1
189_1605,20.63994,73.847,1,1,2023-04-26,2023-04-26,0,4.23,4.23,1,0
189_1633,20.63669,73.95137,1,1,2023-05-19,2023-05-19,0,8.55,8.55,1,0
18_1470,20.06069,73.35534,1,1,2023-04-12,2023-04-12,0,4.21,4.21,1,0
18_1483,20.06382,73.40203,1,1,2023-05-14,2023-05-14,0,1.27,1.27,1,0
18_1491,20.06117,73.43268,1,1,2023-04-10,2023-04-10,0,8.79,8.79,1,0
18_1501,20.06268,73.4705,1,1,2023-05-10,2023-05-10,0,3.08,3.08,1,0
18_1599,20.06183,73.82642,1,1,2023-02-27,2023-02-27,0,7.37,7.37,1,0
190_1502,20.64244,73.4718,1,1,2023-04-21,2023-04-21,0,5.69,5.69,1,0
190_1506,20.64282,73.48615,1,1,2023-05-08,2023-05-08,0,2.39,2.39,1,0
190_1601,20.6412,73.8345,1,1,2023-04-27,2023-04-27,0,4.65,4.65,1,0
190_1609,20.64094,73.86284,1,1,2023-03-04,2023-03-04,0,7.3,7.3,1,0
190_1626,20.64305,73.92482,1,1,2023-05-12,2023-05-12,0,8.77,8.77,1,0
191_1506,20.64482,73.48661,1,1,2023-05-08,2023-05-08,0,2.01,2.01,1,0
191_1545,20.64459,73.62856,1,1,2023-05-31,2023-05-31,0,4.53,4.53,1,0
191_1601,20.64453,73.83387,1,1,2023-04-27,2023-04-27,0,4.65,4.65,1,0
192_1542,20.64979,73.61904,1,1,2023-05-13,2023-05-13,0,12.07,12.07,1,0
192_1572,20.64944,73.7271,1,1,2023-05-16,2023-05-16,0,2.09,2.09,1,0
192_1603,20.64906,73.84084,1,1,2023-04-27,2023-04-27,0,6.24,6.24,1,0
192_1625,20.64812,73.92191,1,1,2023-04-27,2023-04-27,0,4.24,4.24,1,0
193_1452,20.65176,73.29037,1,1,2023-04-26,2023-04-26,0,0.53,0.53,0,1
193_1536,20.65323,73.59582,1,1,2023-04-18,2023-04-18,0,2.35,2.35,1,0
193_1542,20.65314,73.61842,1,1,2023-05-13,2023-05-13,0,6.99,6.99,1,0
193_1544,20.65167,73.6265,1,1,2023-06-10,2023-06-10,0,8.28,8.28,1,0
194_1536,20.65424,73.59582,1,1,2023-02-19,2023-02-19,0,8.73,8.73,1,0
194_1542,20.65537,73.6173,2,2,2023-04-26,2023-05-13,17,12.29,17.59,2,0
194_1585,20.65654,73.77596,1,1,2023-04-28,2023-04-28,0,5.7,5.7,1,0
195_1535,20.65937,73.59347,1,1,2023-02-19,2023-02-19,0,17.91,17.91,1,0
196_1468,20.66268,73.34896,1,1,2023-05-03,2023-05-03,0,0.53,0.53,0,1
196_1534,20.66039,73.59026,1,1,2023-02-19,2023-02-19,0,8.17,8.17,1,0
196_1536,20.66081,73.59524,1,1,2023-02-19,2023-02-19,0,9.17,9.17,1,0
196_1544,20.66243,73.62398,1,1,2023-04-28,2023-04-28,0,4.39,4.39,1,0
196_1609,20.66261,73.86147,1,1,2023-04-27,2023-04-27,0,13.28,13.28,1,0
196_1663,20.66122,74.05956,1,1,2023-02-04,2023-02-04,0,0.26,0.26,0,1
197_1482,20.66685,73.39853,1,1,2023-04-23,2023-04-23,0,3.91,3.91,1,0
197_1484,20.6648,73.40637,1,1,2023-04-06,2023-04-06,0,1.86,1.86,1,0
197_1542,20.66388,73.6176,1,1,2023-05-30,2023-05-30,0,3.91,3.91,1,0
197_1544,20.66689,73.62552,1,1,2023-05-20,2023-05-20,0,1.46,1.46,1,0
197_1611,20.66378,73.86894,1,1,2023-04-27,2023-04-27,0,5.68,5.68,1,0
197_1649,20.66499,74.00799,1,1,2023-05-13,2023-05-13,0,6.38,6.38,1,0
197_1749,20.66376,74.37233,1,1,2023-05-31,2023-05-31,0,4.05,4.05,1,0
198_1484,20.66844,73.4083,1,1,2023-05-29,2023-05-29,0,5.92,5.92,1,0
198_1486,20.66947,73.41492,1,1,2023-05-23,2023-05-23,0,5.9,5.9,1,0
198_1511,20.66973,73.50656,1,1,2023-05-20,2023-05-20,0,1.59,1.59,1,0
198_1542,20.66871,73.61669,1,1,2023-05-22,2023-05-22,0,8.32,8.32,1,0
198_1546,20.67036,73.63207,1,1,2023-06-02,2023-06-02,0,4.9,4.9,1,0
198_1547,20.66704,73.6378,1,1,2023-06-02,2023-06-02,0,4.9,4.9,1,0
198_1559,20.66767,73.68008,1,1,2023-05-28,2023-05-28,0,2.82,2.82,0,1
198_1604,20.66938,73.84339,1,1,2023-04-28,2023-04-28,0,3.14,3.14,1,0
198_1618,20.66836,73.89567,1,1,2023-05-07,2023-05-07,0,6.08,6.08,1,0
198_1696,20.66717,74.17782,1,1,2023-04-04,2023-04-04,0,5.46,5.46,1,0
198_1707,20.67025,74.22064,1,1,2023-02-11,2023-02-11,0,0.62,0.62,0,1
199_1447,20.67055,73.27209,1,1,2023-06-02,2023-06-02,0,0.9,0.9,0,1
199_1458,20.67058,73.31263,1,1,2023-05-11,2023-05-11,0,9.67,9.67,1,0
199_1490,20.67299,73.42785,1,1,2023-03-09,2023-03-09,0,2.98,2.98,0,1
199_1582,20.67332,73.76352,1,1,2023-05-04,2023-05-04,0,2.27,2.27,1,0
199_1619,20.67156,73.89773,1,1,2023-05-03,2023-05-03,0,5.56,5.56,1,0
199_1625,20.67213,73.92229,1,1,2023-05-08,2023-05-08,0,4.05,4.05,1,0
199_1642,20.67232,73.98331,1,1,2023-04-17,2023-04-17,0,10.41,10.41,1,0
199_1695,20.67171,74.17702,1,1,2023-04-04,2023-04-04,0,5.46,5.46,1,0
199_1697,20.67221,74.18152,1,1,2023-04-04,2023-04-04,0,14.18,14.18,1,0
199_1708,20.67037,74.22365,1,1,2023-02-11,2023-02-11,0,0.95,0.95,0,1
199_1758,20.67213,74.404675,2,1,2023-01-15,2023-01-15,0,2.6100000000000003,3.02,2,0
19_1468,20.06721,73.34891,1,1,2023-04-28,2023-04-28,0,4.17,4.17,1,0
19_1484,20.0643,73.40733,1,1,2023-05-08,2023-05-08,0,4.17,4.17,1,0
19_1557,20.0668,73.67354,1,1,2023-02-22,2023-02-22,0,6.72,6.72,1,0
1_1388,20.00407,73.05803,1,1,2023-03-31,2023-03-31,0,3.42,3.42,1,0
1_1459,20.00615,73.31597,1,1,2023-03-29,2023-03-29,0,1.05,1.05,1,0
1_1513,20.00619,73.51256,1,1,2023-05-30,2023-05-30,0,10.47,10.47,1,0
1_1571,20.00612,73.72283,1,1,2023-12-12,2023-12-12,0,0.41,0.41,0,1
1_1607,20.00603,73.85471,1,1,2023-04-16,2023-04-16,0,5.81,5.81,1,0
1_1633,20.00575,73.94978,1,1,2023-04-20,2023-04-20,0,3.4,3.4,1,0
200_1488,20.67382,73.42326,1,1,2023-03-09,2023-03-09,0,1.27,1.27,0,1
200_1489,20.67611,73.42535,1,1,2023-03-08,2023-03-08,0,2.21,2.21,0,1
200_1491,20.67642,73.43144,1,1,2023-03-09,2023-03-09,0,8.12,8.12,1,0
200_1492,20.67702,73.43581,1,1,2023-03-09,2023-03-09,0,8.12,8.12,1,0
200_1532,20.67625,73.58078,1,1,2023-04-06,2023-04-06,0,9.95,9.95,1,0
200_1573,20.67626,73.73288,1,1,2023-05-03,2023-05-03,0,6.71,6.71,1,0
200_1607,20.67522,73.85422,1,1,2023-05-23,2023-05-23,0,8.5,8.5,1,0
200_1611,20.67459,73.87084,1,1,2023-04-28,2023-04-28,0,7.26,7.26,1,0
200_1637,20.67471,73.96398,1,1,2023-05-11,2023-05-11,0,4.97,4.97,1,0
200_1638,20.67516,73.96722,1,1,2023-05-11,2023-05-11,0,7.27,7.27,1,0
200_1699,20.67565,74.1906,1,1,2023-04-04,2023-04-04,0,1.81,1.81,0,1
201_1487,20.67839,73.41919,1,1,2023-03-09,2023-03-09,0,1.27,1.27,0,1
201_1489,20.67757,73.42374,1,1,2023-03-09,2023-03-09,0,1.27,1.27,0,1
201_1511,20.67764,73.5067,1,1,2023-05-08,2023-05-08,0,4.17,4.17,1,0
201_1532,20.67978,73.58009,1,1,2023-04-06,2023-04-06,0,9.95,9.95,1,0
201_1539,20.67985,73.60623,1,1,2023-05-12,2023-05-12,0,4.53,4.53,1,0
201_1563,20.67796,73.69297,1,1,2023-04-07,2023-04-07,0,6.88,6.88,1,0
201_1582,20.6773,73.76572,1,1,2023-05-02,2023-05-02,0,7.48,7.48,1,0
201_1584,20.67784,73.76939,1,1,2023-05-02,2023-05-02,0,7.48,7.48,1,0
201_1600,20.6795,73.82872,1,1,2023-04-28,2023-04-28,0,8.67,8.67,1,0
201_1609,20.6791,73.86278,2,2,2023-05-20,2023-06-08,19,3.725,5.19,2,0
201_1631,20.67729,73.94384,1,1,2023-05-30,2023-05-30,0,3.83,3.83,1,0
202_1450,20.68276,73.28212,1,1,2023-05-14,2023-05-14,0,2.85,2.85,1,0
202_1510,20.68285,73.50286,1,1,2023-05-07,2023-05-07,0,5.73,5.73,1,0
202_1533,20.68051,73.58436,1,1,2023-04-06,2023-04-06,0,8.9,8.9,1,0
202_1613,20.68268,73.87756,1,1,2023-05-08,2023-05-08,0,8.78,8.78,1,0
202_1619,20.68218,73.89993,1,1,2023-05-09,2023-05-09,0,6.67,6.67,1,0
202_1620,20.68236,73.90221,1,1,2023-05-09,2023-05-09,0,3.22,3.22,1,0
202_1622,20.68053,73.90795,1,1,2023-05-08,2023-05-08,0,6.24,6.24,1,0
203_1450,20.68419,73.28259,1,1,2023-05-14,2023-05-14,0,3.45,3.45,1,0
203_1583,20.68447,73.76828,1,1,2023-05-02,2023-05-02,0,9.85,9.85,1,0
204_1508,20.6897,73.49267,1,1,2023-05-26,2023-05-26,0,4.77,4.77,1,0
204_1536,20.68938,73.59692,1,1,2023-05-08,2023-05-08,0,1.72,1.72,1,0
204_1602,20.68928,73.83495,1,1,2023-04-28,2023-04-28,0,3.64,3.64,1,0
204_1627,20.68772,73.9268,1,1,2023-05-03,2023-05-03,0,9.58,9.58,1,0
205_1507,20.69257,73.4895,1,1,2023-05-26,2023-05-26,0,3.83,3.83,1,0
205_1508,20.6936,73.49384,1,1,2023-05-26,2023-05-26,0,6.08,6.08,1,0
205_1530,20.69108,73.573,1,1,2023-05-03,2023-05-03,0,6.43,6.43,1,0
205_1613,20.69279,73.87532,1,1,2023-05-12,2023-05-12,0,9.71,9.71,1,0
206_1391,20.6957,73.06858,1,1,2023-01-11,2023-01-11,0,3.34,3.34,1,0
206_1625,20.69694,73.921,1,1,2023-04-28,2023-04-28,0,5.19,5.19,1,0
206_1628,20.69498,73.93327,1,1,2023-04-28,2023-04-28,0,5.91,5.91,1,0
206_1641,20.69589,73.97765,1,1,2023-04-22,2023-04-22,0,4.7,4.7,1,0
206_774,20.69626,70.82261,1,1,2023-03-24,2023-03-24,0,2.24,2.24,1,0
207_1503,20.70022,73.47796,1,1,2023-05-19,2023-05-19,0,5.4,5.4,1,0
207_1737,20.69911,74.32732,1,1,2023-06-12,2023-06-12,0,2.62,2.62,1,0
208_1455,20.70226,73.30073,1,1,2023-05-28,2023-05-28,0,3.07,3.07,0,1
208_1487,20.70089,73.41679,1,1,2023-06-09,2023-06-09,0,3.01,3.01,1,0
208_1518,20.70404,73.53261,1,1,2023-05-08,2023-05-08,0,4.22,4.22,1,0
208_1625,20.70291,73.92,1,1,2023-05-14,2023-05-14,0,3.23,3.23,1,0
208_1626,20.70138,73.92261,1,1,2023-05-04,2023-05-04,0,2.97,2.97,1,0
209_1454,20.70418,73.29882,1,1,2023-05-28,2023-05-28,0,3.25,3.25,0,1
209_1508,20.70609,73.49515,1,1,2023-05-13,2023-05-13,0,6.53,6.53,1,0
209_1540,20.70665,73.61003,1,1,2023-05-20,2023-05-20,0,2.03,2.03,1,0
209_1580,20.70702,73.75588,1,1,2023-03-12,2023-03-12,0,4.59,4.59,1,0
209_1581,20.70601,73.75864,1,1,2023-03-12,2023-03-12,0,3.58,3.58,1,0
209_810,20.70666,70.95287,1,1,2023-12-28,2023-12-28,0,2.31,2.31,1,0
20_1488,20.06767,73.42044,1,1,2023-04-20,2023-04-20,0,1.56,1.56,1,0
210_1539,20.7077,73.60823,1,1,2023-05-20,2023-05-20,0,2.17,2.17,1,0
210_1579,20.70848,73.75452,1,1,2023-03-12,2023-03-12,0,7.8,7.8,1,0
210_1581,20.70837,73.76186,1,1,2023-03-10,2023-03-10,0,2.1,2.1,1,0
210_810,20.70808,70.95348,1,1,2023-12-12,2023-12-12,0,3.14,3.14,1,0
210_811,20.70776,70.95412,1,1,2023-01-10,2023-01-10,0,1.51,1.51,1,0
211_1509,20.71113,73.49737,1,1,2023-02-19,2023-02-19,0,8.28,8.28,1,0
211_1576,20.71412,73.74047,1,1,2023-06-01,2023-06-01,0,2.02,2.02,1,0
212_1484,20.71537,73.40858,1,1,2023-03-10,2023-03-10,0,6.21,6.21,1,0
212_1548,20.71484,73.64146,1,1,2023-05-18,2023-05-18,0,5.56,5.56,1,0
212_1770,20.71707,74.45007,1,1,2023-01-22,2023-01-22,0,2.88,2.88,1,0
213_1517,20.7197,73.52761,1,1,2023-05-21,2023-05-21,0,3.72,3.72,1,0
213_1549,20.7183,73.64276,1,1,2023-04-16,2023-04-16,0,6.71,6.71,1,0
213_1550,20.71885,73.64643,1,1,2023-04-16,2023-04-16,0,6.71,6.71,1,0
213_1572,20.71845,73.7258,1,1,2023-02-04,2023-02-04,0,5.91,5.91,1,0
213_1574,20.71925,73.73297,1,1,2023-05-28,2023-05-28,0,4.63,4.63,1,0
213_1643,20.71848,73.98618,1,1,2023-04-27,2023-04-27,0,3.01,3.01,1,0
214_1464,20.72296,73.33382,1,1,2023-05-28,2023-05-28,0,3.45,3.45,0,1
214_1535,20.72392,73.59103,1,1,2023-05-03,2023-05-03,0,6.84,6.84,1,0
214_1549,20.72161,73.6422,1,1,2023-04-16,2023-04-16,0,5.48,5.48,1,0
214_1550,20.72173,73.64896,1,1,2023-05-11,2023-05-11,0,6.66,6.66,1,0
214_1602,20.72282,73.83633,1,1,2023-05-08,2023-05-08,0,4.64,4.64,1,0
215_1483,20.72754,73.40498,1,1,2023-06-13,2023-06-13,0,6.74,6.74,1,0
215_1500,20.72563,73.46626,1,1,2023-04-12,2023-04-12,0,13.16,13.16,1,0
215_1535,20.7264,73.59334,1,1,2023-05-03,2023-05-03,0,3.75,3.75,1,0
215_1587,20.72464,73.78303,1,1,2023-05-08,2023-05-08,0,5.43,5.43,1,0
215_1636,20.72763,73.96012,1,1,2023-05-14,2023-05-14,0,3.31,3.31,1,0
215_1657,20.72755,74.03779,1,1,2023-02-14,2023-02-14,0,1.07,1.07,0,1
216_1450,20.72825,73.28347,1,1,2023-05-15,2023-05-15,0,1.95,1.95,0,1
216_1484,20.7289,73.40556,1,1,2023-06-13,2023-06-13,0,7.12,7.12,1,0
216_1488,20.7306,73.42108,1,1,2023-05-02,2023-05-02,0,4.73,4.73,1,0
216_1506,20.73045,73.48735,1,1,2023-05-13,2023-05-13,0,9.01,9.01,1,0
216_1543,20.72996,73.62276,1,1,2023-05-23,2023-05-23,0,3.22,3.22,1,0
216_1549,20.73079,73.6424,1,1,2023-05-07,2023-05-07,0,7.06,7.06,1,0
216_1662,20.72933,74.05451,1,1,2023-05-14,2023-05-14,0,2.31,2.31,0,1
216_753,20.72882,70.7428,1,1,2023-10-20,2023-10-20,0,1.98,1.98,0,1
217_1515,20.73248,73.52,1,1,2023-05-27,2023-05-27,0,7.07,7.07,1,0
217_1543,20.73317,73.62208,1,1,2023-05-14,2023-05-14,0,4.65,4.65,1,0
217_1544,20.73385,73.62572,1,1,2023-05-14,2023-05-14,0,6.4,6.4,1,0
217_1657,20.73112,74.03836,1,1,2023-02-14,2023-02-14,0,1.4,1.4,0,1
217_1660,20.73162,74.0487,1,1,2023-05-14,2023-05-14,0,10.01,10.01,1,0
217_771,20.73107,70.80988,1,1,2023-04-19,2023-04-19,0,4.99,4.99,1,0
218_1445,20.73692,73.26479,1,1,2023-02-24,2023-02-24,0,4.8,4.8,1,0
218_1467,20.73579,73.34667,1,1,2023-04-21,2023-04-21,0,7.73,7.73,1,0
218_1520,20.7351,73.53773,1,1,2023-05-13,2023-05-13,0,7.16,7.16,1,0
218_1542,20.7369,73.61893,1,1,2023-05-08,2023-05-08,0,6.85,6.85,1,0
218_1570,20.73661,73.72011,1,1,2023-05-11,2023-05-11,0,3.86,3.86,1,0
218_1601,20.73702,73.83213,1,1,2023-05-16,2023-05-16,0,2.43,2.43,1,0
218_1656,20.73472,74.03175,1,1,2023-02-13,2023-02-13,0,1.41,1.41,0,1
218_1660,20.73567,74.04769,1,1,2023-05-14,2023-05-14,0,10.01,10.01,1,0
219_1444,20.7397,73.26064,1,1,2023-02-24,2023-02-24,0,4.23,4.23,1,0
219_1500,20.73887,73.46704,1,1,2023-02-14,2023-02-14,0,0.79,0.79,0,1
219_1525,20.73955,73.55566,1,1,2023-05-15,2023-05-15,0,4.16,4.16,1,0
219_1541,20.73828,73.61624,1,1,2023-05-17,2023-05-17,0,9.1,9.1,1,0
219_1546,20.73888,73.6324,1,1,2023-05-15,2023-05-15,0,1.33,1.33,1,0
219_1548,20.73976,73.64182,1,1,2023-05-16,2023-05-16,0,3.09,3.09,1,0
219_1551,20.74079,73.65197,1,1,2023-05-16,2023-05-16,0,3.21,3.21,1,0
219_1603,20.73879,73.84184,1,1,2023-05-24,2023-05-24,0,6.36,6.36,1,0
21_1484,20.07383,73.4071,1,1,2023-04-28,2023-04-28,0,4.42,4.42,1,0
21_1492,20.07134,73.43684,1,1,2023-05-13,2023-05-13,0,6.28,6.28,1,0
21_1495,20.07098,73.44683,1,1,2023-05-08,2023-05-08,0,2.98,2.98,1,0
21_1511,20.07085,73.50685,1,1,2023-04-06,2023-04-06,0,1.66,1.66,1,0
220_1548,20.74115,73.64022,1,1,2023-05-16,2023-05-16,0,2.47,2.47,1,0
220_1551,20.74208,73.65008,1,1,2023-05-16,2023-05-16,0,2.34,2.34,1,0
220_1552,20.74242,73.6537,1,1,2023-05-16,2023-05-16,0,2.34,2.34,1,0
220_1583,20.74282,73.76718,1,1,2023-05-15,2023-05-15,0,4.95,4.95,1,0
220_1598,20.74258,73.82224,1,1,2023-05-15,2023-05-15,0,3.22,3.22,1,0
220_1622,20.74137,73.90794,1,1,2023-05-20,2023-05-20,0,4.73,4.73,1,0
220_1626,20.7434,73.92495,2,1,2023-06-09,2023-06-09,0,4.26,5.38,2,0
220_1658,20.7422,74.04175,1,1,2023-02-13,2023-02-13,0,1.73,1.73,1,0
220_751,20.74324,70.7384,1,1,2023-03-14,2023-03-14,0,4.89,4.89,1,0
221_1525,20.74507,73.55466,1,1,2023-04-30,2023-04-30,0,2.5,2.5,1,0
221_1585,20.74761,73.77428,1,1,2023-04-21,2023-04-21,0,7.44,7.44,1,0
221_1617,20.74509,73.89009,1,1,2023-05-29,2023-05-29,0,7.29,7.29,1,0
221_1618,20.747475,73.894545,2,2,2023-02-25,2023-05-19,83,10.29,10.94,2,0
221_751,20.74601,70.736665,2,2,2023-03-11,2023-03-21,10,3.0250000000000004,4.61,2,0
222_1422,20.74974,73.17973,1,1,2023-11-14,2023-11-14,0,3.26,3.26,1,0
222_1477,20.74931,73.38241,1,1,2023-03-10,2023-03-10,0,5.95,5.95,1,0
222_1548,20.75057,73.63966,1,1,2023-05-15,2023-05-15,0,2.14,2.14,1,0
222_1552,20.7497,73.65394,1,1,2023-05-11,2023-05-11,0,8.18,8.18,1,0
222_1584,20.75047,73.76971,1,1,2023-04-21,2023-04-21,0,6.62,6.62,1,0
222_1606,20.75059,73.85123,1,1,2023-05-08,2023-05-08,0,7.08,7.08,1,0
222_752,20.74816,70.73944,1,1,2023-03-21,2023-03-21,0,4.61,4.61,1,0
222_805,20.74936,70.93342,1,1,2023-03-17,2023-03-17,0,3.46,3.46,1,0
223_1336,20.75294,72.86657,1,1,2023-03-04,2023-03-04,0,1.28,1.28,1,0
223_1459,20.75361,73.3174,1,1,2023-02-28,2023-02-28,0,10.83,10.83,1,0
223_1477,20.75268,73.38178,1,1,2023-03-10,2023-03-10,0,4.65,4.65,1,0
223_1514,20.7528,73.51691,1,1,2023-04-12,2023-04-12,0,7.19,7.19,1,0
223_1518,20.75162,73.52936,1,1,2023-02-17,2023-02-17,0,3.43,3.43,1,0
223_1523,20.75446,73.54956,1,1,2023-05-08,2023-05-08,0,3.83,3.83,1,0
223_1541,20.75262,73.61577,1,1,2023-04-15,2023-04-15,0,5.46,5.46,1,0
223_1548,20.75218,73.63885,1,1,2023-05-15,2023-05-15,0,5.11,5.11,1,0
223_1549,20.75162,73.64452,1,1,2023-05-15,2023-05-15,0,2.14,2.14,1,0
223_1550,20.75409,73.64672,1,1,2023-05-17,2023-05-17,0,3.28,3.28,1,0
223_1551,20.751565,73.649575,2,2,2023-04-26,2023-05-15,19,4.109999999999999,5.06,2,0
223_1583,20.75389,73.7691,1,1,2023-04-21,2023-04-21,0,6.62,6.62,1,0
223_1602,20.75198,73.83626,1,1,2023-05-15,2023-05-15,0,3.12,3.12,1,0
223_750,20.7545,70.73531,1,1,2023-03-19,2023-03-19,0,11.22,11.22,1,0
223_751,20.75329,70.73721,1,1,2023-03-19,2023-03-19,0,34.19,34.19,1,0
223_752,20.75143,70.74048,1,1,2023-03-19,2023-03-19,0,11.22,11.22,1,0
223_771,20.75234,70.81109,1,1,2023-03-31,2023-03-31,0,4.43,4.43,1,0
224_1381,20.75682,73.03018,1,1,2023-04-10,2023-04-10,0,2.47,2.47,1,0
224_1443,20.75698,73.25724,1,1,2023-05-28,2023-05-28,0,4.82,4.82,1,0
224_1480,20.75607,73.39185,1,1,2023-01-26,2023-01-26,0,3.05,3.05,1,0
224_1514,20.75697,73.51582,1,1,2023-04-12,2023-04-12,0,7.19,7.19,1,0
224_1541,20.75577,73.61404999999999,2,2,2023-04-15,2023-05-16,31,3.585,5.46,2,0
224_1543,20.75729,73.62085,1,1,2023-04-15,2023-04-15,0,12.54,12.54,1,0
224_1551,20.75472,73.65192,1,1,2023-05-17,2023-05-17,0,3.28,3.28,1,0
224_1604,20.75725,73.84279,1,1,2023-05-23,2023-05-23,0,8.69,8.69,1,0
224_745,20.75505,70.71494,1,1,2023-04-27,2023-04-27,0,2.35,2.35,1,0
224_748,20.75696,70.72549,1,1,2023-03-19,2023-03-19,0,3.47,3.47,1,0
224_752,20.75512,70.73994,1,1,2023-03-19,2023-03-19,0,11.22,11.22,1,0
224_769,20.75677,70.80135,1,1,2023-03-03,2023-03-03,0,3.14,3.14,1,0
224_802,20.75472,70.92327,1,1,2023-03-08,2023-03-08,0,2.75,2.75,1,0
225_1380,20.76037,73.02963,1,1,2023-04-10,2023-04-10,0,2.21,2.21,1,0
225_1416,20.76045,73.15939,1,1,2023-01-08,2023-01-08,0,11.56,11.56,1,0
225_1417,20.75937,73.16114,1,1,2023-01-08,2023-01-08,0,9.96,9.96,1,0
225_1517,20.76115,73.52765,1,1,2023-04-22,2023-04-22,0,4.13,4.13,1,0
225_1519,20.75916,73.53346,1,1,2023-05-29,2023-05-29,0,5.45,5.45,1,0
225_1524,20.75821,73.55237,1,1,2023-04-21,2023-04-21,0,6.3,6.3,1,0
225_1542,20.75913,73.61945,1,1,2023-05-29,2023-05-29,0,4.42,4.42,1,0
225_1548,20.75871,73.64154,1,1,2023-05-15,2023-05-15,0,2.34,2.34,1,0
225_1556,20.76042,73.66808,1,1,2023-05-09,2023-05-09,0,2.6,2.6,1,0
225_1591,20.76081,73.79601,1,1,2023-05-15,2023-05-15,0,8.88,8.88,1,0
225_1607,20.75929,73.855,1,1,2023-05-14,2023-05-14,0,5.48,5.48,1,0
225_743,20.75813,70.70815,1,1,2023-03-22,2023-03-22,0,5.35,5.35,1,0
225_747,20.75889,70.72218,1,1,2023-03-19,2023-03-19,0,8.63,8.63,1,0
225_748,20.76065,70.72495,1,1,2023-03-19,2023-03-19,0,3.47,3.47,1,0
225_750,20.758315,70.73248000000001,2,1,2023-03-23,2023-03-23,0,4.0600000000000005,4.53,2,0
225_769,20.76026,70.80192,1,1,2023-03-21,2023-03-21,0,2.64,2.64,0,1
225_832,20.76027,71.03299,1,1,2023-04-07,2023-04-07,0,2.07,2.07,1,0
226_1364,20.76462,72.96969,1,1,2023-06-13,2023-06-13,0,4.99,4.99,1,0
226_1505,20.76244,73.48445,1,1,2023-04-16,2023-04-16,0,4.2,4.2,1,0
226_1543,20.76463,73.6217,1,1,2023-05-23,2023-05-23,0,4.72,4.72,1,0
226_1547,20.76308,73.63554,1,1,2023-05-30,2023-05-30,0,5.29,5.29,1,0
226_1556,20.76314,73.66998,1,1,2023-05-09,2023-05-09,0,5.22,5.22,1,0
226_1590,20.76344,73.79482,1,1,2023-05-15,2023-05-15,0,4.98,4.98,1,0
226_1592,20.76439,73.79906,1,1,2023-05-15,2023-05-15,0,4.98,4.98,1,0
226_1688,20.76253,74.15015,1,1,2023-03-27,2023-03-27,0,0.61,0.61,0,1
226_743,20.7644,70.70967,1,1,2023-04-07,2023-04-07,0,6.54,6.54,1,0
226_749,20.76155,70.73103,1,1,2023-03-26,2023-03-26,0,4.36,4.36,1,0
226_758,20.76385,70.76332,2,2,2023-03-03,2023-03-04,1,4.295,6.56,2,0
227_1452,20.76703,73.28943,1,1,2023-05-24,2023-05-24,0,6.17,6.17,1,0
227_1505,20.76575,73.48389,1,1,2023-04-16,2023-04-16,0,3.57,3.57,1,0
227_1526,20.7667,73.5616,1,1,2023-05-08,2023-05-08,0,4.43,4.43,1,0
227_1542,20.76626,73.61832,1,1,2023-05-24,2023-05-24,0,4.33,4.33,1,0
227_1589,20.76546,73.79037,1,1,2023-05-15,2023-05-15,0,5.57,5.57,1,0
227_1603,20.76756,73.83942,1,1,2023-05-15,2023-05-15,0,5.03,5.03,1,0
227_743,20.76796,70.70819,1,1,2023-04-07,2023-04-07,0,3.6,3.6,1,0
227_749,20.76541,70.72852,1,1,2023-03-13,2023-03-13,0,5.79,5.79,1,0
227_766,20.767159999999997,70.791505,2,1,2023-02-25,2023-02-25,0,11.585,12.47,2,0
228_1381,20.77097,73.03168,1,1,2023-05-24,2023-05-24,0,3.59,3.59,1,0
228_1520,20.77111,73.53867,1,1,2023-05-24,2023-05-24,0,6.55,6.55,1,0
228_1524,20.76879,73.55251,1,1,2023-05-08,2023-05-08,0,5.78,5.78,1,0
228_1545,20.76851,73.62907,1,1,2023-05-19,2023-05-19,0,7.09,7.09,1,0
228_1557,20.76934,73.67236,1,1,2023-05-17,2023-05-17,0,9.54,9.54,1,0
228_1570,20.76937,73.7218,1,1,2023-04-27,2023-04-27,0,3.85,3.85,1,0
228_1572,20.76827,73.72675,1,1,2023-05-19,2023-05-19,0,7.61,7.61,1,0
228_1589,20.76809,73.78934,1,1,2023-05-15,2023-05-15,0,4.38,4.38,1,0
228_1603,20.77017,73.83924,1,1,2023-05-15,2023-05-15,0,3.21,3.21,1,0
228_1604,20.769995,73.8433,2,2,2023-05-03,2023-05-17,14,6.765,7.68,2,0
228_1609,20.77106,73.86124,1,1,2023-05-21,2023-05-21,0,2.24,2.24,1,0
228_1617,20.7682,73.89186,1,1,2023-05-26,2023-05-26,0,1.63,1.63,1,0
228_757,20.76887,70.75828,1,1,2023-02-25,2023-02-25,0,2.33,2.33,1,0
229_1454,20.77427,73.29617,1,1,2023-05-23,2023-05-23,0,4.58,4.58,1,0
229_1528,20.77428,73.56615,1,1,2023-05-14,2023-05-14,0,7.46,7.46,1,0
229_1564,20.77272,73.6981,1,1,2023-03-03,2023-03-03,0,1.32,1.32,0,1
229_1569,20.77203,73.71632,1,1,2023-04-30,2023-04-30,0,3.68,3.68,1,0
229_1625,20.77162,73.92117,1,1,2023-02-23,2023-02-23,0,1.29,1.29,0,1
229_859,20.77479,71.1298,1,1,2023-04-15,2023-04-15,0,2.74,2.74,1,0
22_1350,20.07534,72.91905,1,1,2023-05-23,2023-05-23,0,5.75,5.75,1,0
22_1479,20.07468,73.38721,1,1,2023-05-18,2023-05-18,0,5.35,5.35,1,0
22_1485,20.07463,73.4119,1,1,2023-05-12,2023-05-12,0,7.97,7.97,1,0
230_1361,20.77762,72.95867,1,1,2023-01-16,2023-01-16,0,2.63,2.63,0,1
230_1445,20.77778,73.26386,1,1,2023-03-09,2023-03-09,0,9.01,9.01,1,0
230_1446,20.7762,73.26744,1,1,2023-03-09,2023-03-09,0,9.79,9.79,1,0
230_1489,20.77754,73.42539,1,1,2023-05-03,2023-05-03,0,11.22,11.22,1,0
230_1525,20.7768,73.55641,1,1,2023-05-14,2023-05-14,0,6.1,6.1,1,0
230_1526,20.77757,73.56041,1,1,2023-05-14,2023-05-14,0,6.1,6.1,1,0
230_1554,20.77725,73.66212,1,1,2023-04-15,2023-04-15,0,1.41,1.41,0,1
230_1555,20.77653,73.66588,1,1,2023-04-15,2023-04-15,0,1.12,1.12,0,1
230_1626,20.77774,73.92351,1,1,2023-03-11,2023-03-11,0,1.2,1.2,0,1
230_1633,20.77776,73.9481,1,1,2023-05-13,2023-05-13,0,0.87,0.87,0,1
230_1634,20.77719,73.95177,1,1,2023-05-13,2023-05-13,0,0.87,0.87,0,1
230_1636,20.77573,73.95942,1,1,2023-05-18,2023-05-18,0,12.35,12.35,1,0
230_777,20.77807,70.8322,1,1,2023-02-09,2023-02-09,0,9.67,9.67,1,0
231_1451,20.77932,73.28735,1,1,2023-05-11,2023-05-11,0,7.38,7.38,1,0
231_1524,20.78018,73.55115,1,1,2023-05-14,2023-05-14,0,2.85,2.85,1,0
231_1525,20.78094,73.55516,1,1,2023-05-14,2023-05-14,0,4.23,4.23,1,0
231_1530,20.77914,73.57555,1,1,2023-06-09,2023-06-09,0,4.5,4.5,1,0
231_1538,20.78111,73.60287,1,1,2023-04-22,2023-04-22,0,5.75,5.75,1,0
231_1539,20.77829,73.60774,1,1,2023-04-22,2023-04-22,0,4.86,4.86,1,0
231_1545,20.778855,73.628,2,1,2023-05-30,2023-05-30,0,5.68,5.82,2,0
231_1556,20.78008,73.67001,1,1,2023-04-16,2023-04-16,0,7.32,7.32,1,0
231_1569,20.77862,73.71606,1,1,2023-05-08,2023-05-08,0,4.51,4.51,1,0
231_1586,20.77979,73.7787,1,1,2023-05-23,2023-05-23,0,7.88,7.88,1,0
231_1603,20.78147,73.83896,1,1,2023-05-17,2023-05-17,0,7.73,7.73,1,0
231_1634,20.78049,73.95235,1,1,2023-05-13,2023-05-13,0,3.85,3.85,0,1
231_1635,20.77993,73.95603,1,1,2023-05-13,2023-05-13,0,4.45,4.45,0,1
231_1667,20.7807,74.0724,1,1,2023-05-30,2023-05-30,0,5.72,5.72,1,0
231_727,20.77958,70.65118,1,1,2023-02-27,2023-02-27,0,4.01,4.01,1,0
232_1523,20.783125,73.54845,2,1,2023-04-25,2023-04-25,0,10.524999999999999,12.43,2,0
232_1526,20.78171,73.55919,1,1,2023-05-14,2023-05-14,0,4.23,4.23,1,0
232_1539,20.78181,73.60702,1,1,2023-04-22,2023-04-22,0,5.75,5.75,1,0
232_1556,20.783065,73.669135,2,2,2023-03-12,2023-04-16,35,8.295,9.27,2,0
232_1559,20.78185,73.68134,1,1,2023-04-26,2023-04-26,0,8.93,8.93,1,0
232_1635,20.78323,73.95659,1,1,2023-05-13,2023-05-13,0,4.45,4.45,0,1
232_727,20.78308,70.65052,1,1,2023-02-27,2023-02-27,0,2.68,2.68,1,0
232_797,20.78381,70.90602,1,1,2023-03-21,2023-03-21,0,4.63,4.63,1,0
232_823,20.78428,70.99813,1,1,2023-02-21,2023-02-21,0,2.94,2.94,1,0
233_1524,20.78761,73.5518,1,1,2023-04-20,2023-04-20,0,4.1,4.1,1,0
233_1529,20.78616,73.57126,1,1,2023-06-07,2023-06-07,0,2.58,2.58,1,0
233_1556,20.78536,73.66856,1,1,2023-03-12,2023-03-12,0,4.03,4.03,1,0
233_1597,20.78769,73.81976,1,1,2023-02-28,2023-02-28,0,0.86,0.86,0,1
233_1606,20.78687,73.85242,1,1,2023-05-08,2023-05-08,0,10.68,10.68,1,0
233_1642,20.78658,73.9818,1,1,2023-06-03,2023-06-03,0,6.32,6.32,1,0
233_721,20.78505,70.62783,1,1,2023-03-20,2023-03-20,0,5.76,5.76,1,0
233_764,20.78648,70.78449,1,1,2023-03-21,2023-03-21,0,3.73,3.73,1,0
233_797,20.78787,70.90517,1,1,2023-03-21,2023-03-21,0,5.29,5.29,1,0
234_1464,20.78864,73.33403,1,1,2023-03-03,2023-03-03,0,4.13,4.13,1,0
234_1586,20.78965,73.77757,1,1,2023-05-09,2023-05-09,0,3.96,3.96,1,0
234_1617,20.789,73.88969,1,1,2023-05-30,2023-05-30,0,8.69,8.69,1,0
234_1637,20.79003,73.96375,1,1,2023-06-02,2023-06-02,0,2.0,2.0,1,0
234_718,20.79138,70.61829,1,1,2023-03-17,2023-03-17,0,2.93,2.93,1,0
234_724,20.79049,70.63728,1,1,2023-04-14,2023-04-14,0,2.56,2.56,1,0
234_752,20.78852,70.74216,1,1,2023-03-31,2023-03-31,0,3.54,3.54,1,0
234_768,20.78933,70.80022,1,1,2023-03-26,2023-03-26,0,9.06,9.06,1,0
234_770,20.79018,70.805,1,1,2023-03-26,2023-03-26,0,13.16,13.16,1,0
234_809,20.79148,70.94904,1,1,2023-03-01,2023-03-01,0,10.38,10.38,1,0
235_1518,20.79269,73.52969,1,1,2023-05-23,2023-05-23,0,2.74,2.74,0,1
235_1540,20.79206,73.60952,1,1,2023-05-29,2023-05-29,0,7.9,7.9,1,0
235_712,20.79354,70.59476,1,1,2023-02-18,2023-02-18,0,2.87,2.87,1,0
235_751,20.79205,70.73656,1,1,2023-03-25,2023-03-25,0,2.42,2.42,1,0
235_810,20.79403,70.9523,1,1,2023-03-01,2023-03-01,0,17.45,17.45,1,0
235_811,20.792,70.9554,1,1,2023-03-01,2023-03-01,0,13.45,13.45,1,0
236_1512,20.79796,73.508645,2,1,2023-04-18,2023-04-18,0,1.8,1.8,2,0
236_1555,20.79723,73.66687,1,1,2023-05-27,2023-05-27,0,2.62,2.62,1,0
236_1616,20.7953,73.88725500000001,2,2,2023-04-01,2023-04-02,1,4.79,8.07,2,0
236_1685,20.79504,74.14021,1,1,2023-12-21,2023-12-21,0,4.6,4.6,1,0
236_1686,20.79536,74.14336,1,1,2023-12-21,2023-12-21,0,5.61,5.61,1,0
236_715,20.79775,70.6055,1,1,2023-03-24,2023-03-24,0,10.16,10.16,1,0
236_749,20.79788,70.72964,1,1,2023-03-20,2023-03-20,0,2.34,2.34,1,0
237_1518,20.79946,73.53127,1,1,2023-05-28,2023-05-28,0,2.54,2.54,0,1
237_1632,20.79876,73.94567,1,1,2023-05-08,2023-05-08,0,4.5,4.5,1,0
237_1687,20.80081,74.14497,1,1,2023-01-19,2023-01-19,0,2.0,2.0,1,0
237_763,20.80062,70.78239,1,1,2023-03-19,2023-03-19,0,3.32,3.32,1,0
237_780,20.79883,70.84322,1,1,2023-03-08,2023-03-08,0,4.51,4.51,1,0
237_781,20.80105,70.84818,1,1,2023-03-14,2023-03-14,0,5.95,5.95,1,0
237_782,20.79963,70.84882,1,1,2023-03-14,2023-03-14,0,5.55,5.55,1,0
238_1512,20.80335,73.50866,1,1,2023-04-18,2023-04-18,0,1.8,1.8,1,0
238_1528,20.80457,73.56678,1,1,2023-05-28,2023-05-28,0,2.91,2.91,0,1
238_1533,20.805,73.58367,1,1,2023-05-30,2023-05-30,0,3.19,3.19,1,0
238_1542,20.80296,73.61994,1,1,2023-05-24,2023-05-24,0,7.37,7.37,1,0
238_1543,20.8021,73.62077,1,1,2023-05-24,2023-05-24,0,8.19,8.19,1,0
238_1548,20.80361,73.63872,1,1,2023-05-29,2023-05-29,0,7.66,7.66,1,0
238_1558,20.80297,73.67797,1,1,2023-05-29,2023-05-29,0,5.49,5.49,1,0
238_715,20.80178,70.60495,1,1,2023-03-24,2023-03-24,0,10.16,10.16,1,0
238_717,20.80215,70.61192,1,1,2023-02-25,2023-02-25,0,11.72,11.72,1,0
238_753,20.80304,70.74564,1,1,2023-03-14,2023-03-14,0,3.5,3.5,1,0
239_1519,20.8069,73.5336,1,1,2023-06-01,2023-06-01,0,3.48,3.48,1,0
239_1529,20.8084,73.5705,1,1,2023-05-08,2023-05-08,0,5.53,5.53,1,0
239_1548,20.80518,73.63918,1,1,2023-05-23,2023-05-23,0,6.11,6.11,1,0
239_1563,20.80751,73.69363,1,1,2023-05-18,2023-05-18,0,8.21,8.21,1,0
239_1635,20.80562,73.95618,1,1,2023-05-11,2023-05-11,0,16.11,16.11,1,0
239_1667,20.80831,74.07291,1,1,2023-06-01,2023-06-01,0,4.55,4.55,1,0
239_720,20.80819,70.62521,1,1,2023-02-25,2023-02-25,0,5.32,5.32,1,0
23_1328,20.07782,72.83917,1,1,2023-01-20,2023-01-20,0,2.17,2.17,1,0
23_1465,20.08027,73.33678,1,1,2023-04-17,2023-04-17,0,14.31,14.31,1,0
240_1435,20.80905,73.22769,1,1,2023-04-10,2023-04-10,0,1.1,1.1,1,0
240_1517,20.81014,73.52794,1,1,2023-05-29,2023-05-29,0,3.37,3.37,1,0
240_1521,20.81149,73.5422,1,1,2023-03-05,2023-03-05,0,3.19,3.19,1,0
240_1555,20.81121,73.6648,1,1,2023-05-29,2023-05-29,0,7.72,7.72,1,0
240_1559,20.80939,73.68043,1,1,2023-05-24,2023-05-24,0,5.37,5.37,1,0
240_1634,20.81055,73.95188,1,1,2023-05-08,2023-05-08,0,3.6,3.6,1,0
240_1671,20.81036,74.08703,1,1,2023-05-26,2023-05-26,0,4.63,4.63,1,0
240_714,20.81078,70.60178,1,1,2023-03-19,2023-03-19,0,3.33,3.33,1,0
240_760,20.81016,70.77151,1,1,2023-03-08,2023-03-08,0,3.74,3.74,1,0
241_1507,20.81258,73.49044,1,1,2023-04-12,2023-04-12,0,1.18,1.18,1,0
241_1516,20.81426,73.52345,1,1,2023-05-17,2023-05-17,0,6.28,6.28,1,0
241_1557,20.81235,73.67289,1,1,2023-05-20,2023-05-20,0,1.06,1.06,1,0
241_1566,20.81384,73.70454,1,1,2023-05-17,2023-05-17,0,9.61,9.61,1,0
241_1772,20.81512,74.4575,1,1,2023-04-17,2023-04-17,0,1.39,1.39,0,1
241_1774,20.81451,74.46188,1,1,2023-04-17,2023-04-17,0,1.39,1.39,0,1
241_704,20.81364,70.56617,1,1,2023-03-26,2023-03-26,0,4.78,4.78,1,0
241_714,20.81445,70.60124,1,1,2023-03-19,2023-03-19,0,3.33,3.33,1,0
241_748,20.81404,70.72501,1,1,2023-03-02,2023-03-02,0,4.81,4.81,1,0
241_753,20.81477,70.74477,1,1,2023-03-16,2023-03-16,0,7.09,7.09,1,0
241_759,20.81376,70.76804,1,1,2023-02-24,2023-02-24,0,3.39,3.39,1,0
241_775,20.8149,70.82524,1,1,2023-03-13,2023-03-13,0,11.81,11.81,1,0
242_1499,20.81828,73.46088,1,1,2023-03-10,2023-03-10,0,4.93,4.93,1,0
242_1520,20.81833,73.53938,1,1,2023-06-01,2023-06-01,0,4.28,4.28,1,0
242_1524,20.818,73.55111,1,1,2023-05-15,2023-05-15,0,3.86,3.86,1,0
242_1587,20.815965,73.781995,2,2,2023-05-07,2023-05-08,1,6.21,7.31,2,0
242_1626,20.81591,73.92579,1,1,2023-06-01,2023-06-01,0,3.87,3.87,1,0
242_1627,20.81652,73.92677,1,1,2023-06-01,2023-06-01,0,2.64,2.64,1,0
242_1702,20.81782,74.20272,1,1,2023-03-08,2023-03-08,0,5.04,5.04,1,0
242_723,20.816915,70.63521,2,1,2023-03-18,2023-03-18,0,3.8200000000000003,4.41,2,0
242_729,20.81647,70.65823,1,1,2023-03-04,2023-03-04,0,5.69,5.69,1,0
242_736,20.81621,70.68343,1,1,2023-03-11,2023-03-11,0,2.64,2.64,1,0
242_737,20.81688,70.68656,1,1,2023-03-11,2023-03-11,0,2.64,2.64,1,0
242_748,20.81738,70.72536,1,1,2023-02-27,2023-02-27,0,3.15,3.15,1,0
242_761,20.81525,70.77425,1,1,2023-02-24,2023-02-24,0,3.39,3.39,1,0
242_777,20.81543,70.83006,1,1,2023-03-13,2023-03-13,0,12.21,12.21,1,0
243_1375,20.82055,73.00868,1,1,2023-02-09,2023-02-09,0,2.08,2.08,1,0
243_1404,20.81917,73.11647,1,1,2023-02-03,2023-02-03,0,5.05,5.05,1,0
243_1517,20.82022,73.52608,1,1,2023-05-29,2023-05-29,0,4.02,4.02,1,0
243_1521,20.81864,73.54264,1,1,2023-06-01,2023-06-01,0,5.98,5.98,1,0
243_1539,20.82019,73.60827,1,1,2023-04-26,2023-04-26,0,6.38,6.38,1,0
243_1558,20.82148,73.6778,1,1,2023-05-16,2023-05-16,0,7.17,7.17,1,0
243_1575,20.81963,73.74004,1,1,2023-04-18,2023-04-18,0,2.27,2.27,1,0
243_1634,20.81954,73.95336,1,1,2023-05-07,2023-05-07,0,6.26,6.26,1,0
243_1773,20.81865,74.45824,1,1,2023-04-17,2023-04-17,0,5.05,5.05,0,1
243_1777,20.82085,74.47519,2,1,2023-04-18,2023-04-18,0,6.735,8.49,2,0
243_825,20.8197,71.00582,1,1,2023-10-25,2023-10-25,0,3.41,3.41,1,0
244_1477,20.82223,73.383,1,1,2023-04-20,2023-04-20,0,0.5,0.5,1,0
244_1504,20.82312,73.48059,1,1,2023-06-03,2023-06-03,0,0.57,0.57,0,1
244_1523,20.82491,73.55003,1,1,2023-05-28,2023-05-28,0,3.13,3.13,1,0
244_1528,20.82325,73.56751,1,1,2023-05-15,2023-05-15,0,3.21,3.21,1,0
244_1540,20.82271,73.60934,1,1,2023-05-15,2023-05-15,0,2.38,2.38,1,0
244_1554,20.82294,73.66331,1,1,2023-05-17,2023-05-17,0,10.33,10.33,1,0
244_1555,20.82502,73.66438,1,1,2023-05-17,2023-05-17,0,7.51,7.51,1,0
244_1585,20.82366,73.77361,1,1,2023-05-12,2023-05-12,0,7.63,7.63,1,0
244_1602,20.82267,73.83531,1,1,2023-05-21,2023-05-21,0,9.33,9.33,1,0
244_1773,20.82218,74.45889,1,1,2023-04-17,2023-04-17,0,5.05,5.05,0,1
244_1777,20.82461,74.4744,1,1,2023-04-18,2023-04-18,0,4.98,4.98,1,0
244_713,20.82441,70.59945,1,1,2023-02-17,2023-02-17,0,2.07,2.07,1,0
244_742,20.82211,70.70547,1,1,2023-12-01,2023-12-01,0,1.76,1.76,1,0
245_1440,20.82822,73.24634,1,1,2023-02-07,2023-02-07,0,6.4,6.4,1,0
245_1501,20.82855,73.46964,1,1,2023-05-29,2023-05-29,0,4.04,4.04,1,0
245_1573,20.82558,73.73044,1,1,2023-05-15,2023-05-15,0,2.52,2.52,1,0
245_1613,20.8275,73.87544,1,1,2023-05-08,2023-05-08,0,7.88,7.88,1,0
245_1621,20.82746,73.90455,1,1,2023-05-27,2023-05-27,0,6.05,6.05,1,0
245_1654,20.82769,74.02728,1,1,2023-02-26,2023-02-26,0,1.08,1.08,0,1
245_1772,20.82778,74.45423,1,1,2023-04-18,2023-04-18,0,5.76,5.76,1,0
245_1773,20.82574,74.45932,1,1,2023-04-17,2023-04-17,0,3.18,3.18,0,1
245_1777,20.82751,74.47265,1,1,2023-04-17,2023-04-17,0,2.92,2.92,0,1
245_693,20.82728,70.52554,1,1,2023-03-17,2023-03-17,0,3.08,3.08,1,0
245_706,20.82787,70.57249,1,1,2023-03-16,2023-03-16,0,4.89,4.89,1,0
245_707,20.8276,70.57871,1,1,2023-02-15,2023-02-15,0,3.28,3.28,1,0
245_712,20.82681,70.59556,1,1,2023-03-01,2023-03-01,0,5.61,5.61,1,0
245_745,20.82819,70.71353,1,1,2023-02-23,2023-02-23,0,3.14,3.14,1,0
245_748,20.82833,70.72623,1,1,2023-02-26,2023-02-26,0,2.22,2.22,1,0
245_750,20.82605,70.73381,1,1,2023-03-14,2023-03-14,0,1.44,1.44,1,0
245_757,20.82643,70.75771,1,1,2023-02-27,2023-02-27,0,4.88,4.88,1,0
245_766,20.82732,70.79148,1,1,2023-03-22,2023-03-22,0,2.17,2.17,1,0
245_823,20.82668,71.00041,1,1,2023-03-21,2023-03-21,0,1.61,1.61,1,0
246_1440,20.8299,73.24503,1,1,2023-02-07,2023-02-07,0,6.01,6.01,1,0
246_1477,20.83099,73.37997,1,1,2023-05-18,2023-05-18,0,2.88,2.88,1,0
246_1541,20.83198,73.6129,1,1,2023-05-10,2023-05-10,0,3.51,3.51,1,0
246_1559,20.83159,73.67856,1,1,2023-05-23,2023-05-23,0,8.25,8.25,1,0
246_1601,20.83085,73.83467,1,1,2023-05-15,2023-05-15,0,2.12,2.12,1,0
246_1602,20.83041,73.83739,1,1,2023-05-20,2023-05-20,0,5.94,5.94,1,0
246_1773,20.82915,74.4599,2,2,2023-04-17,2023-04-18,1,4.47,5.76,1,1
246_1774,20.82871,74.46407,1,1,2023-04-17,2023-04-17,0,3.18,3.18,0,1
246_1775,20.83016,74.46577,1,1,2023-04-18,2023-04-18,0,7.64,7.64,1,0
246_695,20.83013,70.53239,1,1,2023-03-21,2023-03-21,0,7.28,7.28,1,0
246_713,20.82908,70.59798,1,1,2023-02-28,2023-02-28,0,5.02,5.02,1,0
246_714,20.8301,70.60303,1,1,2023-02-28,2023-02-28,0,5.35,5.35,1,0
246_763,20.82889,70.78066,1,1,2023-05-28,2023-05-28,0,1.31,1.31,1,0
246_828,20.82959,71.01686,1,1,2023-03-23,2023-03-23,0,3.51,3.51,1,0
246_876,20.82998,71.19093,1,1,2023-12-17,2023-12-17,0,2.03,2.03,1,0
247_1326,20.83536,72.83195,1,1,2023-05-11,2023-05-11,0,6.69,6.69,1,0
247_1412,20.83347,73.1441,1,1,2023-12-07,2023-12-07,0,1.9,1.9,1,0
247_1522,20.83475,73.54507,1,1,2023-03-26,2023-03-26,0,3.43,3.43,1,0
247_1539,20.83239,73.60557,1,1,2023-05-09,2023-05-09,0,5.62,5.62,1,0
247_1577,20.83494,73.74709,1,1,2023-05-22,2023-05-22,0,5.28,5.28,1,0
247_1589,20.8343,73.78914,1,1,2023-05-26,2023-05-26,0,4.36,4.36,1,0
247_1593,20.83455,73.80548,1,1,2023-05-17,2023-05-17,0,7.9,7.9,1,0
247_1597,20.83344,73.81754,1,1,2023-05-06,2023-05-06,0,9.08,9.08,1,0
247_1633,20.8327,73.9485,1,1,2023-05-08,2023-05-08,0,4.94,4.94,1,0
247_689,20.83456,70.51133,1,1,2023-03-03,2023-03-03,0,4.28,4.28,1,0
247_696,20.83301,70.53724,1,1,2023-03-15,2023-03-15,0,15.52,15.52,1,0
247_698,20.83243,70.5445,1,1,2023-03-21,2023-03-21,0,1.73,1.73,1,0
247_711,20.833244999999998,70.59188,2,2,2023-02-15,2023-02-19,4,3.21,3.73,2,0
247_737,20.834876666666663,70.68675999999999,3,3,2023-01-01,2023-05-04,123,0.8366666666666667,0.99,0,3
247_738,20.834016875,70.69019125,16,15,2023-01-02,2023-11-18,320,1.553125,2.34,0,16
247_739,20.834290449438203,70.69340078651683,89,84,2023-01-01,2023-12-28,361,1.2458426966292135,3.43,0,89
247_740,20.834428333333335,70.69579166666666,6,5,2023-03-21,2023-12-13,267,0.8116666666666666,1.23,0,6
247_758,20.83337,70.76215,1,1,2023-02-26,2023-02-26,0,8.77,8.77,1,0
247_902,20.83244,71.28596,1,1,2023-06-09,2023-06-09,0,7.69,7.69,1,0
248_1400,20.83684,73.09979,1,1,2023-02-19,2023-02-19,0,6.5,6.5,1,0
248_1486,20.83822,73.41534,1,1,2023-02-16,2023-02-16,0,10.11,10.11,1,0
248_1522,20.83811,73.54445,1,1,2023-03-26,2023-03-26,0,3.43,3.43,1,0
248_1532,20.83839,73.58019,1,1,2023-02-19,2023-02-19,0,4.68,4.68,1,0
248_1592,20.836455,73.800435,2,2,2023-05-13,2023-05-27,14,6.870000000000001,9.21,2,0
248_689,20.8382,70.51079,1,1,2023-03-03,2023-03-03,0,3.47,3.47,1,0
248_706,20.83693,70.57303,1,1,2023-02-13,2023-02-13,0,2.74,2.74,1,0
248_724,20.83725,70.63834,1,1,2023-02-28,2023-02-28,0,1.96,1.96,1,0
248_737,20.83732,70.68647,1,1,2023-01-28,2023-01-28,0,1.26,1.26,0,1
248_738,20.83689,70.69118,1,1,2023-01-28,2023-01-28,0,1.52,1.52,0,1
248_739,20.836163396226418,70.69341830188681,53,51,2023-01-02,2023-12-23,355,1.2024528301886792,2.01,0,53
248_740,20.836423333333332,70.6955,3,3,2023-01-23,2023-11-03,284,1.17,1.36,0,3
248_747,20.83867,70.72277,1,1,2023-02-18,2023-02-18,0,7.5,7.5,1,0
248_775,20.83754,70.82538,1,1,2023-12-01,2023-12-01,0,3.66,3.66,1,0
248_851,20.83853,71.10173,1,1,2023-03-02,2023-03-02,0,2.36,2.36,1,0
249_1522,20.84215,73.54556,1,1,2023-03-09,2023-03-09,0,1.11,1.11,0,1
249_1579,20.84015,73.75349,1,1,2023-05-14,2023-05-14,0,5.89,5.89,1,0
249_1610,20.84011,73.86478,1,1,2023-05-08,2023-05-08,0,7.69,7.69,1,0
249_1640,20.84016,73.97422,1,1,2023-04-23,2023-04-23,0,5.37,5.37,1,0
249_1659,20.8413,74.04382,1,1,2023-04-06,2023-04-06,0,0.48,0.48,0,1
249_1690,20.84173,74.15556,1,1,2023-02-22,2023-02-22,0,4.19,4.19,1,0
249_747,20.83928,70.72093,1,1,2023-02-18,2023-02-18,0,7.76,7.76,1,0
249_775,20.84176,70.82533,1,1,2023-03-29,2023-03-29,0,13.9,13.9,1,0
249_871,20.83934,71.17596,1,1,2023-01-25,2023-01-25,0,1.35,1.35,1,0
24_1434,20.08268,73.22354,1,1,2023-04-06,2023-04-06,0,1.05,1.05,1,0
24_1435,20.08346,73.22804,1,1,2023-04-06,2023-04-06,0,5.54,5.54,1,0
24_1584,20.08214,73.77229,1,1,2023-12-14,2023-12-14,0,2.46,2.46,1,0
24_1674,20.08237,74.09877,1,1,2023-11-22,2023-11-22,0,1.06,1.06,0,1
24_1680,20.0809,74.12061,1,1,2023-11-22,2023-11-22,0,2.79,2.79,1,0
250_1327,20.8435,72.83421,1,1,2023-02-27,2023-02-27,0,4.13,4.13,1,0
250_1453,20.84417,73.29277,1,1,2023-02-09,2023-02-09,0,1.46,1.46,1,0
250_1500,20.84496,73.46564,1,1,2023-02-26,2023-02-26,0,3.32,3.32,1,0
250_1516,20.84322,73.52299,1,1,2023-06-02,2023-06-02,0,3.95,3.95,1,0
250_1521,20.843,73.54096,1,1,2023-03-09,2023-03-09,0,1.21,1.21,0,1
250_1524,20.8427,73.55159,1,1,2023-03-26,2023-03-26,0,2.0,2.0,1,0
250_1530,20.84543,73.57462,1,1,2023-03-12,2023-03-12,0,3.92,3.92,0,1
250_1535,20.84463,73.59432,1,1,2023-05-11,2023-05-11,0,9.94,9.94,1,0
250_1537,20.84524,73.60033,1,1,2023-05-11,2023-05-11,0,8.84,8.84,1,0
250_1557,20.84404,73.67456,1,1,2023-05-24,2023-05-24,0,10.08,10.08,1,0
250_1573,20.84225,73.73034,1,1,2023-03-01,2023-03-01,0,1.21,1.21,1,0
250_1584,20.84373,73.77258,1,1,2023-05-14,2023-05-14,0,7.07,7.07,1,0
250_1586,20.84312,73.77891,1,1,2023-04-15,2023-04-15,0,6.56,6.56,1,0
250_1598,20.84356,73.82109,1,1,2023-05-08,2023-05-08,0,7.46,7.46,1,0
250_1661,20.84343,74.05002,1,1,2023-06-08,2023-06-08,0,4.25,4.25,1,0
250_1691,20.84231,74.15927,1,1,2023-02-22,2023-02-22,0,4.19,4.19,1,0
250_734,20.84344,70.67659,1,1,2023-03-04,2023-03-04,0,2.08,2.08,1,0
250_744,20.84307,70.71308,1,1,2023-03-03,2023-03-03,0,2.37,2.37,1,0
251_1516,20.84614,73.52218,1,1,2023-05-20,2023-05-20,0,1.75,1.75,1,0
251_1517,20.84682,73.52538,1,1,2023-05-20,2023-05-20,0,1.75,1.75,1,0
251_1522,20.84589,73.54619,1,1,2023-03-09,2023-03-09,0,1.63,1.63,0,1
251_1535,20.84653,73.59148,1,1,2023-05-15,2023-05-15,0,5.22,5.22,1,0
251_1536,20.84735,73.59694,1,1,2023-05-11,2023-05-11,0,11.87,11.87,1,0
251_1580,20.84697,73.75556,1,1,2023-05-08,2023-05-08,0,5.43,5.43,1,0
251_1620,20.8464,73.90204,1,1,2023-05-08,2023-05-08,0,6.28,6.28,1,0
251_1643,20.84756,73.98776,1,1,2023-02-19,2023-02-19,0,1.55,1.55,0,1
251_1665,20.84576,74.06444,1,1,2023-05-20,2023-05-20,0,2.17,2.17,0,1
251_1730,20.84609,74.30183,1,1,2023-05-14,2023-05-14,0,33.88,33.88,1,0
251_1731,20.84674,74.30543,1,1,2023-05-14,2023-05-14,0,33.88,33.88,1,0
251_1732,20.84726,74.31144,1,1,2023-05-13,2023-05-13,0,8.45,8.45,1,0
251_689,20.84715,70.51224,1,1,2023-03-13,2023-03-13,0,2.48,2.48,1,0
251_691,20.84746,70.51847,1,1,2023-03-19,2023-03-19,0,5.87,5.87,1,0
251_695,20.84806,70.53402,1,1,2023-02-24,2023-02-24,0,7.21,7.21,1,0
251_697,20.847524999999997,70.54146,2,1,2023-02-25,2023-02-25,0,4.79,5.28,2,0
251_724,20.84767,70.63923,1,1,2023-03-18,2023-03-18,0,4.96,4.96,1,0
251_730,20.847895,70.660605,2,2,2023-02-14,2023-03-03,17,7.375,12.6,2,0
251_731,20.84667,70.66259,1,1,2023-03-03,2023-03-03,0,13.58,13.58,1,0
251_751,20.84702,70.73566,1,1,2023-03-08,2023-03-08,0,2.66,2.66,1,0
251_752,20.8483,70.74194,1,1,2023-03-18,2023-03-18,0,10.11,10.11,1,0
251_777,20.84882,70.83263,1,1,2023-03-19,2023-03-19,0,4.18,4.18,1,0
251_781,20.84743,70.84733,1,1,2023-04-22,2023-04-22,0,1.94,1.94,1,0
252_1324,20.85049,72.82365,1,1,2023-04-22,2023-04-22,0,8.27,8.27,1,0
252_1438,20.85101,73.23935,1,1,2023-05-12,2023-05-12,0,4.21,4.21,1,0
252_1483,20.85125,73.40385,1,1,2023-04-10,2023-04-10,0,4.34,4.34,1,0
252_1523,20.85204,73.54754,1,1,2023-03-09,2023-03-09,0,5.32,5.32,1,0
252_1524,20.84899,73.55241,1,1,2023-03-09,2023-03-09,0,9.87,9.87,1,0
252_1531,20.85213,73.578,1,1,2023-05-16,2023-05-16,0,5.73,5.73,1,0
252_1600,20.849,73.82883,1,1,2023-05-23,2023-05-23,0,7.43,7.43,1,0
252_1641,20.84917,73.97913,1,1,2023-05-20,2023-05-20,0,5.69,5.69,1,0
252_1667,20.85107,74.07513,1,1,2023-05-24,2023-05-24,0,1.71,1.71,0,1
252_1674,20.85002,74.09964,1,1,2023-06-14,2023-06-14,0,3.7,3.7,1,0
252_1689,20.85121,74.15482,1,1,2023-02-22,2023-02-22,0,0.57,0.57,0,1
252_689,20.85157,70.51166,1,1,2023-03-13,2023-03-13,0,2.48,2.48,1,0
252_738,20.84907,70.69056,1,1,2023-02-19,2023-02-19,0,1.36,1.36,1,0
252_754,20.84892,70.74797,1,1,2023-03-18,2023-03-18,0,9.07,9.07,1,0
252_761,20.85032,70.77184,1,1,2023-04-06,2023-04-06,0,3.11,3.11,1,0
252_778,20.84944,70.83733,1,1,2023-03-19,2023-03-19,0,4.44,4.44,1,0
252_781,20.85151,70.84649,1,1,2023-04-22,2023-04-22,0,1.94,1.94,1,0
252_802,20.85163,70.9241,1,1,2023-06-02,2023-06-02,0,3.48,3.48,1,0
252_826,20.84936,71.01133,1,1,2023-02-28,2023-02-28,0,3.4,3.4,1,0
252_859,20.84977,71.13081,1,1,2023-05-23,2023-05-23,0,0.53,0.53,0,1
253_1496,20.85388,73.45042,1,1,2023-03-04,2023-03-04,0,2.5,2.5,1,0
253_1503,20.85381,73.47598,1,1,2023-02-16,2023-02-16,0,4.0,4.0,1,0
253_1537,20.85434,73.60001,1,1,2023-05-15,2023-05-15,0,3.62,3.62,1,0
253_1562,20.85424,73.69177,1,1,2023-05-13,2023-05-13,0,6.2,6.2,1,0
253_1576,20.85555,73.74237,1,1,2023-05-10,2023-05-10,0,2.13,2.13,1,0
253_1593,20.85333,73.80459,1,1,2023-05-13,2023-05-13,0,8.44,8.44,1,0
253_1644,20.85333,73.99076,1,1,2023-02-19,2023-02-19,0,1.42,1.42,0,1
253_1653,20.85283,74.02212,1,1,2023-05-20,2023-05-20,0,5.12,5.12,1,0
253_1654,20.85351,74.02542,1,1,2023-05-20,2023-05-20,0,5.12,5.12,1,0
253_1690,20.85533,74.15557,1,1,2023-02-21,2023-02-21,0,1.38,1.38,0,1
253_1723,20.85399,74.2771,1,1,2023-05-28,2023-05-28,0,7.68,7.68,1,0
253_1725,20.85412,74.28512,1,1,2023-03-04,2023-03-04,0,3.28,3.28,0,1
253_1726,20.85337,74.28935,1,1,2023-03-04,2023-03-04,0,0.92,0.92,0,1
253_749,20.85436,70.73168,1,1,2023-03-19,2023-03-19,0,7.68,7.68,1,0
254_1452,20.85834,73.28904,1,1,2023-03-31,2023-03-31,0,4.72,4.72,1,0
254_1480,20.85644,73.39129,1,1,2023-02-18,2023-02-18,0,7.59,7.59,1,0
254_1496,20.85728,73.44989,1,1,2023-03-04,2023-03-04,0,3.26,3.26,1,0
254_1524,20.85625,73.55139,1,1,2023-03-09,2023-03-09,0,7.81,7.81,1,0
254_1532,20.85854,73.58109,1,1,2023-05-20,2023-05-20,0,4.43,4.43,1,0
254_1573,20.85639,73.73109,1,1,2023-05-23,2023-05-23,0,6.48,6.48,1,0
254_1581,20.8579,73.75975,1,1,2023-05-09,2023-05-09,0,3.39,3.39,1,0
254_1605,20.85568,73.84795,1,1,2023-05-12,2023-05-12,0,2.73,2.73,1,0
254_1644,20.85645,73.98822,1,1,2023-05-13,2023-05-13,0,2.28,2.28,0,1
254_1654,20.85871,74.02729,1,1,2023-04-10,2023-04-10,0,9.2,9.2,1,0
254_1694,20.85791,74.17175,1,1,2023-02-22,2023-02-22,0,2.88,2.88,1,0
254_1695,20.85849,74.17546,1,1,2023-02-22,2023-02-22,0,6.02,6.02,1,0
254_1714,20.8566,74.24516,1,1,2023-04-11,2023-04-11,0,4.67,4.67,1,0
254_1726,20.85865,74.2896,1,1,2023-05-14,2023-05-14,0,2.63,2.63,0,1
254_681,20.85757,70.48381,1,1,2023-02-23,2023-02-23,0,4.99,4.99,1,0
254_705,20.85572,70.56834,1,1,2023-02-27,2023-02-27,0,3.09,3.09,1,0
254_749,20.85806,70.73114,1,1,2023-03-19,2023-03-19,0,3.76,3.76,1,0
254_826,20.85644,71.01088,1,1,2023-11-30,2023-11-30,0,7.74,7.74,1,0
254_860,20.85764,71.13251,1,1,2023-05-11,2023-05-11,0,0.64,0.64,0,1
255_1345,20.86137,72.89948,1,1,2023-02-13,2023-02-13,0,4.77,4.77,1,0
255_1477,20.86123,73.38322,1,1,2023-03-11,2023-03-11,0,5.26,5.26,1,0
255_1574,20.86032,73.73337,1,1,2023-05-18,2023-05-18,0,8.26,8.26,1,0
255_1588,20.86092,73.78481,1,1,2023-05-15,2023-05-15,0,1.25,1.25,1,0
255_1608,20.86048,73.85687,1,1,2023-05-24,2023-05-24,0,8.48,8.48,1,0
255_1613,20.86031,73.87778,1,1,2023-05-08,2023-05-08,0,5.3,5.3,1,0
255_1641,20.86111,73.97779,1,1,2023-05-12,2023-05-12,0,5.38,5.38,1,0
255_1644,20.85944,73.99008,1,1,2023-02-19,2023-02-19,0,1.42,1.42,0,1
255_1656,20.85932,74.03209,1,1,2023-04-10,2023-04-10,0,9.2,9.2,1,0
255_1716,20.85934,74.25249,1,1,2023-04-16,2023-04-16,0,8.17,8.17,1,0
255_1723,20.86006,74.27876,1,1,2023-04-21,2023-04-21,0,11.18,11.18,1,0
255_673,20.85942,70.4521,1,1,2023-02-19,2023-02-19,0,4.3,4.3,1,0
255_682,20.86076,70.48465,1,1,2023-02-24,2023-02-24,0,5.71,5.71,1,0
255_688,20.85933,70.50782,1,1,2023-02-19,2023-02-19,0,1.78,1.78,1,0
255_698,20.86123,70.54327,1,1,2023-02-28,2023-02-28,0,4.12,4.12,1,0
255_783,20.8601,70.8522,1,1,2023-02-26,2023-02-26,0,2.19,2.19,1,0
256_1525,20.86374,73.55728,1,1,2023-05-13,2023-05-13,0,5.39,5.39,1,0
256_1606,20.86369,73.85133,1,1,2023-05-15,2023-05-15,0,1.62,1.62,1,0
256_1617,20.86485,73.89041,1,1,2023-05-16,2023-05-16,0,4.02,4.02,1,0
256_671,20.86512,70.44597,1,1,2023-02-26,2023-02-26,0,2.44,2.44,1,0
256_672,20.86449,70.44788,1,1,2023-02-19,2023-02-19,0,4.84,4.84,1,0
256_674,20.86542,70.45658,1,1,2023-02-21,2023-02-21,0,1.69,1.69,1,0
256_681,20.8625,70.48166,1,1,2023-02-24,2023-02-24,0,7.04,7.04,1,0
256_687,20.8638,70.50443,1,1,2023-03-24,2023-03-24,0,7.17,7.17,1,0
256_691,20.86486,70.51807,1,1,2023-02-24,2023-02-24,0,5.7,5.7,1,0
256_694,20.86387,70.52991,1,1,2023-03-19,2023-03-19,0,2.28,2.28,1,0
256_717,20.86352,70.61311,1,1,2023-02-24,2023-02-24,0,10.01,10.01,1,0
257_1689,20.86623,74.15519,1,1,2023-02-21,2023-02-21,0,15.48,15.48,1,0
257_668,20.86621,70.43491,1,1,2023-02-10,2023-02-10,0,5.33,5.33,1,0
257_671,20.86883,70.44416,1,1,2023-02-15,2023-02-15,0,3.43,3.43,1,0
257_683,20.868745,70.48865,2,2,2023-02-23,2023-02-24,1,5.54,7.34,2,0
257_695,20.86656,70.532,1,1,2023-02-21,2023-02-21,0,6.81,6.81,1,0
257_703,20.86663,70.56371,1,1,2023-03-25,2023-03-25,0,0.65,0.65,0,1
257_704,20.867841111111115,70.5657661111111,18,18,2023-01-04,2023-12-22,352,0.8066666666666666,1.61,0,18
257_729,20.86624,70.65568,1,1,2023-12-25,2023-12-25,0,6.3,6.3,1,0
257_802,20.86868,70.92296,1,1,2023-01-25,2023-01-25,0,2.11,2.11,1,0
257_932,20.868208000000003,71.396775,10,10,2023-02-05,2023-12-15,313,1.063,2.15,0,10
257_933,20.86836333333333,71.39838,3,3,2023-05-23,2023-12-17,208,0.7733333333333333,1.23,0,3
258_1438,20.8706,73.23965,1,1,2023-04-16,2023-04-16,0,5.64,5.64,1,0
258_1439,20.87116,73.24333,1,1,2023-04-16,2023-04-16,0,5.64,5.64,1,0
258_1443,20.86962,73.25842,1,1,2023-04-11,2023-04-11,0,1.89,1.89,1,0
258_1477,20.86988,73.38189,1,1,2023-04-23,2023-04-23,0,5.48,5.48,1,0
258_1487,20.86975,73.41865,1,1,2023-05-29,2023-05-29,0,5.98,5.98,1,0
258_1536,20.86966,73.59608,1,1,2023-05-15,2023-05-15,0,2.12,2.12,1,0
258_1537,20.87068,73.59977,1,1,2023-05-25,2023-05-25,0,4.28,4.28,1,0
258_1566,20.86925,73.70609,1,1,2023-06-08,2023-06-08,0,4.58,4.58,1,0
258_1579,20.87152,73.75124,1,1,2023-05-24,2023-05-24,0,7.68,7.68,1,0
258_1601,20.87229,73.83167,1,1,2023-05-12,2023-05-12,0,2.76,2.76,1,0
258_1641,20.86992,73.97829,1,1,2023-05-20,2023-05-20,0,5.16,5.16,1,0
258_686,20.86943,70.50139,1,1,2023-02-26,2023-02-26,0,4.21,4.21,1,0
258_698,20.87153,70.5425,1,1,2023-02-21,2023-02-21,0,1.6,1.6,1,0
258_759,20.87213,70.76456,1,1,2023-05-23,2023-05-23,0,1.8,1.8,1,0
258_775,20.87066,70.82581,1,1,2023-04-05,2023-04-05,0,7.16,7.16,1,0
258_838,20.87202,71.05579,1,1,2023-02-28,2023-02-28,0,7.12,7.12,1,0
258_932,20.869491666666665,71.39625,6,6,2023-02-21,2023-12-28,310,0.9383333333333334,1.32,0,6
258_942,20.87071,71.43367,1,1,2023-12-17,2023-12-17,0,2.4,2.4,1,0
259_1534,20.87342,73.5892,1,1,2023-05-25,2023-05-25,0,4.44,4.44,1,0
259_1563,20.87288,73.69486,1,1,2023-05-24,2023-05-24,0,8.87,8.87,1,0
259_1584,20.87374,73.77161,1,1,2023-05-22,2023-05-22,0,5.92,5.92,1,0
259_668,20.87259,70.43648,1,1,2023-02-21,2023-02-21,0,5.59,5.59,1,0
259_685,20.87354,70.49699,1,1,2023-02-25,2023-02-25,0,4.51,4.51,1,0
259_688,20.87567,70.506,1,1,2023-02-19,2023-02-19,0,2.79,2.79,1,0
259_727,20.87339,70.65131,1,1,2023-03-24,2023-03-24,0,1.89,1.89,1,0
259_741,20.87525,70.69896,1,1,2023-03-05,2023-03-05,0,3.76,3.76,1,0
259_757,20.87352,70.75817,1,1,2023-02-24,2023-02-24,0,3.34,3.34,1,0
259_777,20.87538,70.83208,1,1,2023-03-08,2023-03-08,0,3.55,3.55,1,0
259_785,20.87469,70.85944,1,1,2023-12-28,2023-12-28,0,2.33,2.33,1,0
259_810,20.87488,70.95187,1,1,2023-04-17,2023-04-17,0,10.38,10.38,1,0
25_1464,20.08689,73.3354,1,1,2023-05-14,2023-05-14,0,5.14,5.14,1,0
25_1471,20.08434,73.35938,1,1,2023-04-20,2023-04-20,0,9.28,9.28,1,0
25_1481,20.0844,73.39767,1,1,2023-04-20,2023-04-20,0,2.54,2.54,1,0
25_1553,20.08741,73.6574,1,1,2023-04-12,2023-04-12,0,1.26,1.26,1,0
260_1319,20.87599,72.80675,1,1,2023-05-07,2023-05-07,0,2.22,2.22,1,0
260_1429,20.87773,73.20838,1,1,2023-02-13,2023-02-13,0,2.18,2.18,1,0
260_1524,20.87774,73.55224,1,1,2023-05-15,2023-05-15,0,4.81,4.81,1,0
260_1531,20.87675,73.57854,1,1,2023-05-28,2023-05-28,0,4.94,4.94,1,0
260_1540,20.87755,73.61109,1,1,2023-05-27,2023-05-27,0,3.75,3.75,1,0
260_1542,20.87815,73.61685,1,1,2023-05-27,2023-05-27,0,3.75,3.75,1,0
260_1564,20.8771,73.69836,1,1,2023-05-24,2023-05-24,0,8.59,8.59,1,0
260_1576,20.87872,73.74357,1,1,2023-05-30,2023-05-30,0,7.29,7.29,1,0
260_1588,20.87834,73.78471,1,1,2023-05-29,2023-05-29,0,5.27,5.27,1,0
260_1603,20.87783,73.841025,2,1,2023-05-26,2023-05-26,0,1.9649999999999999,2.23,2,0
260_668,20.8784,70.43315,1,1,2023-03-04,2023-03-04,0,3.91,3.91,1,0
260_680,20.87689,70.47837,1,1,2023-02-16,2023-02-16,0,10.59,10.59,1,0
260_685,20.87913,70.49583,1,1,2023-02-26,2023-02-26,0,2.85,2.85,1,0
260_697,20.87892,70.53925,1,1,2023-02-19,2023-02-19,0,3.66,3.66,1,0
260_702,20.87837,70.55986,1,1,2023-03-08,2023-03-08,0,4.87,4.87,1,0
260_735,20.8784,70.6806,1,1,2023-03-14,2023-03-14,0,2.79,2.79,1,0
260_901,20.87799,71.28173,1,1,2023-01-26,2023-01-26,0,2.12,2.12,1,0
261_1484,20.87996,73.40818,1,1,2023-05-06,2023-05-06,0,8.98,8.98,1,0
261_1504,20.87958,73.47987,1,1,2023-05-29,2023-05-29,0,6.41,6.41,1,0
261_1564,20.881115,73.697365,2,2,2023-05-24,2023-05-27,3,9.370000000000001,12.42,2,0
261_1565,20.8822,73.7026,1,1,2023-05-27,2023-05-27,0,22.43,22.43,1,0
261_1759,20.88124,74.4085,1,1,2023-03-10,2023-03-10,0,37.59,37.59,1,0
261_1760,20.88181,74.41218,1,1,2023-03-10,2023-03-10,0,37.59,37.59,1,0
261_672,20.8805,70.44836,1,1,2023-02-22,2023-02-22,0,3.7,3.7,1,0
261_680,20.88024,70.47777,1,1,2023-02-16,2023-02-16,0,10.59,10.59,1,0
261_702,20.87954,70.55746,1,1,2023-03-08,2023-03-08,0,4.18,4.18,1,0
261_735,20.88184,70.68005,1,1,2023-03-14,2023-03-14,0,11.98,11.98,1,0
261_777,20.87945,70.83151,1,1,2023-03-08,2023-03-08,0,3.55,3.55,1,0
261_850,20.8803,71.09647,1,1,2023-02-19,2023-02-19,0,4.57,4.57,1,0
261_900,20.880670000000002,71.28043,2,2,2023-01-10,2023-01-26,16,2.58,3.04,2,0
261_929,20.87999,71.38544,1,1,2023-12-29,2023-12-29,0,3.93,3.93,1,0
262_1533,20.88484,73.58654,1,1,2023-05-23,2023-05-23,0,3.09,3.09,1,0
262_1534,20.8854,73.59047,1,1,2023-05-23,2023-05-23,0,8.2,8.2,1,0
262_1771,20.8843,74.45313,1,1,2023-05-17,2023-05-17,0,10.69,10.69,1,0
262_666,20.88529,70.42693,1,1,2023-03-06,2023-03-06,0,5.19,5.19,1,0
262_746,20.88386,70.71803,1,1,2023-03-03,2023-03-03,0,14.62,14.62,1,0
263_1530,20.88874,73.57532,1,1,2023-06-03,2023-06-03,0,3.82,3.82,1,0
263_1535,20.88596,73.59444,1,1,2023-05-23,2023-05-23,0,8.2,8.2,1,0
263_672,20.88777,70.44951,1,1,2023-02-23,2023-02-23,0,2.26,2.26,1,0
263_783,20.88707,70.85255,1,1,2023-04-19,2023-04-19,0,3.12,3.12,1,0
264_1500,20.89261,73.46638,1,1,2023-05-23,2023-05-23,0,6.36,6.36,1,0
264_1535,20.89041,73.59192,1,1,2023-05-25,2023-05-25,0,4.29,4.29,1,0
264_1586,20.89095,73.77806,1,1,2023-05-23,2023-05-23,0,8.04,8.04,1,0
264_1594,20.89211,73.80624,1,1,2023-05-28,2023-05-28,0,6.39,6.39,1,0
264_1595,20.89195,73.81031,1,1,2023-05-12,2023-05-12,0,4.41,4.41,1,0
264_1648,20.89024,74.00296,1,1,2023-02-27,2023-02-27,0,1.14,1.14,0,1
264_746,20.89015,70.71763,1,1,2023-01-06,2023-01-06,0,4.84,4.84,1,0
265_1341,20.89405,72.88676,1,1,2023-05-19,2023-05-19,0,5.48,5.48,1,0
265_1428,20.89275,73.20339,1,1,2023-04-06,2023-04-06,0,2.24,2.24,1,0
265_1496,20.89597,73.44923,1,1,2023-04-20,2023-04-20,0,18.05,18.05,1,0
265_1514,20.89491,73.51488,1,1,2023-03-12,2023-03-12,0,1.18,1.18,0,1
265_1562,20.89406,73.68993,1,1,2023-05-14,2023-05-14,0,2.66,2.66,1,0
265_1605,20.89466,73.84588,1,1,2023-05-24,2023-05-24,0,6.16,6.16,1,0
265_672,20.89286,70.4483,1,1,2023-02-23,2023-02-23,0,4.81,4.81,1,0
265_707,20.89349,70.57523,1,1,2023-02-19,2023-02-19,0,3.83,3.83,1,0
265_744,20.89525,70.71067,1,1,2023-03-14,2023-03-14,0,4.42,4.42,1,0
265_813,20.89275,70.96229,1,1,2023-10-15,2023-10-15,0,1.35,1.35,1,0
266_1319,20.89765,72.80444,1,1,2023-06-08,2023-06-08,0,3.41,3.41,1,0
266_1348,20.89643,72.91024,1,1,2023-04-17,2023-04-17,0,6.4,6.4,1,0
266_1513,20.89911,73.51411,1,1,2023-04-04,2023-04-04,0,3.26,3.26,1,0
266_1533,20.89804,73.58476,1,1,2023-05-24,2023-05-24,0,3.67,3.67,1,0
266_1557,20.89653,73.67232,1,1,2023-05-29,2023-05-29,0,4.25,4.25,1,0
266_1576,20.89732,73.74211,1,1,2023-05-29,2023-05-29,0,7.65,7.65,1,0
266_1754,20.89897,74.38971,1,1,2023-05-24,2023-05-24,0,0.75,0.75,0,1
266_687,20.89939,70.50417,1,1,2023-02-12,2023-02-12,0,2.41,2.41,1,0
266_747,20.898135,70.72234,2,1,2023-12-29,2023-12-29,0,4.0600000000000005,4.58,2,0
266_824,20.89637,71.00211,1,1,2023-02-16,2023-02-16,0,3.91,3.91,1,0
266_825,20.89661,71.00784,1,1,2023-02-24,2023-02-24,0,2.41,2.41,1,0
266_902,20.89878,71.28844,1,1,2023-03-13,2023-03-13,0,4.62,4.62,1,0
267_1349,20.90002,72.91443,1,1,2023-03-27,2023-03-27,0,1.64,1.64,1,0
267_1490,20.90213,73.42857,1,1,2023-05-07,2023-05-07,0,5.52,5.52,1,0
267_1528,20.90179,73.56753,1,1,2023-05-24,2023-05-24,0,8.89,8.89,1,0
267_1542,20.9002,73.61948,1,1,2023-05-24,2023-05-24,0,6.95,6.95,1,0
267_1560,20.9028,73.68328,1,1,2023-05-30,2023-05-30,0,8.17,8.17,1,0
267_1561,20.9028,73.68712,1,1,2023-05-30,2023-05-30,0,8.72,8.72,1,0
267_1761,20.90095,74.41624,1,1,2023-05-08,2023-05-08,0,12.51,12.51,1,0
267_696,20.90034,70.53528,1,1,2023-02-25,2023-02-25,0,3.14,3.14,1,0
267_697,20.90029,70.53886,1,1,2023-02-17,2023-02-17,0,2.17,2.17,1,0
267_747,20.9007,70.72401,1,1,2023-03-04,2023-03-04,0,2.2,2.2,1,0
268_1526,20.90448,73.55993000000001,2,1,2023-05-24,2023-05-24,0,6.879999999999999,9.37,2,0
268_1529,20.90299,73.57075,1,1,2023-05-24,2023-05-24,0,6.07,6.07,1,0
268_1561,20.90359,73.68739,1,1,2023-05-30,2023-05-30,0,8.17,8.17,1,0
268_740,20.90348,70.69868,1,1,2023-03-09,2023-03-09,0,4.5,4.5,1,0
269_1509,20.90674,73.49908,1,1,2023-06-09,2023-06-09,0,7.95,7.95,1,0
269_1511,20.90824,73.50351,1,1,2023-05-23,2023-05-23,0,4.77,4.77,1,0
269_1527,20.90811,73.56187,1,1,2023-05-24,2023-05-24,0,6.55,6.55,1,0
269_1561,20.90697,73.68623,1,1,2023-05-30,2023-05-30,0,8.72,8.72,1,0
269_1563,20.9094,73.69636,1,1,2023-05-24,2023-05-24,0,8.23,8.23,1,0
269_1570,20.90923,73.72058,2,1,2023-04-26,2023-04-26,0,4.415,5.77,2,0
269_736,20.90639,70.68195,1,1,2023-05-02,2023-05-02,0,6.26,6.26,1,0
269_829,20.90922,71.02129,1,1,2023-02-25,2023-02-25,0,6.76,6.76,1,0
269_949,20.908872307692302,71.45870676923074,65,62,2023-01-02,2023-12-27,359,1.4493846153846155,2.75,1,64
269_950,20.908695555555553,71.46074500000002,18,18,2023-01-04,2023-11-10,310,1.8038888888888889,4.57,0,18
26_1421,20.08833,73.17828,1,1,2023-04-28,2023-04-28,0,2.06,2.06,1,0
26_1507,20.09053,73.49078,1,1,2023-04-04,2023-04-04,0,3.18,3.18,1,0
270_1526,20.91197,73.5613,1,1,2023-05-28,2023-05-28,0,5.34,5.34,1,0
270_1528,20.91256,73.5658,1,1,2023-05-28,2023-05-28,0,5.34,5.34,1,0
270_1571,20.90995,73.72437,1,1,2023-04-26,2023-04-26,0,3.34,3.34,1,0
270_1589,20.91247,73.7891,1,1,2023-05-15,2023-05-15,0,1.9,1.9,1,0
270_1605,20.911955,73.84694,2,2,2023-05-08,2023-05-23,15,7.655,9.64,2,0
270_1607,20.91167,73.85615,1,1,2023-05-16,2023-05-16,0,4.11,4.11,1,0
270_1611,20.91247,73.86822,1,1,2023-05-15,2023-05-15,0,2.87,2.87,1,0
270_1780,20.91083,74.48663,1,1,2023-02-22,2023-02-22,0,0.7,0.7,0,1
270_705,20.91207,70.57039,1,1,2023-02-24,2023-02-24,0,7.65,7.65,1,0
270_770,20.91117,70.80776,1,1,2023-03-26,2023-03-26,0,56.02,56.02,1,0
270_948,20.911026,71.45613,5,5,2023-01-08,2023-11-16,312,1.428,2.08,0,5
270_949,20.910839159663873,71.45854193277307,119,110,2023-01-01,2023-12-31,364,1.44109243697479,7.17,5,114
270_950,20.910500754716978,71.46096377358491,53,50,2023-01-02,2023-12-28,360,1.318679245283019,2.7,5,48
271_1445,20.91583,73.26335,1,1,2023-01-14,2023-01-14,0,2.43,2.43,1,0
271_1504,20.91398,73.4787,1,1,2023-05-31,2023-05-31,0,3.68,3.68,1,0
271_1510,20.91349,73.50005,1,1,2023-06-08,2023-06-08,0,8.51,8.51,1,0
271_1526,20.9156,73.56075,1,1,2023-05-28,2023-05-28,0,5.34,5.34,1,0
271_1527,20.91618,73.56522,1,1,2023-05-28,2023-05-28,0,5.34,5.34,1,0
271_1548,20.91513,73.64027333333333,3,1,2023-05-20,2023-05-20,0,2.736666666666667,3.08,3,0
271_1556,20.91393,73.66819,1,1,2023-06-09,2023-06-09,0,5.39,5.39,1,0
271_1564,20.91519,73.69878,1,1,2023-02-24,2023-02-24,0,2.21,2.21,1,0
271_1567,20.915264999999998,73.70919,2,1,2023-05-25,2023-05-25,0,3.8150000000000004,4.23,2,0
271_1585,20.91498,73.77341,1,1,2023-05-08,2023-05-08,0,1.56,1.56,1,0
271_1625,20.91472,73.92102,1,1,2023-06-07,2023-06-07,0,3.94,3.94,1,0
271_1775,20.91544,74.46561,1,1,2023-04-03,2023-04-03,0,2.67,2.67,1,0
271_705,20.91363,70.57076,1,1,2023-02-24,2023-02-24,0,11.31,11.31,1,0
271_741,20.91507,70.70171,1,1,2023-03-18,2023-03-18,0,4.34,4.34,1,0
271_742,20.91494,70.70366,1,1,2023-03-18,2023-03-18,0,2.72,2.72,1,0
271_743,20.91358,70.70865,1,1,2023-05-17,2023-05-17,0,4.28,4.28,1,0
271_754,20.91339,70.74687,1,1,2023-01-14,2023-01-14,0,8.71,8.71,1,0
271_755,20.91613,70.75227,1,1,2023-12-03,2023-12-03,0,4.49,4.49,1,0
271_824,20.91493,71.00363,1,1,2023-02-14,2023-02-14,0,6.65,6.65,1,0
271_949,20.913215,71.45931,2,2,2023-11-18,2023-12-25,37,0.6599999999999999,0.73,0,2
272_1490,20.91672,73.42863,1,1,2023-03-04,2023-03-04,0,5.42,5.42,1,0
272_1491,20.91727,73.4325,1,1,2023-03-04,2023-03-04,0,5.42,5.42,1,0
272_1584,20.91848,73.77274,1,1,2023-05-08,2023-05-08,0,3.53,3.53,1,0
272_1607,20.91889,73.85416,1,1,2023-02-16,2023-02-16,0,0.66,0.66,0,1
272_705,20.91811,70.56982,1,1,2023-02-24,2023-02-24,0,3.98,3.98,1,0
272_745,20.91776,70.71432,1,1,2023-05-31,2023-05-31,0,2.34,2.34,1,0
273_1490,20.92011,73.42809,1,1,2023-03-04,2023-03-04,0,5.42,5.42,1,0
273_1501,20.92207,73.46947,1,1,2023-05-28,2023-05-28,0,7.07,7.07,1,0
273_1508,20.92178,73.49496,1,1,2023-02-12,2023-02-12,0,1.2,1.2,0,1
273_1521,20.92256,73.54316,1,1,2023-04-24,2023-04-24,0,6.79,6.79,1,0
273_1523,20.9208,73.54927,1,1,2023-05-18,2023-05-18,0,5.52,5.52,1,0
273_1526,20.920405000000002,73.56006500000001,2,2,2023-03-10,2023-05-22,73,4.04,5.73,2,0
273_1527,20.92272,73.56249,1,1,2023-05-08,2023-05-08,0,4.93,4.93,1,0
273_1536,20.92135,73.59705,1,1,2023-05-23,2023-05-23,0,6.8,6.8,1,0
273_1556,20.91998,73.6693,1,1,2023-06-02,2023-06-02,0,7.69,7.69,1,0
273_1557,20.92222,73.6713,1,1,2023-06-02,2023-06-02,0,9.21,9.21,1,0
273_1580,20.92039,73.75648,1,1,2023-05-19,2023-05-19,0,7.57,7.57,1,0
273_1588,20.92203,73.78717,1,1,2023-05-19,2023-05-19,0,7.73,7.73,1,0
273_1600,20.922035,73.82975,2,1,2023-05-15,2023-05-15,0,3.305,3.89,2,0
273_1606,20.9207,73.84996,1,1,2023-05-11,2023-05-11,0,9.15,9.15,1,0
273_1610,20.92287,73.86737,1,1,2023-06-08,2023-06-08,0,6.8,6.8,1,0
273_1771,20.92296,74.45257,1,1,2023-04-01,2023-04-01,0,4.0,4.0,1,0
273_658,20.92018,70.39742,1,1,2023-02-24,2023-02-24,0,4.34,4.34,1,0
273_696,20.91965,70.53543,1,1,2023-03-03,2023-03-03,0,6.68,6.68,1,0
273_705,20.92257,70.56804,1,1,2023-02-20,2023-02-20,0,3.4,3.4,1,0
274_1438,20.9238,73.2404,1,1,2023-05-11,2023-05-11,0,2.82,2.82,1,0
274_1439,20.92458,73.24323,1,1,2023-05-11,2023-05-11,0,5.23,5.23,1,0
274_1497,20.92351,73.45448,1,1,2023-05-18,2023-05-18,0,5.29,5.29,1,0
274_1503,20.92601,73.47792,1,1,2023-04-15,2023-04-15,0,7.8,7.8,1,0
274_1510,20.9249,73.50264,1,1,2023-02-26,2023-02-26,0,0.63,0.63,0,1
274_1511,20.9231,73.50524,1,1,2023-05-28,2023-05-28,0,3.32,3.32,1,0
274_1528,20.92342,73.56664,1,1,2023-05-08,2023-05-08,0,14.01,14.01,1,0
274_1568,20.92552,73.71218,1,1,2023-02-18,2023-02-18,0,3.95,3.95,1,0
274_1576,20.92415,73.7414,1,1,2023-05-24,2023-05-24,0,8.47,8.47,1,0
274_653,20.92465,70.37876,1,1,2023-03-13,2023-03-13,0,2.22,2.22,1,0
274_664,20.92549,70.41856,1,1,2023-02-28,2023-02-28,0,21.81,21.81,1,0
274_688,20.92354,70.5089,1,1,2023-02-20,2023-02-20,0,5.18,5.18,1,0
274_695,20.9233,70.53489,1,1,2023-03-03,2023-03-03,0,4.95,4.95,1,0
274_706,20.925345,70.57415,2,1,2023-02-24,2023-02-24,0,5.795,6.78,2,0
274_730,20.92574,70.66227,1,1,2023-02-20,2023-02-20,0,1.68,1.68,1,0
274_774,20.92445,70.8214,1,1,2023-03-17,2023-03-17,0,5.26,5.26,1,0
275_1500,20.92906,73.46624,1,1,2023-03-04,2023-03-04,0,4.05,4.05,1,0
275_1515,20.9276,73.52124,1,1,2023-02-25,2023-02-25,0,5.06,5.06,1,0
275_1534,20.92778,73.5906,1,1,2023-03-31,2023-03-31,0,10.11,10.11,1,0
275_1553,20.92788,73.65943,1,1,2023-06-03,2023-06-03,0,3.62,3.62,1,0
275_1563,20.92676,73.6941,1,1,2023-05-15,2023-05-15,0,5.02,5.02,1,0
275_1564,20.9277,73.69841,1,1,2023-05-15,2023-05-15,0,5.53,5.53,1,0
275_659,20.92674,70.40279,1,1,2023-02-20,2023-02-20,0,6.16,6.16,1,0
275_678,20.92812,70.47195,1,1,2023-02-26,2023-02-26,0,1.19,1.19,1,0
276_1372,20.93287,72.99871,1,1,2023-01-25,2023-01-25,0,7.84,7.84,1,0
276_1500,20.93245,73.46568,1,1,2023-03-04,2023-03-04,0,4.05,4.05,1,0
276_1541,20.93298,73.61474,1,1,2023-05-15,2023-05-15,0,2.29,2.29,1,0
276_1568,20.9302,73.71136,1,1,2023-05-31,2023-05-31,0,2.43,2.43,1,0
276_1580,20.93154,73.75492,1,1,2023-05-17,2023-05-17,0,16.39,16.39,1,0
276_668,20.93268,70.43487,1,1,2023-02-25,2023-02-25,0,7.0,7.0,1,0
276_713,20.93226,70.59982500000001,2,2,2023-03-01,2023-03-13,12,9.745,15.78,2,0
276_737,20.93052,70.68456,1,1,2023-03-11,2023-03-11,0,5.72,5.72,1,0
276_749,20.93307,70.72985,1,1,2023-03-18,2023-03-18,0,15.49,15.49,1,0
277_1371,20.9341,72.99666,1,1,2023-01-25,2023-01-25,0,4.59,4.59,1,0
277_1490,20.93587,73.42932,1,1,2023-04-21,2023-04-21,0,5.93,5.93,1,0
277_1501,20.93411,73.46877,1,1,2023-02-27,2023-02-27,0,11.36,11.36,1,0
277_1518,20.93438,73.5323,1,1,2023-05-21,2023-05-21,0,2.63,2.63,1,0
277_1543,20.93518,73.6206,1,1,2023-02-26,2023-02-26,0,8.06,8.06,1,0
277_1547,20.93607,73.63773,1,1,2023-03-11,2023-03-11,0,3.87,3.87,1,0
277_1548,20.93614,73.64157,1,1,2023-03-11,2023-03-11,0,3.17,3.17,1,0
277_1558,20.93416,73.67622,1,1,2023-05-31,2023-05-31,0,4.09,4.09,1,0
277_1597,20.93639,73.81827,1,1,2023-05-25,2023-05-25,0,5.7,5.7,1,0
277_668,20.93329,70.43407,1,1,2023-02-25,2023-02-25,0,9.95,9.95,1,0
277_712,20.93364,70.59473,1,1,2023-03-21,2023-03-21,0,7.0,7.0,1,0
277_750,20.93316,70.7318,1,1,2023-03-18,2023-03-18,0,11.5,11.5,1,0
277_852,20.93348,71.10503,1,1,2023-03-04,2023-03-04,0,1.79,1.79,1,0
278_1395,20.93898,73.0827,1,1,2023-11-10,2023-11-10,0,0.85,0.85,0,1
278_1544,20.93893,73.62389,1,1,2023-04-21,2023-04-21,0,2.42,2.42,1,0
278_1547,20.937875,73.63625,2,1,2023-03-09,2023-03-09,0,5.78,8.17,2,0
278_1548,20.93858,73.63972,1,1,2023-03-09,2023-03-09,0,7.83,7.83,1,0
278_1557,20.93897,73.67136,1,1,2023-05-31,2023-05-31,0,5.25,5.25,1,0
278_1558,20.93985,73.67533,1,1,2023-05-31,2023-05-31,0,5.25,5.25,1,0
278_1578,20.93686,73.74876,1,1,2023-05-27,2023-05-27,0,4.2,4.2,1,0
278_1579,20.93695,73.7524,2,1,2023-05-24,2023-05-24,0,6.845,7.13,2,0
278_1596,20.93707,73.81602,1,1,2023-05-25,2023-05-25,0,3.6,3.6,1,0
278_1635,20.93729,73.95634,1,1,2023-06-02,2023-06-02,0,3.47,3.47,1,0
278_1733,20.93863,74.31564,1,1,2023-12-26,2023-12-26,0,11.95,11.95,1,0
278_640,20.9369,70.33297,1,1,2023-03-07,2023-03-07,0,3.97,3.97,1,0
278_656,20.93824,70.39229,1,1,2023-02-14,2023-02-14,0,4.0,4.0,1,0
278_685,20.93974,70.49844,1,1,2023-02-25,2023-02-25,0,7.35,7.35,1,0
278_713,20.93799,70.59722,1,1,2023-11-30,2023-11-30,0,4.6,4.6,1,0
278_900,20.93654,71.28055499999999,2,1,2023-06-02,2023-06-02,0,7.695,7.88,2,0
279_1515,20.94082,73.51871,1,1,2023-03-09,2023-03-09,0,8.72,8.72,1,0
279_1536,20.942505,73.595665,2,1,2023-02-25,2023-02-25,0,0.78,0.98,0,2
279_1544,20.94307,73.62458,1,1,2023-04-21,2023-04-21,0,0.61,0.61,0,1
279_1547,20.94141,73.63663,1,1,2023-03-09,2023-03-09,0,8.17,8.17,1,0
279_1559,20.94074,73.67931,1,1,2023-05-31,2023-05-31,0,11.64,11.64,1,0
279_1581,20.94131,73.76052,1,1,2023-05-15,2023-05-15,0,4.09,4.09,1,0
279_1734,20.94155,74.31608,1,1,2023-12-26,2023-12-26,0,10.61,10.61,1,0
279_657,20.94109,70.39455,1,1,2023-02-14,2023-02-14,0,4.17,4.17,1,0
279_685,20.9408,70.49751,1,1,2023-02-25,2023-02-25,0,7.0,7.0,1,0
279_686,20.9427,70.50183,1,1,2023-11-20,2023-11-20,0,4.52,4.52,1,0
279_784,20.94154,70.85555,1,1,2023-03-25,2023-03-25,0,3.0,3.0,1,0
27_1478,20.09176,73.38531,1,1,2023-05-09,2023-05-09,0,3.95,3.95,1,0
27_1503,20.09287,73.47751,1,1,2023-06-09,2023-06-09,0,3.42,3.42,1,0
27_1675,20.09179,74.10202,1,1,2023-05-02,2023-05-02,0,6.47,6.47,1,0
280_1422,20.94566,73.18256,1,1,2023-11-19,2023-11-19,0,1.14,1.14,0,1
280_1532,20.944,73.5802,1,1,2023-05-30,2023-05-30,0,5.74,5.74,1,0
280_1557,20.94553,73.67435,1,1,2023-05-31,2023-05-31,0,5.25,5.25,1,0
280_1561,20.94456,73.68834,1,1,2023-03-10,2023-03-10,0,5.62,5.62,1,0
280_1563,20.94412,73.69536,1,1,2023-04-15,2023-04-15,0,5.85,5.85,1,0
280_1577,20.94422,73.74703,1,1,2023-05-15,2023-05-15,0,9.76,9.76,1,0
280_1582,20.94609,73.76402,1,1,2023-05-18,2023-05-18,0,6.89,6.89,1,0
280_1617,20.94523,73.89306,1,1,2023-05-18,2023-05-18,0,3.52,3.52,1,0
280_661,20.94412,70.40917,1,1,2023-10-29,2023-10-29,0,2.26,2.26,1,0
280_692,20.94621,70.52129,1,1,2023-02-28,2023-02-28,0,3.14,3.14,1,0
280_782,20.94478,70.849795,2,2,2023-02-25,2023-03-25,28,8.254999999999999,11.53,2,0
280_783,20.94487,70.85499,1,1,2023-03-25,2023-03-25,0,4.98,4.98,1,0
281_1424,20.94769,73.18961,1,1,2023-11-05,2023-11-05,0,0.94,0.94,0,1
281_1558,20.94968,73.67798,1,1,2023-03-09,2023-03-09,0,1.65,1.65,0,1
281_1560,20.94881,73.68273,1,1,2023-03-09,2023-03-09,0,1.42,1.42,0,1
281_1562,20.94757,73.69117,2,2,2023-02-14,2023-04-15,60,3.4699999999999998,5.85,2,0
281_1563,20.94813,73.69486,1,1,2023-04-15,2023-04-15,0,5.85,5.85,1,0
281_1565,20.94878,73.70026,1,1,2023-04-15,2023-04-15,0,4.99,4.99,1,0
281_1581,20.9471,73.75992,1,1,2023-05-16,2023-05-16,0,4.12,4.12,1,0
281_1582,20.94709,73.76464,1,1,2023-05-14,2023-05-14,0,4.87,4.87,1,0
281_1585,20.94844,73.77662,1,1,2023-05-24,2023-05-24,0,5.08,5.08,1,0
281_1639,20.94677,73.97233,1,1,2023-05-18,2023-05-18,0,10.79,10.79,1,0
281_636,20.94976,70.31718,1,1,2023-03-03,2023-03-03,0,14.65,14.65,1,0
281_666,20.94991,70.42858,1,1,2023-02-26,2023-02-26,0,3.32,3.32,1,0
281_677,20.94678,70.46657,1,1,2023-02-20,2023-02-20,0,11.26,11.26,1,0
281_754,20.9487,70.74966,1,1,2023-01-23,2023-01-23,0,4.58,4.58,1,0
281_926,20.94895,71.37639,1,1,2023-04-20,2023-04-20,0,11.96,11.96,1,0
281_956,20.94913,71.48228,1,1,2023-05-22,2023-05-22,0,2.61,2.61,1,0
282_1513,20.95065,73.51099,1,1,2023-04-28,2023-04-28,0,0.63,0.63,1,0
282_1529,20.95326,73.57243,1,1,2023-02-12,2023-02-12,0,0.63,0.63,0,1
282_1550,20.95211,73.64581,1,1,2023-05-12,2023-05-12,0,4.24,4.24,1,0
282_1557,20.95251,73.67287,1,1,2023-03-16,2023-03-16,0,3.04,3.04,1,0
282_1563,20.95215,73.69441,1,1,2023-04-15,2023-04-15,0,14.43,14.43,1,0
282_1564,20.95281,73.69989,1,1,2023-04-15,2023-04-15,0,30.91,30.91,1,0
282_1579,20.951484999999998,73.75198,2,1,2023-05-07,2023-05-07,0,4.66,5.26,2,0
282_1592,20.95024,73.80132,1,1,2023-05-15,2023-05-15,0,3.54,3.54,1,0
282_1598,20.95311,73.82072,1,1,2023-02-27,2023-02-27,0,3.69,3.69,1,0
282_1643,20.95129,73.98664,1,1,2023-02-25,2023-02-25,0,4.21,4.21,1,0
282_1677,20.9528,74.11126,1,1,2023-05-14,2023-05-14,0,6.76,6.76,1,0
282_1701,20.95004,74.19633,1,1,2023-04-01,2023-04-01,0,1.45,1.45,1,0
282_1783,20.95053,74.49425,1,1,2023-10-15,2023-10-15,0,2.31,2.31,1,0
282_632,20.95162,70.30334,1,1,2023-03-03,2023-03-03,0,8.45,8.45,1,0
282_636,20.95233,70.3186,1,1,2023-02-24,2023-02-24,0,13.81,13.81,1,0
282_641,20.95331,70.33662,1,1,2023-05-30,2023-05-30,0,2.38,2.38,1,0
282_665,20.9506,70.42226,1,1,2023-02-16,2023-02-16,0,3.13,3.13,1,0
282_763,20.95101,70.78161,1,1,2023-03-25,2023-03-25,0,1.51,1.51,1,0
282_770,20.95001,70.80704,1,1,2023-04-17,2023-04-17,0,43.9,43.9,1,0
282_777,20.95101,70.83189,1,1,2023-02-27,2023-02-27,0,0.66,0.66,0,1
283_1304,20.95478,72.7515,1,1,2023-05-28,2023-05-28,0,4.34,4.34,1,0
283_1390,20.95353,73.06618,1,1,2023-12-07,2023-12-07,0,3.11,3.11,1,0
283_1500,20.95499,73.46386,1,1,2023-06-01,2023-06-01,0,4.94,4.94,1,0
283_1522,20.95378,73.54481,1,1,2023-05-29,2023-05-29,0,3.95,3.95,1,0
283_1524,20.95582,73.5536,1,1,2023-03-10,2023-03-10,0,1.65,1.65,1,0
283_1535,20.9542,73.5933,1,1,2023-02-19,2023-02-19,0,5.68,5.68,1,0
283_1561,20.95523,73.68568,1,1,2023-03-09,2023-03-09,0,6.73,6.73,1,0
283_1568,20.95448,73.71381,1,1,2023-04-15,2023-04-15,0,7.21,7.21,1,0
283_1591,20.95372,73.79671,1,1,2023-05-17,2023-05-17,0,7.69,7.69,1,0
283_636,20.95338,70.31663,1,1,2023-03-03,2023-03-03,0,14.65,14.65,1,0
283_639,20.95515,70.32992,1,1,2023-03-03,2023-03-03,0,24.58,24.58,1,0
283_691,20.95479,70.51849,1,1,2023-02-19,2023-02-19,0,4.66,4.66,1,0
283_928,20.95518,71.38255,1,1,2023-04-21,2023-04-21,0,4.24,4.24,1,0
284_1499,20.95893,73.46066,1,1,2023-02-22,2023-02-22,0,9.56,9.56,1,0
284_1519,20.95766,73.53415,1,1,2023-03-09,2023-03-09,0,4.01,4.01,1,0
284_1561,20.95957,73.68842,1,1,2023-04-15,2023-04-15,0,4.82,4.82,1,0
284_638,20.959595,70.32586,2,2,2023-02-26,2023-03-04,6,3.875,4.11,2,0
285_1347,20.96087,72.9082,1,1,2023-05-07,2023-05-07,0,1.41,1.41,1,0
285_1400,20.96338,73.10172,1,1,2023-02-24,2023-02-24,0,1.76,1.76,1,0
285_1514,20.962195,73.516445,2,2,2023-04-06,2023-05-11,35,3.175,4.75,2,0
285_1520,20.96026,73.53753,1,1,2023-03-11,2023-03-11,0,15.16,15.16,1,0
285_1563,20.96021,73.69373,1,1,2023-04-15,2023-04-15,0,4.82,4.82,1,0
285_1564,20.96088,73.69933,1,1,2023-04-15,2023-04-15,0,4.86,4.86,1,0
285_1578,20.96278,73.75101,1,1,2023-05-02,2023-05-02,0,7.15,7.15,1,0
285_1640,20.96021,73.97555,1,1,2023-04-06,2023-04-06,0,9.48,9.48,1,0
285_681,20.9608,70.48133,1,1,2023-02-20,2023-02-20,0,20.37,20.37,1,0
285_708,20.96339,70.58082,1,1,2023-06-02,2023-06-02,0,7.58,7.58,1,0
285_712,20.96155,70.59399,1,1,2023-03-08,2023-03-08,0,1.08,1.08,1,0
285_770,20.96341,70.80708,1,1,2023-02-25,2023-02-25,0,6.61,6.61,1,0
286_1335,20.96647,72.86255,1,1,2023-05-02,2023-05-02,0,4.84,4.84,1,0
286_1345,20.9663,72.89934,1,1,2023-06-11,2023-06-11,0,3.08,3.08,1,0
286_1537,20.96348,73.59993,1,1,2023-04-21,2023-04-21,0,3.51,3.51,1,0
286_1561,20.96396,73.68847,1,1,2023-04-15,2023-04-15,0,2.43,2.43,0,1
286_1563,20.96424,73.69336,1,1,2023-04-15,2023-04-15,0,4.82,4.82,1,0
286_1759,20.96369,74.40685,1,1,2023-10-19,2023-10-19,0,4.9,4.9,1,0
286_638,20.96484,70.32579,1,1,2023-02-25,2023-02-25,0,14.41,14.41,1,0
287_1336,20.96704,72.86624,1,1,2023-05-02,2023-05-02,0,4.84,4.84,1,0
287_1491,20.967950000000002,73.43189000000001,2,1,2023-05-30,2023-05-30,0,8.68,9.02,2,0
287_1520,20.96909,73.53661,1,1,2023-03-09,2023-03-09,0,10.32,10.32,1,0
287_1613,20.96915,73.87652,1,1,2023-06-02,2023-06-02,0,5.3,5.3,1,0
287_1776,20.96789,74.46973,1,1,2023-03-29,2023-03-29,0,4.14,4.14,1,0
287_629,20.96756,70.29224,1,1,2023-03-11,2023-03-11,0,2.19,2.19,1,0
287_631,20.96969,70.30062,1,1,2023-03-03,2023-03-03,0,11.94,11.94,1,0
287_634,20.96837,70.31003,1,1,2023-11-24,2023-11-24,0,2.44,2.44,1,0
287_674,20.97012,70.4571,1,1,2023-02-21,2023-02-21,0,3.54,3.54,1,0
287_760,20.968,70.76826,1,1,2023-04-04,2023-04-04,0,2.76,2.76,1,0
287_817,20.96758,70.97727,1,1,2023-05-29,2023-05-29,0,7.52,7.52,1,0
288_1493,20.97103,73.43931,1,1,2023-06-08,2023-06-08,0,6.91,6.91,1,0
288_1496,20.97218,73.44978,1,1,2023-03-13,2023-03-13,0,3.37,3.37,1,0
288_1519,20.97194,73.53496,1,1,2023-03-09,2023-03-09,0,2.08,2.08,0,1
288_1573,20.97115,73.72995,1,1,2023-05-25,2023-05-25,0,3.31,3.31,1,0
288_1578,20.97336,73.75091,1,1,2023-05-22,2023-05-22,0,4.73,4.73,1,0
288_1715,20.97177,74.24778,1,1,2023-03-12,2023-03-12,0,3.3,3.3,1,0
288_1748,20.97222,74.36768,1,1,2023-01-03,2023-01-03,0,4.86,4.86,1,0
288_1749,20.97255,74.37094,1,1,2023-01-03,2023-01-03,0,7.89,7.89,1,0
288_1776,20.97235,74.46893,1,1,2023-03-29,2023-03-29,0,5.17,5.17,1,0
288_675,20.97148,70.46202,1,1,2023-02-25,2023-02-25,0,8.34,8.34,1,0
289_1487,20.97593,73.41782,1,1,2023-03-26,2023-03-26,0,6.21,6.21,1,0
289_1496,20.97466,73.4515,1,1,2023-03-13,2023-03-13,0,4.46,4.46,1,0
289_1509,20.97608,73.49633,1,1,2023-04-26,2023-04-26,0,4.27,4.27,1,0
289_1518,20.97545,73.53244,1,1,2023-03-10,2023-03-10,0,0.92,0.92,0,1
289_1676,20.9737,74.10721,1,1,2023-03-03,2023-03-03,0,6.19,6.19,1,0
289_1746,20.97385,74.361,1,1,2023-01-22,2023-01-22,0,3.41,3.41,1,0
289_622,20.97638,70.26804,1,1,2023-03-03,2023-03-03,0,3.74,3.74,1,0
289_713,20.97688,70.59773,1,1,2023-02-24,2023-02-24,0,5.53,5.53,1,0
28_1388,20.09557,73.05663,1,1,2023-02-20,2023-02-20,0,5.91,5.91,1,0
28_1389,20.09666,73.06135,1,1,2023-04-20,2023-04-20,0,1.0,1.0,0,1
28_1515,20.09505,73.52074,1,1,2023-04-10,2023-04-10,0,4.55,4.55,1,0
290_1525,20.97771,73.55639,1,1,2023-03-29,2023-03-29,0,2.95,2.95,1,0
290_1603,20.97899,73.83915,1,1,2023-05-22,2023-05-22,0,6.97,6.97,1,0
290_1700,20.9772,74.19442,1,1,2023-01-20,2023-01-20,0,6.11,6.11,1,0
290_621,20.97912,70.264265,2,1,2023-02-23,2023-02-23,0,3.8449999999999998,4.08,2,0
290_622,20.98009,70.26691,1,1,2023-02-23,2023-02-23,0,5.11,5.11,1,0
290_625,20.97877,70.27818,1,1,2023-03-16,2023-03-16,0,7.67,7.67,1,0
290_629,20.9787,70.29306,1,1,2023-03-08,2023-03-08,0,7.37,7.37,1,0
290_699,20.97944,70.54675,1,1,2023-04-12,2023-04-12,0,2.72,2.72,1,0
290_907,20.97868,71.30470500000001,2,2,2023-03-20,2023-04-10,21,2.465,2.99,2,0
291_1304,20.98068,72.75187,1,1,2023-05-05,2023-05-05,0,5.01,5.01,1,0
291_1509,20.98176,73.49739,1,1,2023-02-28,2023-02-28,0,0.7,0.7,0,1
291_1513,20.98163,73.51347,1,1,2023-02-27,2023-02-27,0,3.8,3.8,1,0
291_1600,20.9819,73.83057,1,1,2023-05-27,2023-05-27,0,3.7,3.7,1,0
291_1601,20.98221,73.83334,1,1,2023-05-25,2023-05-25,0,7.16,7.16,1,0
291_1604,20.98353,73.843,1,1,2023-04-21,2023-04-21,0,10.26,10.26,1,0
291_683,20.98113,70.48937,1,1,2023-03-01,2023-03-01,0,7.73,7.73,1,0
291_684,20.98333,70.49258,1,1,2023-03-01,2023-03-01,0,11.96,11.96,1,0
291_685,20.98159,70.49523,1,1,2023-03-01,2023-03-01,0,8.89,8.89,1,0
292_1306,20.98636,72.7577,1,1,2023-03-20,2023-03-20,0,2.46,2.46,1,0
292_1342,20.98414,72.89096,1,1,2023-04-05,2023-04-05,0,1.8,1.8,1,0
292_1497,20.9837,73.45395,1,1,2023-03-11,2023-03-11,0,5.88,5.88,1,0
292_1498,20.98669,73.45713,1,1,2023-03-17,2023-03-17,0,5.59,5.59,1,0
292_1530,20.98386,73.57329,1,1,2023-05-28,2023-05-28,0,3.27,3.27,1,0
292_1569,20.98673,73.71494,1,1,2023-05-23,2023-05-23,0,3.56,3.56,1,0
292_1584,20.98626,73.77148,1,1,2023-05-20,2023-05-20,0,4.11,4.11,1,0
292_1585,20.98525,73.7742,1,1,2023-05-15,2023-05-15,0,2.0,2.0,1,0
292_620,20.98511,70.25954,1,1,2023-02-26,2023-02-26,0,57.46,57.46,1,0
292_632,20.98462,70.30521,1,1,2023-02-25,2023-02-25,0,6.96,6.96,1,0
292_703,20.98587,70.5622,1,1,2023-05-29,2023-05-29,0,47.78,47.78,1,0
292_725,20.9861,70.64302,1,1,2023-03-04,2023-03-04,0,2.1,2.1,1,0
293_1306,20.98993,72.75769,1,1,2023-06-01,2023-06-01,0,2.21,2.21,1,0
293_1307,20.98894,72.76186000000001,2,2,2023-02-13,2023-06-01,108,4.82,7.43,2,0
293_1308,20.98841,72.76644,1,1,2023-02-13,2023-02-13,0,7.43,7.43,1,0
293_1309,20.9892,72.77006,1,1,2023-02-13,2023-02-13,0,5.77,5.77,1,0
293_1310,20.98999,72.77368,1,1,2023-02-13,2023-02-13,0,5.77,5.77,1,0
293_1349,20.98724,72.91509,1,1,2023-12-08,2023-12-08,0,0.37,0.37,0,1
293_1371,20.99035,72.99616,1,1,2023-04-23,2023-04-23,0,4.08,4.08,1,0
293_1418,20.98943,73.16776,1,1,2023-05-28,2023-05-28,0,3.3,3.3,1,0
293_1499,20.98741,73.4605,1,1,2023-03-17,2023-03-17,0,10.54,10.54,1,0
293_1584,20.98759,73.77106,1,1,2023-05-15,2023-05-15,0,3.19,3.19,1,0
293_1698,20.98935,74.186115,2,1,2023-06-22,2023-06-22,0,2.19,2.5,2,0
293_619,20.98795,70.2551,1,1,2023-02-26,2023-02-26,0,41.62,41.62,1,0
293_624,20.98753,70.27361,1,1,2023-03-14,2023-03-14,0,2.47,2.47,1,0
293_645,20.98875,70.35002,1,1,2023-02-20,2023-02-20,0,4.55,4.55,1,0
293_672,20.98987,70.44856,1,1,2023-10-24,2023-10-24,0,2.26,2.26,1,0
293_675,20.98988,70.46107,1,1,2023-02-27,2023-02-27,0,8.5,8.5,1,0
293_703,20.988605,70.562705,2,1,2023-05-29,2023-05-29,0,31.93,52.43,2,0
293_727,20.98814,70.65109,1,1,2023-03-27,2023-03-27,0,1.9,1.9,1,0
294_1308,20.99375,72.76515,1,1,2023-02-13,2023-02-13,0,7.43,7.43,1,0
294_1311,20.99079,72.77729,1,1,2023-02-13,2023-02-13,0,4.99,4.99,1,0
294_1562,20.99188,73.69232,1,1,2023-04-06,2023-04-06,0,1.97,1.97,1,0
294_1574,20.99095,73.73296,1,1,2023-05-17,2023-05-17,0,11.3,11.3,1,0
294_1665,20.99368,74.06544,1,1,2023-05-24,2023-05-24,0,10.05,10.05,1,0
294_1740,20.9928,74.33859,1,1,2023-10-30,2023-10-30,0,2.03,2.03,1,0
294_627,20.99163,70.28734,1,1,2023-03-19,2023-03-19,0,3.72,3.72,1,0
294_693,20.99156,70.52634,1,1,2023-02-26,2023-02-26,0,4.3,4.3,1,0
295_1305,20.99638,72.7558,1,1,2023-04-16,2023-04-16,0,5.52,5.52,1,0
295_1307,20.99527,72.76263,1,1,2023-05-02,2023-05-02,0,9.28,9.28,1,0
295_1308,20.995005,72.767315,2,2,2023-02-14,2023-03-27,41,6.425000000000001,7.07,2,0
295_1309,20.99454,72.76878,1,1,2023-02-13,2023-02-13,0,5.77,5.77,1,0
295_1313,20.99671,72.7832,1,1,2023-02-12,2023-02-12,0,6.7,6.7,1,0
295_1494,20.99622,73.44358,1,1,2023-03-09,2023-03-09,0,0.5,0.5,0,1
295_1636,20.9968,73.96227,1,1,2023-05-14,2023-05-14,0,5.79,5.79,1,0
295_1744,20.99612,74.3531,1,1,2023-11-07,2023-11-07,0,1.17,1.17,1,0
295_620,20.99459,70.25987,1,1,2023-02-24,2023-02-24,0,4.8,4.8,1,0
295_621,20.99681,70.26323,1,1,2023-04-11,2023-04-11,0,6.09,6.09,1,0
295_627,20.99525,70.28679,1,1,2023-03-19,2023-03-19,0,3.72,3.72,1,0
295_688,20.99444,70.50594,1,1,2023-02-21,2023-02-21,0,1.45,1.45,1,0
295_756,20.99406,70.75449,1,1,2023-01-04,2023-01-04,0,2.47,2.47,1,0
295_778,20.99585,70.83542,1,1,2023-05-24,2023-05-24,0,3.39,3.39,1,0
296_1301,20.998435,72.74074,2,2,2023-02-23,2023-03-26,31,3.34,4.25,2,0
296_1309,20.99715,72.76823,1,1,2023-03-23,2023-03-23,0,6.94,6.94,1,0
296_1328,20.9999,72.83895,1,1,2023-03-29,2023-03-29,0,2.45,2.45,1,0
296_622,20.99865,70.26807,1,1,2023-03-12,2023-03-12,0,4.05,4.05,1,0
296_636,21.00032,70.3185,1,1,2023-02-24,2023-02-24,0,7.53,7.53,1,0
296_664,20.99752,70.42033,1,1,2023-02-27,2023-02-27,0,6.06,6.06,1,0
296_723,20.99828,70.63347,1,1,2023-03-09,2023-03-09,0,5.3,5.3,1,0
296_837,20.99776,71.05198,1,1,2023-04-05,2023-04-05,0,8.17,8.17,1,0
296_846,20.99987,71.08344,1,1,2023-05-27,2023-05-27,0,2.48,2.48,1,0
296_868,20.99875,71.16233,1,1,2023-04-21,2023-04-21,0,11.48,11.48,1,0
297_1307,21.00257,72.76235,1,1,2023-02-20,2023-02-20,0,8.23,8.23,1,0
297_1308,21.00156,72.76669,1,1,2023-02-14,2023-02-14,0,5.78,5.78,1,0
297_1313,21.00068,72.78238,1,1,2023-02-12,2023-02-12,0,2.08,2.08,1,0
297_1510,21.00278,73.50182,1,1,2023-03-10,2023-03-10,0,4.63,4.63,1,0
297_1511,21.00339,73.50562,1,1,2023-03-10,2023-03-10,0,4.63,4.63,1,0
297_1522,21.0032,73.54472,1,1,2023-04-11,2023-04-11,0,2.52,2.52,1,0
297_1558,21.00285,73.67618,1,1,2023-04-15,2023-04-15,0,7.18,7.18,1,0
297_1559,21.00349,73.68134,1,1,2023-04-15,2023-04-15,0,6.41,6.41,1,0
297_1564,21.00215,73.69942,1,1,2023-04-01,2023-04-01,0,5.67,5.67,1,0
297_1568,21.00343,73.71447,1,1,2023-04-25,2023-04-25,0,35.34,35.34,1,0
297_1569,21.00255,73.71695,1,1,2023-04-25,2023-04-25,0,19.26,19.26,1,0
297_1713,21.00109,74.24172,1,1,2023-01-14,2023-01-14,0,2.67,2.67,1,0
297_1748,21.00331,74.36784,1,1,2023-03-26,2023-03-26,0,0.61,0.61,0,1
297_619,21.00132,70.25801,1,1,2023-02-24,2023-02-24,0,4.8,4.8,1,0
297_633,21.00282,70.3057,1,1,2023-02-24,2023-02-24,0,3.03,3.03,1,0
297_640,21.00249,70.33363,1,1,2023-03-02,2023-03-02,0,3.15,3.15,1,0
298_1301,21.00517,72.73878,1,1,2023-03-09,2023-03-09,0,17.34,17.34,1,0
298_1323,21.006115,72.820425,2,2,2023-05-18,2023-05-20,2,5.02,5.14,2,0
298_1523,21.00715,73.54786,1,1,2023-04-11,2023-04-11,0,2.52,2.52,1,0
298_1538,21.00713,73.60445,1,1,2023-02-06,2023-02-06,0,3.94,3.94,1,0
298_1615,21.00683,73.88343,1,1,2023-02-18,2023-02-18,0,6.55,6.55,1,0
298_1616,21.00456,73.88769,1,1,2023-02-17,2023-02-17,0,0.96,0.96,0,1
298_1747,21.0039,74.36417,1,1,2023-03-26,2023-03-26,0,0.61,0.61,0,1
298_632,21.00502,70.30433,1,1,2023-02-24,2023-02-24,0,3.73,3.73,1,0
298_636,21.005119999999998,70.318365,2,2,2023-02-19,2023-02-24,5,4.49,4.52,2,0
298_640,21.00413,70.33425,1,1,2023-03-02,2023-03-02,0,6.78,6.78,1,0
298_655,21.00698,70.3857,1,1,2023-03-03,2023-03-03,0,5.47,5.47,1,0
298_676,21.0046,70.46453,1,1,2023-02-19,2023-02-19,0,2.57,2.57,1,0
299_1330,21.01,72.84705,1,1,2023-03-13,2023-03-13,0,4.14,4.14,1,0
299_1357,21.01014,72.94334,1,1,2023-03-20,2023-03-20,0,2.52,2.52,1,0
299_1533,21.00901,73.58535,1,1,2023-03-14,2023-03-14,0,2.13,2.13,1,0
299_1550,21.00729,73.64748,1,1,2023-03-11,2023-03-11,0,2.94,2.94,1,0
299_1559,21.00851,73.67867,1,1,2023-05-12,2023-05-12,0,6.29,6.29,1,0
299_1564,21.00738,73.69962,1,1,2023-04-11,2023-04-11,0,2.11,2.11,1,0
299_1616,21.0073,73.8865,1,1,2023-02-18,2023-02-18,0,6.53,6.53,1,0
299_622,21.01048,70.267,1,1,2023-03-05,2023-03-05,0,2.62,2.62,1,0
299_635,21.00954,70.31418,1,1,2023-02-24,2023-02-24,0,4.81,4.81,1,0
299_636,21.00892,70.31985,1,1,2023-02-19,2023-02-19,0,4.15,4.15,1,0
299_653,21.01001,70.38068,1,1,2023-03-03,2023-03-03,0,38.49,38.49,1,0
299_939,21.00974,71.42116,1,1,2023-03-09,2023-03-09,0,4.66,4.66,1,0
2_1454,20.00798,73.29605,1,1,2023-03-27,2023-03-27,0,1.43,1.43,1,0
2_1456,20.00855,73.30566,1,1,2023-04-05,2023-04-05,0,7.29,7.29,1,0
2_1509,20.00734,73.49652,1,1,2023-02-13,2023-02-13,0,3.03,3.03,0,1
2_1513,20.00871,73.51406,1,1,2023-05-30,2023-05-30,0,9.07,9.07,1,0
2_1560,20.00947,73.68393,1,1,2023-05-13,2023-05-13,0,6.96,6.96,1,0
2_1631,20.00927,73.94167,1,1,2023-04-15,2023-04-15,0,3.55,3.55,1,0
2_1685,20.00863,74.1399,1,1,2023-12-08,2023-12-08,0,3.66,3.66,1,0
300_1310,21.01265,72.77139,1,1,2023-02-19,2023-02-19,0,4.73,4.73,1,0
300_1314,21.01322,72.78899,1,1,2023-11-23,2023-11-23,0,1.74,1.74,1,0
300_1501,21.01337,73.46937,1,1,2023-03-04,2023-03-04,0,3.5,3.5,1,0
300_1567,21.01182,73.70906,2,2,2023-04-01,2023-04-26,25,6.395,8.29,2,0
300_1568,21.01155,73.71271,1,1,2023-04-26,2023-04-26,0,5.44,5.44,1,0
300_1587,21.0117,73.78132,1,1,2023-04-15,2023-04-15,0,5.24,5.24,1,0
300_1588,21.01215,73.78503,1,1,2023-04-15,2023-04-15,0,7.15,7.15,1,0
300_1619,21.01064,73.89987,1,1,2023-03-14,2023-03-14,0,1.45,1.45,1,0
300_745,21.01259,70.71384,1,1,2023-12-26,2023-12-26,0,2.32,2.32,1,0
300_938,21.01071,71.41983,1,1,2023-05-11,2023-05-11,0,7.2,7.2,1,0
300_993,21.0124,71.61972,1,1,2023-04-10,2023-04-10,0,7.6,7.6,1,0
301_1309,21.0159,72.77096,1,1,2023-04-07,2023-04-07,0,10.54,10.54,1,0
301_1383,21.01594,73.03775,1,1,2023-11-24,2023-11-24,0,2.47,2.47,1,0
301_1613,21.01706,73.87809,1,1,2023-02-23,2023-02-23,0,0.59,0.59,0,1
301_1614,21.01652,73.87879000000001,2,2,2023-01-10,2023-02-23,44,1.6800000000000002,2.72,1,1
301_1621,21.01589,73.90601,1,1,2023-02-17,2023-02-17,0,0.55,0.55,0,1
301_1624,21.01424,73.91642,1,1,2023-03-27,2023-03-27,0,1.37,1.37,1,0
301_1709,21.01662,74.22793,1,1,2023-01-26,2023-01-26,0,4.51,4.51,1,0
301_638,21.01666,70.3272,1,1,2023-02-24,2023-02-24,0,3.24,3.24,1,0
301_960,21.01597,71.49849,2,1,2023-04-19,2023-04-19,0,1.825,2.27,2,0
302_1309,21.01749,72.76809,1,1,2023-04-07,2023-04-07,0,18.22,18.22,1,0
302_1314,21.01744,72.78871,1,1,2023-11-23,2023-11-23,0,4.54,4.54,1,0
302_1382,21.02014,73.03547,1,1,2023-11-24,2023-11-24,0,2.71,2.71,1,0
302_1388,21.01735,73.05714,1,1,2023-05-13,2023-05-13,0,4.09,4.09,1,0
302_1587,21.02066,73.78201,1,1,2023-05-23,2023-05-23,0,3.34,3.34,1,0
302_1609,21.01804,73.86334,1,1,2023-02-20,2023-02-20,0,1.28,1.28,0,1
302_1615,21.01943,73.88577,1,1,2023-02-18,2023-02-18,0,1.36,1.36,0,1
302_1619,21.01992,73.89917,1,1,2023-02-16,2023-02-16,0,0.92,0.92,0,1
302_1620,21.0192,73.90328,1,1,2023-02-16,2023-02-16,0,0.92,0.92,0,1
302_1709,21.01996,74.22737,1,1,2023-01-26,2023-01-26,0,4.51,4.51,1,0
302_1772,21.01788,74.45602,1,1,2023-01-20,2023-01-20,0,2.72,2.72,1,0
302_630,21.01901,70.29626,1,1,2023-02-25,2023-02-25,0,9.69,9.69,1,0
302_631,21.019669999999998,70.29953,2,1,2023-02-25,2023-02-25,0,12.965,16.24,2,0
302_639,21.01943,70.33032,1,1,2023-02-24,2023-02-24,0,5.08,5.08,1,0
302_761,21.0189,70.77419,1,1,2023-02-05,2023-02-05,0,6.79,6.79,1,0
303_1324,21.023,72.82469,1,1,2023-03-05,2023-03-05,0,3.17,3.17,1,0
303_1379,21.02172,73.02357,1,1,2023-03-27,2023-03-27,0,2.12,2.12,1,0
303_1392,21.02279,73.07355,1,1,2023-11-23,2023-11-23,0,0.56,0.56,0,1
303_1456,21.02321,73.30664,1,1,2023-12-10,2023-12-10,0,1.81,1.81,1,0
303_1538,21.02119,73.60397,1,1,2023-05-29,2023-05-29,0,1.31,1.31,0,1
303_1590,21.02233,73.79385,1,1,2023-05-23,2023-05-23,0,5.36,5.36,1,0
303_1609,21.0236,73.8621,1,1,2023-02-20,2023-02-20,0,0.73,0.73,0,1
303_1619,21.02342,73.89986,1,1,2023-02-16,2023-02-16,0,0.92,0.92,0,1
303_1620,21.02271,73.90392,1,1,2023-02-16,2023-02-16,0,0.92,0.92,0,1
303_1705,21.02392,74.21291,1,1,2023-02-25,2023-02-25,0,0.41,0.41,0,1
303_660,21.02298,70.40499,1,1,2023-03-27,2023-03-27,0,1.38,1.38,1,0
303_672,21.02098,70.45109,1,1,2023-03-19,2023-03-19,0,1.01,1.01,0,1
303_744,21.02159,70.71256,1,1,2023-12-26,2023-12-26,0,7.33,7.33,1,0
304_1330,21.02637,72.84518,1,1,2023-04-14,2023-04-14,0,2.19,2.19,1,0
304_1332,21.02691,72.85426,1,1,2023-01-31,2023-01-31,0,3.77,3.77,1,0
304_1335,21.02691,72.8649,1,1,2023-05-20,2023-05-20,0,2.49,2.49,1,0
304_1344,21.02428,72.89822,1,1,2023-03-25,2023-03-25,0,2.39,2.39,1,0
304_1352,21.02446,72.92537,1,1,2023-11-15,2023-11-15,0,0.33,0.33,0,1
304_1398,21.02637,73.09502,1,1,2023-12-28,2023-12-28,0,0.93,0.93,0,1
304_1418,21.02562,73.16708,1,1,2023-06-08,2023-06-08,0,1.59,1.59,1,0
304_1563,21.02586,73.69457,1,1,2023-05-11,2023-05-11,0,12.51,12.51,1,0
304_1587,21.02409,73.78145,1,1,2023-05-23,2023-05-23,0,3.34,3.34,1,0
304_1590,21.02731,73.792,1,1,2023-05-15,2023-05-15,0,1.52,1.52,1,0
304_1599,21.0256,73.82702,1,1,2023-04-06,2023-04-06,0,4.0,4.0,1,0
304_1615,21.02452,73.88249,1,1,2023-02-20,2023-02-20,0,0.93,0.93,0,1
304_1621,21.02486,73.90667,1,1,2023-02-17,2023-02-17,0,5.87,5.87,1,0
304_1705,21.02619,74.21127,1,1,2023-02-25,2023-02-25,0,0.58,0.58,0,1
304_635,21.02412,70.31618,1,1,2023-02-24,2023-02-24,0,2.62,2.62,1,0
304_657,21.02537,70.39449,1,1,2023-02-24,2023-02-24,0,5.48,5.48,1,0
304_719,21.02471,70.61943,1,1,2023-11-25,2023-11-25,0,1.76,1.76,1,0
304_769,21.02479,70.8041,1,1,2023-02-21,2023-02-21,0,1.18,1.18,0,1
304_936,21.02567,71.41003,1,1,2023-04-03,2023-04-03,0,2.56,2.56,1,0
305_1425,21.03028,73.19251,1,1,2023-02-11,2023-02-11,0,1.91,1.91,1,0
305_1485,21.02934,73.41022,1,1,2023-06-08,2023-06-08,0,4.6,4.6,1,0
305_1589,21.03047,73.78819,1,1,2023-05-30,2023-05-30,0,4.29,4.29,1,0
305_1617,21.02851,73.89166,1,1,2023-02-17,2023-02-17,0,0.8,0.8,0,1
305_1620,21.03043,73.90125,1,1,2023-02-16,2023-02-16,0,1.45,1.45,0,1
305_657,21.02853,70.39541,1,1,2023-02-24,2023-02-24,0,5.51,5.51,1,0
305_769,21.02876,70.80096,1,1,2023-02-21,2023-02-21,0,0.96,0.96,0,1
305_770,21.02814,70.80473,1,1,2023-02-21,2023-02-21,0,1.58,1.58,0,1
306_1347,21.03254,72.90756,1,1,2023-03-11,2023-03-11,0,1.55,1.55,0,1
306_1412,21.0322,73.14586,1,1,2023-05-20,2023-05-20,0,2.22,2.22,1,0
306_1446,21.03216,73.26977,1,1,2023-11-20,2023-11-20,0,3.34,3.34,1,0
306_1564,21.03138,73.6998,1,1,2023-05-11,2023-05-11,0,11.11,11.11,1,0
306_1589,21.03179,73.7891,1,1,2023-05-30,2023-05-30,0,4.15,4.15,1,0
306_1622,21.03298,73.90891,1,1,2023-02-17,2023-02-17,0,0.96,0.96,0,1
306_1725,21.03197,74.28527,1,1,2023-11-20,2023-11-20,0,5.77,5.77,1,0
306_770,21.03148,70.80535,1,1,2023-02-21,2023-02-21,0,1.58,1.58,0,1
307_1348,21.03423,72.9101,1,1,2023-03-11,2023-03-11,0,1.08,1.08,0,1
307_1423,21.03605,73.18507,1,1,2023-02-21,2023-02-21,0,3.24,3.24,1,0
307_1556,21.03541,73.66741,1,1,2023-05-29,2023-05-29,0,0.65,0.65,0,1
307_1564,21.03633,73.69952,1,1,2023-05-11,2023-05-11,0,7.16,7.16,1,0
307_1584,21.03573,73.77058,1,1,2023-05-27,2023-05-27,0,6.25,6.25,1,0
308_1345,21.03845,72.89935,1,1,2023-05-07,2023-05-07,0,1.89,1.89,1,0
308_1474,21.03865,73.37144,1,1,2023-04-20,2023-04-20,0,2.54,2.54,1,0
308_1509,21.03933,73.49956,1,1,2023-03-29,2023-03-29,0,0.82,0.82,1,0
308_1713,21.03867,74.2402,1,1,2023-05-27,2023-05-27,0,1.19,1.19,1,0
308_709,21.039805,70.584785,2,1,2023-02-28,2023-02-28,0,3.385,3.5,2,0
309_1353,21.04234,72.92918,1,1,2023-05-25,2023-05-25,0,7.18,7.18,1,0
309_1388,21.04321,73.05802,1,1,2023-11-04,2023-11-04,0,1.77,1.77,1,0
309_1577,21.04405,73.74522,1,1,2023-06-02,2023-06-02,0,4.82,4.82,1,0
309_1583,21.04141,73.76763,1,1,2023-05-27,2023-05-27,0,3.38,3.38,1,0
309_1597,21.04185,73.81831,1,1,2023-04-24,2023-04-24,0,2.44,2.44,1,0
309_1729,21.04383,74.29869,1,1,2023-02-17,2023-02-17,0,7.59,7.59,1,0
309_1730,21.04106,74.30323,1,1,2023-02-17,2023-02-17,0,6.15,6.15,1,0
309_741,21.04269,70.69895,1,1,2023-02-10,2023-02-10,0,15.42,15.42,1,0
30_1445,20.10393,73.26633,1,1,2023-03-31,2023-03-31,0,2.56,2.56,1,0
30_1572,20.10351,73.72586,1,1,2023-06-06,2023-06-06,0,2.73,2.73,1,0
30_1573,20.10389,73.73004,1,1,2023-06-06,2023-06-06,0,2.73,2.73,1,0
30_1589,20.10251,73.79079,1,1,2023-06-05,2023-06-05,0,2.68,2.68,1,0
30_1648,20.1034,74.00322,1,1,2023-04-10,2023-04-10,0,4.25,4.25,1,0
310_1339,21.04642,72.87988,1,1,2023-05-04,2023-05-04,0,1.48,1.48,1,0
310_1597,21.04466,73.81992,1,1,2023-04-24,2023-04-24,0,6.14,6.14,1,0
310_1728,21.046395,74.294525,2,2,2023-02-17,2023-10-31,256,6.35,8.06,2,0
310_1729,21.04727,74.2981,1,1,2023-02-17,2023-02-17,0,8.06,8.06,1,0
310_1730,21.04449,74.30266,1,1,2023-02-17,2023-02-17,0,6.15,6.15,1,0
310_1732,21.04581,74.31059,1,1,2023-02-17,2023-02-17,0,6.21,6.21,1,0
310_1763,21.04574,74.42445,1,1,2023-03-05,2023-03-05,0,1.55,1.55,1,0
310_615,21.04608,70.24297,1,1,2023-03-06,2023-03-06,0,15.73,15.73,1,0
310_617,21.04706,70.24951999999999,2,2,2023-03-02,2023-03-06,4,10.06,15.73,2,0
310_646,21.04595,70.35516,1,1,2023-04-03,2023-04-03,0,4.61,4.61,1,0
310_648,21.04657,70.36088,1,1,2023-04-03,2023-04-03,0,9.62,9.62,1,0
310_719,21.04613,70.62087,1,1,2023-01-18,2023-01-18,0,1.59,1.59,1,0
310_739,21.04558,70.6944,1,1,2023-02-10,2023-02-10,0,8.37,8.37,1,0
310_740,21.04614,70.6984,1,1,2023-02-10,2023-02-10,0,15.42,15.42,1,0
310_741,21.04669,70.7024,1,1,2023-02-10,2023-02-10,0,15.42,15.42,1,0
310_831,21.04685,71.02739,1,1,2023-01-21,2023-01-21,0,3.83,3.83,1,0
310_937,21.04456,71.41581,1,1,2023-04-21,2023-04-21,0,9.59,9.59,1,0
311_1338,21.05047,72.87547,1,1,2023-06-08,2023-06-08,0,3.24,3.24,1,0
311_1341,21.05047,72.88685,1,1,2023-05-31,2023-05-31,0,7.85,7.85,1,0
311_1343,21.04869,72.894,1,1,2023-02-07,2023-02-07,0,1.11,1.11,1,0
311_1367,21.04911,72.9803,1,1,2023-01-04,2023-01-04,0,2.9,2.9,1,0
311_1368,21.05037,72.98362,1,1,2023-01-04,2023-01-04,0,3.93,3.93,1,0
311_1573,21.04767,73.73158,1,1,2023-04-16,2023-04-16,0,0.62,0.62,0,1
311_1597,21.04848,73.81711,1,1,2023-04-24,2023-04-24,0,4.05,4.05,1,0
311_1730,21.04792,74.30206,1,1,2023-02-17,2023-02-17,0,11.22,11.22,1,0
311_1731,21.04858,74.30601,1,1,2023-02-17,2023-02-17,0,11.22,11.22,1,0
311_1732,21.04923,74.30997,1,1,2023-02-17,2023-02-17,0,9.24,9.24,1,0
311_615,21.0496,70.24363,1,1,2023-03-06,2023-03-06,0,19.82,19.82,1,0
311_647,21.04889,70.35835,1,1,2023-04-03,2023-04-03,0,11.27,11.27,1,0
311_796,21.05095,70.90287,1,1,2023-02-28,2023-02-28,0,5.21,5.21,0,1
311_798,21.05041,70.90736,1,1,2023-02-28,2023-02-28,0,1.25,1.25,0,1
311_829,21.04974,71.02216,1,1,2023-01-21,2023-01-21,0,3.83,3.83,1,0
311_937,21.04787,71.41523,1,1,2023-04-21,2023-04-21,0,7.13,7.13,1,0
312_1338,21.05382,72.87492,1,1,2023-06-08,2023-06-08,0,3.24,3.24,1,0
312_1339,21.05437,72.87869,1,1,2023-06-08,2023-06-08,0,3.24,3.24,1,0
312_1341,21.05133,72.88673,1,1,2023-05-31,2023-05-31,0,10.1,10.1,1,0
312_1350,21.05114,72.91933,1,1,2023-05-22,2023-05-22,0,2.27,2.27,1,0
312_1595,21.0531,73.81017,1,1,2023-04-25,2023-04-25,0,5.41,5.41,1,0
312_1676,21.05333,74.10698,1,1,2023-05-29,2023-05-29,0,6.74,6.74,1,0
312_1728,21.05412,74.29684,1,1,2023-02-17,2023-02-17,0,8.83,8.83,1,0
312_1730,21.05135,74.30143,1,1,2023-02-17,2023-02-17,0,11.22,11.22,1,0
312_1731,21.052,74.30538,1,1,2023-02-17,2023-02-17,0,11.22,11.22,1,0
312_602,21.05338,70.19381,1,1,2023-03-19,2023-03-19,0,7.48,7.48,1,0
312_633,21.051445,70.30715000000001,2,1,2023-02-17,2023-02-17,0,6.885,7.74,2,0
312_645,21.05431,70.35086,1,1,2023-03-04,2023-03-04,0,1.87,1.87,1,0
313_1331,21.05624,72.8484,1,1,2023-05-25,2023-05-25,0,6.86,6.86,1,0
313_1333,21.05728,72.85771,1,1,2023-03-27,2023-03-27,0,3.0,3.0,1,0
313_1357,21.05523,72.94598,1,1,2023-03-03,2023-03-03,0,1.43,1.43,1,0
313_1593,21.05639,73.80388,1,1,2023-03-12,2023-03-12,0,2.1,2.1,1,0
313_1728,21.05755,74.29623,1,1,2023-02-17,2023-02-17,0,8.83,8.83,1,0
313_1753,21.05482,74.38629,1,1,2023-02-17,2023-02-17,0,7.65,7.65,1,0
313_646,21.05565,70.355,1,1,2023-03-13,2023-03-13,0,1.2,1.2,1,0
313_795,21.05589,70.89891,1,1,2023-02-28,2023-02-28,0,0.45,0.45,0,1
313_907,21.05571,71.3036,1,1,2023-03-02,2023-03-02,0,2.5,2.5,1,0
314_1328,21.05899,72.8381,1,1,2023-04-22,2023-04-22,0,4.09,4.09,1,0
314_1330,21.05873,72.84556,1,1,2023-05-25,2023-05-25,0,3.67,3.67,1,0
314_1349,21.05866,72.91534,1,1,2023-04-11,2023-04-11,0,3.87,3.87,1,0
314_1377,21.05874,73.01839,1,1,2023-11-20,2023-11-20,0,13.8,13.8,1,0
314_1481,21.05949,73.39538,1,1,2023-01-20,2023-01-20,0,2.62,2.62,1,0
314_1568,21.05944,73.7131,1,1,2023-04-04,2023-04-04,0,6.75,6.75,1,0
314_1575,21.06035,73.73787,1,1,2023-05-11,2023-05-11,0,10.44,10.44,1,0
314_1588,21.06022,73.78741,1,1,2023-03-27,2023-03-27,0,2.9,2.9,1,0
314_1591,21.05993,73.79565,1,1,2023-06-03,2023-06-03,0,4.99,4.99,1,0
314_1594,21.05803,73.80916,1,1,2023-04-25,2023-04-25,0,5.41,5.41,1,0
314_1604,21.05914,73.84341,1,1,2023-03-05,2023-03-05,0,0.31,0.31,0,1
314_1630,21.06027,73.93936,1,1,2023-05-13,2023-05-13,0,2.18,2.18,0,1
314_1726,21.05923,74.28851,1,1,2023-10-31,2023-10-31,0,3.98,3.98,1,0
314_1731,21.05878,74.30778,1,1,2023-06-01,2023-06-01,0,5.81,5.81,1,0
314_1753,21.05824,74.38563,1,1,2023-02-17,2023-02-17,0,7.65,7.65,1,0
314_1754,21.05889,74.38956,1,1,2023-02-17,2023-02-17,0,7.0,7.0,1,0
314_599,21.0583,70.18387,1,1,2023-02-27,2023-02-27,0,4.49,4.49,1,0
314_604,21.06071,70.20254,1,1,2023-03-03,2023-03-03,0,2.85,2.85,1,0
314_614,21.05797,70.2394,1,1,2023-03-05,2023-03-05,0,3.57,3.57,1,0
314_615,21.05877,70.24362,1,1,2023-03-05,2023-03-05,0,5.71,5.71,1,0
314_896,21.05967,71.26432,1,1,2023-04-23,2023-04-23,0,1.44,1.44,1,0
315_1391,21.06354,73.06846,1,1,2023-11-08,2023-11-08,0,1.94,1.94,1,0
315_1392,21.06312,73.07092,1,1,2023-11-15,2023-11-15,0,1.75,1.75,1,0
315_1574,21.0614,73.73653,1,1,2023-05-11,2023-05-11,0,11.65,11.65,1,0
315_634,21.064,70.3115,1,1,2023-04-05,2023-04-05,0,3.14,3.14,1,0
316_1327,21.06628,72.83666,1,1,2023-04-22,2023-04-22,0,6.14,6.14,1,0
316_1341,21.06713,72.887,1,1,2023-12-17,2023-12-17,0,3.68,3.68,1,0
316_1346,21.06467,72.90542,1,1,2023-04-14,2023-04-14,0,1.75,1.75,1,0
316_1419,21.06684,73.16923,1,1,2023-02-06,2023-02-06,0,7.37,7.37,1,0
316_1589,21.0658,73.78983,1,1,2023-03-04,2023-03-04,0,2.96,2.96,1,0
316_1614,21.066164999999998,73.87977000000001,2,1,2023-02-06,2023-02-06,0,3.84,3.84,2,0
316_1633,21.06523,73.94865,1,1,2023-05-18,2023-05-18,0,9.96,9.96,1,0
316_635,21.06461,70.3153,1,1,2023-04-05,2023-04-05,0,3.9,3.9,1,0
316_685,21.06684,70.49707,1,1,2023-02-18,2023-02-18,0,10.25,10.25,1,0
316_950,21.06775,71.46287,1,1,2023-05-24,2023-05-24,0,5.81,5.81,1,0
317_1334,21.07022,72.86134,1,1,2023-12-31,2023-12-31,0,5.43,5.43,0,1
317_1335,21.06923,72.86574,1,1,2023-12-31,2023-12-31,0,5.43,5.43,0,1
317_1400,21.07055,73.10143,1,1,2023-02-15,2023-02-15,0,2.22,2.22,1,0
317_1574,21.06979,73.73645,1,1,2023-04-21,2023-04-21,0,6.44,6.44,1,0
317_1589,21.069455,73.789125,2,2,2023-03-04,2023-04-11,38,5.76,6.47,2,0
317_1590,21.06978,73.79321,1,1,2023-03-04,2023-03-04,0,5.05,5.05,1,0
317_1620,21.07113,73.90116,1,1,2023-05-20,2023-05-20,0,6.1,6.1,1,0
317_1753,21.069195,74.38714,2,2,2023-01-16,2023-02-17,32,4.53,6.86,2,0
317_1754,21.06992,74.39057,1,1,2023-01-16,2023-01-16,0,2.2,2.2,1,0
317_594,21.06916,70.16449,1,1,2023-03-13,2023-03-13,0,8.07,8.07,1,0
317_635,21.07061,70.31635,1,1,2023-02-17,2023-02-17,0,3.32,3.32,1,0
317_684,21.06836,70.49443,1,1,2023-02-18,2023-02-18,0,4.76,4.76,1,0
318_1333,21.0744,72.85575,1,1,2023-11-08,2023-11-08,0,2.81,2.81,1,0
318_1369,21.073265,72.98942,2,1,2023-11-14,2023-11-14,0,4.6,4.83,2,0
318_1590,21.07322,73.79273,1,1,2023-03-04,2023-03-04,0,5.05,5.05,1,0
318_1604,21.07258,73.84386,1,1,2023-12-09,2023-12-09,0,3.45,3.45,1,0
318_1753,21.07268,74.38601,1,1,2023-01-16,2023-01-16,0,2.2,2.2,1,0
318_1754,21.0721,74.39055,2,1,2023-11-11,2023-11-11,0,2.39,3.27,2,0
318_591,21.07377,70.15372,1,1,2023-03-11,2023-03-11,0,4.55,4.55,1,0
318_595,21.07158,70.16948,1,1,2023-02-16,2023-02-16,0,1.15,1.15,1,0
318_751,21.07396,70.73864,1,1,2023-12-23,2023-12-23,0,5.33,5.33,1,0
319_1337,21.07498,72.87115,1,1,2023-12-07,2023-12-07,0,2.65,2.65,0,1
319_1573,21.07607,73.73123,1,1,2023-04-21,2023-04-21,0,4.69,4.69,1,0
319_1591,21.07723,73.79621,1,1,2023-03-04,2023-03-04,0,3.64,3.64,1,0
319_1592,21.07779,73.80022,1,1,2023-03-04,2023-03-04,0,3.64,3.64,1,0
319_1602,21.07719,73.83698,1,1,2023-12-28,2023-12-28,0,0.72,0.72,1,0
319_1607,21.07475,73.85674,1,1,2023-02-11,2023-02-11,0,1.2,1.2,0,1
319_1619,21.07613,73.90001,1,1,2023-05-20,2023-05-20,0,9.76,9.76,1,0
319_1620,21.07676,73.90311,1,1,2023-05-20,2023-05-20,0,5.11,5.11,1,0
319_1621,21.0774,73.90623,1,1,2023-05-20,2023-05-20,0,5.11,5.11,1,0
319_1753,21.07609,74.38537,1,1,2023-01-16,2023-01-16,0,2.14,2.14,1,0
319_954,21.07769,71.47506,1,1,2023-04-04,2023-04-04,0,2.5,2.5,1,0
31_1445,20.10724,73.26576,1,1,2023-03-31,2023-03-31,0,2.56,2.56,1,0
31_1490,20.10551,73.42768,1,1,2023-04-17,2023-04-17,0,6.29,6.29,1,0
31_1575,20.10494,73.73829,1,1,2023-03-23,2023-03-23,0,3.15,3.15,1,0
31_1577,20.10692,73.74442,1,1,2023-03-27,2023-03-27,0,7.06,7.06,1,0
31_1726,20.10662,74.28973,1,1,2023-04-12,2023-04-12,0,2.01,2.01,1,0
320_1019,21.07814,71.71387,1,1,2023-04-27,2023-04-27,0,5.79,5.79,1,0
320_1047,21.07954,71.81618,1,1,2023-06-08,2023-06-08,0,4.49,4.49,1,0
320_1049,21.08034,71.82121,1,1,2023-06-09,2023-06-09,0,10.55,10.55,1,0
320_1349,21.08007,72.91378,1,1,2023-04-26,2023-04-26,0,10.48,10.48,1,0
320_1432,21.08069,73.21802,1,1,2023-12-30,2023-12-30,0,0.34,0.34,0,1
320_1577,21.08073,73.74689,1,1,2023-04-17,2023-04-17,0,16.37,16.37,1,0
320_1591,21.08068,73.79577,1,1,2023-03-04,2023-03-04,0,3.64,3.64,1,0
320_1608,21.07809,73.85735,1,1,2023-02-11,2023-02-11,0,1.75,1.75,0,1
320_1619,21.07984,73.90039,1,1,2023-05-20,2023-05-20,0,3.45,3.45,1,0
320_1620,21.08049,73.90343,1,1,2023-05-20,2023-05-20,0,3.45,3.45,1,0
320_1622,21.07981,73.90826,1,1,2023-06-02,2023-06-02,0,3.27,3.27,1,0
320_1625,21.08115,73.91951,1,1,2023-06-02,2023-06-02,0,3.66,3.66,1,0
320_1744,21.08052,74.35354,1,1,2023-10-31,2023-10-31,0,2.25,2.25,1,0
320_1745,21.08117,74.35748,1,1,2023-10-31,2023-10-31,0,2.76,2.76,1,0
320_1752,21.07949,74.38472,1,1,2023-01-16,2023-01-16,0,2.14,2.14,1,0
320_1753,21.08014,74.38593,1,1,2023-12-18,2023-12-18,0,4.02,4.02,1,0
320_1754,21.08014,74.38864,1,1,2023-01-16,2023-01-16,0,2.14,2.14,1,0
320_633,21.07841,70.30724,1,1,2023-03-04,2023-03-04,0,3.27,3.27,1,0
321_1409,21.08162,73.13265,1,1,2023-06-07,2023-06-07,0,3.54,3.54,1,0
321_1743,21.08454,74.35139,1,1,2023-01-16,2023-01-16,0,1.55,1.55,1,0
321_1752,21.0829,74.38407,1,1,2023-01-16,2023-01-16,0,2.18,2.18,1,0
321_1753,21.083554999999997,74.386635,2,2,2023-01-16,2023-12-18,336,3.0999999999999996,4.02,2,0
321_1754,21.0842,74.3892,1,1,2023-12-18,2023-12-18,0,3.61,3.61,1,0
321_633,21.08178,70.30663,1,1,2023-03-04,2023-03-04,0,3.27,3.27,1,0
321_925,21.08299,71.3718,1,1,2023-04-12,2023-04-12,0,10.43,10.43,1,0
321_953,21.08157,71.47451,1,1,2023-04-04,2023-04-04,0,2.86,2.86,1,0
322_1309,21.08476,72.77029,1,1,2023-04-28,2023-04-28,0,3.88,3.88,1,0
322_1310,21.08564,72.77489,1,1,2023-04-28,2023-04-28,0,3.88,3.88,1,0
322_1342,21.08605,72.88847,1,1,2023-02-26,2023-02-26,0,0.96,0.96,0,1
322_1359,21.08795,72.9511,1,1,2023-11-13,2023-11-13,0,2.33,2.33,1,0
322_1366,21.08717,72.97813,1,1,2023-11-20,2023-11-20,0,0.83,0.83,0,1
322_1619,21.08487,73.89999,1,1,2023-05-24,2023-05-24,0,9.06,9.06,1,0
322_1743,21.08795,74.35074,1,1,2023-01-16,2023-01-16,0,1.55,1.55,1,0
322_1744,21.08519,74.35532,1,1,2023-01-16,2023-01-16,0,1.55,1.55,1,0
322_951,21.08776,71.46721,1,1,2023-04-08,2023-04-08,0,4.62,4.62,1,0
323_1309,21.088639999999998,72.77007,2,1,2023-04-28,2023-04-28,0,5.625,6.49,2,0
323_1310,21.09003,72.77393,1,1,2023-04-28,2023-04-28,0,4.76,4.76,1,0
323_1311,21.08904,72.77538,1,1,2023-04-28,2023-04-28,0,6.49,6.49,1,0
323_1356,21.0897,72.94253,1,1,2023-11-10,2023-11-10,0,0.2,0.2,0,1
323_1359,21.08825,72.95151,1,1,2023-11-13,2023-11-13,0,2.77,2.77,1,0
323_1390,21.08916,73.06566,1,1,2023-11-25,2023-11-25,0,2.81,2.81,1,0
323_1444,21.089534999999998,73.26115,2,2,2023-11-06,2023-11-07,1,2.665,4.5,1,1
323_1603,21.08824,73.84025,1,1,2023-01-26,2023-01-26,0,0.55,0.55,0,1
323_1744,21.08859,74.35468,1,1,2023-01-16,2023-01-16,0,1.55,1.55,1,0
323_1745,21.08924,74.3586,1,1,2023-01-16,2023-01-16,0,3.07,3.07,1,0
323_1779,21.08864,74.47994,1,1,2023-06-08,2023-06-08,0,9.04,9.04,1,0
323_610,21.08907,70.22269,1,1,2023-03-04,2023-03-04,0,2.08,2.08,1,0
323_813,21.08846,70.96123,1,1,2023-05-29,2023-05-29,0,3.51,3.51,1,0
324_1277,21.09275,72.65378,3,3,2023-01-15,2023-08-11,208,1.2533333333333334,2.58,1,2
324_1278,21.09457,72.65533,1,1,2023-08-12,2023-08-12,0,8.3,8.3,1,0
324_1331,21.09419,72.84826,1,1,2023-06-09,2023-06-09,0,5.05,5.05,1,0
324_1343,21.09403,72.89496,1,1,2023-01-05,2023-01-05,0,6.35,6.35,1,0
324_1637,21.09165,73.96245,1,1,2023-03-10,2023-03-10,0,1.2,1.2,0,1
324_609,21.09182,70.21824,1,1,2023-03-04,2023-03-04,0,5.5,5.5,1,0
324_610,21.09244,70.22206,1,1,2023-03-04,2023-03-04,0,21.18,21.18,1,0
324_734,21.09304,70.67502,1,1,2023-11-30,2023-11-30,0,5.6,5.6,1,0
325_1276,21.09818,72.65082,1,1,2023-05-20,2023-05-20,0,0.76,0.76,0,1
325_1277,21.0978,72.65188,1,1,2023-12-09,2023-12-09,0,1.03,1.03,0,1
325_1278,21.09542,72.65535,1,1,2023-07-16,2023-07-16,0,0.65,0.65,0,1
325_1329,21.09809,72.84209,1,1,2023-01-11,2023-01-11,0,2.05,2.05,1,0
325_1330,21.09619,72.84782,1,1,2023-10-11,2023-10-11,0,1.63,1.63,0,1
325_1331,21.096875,72.84921,2,2,2023-01-26,2023-02-03,8,1.65,2.1,2,0
325_1333,21.09621,72.85692,2,2,2023-02-13,2023-12-25,315,0.525,0.6,0,2
325_1377,21.09513,73.01875,1,1,2023-10-26,2023-10-26,0,1.04,1.04,0,1
325_1454,21.09711,73.29825,1,1,2023-12-05,2023-12-05,0,6.15,6.15,1,0
325_1530,21.09786,73.57552,1,1,2023-03-04,2023-03-04,0,4.07,4.07,1,0
325_1569,21.09554,73.71785,1,1,2023-04-11,2023-04-11,0,1.19,1.19,0,1
325_1574,21.09692,73.73656,1,1,2023-02-26,2023-02-26,0,1.82,1.82,1,0
325_1607,21.09499,73.8533,1,1,2023-02-28,2023-02-28,0,0.83,0.83,0,1
325_1636,21.09553,73.95931,1,1,2023-03-10,2023-03-10,0,2.08,2.08,0,1
325_1637,21.09496,73.96301,1,1,2023-03-10,2023-03-10,0,1.2,1.2,0,1
325_1638,21.09805,73.96675,1,1,2023-03-11,2023-03-11,0,2.98,2.98,0,1
325_1639,21.09738,73.96974,1,1,2023-03-03,2023-03-03,0,2.44,2.44,0,1
325_630,21.09785,70.29678,1,1,2023-02-18,2023-02-18,0,1.85,1.85,1,0
325_639,21.09483,70.3296,1,1,2023-03-11,2023-03-11,0,6.86,6.86,1,0
326_1270,21.0985,72.62914,1,1,2023-12-15,2023-12-15,0,2.1,2.1,0,1
326_1271,21.09986,72.63104,1,1,2023-09-10,2023-09-10,0,1.93,1.93,0,1
326_1272,21.100703823529415,72.63500750000001,68,58,2023-06-09,2023-12-30,204,3.494264705882353,14.69,20,48
326_1273,21.10072733333333,72.63743900000001,30,30,2023-06-10,2023-12-24,197,3.461333333333333,8.54,12,18
326_1274,21.10132,72.64323,4,4,2023-03-18,2023-09-20,186,2.925,3.68,0,4
326_1275,21.101119999999998,72.6457,4,3,2023-01-02,2023-05-31,149,4.1825,7.3,0,4
326_1276,21.10010857142857,72.65002857142858,7,6,2023-02-02,2023-12-09,310,3.8971428571428572,9.73,3,4
326_1277,21.100504761904762,72.65278571428571,21,19,2023-01-18,2023-12-12,328,3.460952380952381,9.05,6,15
326_1278,21.09979,72.65537,1,1,2023-10-09,2023-10-09,0,3.21,3.21,1,0
326_1328,21.09956,72.83927,1,1,2023-01-11,2023-01-11,0,3.64,3.64,1,0
326_1358,21.09909,72.94931,1,1,2023-10-29,2023-10-29,0,3.68,3.68,1,0
326_1455,21.09884,73.30095,1,1,2023-12-05,2023-12-05,0,6.51,6.51,1,0
326_1508,21.10005,73.49558,1,1,2023-04-15,2023-04-15,0,5.81,5.81,1,0
326_1575,21.10138,73.73907,1,1,2023-02-26,2023-02-26,0,0.83,0.83,0,1
326_1590,21.10124,73.79327,1,1,2023-04-09,2023-04-09,0,1.2,1.2,0,1
326_1636,21.09884,73.95988,1,1,2023-03-10,2023-03-10,0,1.26,1.26,0,1
326_1638,21.1013,73.96735,1,1,2023-04-19,2023-04-19,0,1.35,1.35,0,1
326_919,21.10083,71.35052,1,1,2023-10-25,2023-10-25,0,2.45,2.45,1,0
327_1270,21.1037325,72.6279425,4,4,2023-01-01,2023-12-15,348,3.0525,5.74,0,4
327_1271,21.103602972972965,72.63166945945946,37,34,2023-01-08,2023-12-25,351,3.7562162162162163,18.92,3,34
327_1272,21.103120071428574,72.63515614285713,140,99,2023-03-28,2023-12-31,278,5.434214285714286,35.39,55,85
327_1273,21.103151415094338,72.63773537735851,106,82,2023-05-22,2023-12-31,223,5.49377358490566,24.84,45,61
327_1274,21.103680641025637,72.64279038461538,78,73,2023-01-02,2023-12-30,362,4.121153846153846,15.34,4,74
327_1275,21.103762388663974,72.64588437246962,247,185,2023-01-01,2023-12-31,364,5.571902834008097,39.41,90,157
327_1276,21.103818170731703,72.64861804878049,82,75,2023-01-18,2023-12-29,345,5.442073170731708,31.03,39,43
327_1277,21.102916470588237,72.65248529411764,17,16,2023-01-03,2023-12-11,342,2.293529411764706,7.71,2,15
327_1361,21.10168,72.9577,2,1,2023-05-06,2023-05-06,0,5.245,5.74,2,0
327_1588,21.10308,73.78458,1,1,2023-04-09,2023-04-09,0,1.39,1.39,0,1
327_1591,21.10435,73.79642,1,1,2023-04-10,2023-04-10,0,12.21,12.21,1,0
327_628,21.10289,70.28809,1,1,2023-03-01,2023-03-01,0,12.43,12.43,1,0
327_707,21.10191,70.577,1,1,2023-03-27,2023-03-27,0,1.75,1.75,1,0
328_1269,21.10662,72.62517,1,1,2023-01-02,2023-01-02,0,1.27,1.27,0,1
328_1270,21.106781403508776,72.62838333333332,57,53,2023-01-07,2023-06-06,150,4.070526315789474,12.37,2,55
328_1271,21.106743212121216,72.6312058787879,165,117,2023-01-01,2023-12-15,348,5.705515151515152,61.26,50,115
328_1272,21.106720999999997,72.63456762500002,80,68,2023-01-11,2023-12-29,352,4.235875,17.17,20,60
328_1273,21.106488611111107,72.63799833333333,36,32,2023-01-08,2023-12-24,350,3.984722222222222,23.8,4,32
328_1274,21.10641693181817,72.64286977272727,88,78,2023-01-02,2023-12-31,363,5.225227272727273,16.86,3,85
328_1275,21.106567050938335,72.64576975871314,373,250,2023-01-01,2023-12-31,364,7.012761394101877,45.14,157,216
328_1276,21.106557077922087,72.64845025974022,154,128,2023-01-01,2023-12-31,364,6.128441558441558,30.43,71,83
328_1298,21.10524,72.72813,1,1,2023-02-23,2023-02-23,0,8.0,8.0,1,0
328_1328,21.10514,72.83847,1,1,2023-04-11,2023-04-11,0,4.66,4.66,1,0
328_1431,21.10612,73.21544,1,1,2023-05-07,2023-05-07,0,5.2,5.2,1,0
328_1440,21.10596,73.24803,1,1,2023-01-22,2023-01-22,0,2.96,2.96,1,0
328_1445,21.10515,73.26575,1,1,2023-11-15,2023-11-15,0,4.43,4.43,1,0
328_1590,21.10745,73.7914,1,1,2023-04-10,2023-04-10,0,6.32,6.32,1,0
328_1634,21.10798,73.95254,1,1,2023-01-14,2023-01-14,0,3.18,3.18,1,0
328_1638,21.10734,73.96927,1,1,2023-04-19,2023-04-19,0,1.35,1.35,0,1
328_1641,21.10538,73.98,1,1,2023-02-22,2023-02-22,0,0.58,0.58,0,1
328_698,21.10624,70.54327,1,1,2023-03-18,2023-03-18,0,6.43,6.43,1,0
328_774,21.10722,70.81995,1,1,2023-01-25,2023-01-25,0,4.27,4.27,1,0
329_1270,21.109615333333334,72.62858366666666,30,30,2023-01-08,2023-06-02,145,4.858333333333333,34.74,1,29
329_1271,21.109587597402594,72.63138441558439,154,112,2023-01-01,2023-12-30,363,4.911688311688311,25.11,48,106
329_1272,21.109889374999995,72.634735125,160,130,2023-01-08,2023-12-31,357,3.5466875,15.25,24,136
329_1273,21.10980423076923,72.63791249999998,52,46,2023-01-02,2023-12-26,358,2.3051923076923075,4.87,2,50
329_1274,21.109222352941178,72.64253235294119,17,17,2023-01-02,2023-12-31,363,2.781764705882353,5.54,0,17
329_1275,21.108940000000008,72.64586123076924,65,57,2023-01-07,2023-12-25,352,3.6209230769230767,11.52,14,51
329_1276,21.108694761904765,72.6484642857143,21,20,2023-01-02,2023-12-22,354,4.374761904761905,10.38,9,12
329_1297,21.11004,72.72609,1,1,2023-12-22,2023-12-22,0,4.26,4.26,1,0
329_1318,21.11086,72.8028,1,1,2023-02-14,2023-02-14,0,2.14,2.14,0,1
329_1365,21.11012,72.97408,1,1,2023-06-14,2023-06-14,0,5.17,5.17,0,1
329_1366,21.10955,72.97789,1,1,2023-06-14,2023-06-14,0,5.17,5.17,0,1
329_1397,21.11086,73.09173,1,1,2023-11-19,2023-11-19,0,3.62,3.62,1,0
329_1398,21.11076,73.09427,1,1,2023-11-19,2023-11-19,0,4.73,4.73,1,0
329_1575,21.11026,73.73714,1,1,2023-02-26,2023-02-26,0,1.76,1.76,0,1
329_1577,21.11122,73.74538,1,1,2023-03-14,2023-03-14,0,6.5,6.5,1,0
329_1589,21.11115,73.7909,1,1,2023-04-10,2023-04-10,0,6.32,6.32,1,0
329_1599,21.11126,73.82468,1,1,2023-03-01,2023-03-01,0,1.7,1.7,1,0
329_1665,21.11157,74.06689,1,1,2023-03-08,2023-03-08,0,2.87,2.87,0,1
329_1698,21.10909,74.18574,1,1,2023-05-14,2023-05-14,0,5.19,5.19,1,0
329_631,21.1115,70.30057,1,1,2023-03-17,2023-03-17,0,5.72,5.72,1,0
329_698,21.11007,70.54493,1,1,2023-03-18,2023-03-18,0,3.65,3.65,1,0
329_774,21.11069,70.8194,1,1,2023-01-25,2023-01-25,0,2.92,2.92,1,0
32_1543,20.1098,73.62152,1,1,2023-04-21,2023-04-21,0,8.01,8.01,1,0
32_1583,20.11111,73.76749,1,1,2023-04-17,2023-04-17,0,0.73,0.73,0,1
330_1270,21.1119,72.62932,1,1,2023-04-13,2023-04-13,0,3.24,3.24,0,1
330_1271,21.112391000000002,72.632015,10,10,2023-01-02,2023-11-28,330,2.044,4.58,0,10
330_1272,21.112720172413802,72.63496534482758,58,55,2023-01-04,2023-12-25,355,1.9743103448275863,8.71,0,58
330_1273,21.112409285714282,72.63750071428571,14,14,2023-01-15,2023-12-16,335,1.8242857142857143,3.79,0,14
330_1319,21.112785000000002,72.805025,2,2,2023-02-14,2023-02-15,1,10.735,20.23,1,1
330_1365,21.11348,72.97464,1,1,2023-06-14,2023-06-14,0,10.63,10.63,0,1
330_1366,21.11291,72.97845,1,1,2023-06-14,2023-06-14,0,10.63,10.63,0,1
330_1436,21.11476,73.23161,1,1,2023-01-15,2023-01-15,0,0.36,0.36,0,1
330_1591,21.11352,73.79725,1,1,2023-04-10,2023-04-10,0,1.15,1.15,0,1
330_1639,21.11194,73.9718,1,1,2023-04-18,2023-04-18,0,4.7,4.7,1,0
330_598,21.11243,70.17896,2,1,2023-02-25,2023-02-25,0,3.135,3.47,2,0
330_691,21.1137,70.51701,1,1,2023-04-12,2023-04-12,0,4.54,4.54,1,0
330_709,21.11263,70.58581,1,1,2023-03-04,2023-03-04,0,5.11,5.11,1,0
330_986,21.11267,71.59181,1,1,2023-03-12,2023-03-12,0,3.92,3.92,1,0
331_1308,21.11574,72.76669,1,1,2023-04-23,2023-04-23,0,7.3,7.3,1,0
331_1333,21.11712,72.85734,1,1,2023-01-02,2023-01-02,0,4.42,4.42,1,0
331_1349,21.11814,72.91521,1,1,2023-01-19,2023-01-19,0,4.09,4.09,1,0
331_1371,21.11816,72.99477,1,1,2023-04-04,2023-04-04,0,1.8,1.8,1,0
331_1592,21.11647,73.80055,1,1,2023-04-12,2023-04-12,0,2.51,2.51,0,1
331_1640,21.11793,73.97443,1,1,2023-04-18,2023-04-18,0,2.2,2.2,0,1
331_1642,21.11717,73.98122,1,1,2023-02-14,2023-02-14,0,2.01,2.01,0,1
331_1643,21.11743,73.98463,1,1,2023-02-14,2023-02-14,0,2.13,2.13,0,1
331_1666,21.11629,74.069805,2,1,2023-03-08,2023-03-08,0,2.35,2.87,0,2
331_1687,21.1179,74.1475,1,1,2023-04-07,2023-04-07,0,9.36,9.36,1,0
331_630,21.11692,70.29778,1,1,2023-03-17,2023-03-17,0,4.9,4.9,1,0
331_709,21.11596,70.58521,1,1,2023-03-04,2023-03-04,0,7.61,7.61,1,0
332_1333,21.11901,72.8559,1,1,2023-01-02,2023-01-02,0,6.93,6.93,1,0
332_1368,21.11901,72.98619,1,1,2023-03-26,2023-03-26,0,0.99,0.99,1,0
332_1373,21.12094,73.00403,1,1,2023-05-20,2023-05-20,0,1.24,1.24,1,0
332_1423,21.12028,73.18397,1,1,2023-04-12,2023-04-12,0,1.79,1.79,1,0
332_1535,21.11879,73.59098,1,1,2023-12-06,2023-12-06,0,3.33,3.33,1,0
332_1575,21.11982,73.74013,1,1,2023-05-05,2023-05-05,0,3.4,3.4,1,0
332_1592,21.12075,73.80048,2,1,2023-04-12,2023-04-12,0,2.88,3.22,0,2
332_1640,21.1216,73.9736,1,1,2023-04-21,2023-04-21,0,2.99,2.99,0,1
332_1644,21.12092,73.99043,1,1,2023-05-21,2023-05-21,0,8.59,8.59,1,0
332_1646,21.12135,73.99553,1,1,2023-05-21,2023-05-21,0,7.38,7.38,1,0
332_1666,21.12167,74.06965,1,1,2023-03-08,2023-03-08,0,3.02,3.02,0,1
332_1667,21.12098,74.07288,1,1,2023-03-08,2023-03-08,0,2.03,2.03,0,1
332_575,21.11919,70.09539,1,1,2023-05-10,2023-05-10,0,2.44,2.44,1,0
333_1317,21.123515,72.7985,2,1,2023-05-19,2023-05-19,0,3.175,4.39,0,2
333_1374,21.12193,73.0071,1,1,2023-01-25,2023-01-25,0,0.37,0.37,0,1
333_1453,21.1233,73.29446,1,1,2023-04-20,2023-04-20,0,1.15,1.15,1,0
333_1489,21.12355,73.42525,1,1,2023-05-02,2023-05-02,0,5.07,5.07,1,0
333_1613,21.12347,73.87702,1,1,2023-11-11,2023-11-11,0,0.58,0.58,0,1
333_1648,21.12269,74.00272,1,1,2023-04-10,2023-04-10,0,2.3,2.3,0,1
333_1655,21.12425,74.03021,1,1,2023-03-31,2023-03-31,0,0.58,0.58,0,1
333_1665,21.12222,74.06508,1,1,2023-05-18,2023-05-18,0,5.12,5.12,1,0
333_1674,21.12222,74.0985,1,1,2023-02-25,2023-02-25,0,3.61,3.61,1,0
333_1684,21.12455,74.13528,1,1,2023-05-23,2023-05-23,0,9.26,9.26,1,0
333_1685,21.12511,74.13937,1,1,2023-05-23,2023-05-23,0,11.48,11.48,1,0
333_651,21.12299,70.37373,1,1,2023-03-01,2023-03-01,0,1.3,1.3,1,0
334_1043,21.12572,71.80242,1,1,2023-04-20,2023-04-20,0,5.66,5.66,1,0
334_1286,21.12579,72.68741,1,1,2023-02-16,2023-02-16,0,0.6,0.6,0,1
334_1287,21.12515,72.69124,1,1,2023-02-16,2023-02-16,0,0.6,0.6,0,1
334_1288,21.12842,72.69378,1,1,2023-03-16,2023-03-16,0,7.74,7.74,1,0
334_1289,21.12787,72.6957,1,1,2023-02-16,2023-02-16,0,2.29,2.29,0,1
334_1324,21.12623,72.82426,1,1,2023-04-06,2023-04-06,0,3.72,3.72,1,0
334_1358,21.1282,72.948,1,1,2023-03-25,2023-03-25,0,2.61,2.61,1,0
334_1407,21.12602,73.12535,1,1,2023-12-23,2023-12-23,0,3.95,3.95,1,0
334_1665,21.127,74.06649,1,1,2023-05-13,2023-05-13,0,5.13,5.13,1,0
334_1684,21.12803,74.13478,1,1,2023-05-23,2023-05-23,0,8.34,8.34,1,0
335_1358,21.13174,72.94745,1,1,2023-03-25,2023-03-25,0,2.61,2.61,1,0
335_1535,21.13092,73.59155,1,1,2023-05-28,2023-05-28,0,7.51,7.51,1,0
335_1638,21.13172,73.96625,1,1,2023-04-20,2023-04-20,0,10.75,10.75,1,0
335_1639,21.12909,73.97116,1,1,2023-05-10,2023-05-10,0,4.86,4.86,1,0
336_1376,21.13217,73.0126,1,1,2023-01-20,2023-01-20,0,2.57,2.57,1,0
336_1579,21.13229,73.75391,1,1,2023-03-25,2023-03-25,0,7.03,7.03,1,0
336_1581,21.1329,73.75853,1,1,2023-03-25,2023-03-25,0,7.03,7.03,1,0
336_1611,21.13461,73.86823,1,1,2023-12-08,2023-12-08,0,2.49,2.49,1,0
336_1657,21.13235,74.03743,1,1,2023-02-15,2023-02-15,0,1.43,1.43,0,1
336_602,21.13443,70.19292,1,1,2023-03-01,2023-03-01,0,3.79,3.79,1,0
336_701,21.134665,70.5557,2,1,2023-05-10,2023-05-10,0,2.68,3.2,2,0
337_1591,21.13713,73.79733,1,1,2023-12-17,2023-12-17,0,5.04,5.04,1,0
337_619,21.13673,70.25562,1,1,2023-04-03,2023-04-03,0,8.54,8.54,1,0
337_624,21.13706,70.27502,1,1,2023-02-19,2023-02-19,0,1.5,1.5,1,0
337_903,21.13855,71.29011,1,1,2023-01-09,2023-01-09,0,0.49,0.49,0,1
338_1321,21.13981,72.81274,1,1,2023-01-13,2023-01-13,0,2.72,2.72,1,0
338_1323,21.1413,72.81936,1,1,2023-04-10,2023-04-10,0,5.65,5.65,1,0
338_1353,21.13986,72.93095,1,1,2023-03-08,2023-03-08,0,3.47,3.47,1,0
338_1451,21.14184,73.28718,1,1,2023-05-21,2023-05-21,0,4.05,4.05,1,0
338_1641,21.13947,73.97802,1,1,2023-12-14,2023-12-14,0,13.47,13.47,1,0
338_1642,21.14007,73.9819,1,1,2023-12-14,2023-12-14,0,6.75,6.75,1,0
338_1656,21.13862,74.03178,1,1,2023-02-25,2023-02-25,0,5.48,5.48,1,0
338_1660,21.14141,74.04939,1,1,2023-04-10,2023-04-10,0,15.06,15.06,1,0
338_568,21.14156,70.07129,1,1,2023-03-21,2023-03-21,0,2.54,2.54,1,0
338_618,21.13931,70.25268,1,1,2023-04-03,2023-04-03,0,6.62,6.62,1,0
338_619,21.14159,70.25504,1,1,2023-04-03,2023-04-03,0,4.66,4.66,1,0
338_620,21.13989,70.25835,1,1,2023-04-03,2023-04-03,0,6.62,6.62,1,0
338_769,21.14192,70.80092,1,1,2023-03-11,2023-03-11,0,9.43,9.43,1,0
339_1284,21.1436,72.67812,1,1,2023-04-10,2023-04-10,0,31.3,31.3,1,0
339_1452,21.14222,73.29126,1,1,2023-12-11,2023-12-11,0,3.79,3.79,1,0
339_1743,21.14479,74.35092,1,1,2023-03-26,2023-03-26,0,0.45,0.45,0,1
339_588,21.14439,70.14349,1,1,2023-03-30,2023-03-30,0,0.47,0.47,0,1
339_759,21.14398,70.76463,1,1,2023-02-26,2023-02-26,0,1.27,1.27,0,1
339_760,21.14326,70.76883,1,1,2023-02-26,2023-02-26,0,1.34,1.34,0,1
339_769,21.14286,70.8029,1,1,2023-03-11,2023-03-11,0,10.16,10.16,1,0
339_770,21.14319,70.80691,1,1,2023-03-11,2023-03-11,0,9.43,9.43,1,0
339_851,21.14514,71.09998,1,1,2023-01-21,2023-01-21,0,5.2,5.2,1,0
33_1472,20.1127,73.36253,1,1,2023-04-15,2023-04-15,0,7.59,7.59,1,0
33_1573,20.11424,73.73048,1,1,2023-04-02,2023-04-02,0,1.23,1.23,1,0
33_1634,20.112705,73.952845,2,2,2023-11-16,2023-12-02,16,3.6550000000000002,4.48,2,0
33_1635,20.113395,73.95694499999999,2,2,2023-11-16,2023-12-02,16,4.0649999999999995,5.3,2,0
340_1056,21.14741,71.8479,1,1,2023-04-05,2023-04-05,0,17.25,17.25,1,0
340_1072,21.14766,71.90798,1,1,2023-01-25,2023-01-25,0,0.39,0.39,0,1
340_1367,21.14662,72.98242,1,1,2023-06-23,2023-06-23,0,5.42,5.42,1,0
340_1368,21.14614,72.98266,1,1,2023-06-23,2023-06-23,0,3.57,3.57,1,0
340_1381,21.14577,73.03157,1,1,2023-02-09,2023-02-09,0,1.96,1.96,1,0
340_1403,21.14857,73.11085,1,1,2023-10-29,2023-10-29,0,5.79,5.79,1,0
340_1556,21.14707,73.6679,1,1,2023-03-21,2023-03-21,0,1.55,1.55,0,1
340_574,21.14842,70.09138,1,1,2023-03-08,2023-03-08,0,3.66,3.66,1,0
340_605,21.14782,70.20521,1,1,2023-03-01,2023-03-01,0,9.44,9.44,1,0
341_1299,21.15132,72.73407750000001,4,4,2023-02-14,2023-10-27,255,2.4125,5.95,0,4
341_1300,21.151646666666668,72.73694,3,3,2023-03-02,2023-05-30,89,1.2233333333333334,1.91,0,3
341_1301,21.1505825,72.739475,4,3,2023-02-08,2023-04-13,64,1.85,3.63,1,3
341_1302,21.1509,72.74285,1,1,2023-05-31,2023-05-31,0,2.08,2.08,1,0
341_1332,21.15032,72.85242,1,1,2023-03-11,2023-03-11,0,1.78,1.78,0,1
341_1349,21.15201,72.91391,1,1,2023-11-07,2023-11-07,0,2.29,2.29,1,0
341_1474,21.14872,73.36946,1,1,2023-03-29,2023-03-29,0,1.49,1.49,1,0
341_574,21.14913,70.09415,1,1,2023-03-08,2023-03-08,0,4.29,4.29,1,0
341_606,21.14884,70.20872,1,1,2023-03-01,2023-03-01,0,8.7,8.7,1,0
342_1093,21.15265,71.98175,1,1,2023-06-05,2023-06-05,0,4.87,4.87,1,0
342_1298,21.15285,72.72952,1,1,2023-11-29,2023-11-29,0,1.45,1.45,0,1
342_1299,21.153724,72.733846,5,5,2023-03-02,2023-11-07,250,1.46,2.02,0,5
342_1300,21.153644500000002,72.737222,20,19,2023-01-03,2023-11-29,330,2.2625,12.95,2,18
342_1301,21.153951,72.739504,10,10,2023-02-14,2023-08-26,193,4.205,25.37,1,9
342_1302,21.15385,72.74243,1,1,2023-05-27,2023-05-27,0,15.01,15.01,1,0
342_1331,21.15259,72.85034,1,1,2023-03-11,2023-03-11,0,1.81,1.81,0,1
342_1352,21.15485,72.92574,1,1,2023-04-02,2023-04-02,0,0.59,0.59,0,1
342_1401,21.15401,73.10446,1,1,2023-02-28,2023-02-28,0,4.23,4.23,1,0
342_1464,21.15324,73.33513,1,1,2023-02-06,2023-02-06,0,2.56,2.56,1,0
342_1477,21.15528,73.38152,1,1,2023-01-10,2023-01-10,0,2.37,2.37,1,0
342_1497,21.15413,73.45572,1,1,2023-04-22,2023-04-22,0,6.18,6.18,1,0
342_564,21.15532,70.05628,1,1,2023-03-23,2023-03-23,0,4.54,4.54,1,0
342_566,21.1533,70.06512,1,1,2023-03-03,2023-03-03,0,5.28,5.28,1,0
342_568,21.15366,70.06934,1,1,2023-03-08,2023-03-08,0,6.75,6.75,1,0
342_575,21.15308,70.09636,1,1,2023-03-04,2023-03-04,0,4.58,4.58,1,0
342_577,21.15278,70.10452,1,1,2023-03-02,2023-03-02,0,21.4,21.4,1,0
342_578,21.15317,70.10582,1,1,2023-03-01,2023-03-01,0,4.27,4.27,1,0
343_1092,21.15549,71.98101,1,1,2023-06-05,2023-06-05,0,3.3,3.3,1,0
343_1279,21.15592,72.66086,1,1,2023-05-30,2023-05-30,0,3.27,3.27,1,0
343_1299,21.156080000000003,72.733155,2,2,2023-05-31,2023-11-29,182,1.355,1.56,0,2
343_1300,21.156125000000003,72.73702499999999,4,3,2023-02-03,2023-05-31,117,3.6,6.68,2,2
343_1301,21.15645,72.74206,1,1,2023-04-13,2023-04-13,0,1.1,1.1,0,1
343_1302,21.15769,72.743345,2,1,2023-05-31,2023-05-31,0,6.88,7.08,2,0
343_1424,21.15807,73.18884,1,1,2023-11-03,2023-11-03,0,1.09,1.09,0,1
343_1438,21.15817,73.24094,1,1,2023-12-12,2023-12-12,0,1.68,1.68,1,0
343_1458,21.15681,73.31386,1,1,2023-02-11,2023-02-11,0,1.79,1.79,1,0
343_1481,21.15737,73.395595,2,1,2023-05-21,2023-05-21,0,5.859999999999999,7.97,2,0
343_565,21.156325000000002,70.06008,2,2,2023-03-23,2023-03-25,2,5.925000000000001,6.66,2,0
343_591,21.15584,70.15424,1,1,2023-03-11,2023-03-11,0,4.03,4.03,1,0
343_597,21.15877,70.17451,1,1,2023-03-04,2023-03-04,0,2.28,2.28,1,0
343_605,21.15852,70.20441,1,1,2023-02-26,2023-02-26,0,3.61,3.61,1,0
343_746,21.15586,70.71725,1,1,2023-02-12,2023-02-12,0,5.21,5.21,1,0
344_1368,21.159885,72.98367,2,1,2023-03-08,2023-03-08,0,1.455,1.48,0,2
344_1490,21.16137,73.42992,1,1,2023-05-02,2023-05-02,0,8.76,8.76,1,0
344_1666,21.15939,74.0681,1,1,2023-03-31,2023-03-31,0,0.73,0.73,0,1
344_564,21.16064,70.05568,1,1,2023-03-23,2023-03-23,0,4.54,4.54,1,0
344_565,21.16098,70.05917,1,1,2023-03-23,2023-03-23,0,6.66,6.66,1,0
344_566,21.16046,70.06404,1,1,2023-03-03,2023-03-03,0,4.02,4.02,1,0
344_586,21.15909,70.13543,1,1,2023-03-03,2023-03-03,0,29.38,29.38,1,0
344_809,21.16091,70.94941,1,1,2023-02-21,2023-02-21,0,0.48,0.48,0,1
345_1065,21.16281,71.8791,1,1,2023-03-01,2023-03-01,0,5.89,5.89,1,0
345_1103,21.16403,72.01885,1,1,2023-06-07,2023-06-07,0,5.44,5.44,1,0
345_1280,21.16366,72.66405,2,1,2023-10-17,2023-10-17,0,3.92,4.54,0,2
345_1281,21.16436,72.668115,2,2,2023-03-31,2023-12-17,261,1.47,1.48,0,2
345_1282,21.163993333333334,72.67028333333333,3,2,2023-10-17,2023-11-29,43,1.5066666666666668,2.62,0,3
345_1286,21.16486,72.68508,1,1,2023-02-22,2023-02-22,0,3.38,3.38,1,0
345_1295,21.16496,72.71973,1,1,2023-12-23,2023-12-23,0,2.77,2.77,1,0
345_1464,21.16476,73.3328,1,1,2023-12-08,2023-12-08,0,8.17,8.17,1,0
345_1616,21.16318,73.88918,1,1,2023-02-12,2023-02-12,0,1.07,1.07,0,1
345_1641,21.16422,73.979055,2,2,2023-01-25,2023-03-27,61,2.815,3.81,2,0
345_1685,21.16271,74.14022,1,1,2023-03-05,2023-03-05,0,3.96,3.96,1,0
345_564,21.163855,70.05718999999999,2,2,2023-03-11,2023-03-21,10,4.81,5.64,2,0
345_576,21.16543,70.09946,1,1,2023-03-16,2023-03-16,0,5.45,5.45,1,0
345_579,21.16334,70.11249,1,1,2023-03-03,2023-03-03,0,5.16,5.16,1,0
346_1064,21.16615,71.87791,1,1,2023-03-01,2023-03-01,0,3.75,3.75,1,0
346_1281,21.16754,72.66911,1,1,2023-12-17,2023-12-17,0,1.48,1.48,0,1
346_1295,21.16733,72.71958000000001,2,2,2023-01-05,2023-01-21,16,3.1900000000000004,3.64,2,0
346_1306,21.16888,72.75844,1,1,2023-04-20,2023-04-20,0,5.84,5.84,1,0
346_1353,21.16761,72.92965,1,1,2023-04-27,2023-04-27,0,3.33,3.33,1,0
346_1616,21.16621,73.88707,1,1,2023-02-12,2023-02-12,0,0.37,0.37,0,1
346_1641,21.16667,73.97845,1,1,2023-01-25,2023-01-25,0,4.75,4.75,1,0
346_1761,21.16855,74.41473,1,1,2023-01-13,2023-01-13,0,0.41,0.41,0,1
346_577,21.16715,70.10209,1,1,2023-03-16,2023-03-16,0,11.52,11.52,1,0
346_579,21.16693,70.11195,1,1,2023-03-03,2023-03-03,0,5.6,5.6,1,0
346_587,21.16791,70.13898,1,1,2023-03-05,2023-03-05,0,2.16,2.16,1,0
346_588,21.16614,70.14198,1,1,2023-03-05,2023-03-05,0,3.6,3.6,1,0
346_784,21.16765,70.85782,1,1,2023-02-16,2023-02-16,0,0.87,0.87,0,1
347_1091,21.17057,71.97678,1,1,2023-01-31,2023-01-31,0,0.78,0.78,1,0
347_1280,21.17018,72.66512,1,1,2023-10-17,2023-10-17,0,2.22,2.22,0,1
347_1306,21.16988,72.75871,1,1,2023-04-20,2023-04-20,0,10.84,10.84,1,0
347_1307,21.16937,72.7625,1,1,2023-04-20,2023-04-20,0,5.84,5.84,1,0
347_1355,21.17199,72.93536,1,1,2023-12-23,2023-12-23,0,1.09,1.09,0,1
347_1366,21.17021,72.97704,1,1,2023-12-14,2023-12-14,0,1.5,1.5,1,0
347_568,21.17062,70.07159,1,1,2023-02-24,2023-02-24,0,4.91,4.91,1,0
347_588,21.17105,70.14255,1,1,2023-03-03,2023-03-03,0,5.91,5.91,1,0
347_601,21.17095,70.19095,1,1,2023-05-14,2023-05-14,0,2.31,2.31,1,0
347_602,21.17166,70.19426,1,1,2023-05-14,2023-05-14,0,1.51,1.51,1,0
347_784,21.17037,70.85765,1,1,2023-02-16,2023-02-16,0,0.46,0.46,0,1
347_785,21.1698,70.86134,1,1,2023-02-16,2023-02-16,0,0.46,0.46,0,1
348_1088,21.17248,71.96623,1,1,2023-01-17,2023-01-17,0,1.02,1.02,1,0
348_1285,21.17515,72.68315,1,1,2023-02-22,2023-02-22,0,4.46,4.46,1,0
348_1354,21.174158,72.934758,5,5,2023-10-07,2023-11-16,40,1.6039999999999999,2.19,0,5
348_1355,21.173943333333334,72.93617,3,3,2023-05-02,2023-12-23,235,1.17,1.93,0,3
348_1388,21.17531,73.0575,1,1,2023-11-12,2023-11-12,0,1.39,1.39,0,1
348_1446,21.17499,73.26917,1,1,2023-04-21,2023-04-21,0,2.15,2.15,1,0
348_1467,21.17359,73.34384,1,1,2023-11-08,2023-11-08,0,0.35,0.35,0,1
348_1665,21.17283,74.06618,1,1,2023-03-09,2023-03-09,0,8.12,8.12,1,0
348_566,21.17466,70.06489,1,1,2023-03-25,2023-03-25,0,2.93,2.93,1,0
348_576,21.17305,70.09821,1,1,2023-02-24,2023-02-24,0,3.38,3.38,1,0
349_1281,21.17887,72.66733,1,1,2023-10-05,2023-10-05,0,1.77,1.77,0,1
349_1434,21.17863,73.22351,1,1,2023-12-06,2023-12-06,0,3.02,3.02,1,0
349_1435,21.17604,73.22955,1,1,2023-01-11,2023-01-11,0,9.45,9.45,1,0
349_1600,21.1768,73.82973,1,1,2023-03-29,2023-03-29,0,4.27,4.27,1,0
349_1601,21.17716,73.83353,1,1,2023-03-29,2023-03-29,0,4.77,4.77,1,0
349_570,21.17813,70.07913,1,1,2023-02-28,2023-02-28,0,3.03,3.03,1,0
349_574,21.17819,70.09423,1,1,2023-03-01,2023-03-01,0,2.74,2.74,1,0
349_612,21.1775,70.2291,1,1,2023-03-23,2023-03-23,0,5.41,5.41,1,0
34_1474,20.11623,73.37149,1,1,2023-05-14,2023-05-14,0,3.55,3.55,1,0
34_1517,20.11789,73.52776,1,1,2023-05-29,2023-05-29,0,10.01,10.01,1,0
34_1581,20.11512,73.75992,1,1,2023-02-26,2023-02-26,0,19.68,19.68,1,0
350_1107,21.1814,72.03493,1,1,2023-01-16,2023-01-16,0,3.14,3.14,1,0
350_1630,21.17995,73.93969,1,1,2023-02-08,2023-02-08,0,0.33,0.33,0,1
350_1631,21.17913,73.94117,1,1,2023-02-08,2023-02-08,0,0.37,0.37,0,1
350_1673,21.18212,74.09581,1,1,2023-02-23,2023-02-23,0,5.42,5.42,1,0
350_562,21.17904,70.0498,1,1,2023-03-08,2023-03-08,0,6.61,6.61,1,0
351_1668,21.18422,74.07748,1,1,2023-04-12,2023-04-12,0,5.68,5.68,1,0
351_1669,21.18546,74.07933,1,1,2023-02-15,2023-02-15,0,2.12,2.12,1,0
352_1377,21.18862,73.01574,1,1,2023-10-30,2023-10-30,0,0.23,0.23,0,1
352_1431,21.18847,73.21322,1,1,2023-10-30,2023-10-30,0,3.58,3.58,1,0
352_1432,21.18902,73.21709,1,1,2023-10-30,2023-10-30,0,3.58,3.58,1,0
352_1464,21.18642,73.33363,1,1,2023-11-25,2023-11-25,0,2.4,2.4,1,0
352_1541,21.18788,73.61297,1,1,2023-04-02,2023-04-02,0,2.61,2.61,1,0
352_1558,21.18768,73.67788,1,1,2023-06-13,2023-06-13,0,5.08,5.08,1,0
352_1559,21.18713,73.67908,1,1,2023-06-13,2023-06-13,0,4.88,4.88,1,0
352_1583,21.18601,73.76641,1,1,2023-12-12,2023-12-12,0,2.84,2.84,1,0
352_1647,21.18797,74.00027,1,1,2023-01-15,2023-01-15,0,2.96,2.96,1,0
352_1671,21.18591,74.08799,1,1,2023-03-11,2023-03-11,0,3.05,3.05,1,0
353_1005,21.19009,71.66093,1,1,2023-04-02,2023-04-02,0,3.36,3.36,1,0
353_1283,21.18938,72.67587,1,1,2023-09-01,2023-09-01,0,8.82,8.82,1,0
353_1284,21.18998,72.67728,1,1,2023-09-01,2023-09-01,0,10.41,10.41,1,0
353_1302,21.19153,72.74496,1,1,2023-04-10,2023-04-10,0,1.02,1.02,0,1
353_1372,21.18956,72.99722,1,1,2023-11-18,2023-11-18,0,3.84,3.84,1,0
353_1465,21.1907,73.33638,1,1,2023-11-11,2023-11-11,0,3.74,3.74,1,0
353_1653,21.19024,74.02306,1,1,2023-02-16,2023-02-16,0,0.84,0.84,0,1
353_1654,21.189766666666667,74.02636333333334,3,2,2023-02-16,2023-04-17,60,0.92,1.22,0,3
353_1663,21.19127,74.05745,1,1,2023-11-19,2023-11-19,0,0.86,0.86,0,1
353_1687,21.19145,74.14783,1,1,2023-02-17,2023-02-17,0,11.13,11.13,1,0
354_1004,21.19383,71.6592,1,1,2023-04-02,2023-04-02,0,4.97,4.97,1,0
354_1303,21.19255,72.74718,1,1,2023-04-10,2023-04-10,0,19.23,19.23,1,0
354_1385,21.19563,73.04582,1,1,2023-10-14,2023-10-14,0,2.78,2.78,1,0
354_1392,21.19545,73.07043,1,1,2023-12-09,2023-12-09,0,0.49,0.49,0,1
354_1404,21.19397,73.11707,1,1,2023-02-25,2023-02-25,0,6.42,6.42,1,0
354_1650,21.19382,74.01316,1,1,2023-12-01,2023-12-01,0,3.19,3.19,1,0
354_1654,21.19317,74.02643,1,1,2023-02-16,2023-02-16,0,0.9,0.9,0,1
354_1725,21.19374,74.28308,1,1,2023-03-22,2023-03-22,0,4.25,4.25,1,0
354_562,21.1958,70.04917,1,1,2023-03-07,2023-03-07,0,2.42,2.42,1,0
354_710,21.19438,70.58758,1,1,2023-02-06,2023-02-06,0,2.25,2.25,1,0
354_711,21.19347,70.59328,1,1,2023-02-04,2023-02-04,0,3.36,3.36,1,0
354_730,21.195185000000002,70.66054,2,1,2023-05-19,2023-05-19,0,3.3449999999999998,4.47,2,0
354_731,21.19446,70.66343,1,1,2023-05-25,2023-05-25,0,4.23,4.23,1,0
354_741,21.1928,70.69994,1,1,2023-02-10,2023-02-10,0,1.94,1.94,1,0
355_1348,21.1961,72.91248,1,1,2023-05-23,2023-05-23,0,1.53,1.53,1,0
355_1405,21.1983,73.12001,1,1,2023-02-01,2023-02-01,0,8.52,8.52,1,0
355_1496,21.19898,73.45122,1,1,2023-06-08,2023-06-08,0,5.25,5.25,1,0
355_1501,21.19677,73.47004,1,1,2023-03-11,2023-03-11,0,0.56,0.56,0,1
355_1663,21.19636,74.05878,1,1,2023-11-19,2023-11-19,0,1.37,1.37,0,1
355_554,21.19863,70.02063,1,1,2023-02-21,2023-02-21,0,3.91,3.91,1,0
355_614,21.19746,70.23978,1,1,2023-10-24,2023-10-24,0,2.24,2.24,1,0
355_634,21.19592,70.3125,1,1,2023-03-20,2023-03-20,0,2.08,2.08,1,0
355_730,21.19692,70.66056499999999,2,2,2023-05-31,2023-06-07,7,3.09,3.59,2,0
355_958,21.19725,71.49265,1,1,2023-03-03,2023-03-03,0,4.08,4.08,1,0
356_1342,21.20218,72.89115,1,1,2023-11-05,2023-11-05,0,0.29,0.29,0,1
356_1393,21.20086,73.07433,1,1,2023-01-02,2023-01-02,0,3.47,3.47,1,0
356_1394,21.20132,73.0799,1,1,2023-01-02,2023-01-02,0,7.56,7.56,1,0
356_1413,21.20063,73.1497,1,1,2023-02-08,2023-02-08,0,4.4,4.4,1,0
356_1475,21.19975,73.37253,1,1,2023-01-05,2023-01-05,0,2.18,2.18,1,0
356_1497,21.19952,73.45511,1,1,2023-06-08,2023-06-08,0,5.39,5.39,1,0
356_1687,21.20137,74.14507,1,1,2023-02-16,2023-02-16,0,0.8,0.8,0,1
356_553,21.19958,70.01615,1,1,2023-03-04,2023-03-04,0,5.13,5.13,1,0
356_562,21.19987,70.04768,1,1,2023-03-07,2023-03-07,0,1.17,1.17,1,0
356_730,21.20053,70.65923,1,1,2023-06-08,2023-06-08,0,2.08,2.08,0,1
356_768,21.20096,70.79729,1,1,2023-02-17,2023-02-17,0,3.21,3.21,1,0
356_958,21.20112,71.49211,1,1,2023-03-03,2023-03-03,0,5.69,5.69,1,0
357_1277,21.20319,72.6518,1,1,2023-02-06,2023-02-06,0,1.9,1.9,1,0
357_1285,21.20569,72.68201,1,1,2023-03-26,2023-03-26,0,3.67,3.67,1,0
357_1358,21.20373,72.94653,1,1,2023-03-26,2023-03-26,0,1.92,1.92,1,0
357_1411,21.204245,73.14066,2,1,2023-11-12,2023-11-12,0,0.2,0.25,0,2
357_1414,21.2033,73.15163,1,1,2023-02-08,2023-02-08,0,6.22,6.22,1,0
357_1459,21.2046,73.31505999999999,2,1,2023-01-23,2023-01-23,0,2.435,2.68,2,0
357_1674,21.20544,74.0997,1,1,2023-04-16,2023-04-16,0,8.15,8.15,1,0
357_1683,21.20361,74.13235,1,1,2023-02-16,2023-02-16,0,2.55,2.55,0,1
357_1686,21.20563,74.14159,1,1,2023-02-16,2023-02-16,0,0.8,0.8,0,1
357_574,21.20557,70.09285,1,1,2023-03-17,2023-03-17,0,3.8,3.8,1,0
357_706,21.20491,70.57316,1,1,2023-03-27,2023-03-27,0,3.06,3.06,1,0
357_768,21.20576,70.80036,1,1,2023-02-17,2023-02-17,0,2.87,2.87,1,0
358_1048,21.20856,71.82001,1,1,2023-03-13,2023-03-13,0,3.86,3.86,1,0
358_1107,21.20801,72.03523,1,1,2023-03-27,2023-03-27,0,2.82,2.82,1,0
358_1284,21.20846,72.67739,1,1,2023-03-26,2023-03-26,0,2.58,2.58,1,0
358_1289,21.20872,72.69524,1,1,2023-05-26,2023-05-26,0,10.63,10.63,1,0
358_1317,21.20698,72.79937,1,1,2023-11-12,2023-11-12,0,0.89,0.89,0,1
358_1320,21.2083,72.80902,1,1,2023-04-10,2023-04-10,0,6.78,6.78,1,0
358_1353,21.20881,72.93069,1,1,2023-05-11,2023-05-11,0,7.89,7.89,1,0
358_1360,21.20715,72.95358,1,1,2023-03-20,2023-03-20,0,3.52,3.52,1,0
358_1380,21.20863,73.02849,1,1,2023-11-09,2023-11-09,0,0.96,0.96,0,1
358_1496,21.20787,73.45214,1,1,2023-05-11,2023-05-11,0,15.26,15.26,1,0
358_558,21.20806,70.03523,1,1,2023-02-25,2023-02-25,0,2.23,2.23,1,0
358_706,21.20837,70.57298,1,1,2023-05-10,2023-05-10,0,1.72,1.72,1,0
358_758,21.20756,70.76392,1,1,2023-01-31,2023-01-31,0,2.64,2.64,1,0
359_1354,21.21083,72.93245,1,1,2023-05-11,2023-05-11,0,8.55,8.55,1,0
359_1397,21.21232,73.0917,1,1,2023-01-07,2023-01-07,0,0.75,0.75,0,1
359_1398,21.21066,73.09325,1,1,2023-01-07,2023-01-07,0,0.6,0.6,0,1
359_1496,21.21272,73.45158,1,1,2023-05-11,2023-05-11,0,15.27,15.27,1,0
359_1501,21.20948,73.47062,1,1,2023-01-10,2023-01-10,0,2.95,2.95,1,0
359_1510,21.21151,73.50051,1,1,2023-11-21,2023-11-21,0,3.79,3.79,1,0
359_705,21.21204,70.5697,1,1,2023-05-11,2023-05-11,0,6.42,6.42,1,0
359_833,21.20938,71.03557,1,1,2023-02-08,2023-02-08,0,1.3,1.3,0,1
359_836,21.2107,71.04696,1,1,2023-01-29,2023-01-29,0,0.64,0.64,0,1
35_1315,20.119,72.79114,1,1,2023-05-28,2023-05-28,0,2.67,2.67,1,0
35_1457,20.12061,73.30812,1,1,2023-04-07,2023-04-07,0,2.65,2.65,1,0
35_1510,20.119375,73.5022,2,1,2023-04-26,2023-04-26,0,11.05,12.19,2,0
35_1771,20.12076,74.45164,1,1,2023-04-11,2023-04-11,0,12.23,12.23,1,0
360_1291,21.21537,72.70412,1,1,2023-03-11,2023-03-11,0,5.18,5.18,1,0
360_1366,21.21453,72.97811,1,1,2023-11-05,2023-11-05,0,0.69,0.69,0,1
360_1388,21.21577,73.05678,1,1,2023-03-31,2023-03-31,0,3.07,3.07,1,0
360_1390,21.21497,73.06579,1,1,2023-02-03,2023-02-03,0,0.63,0.63,0,1
360_1498,21.21332,73.45724,1,1,2023-05-11,2023-05-11,0,11.28,11.28,1,0
360_1588,21.21462,73.78539,1,1,2023-02-04,2023-02-04,0,1.1,1.1,0,1
360_558,21.2132,70.03486,1,1,2023-03-03,2023-03-03,0,7.0,7.0,1,0
360_833,21.2159,71.03609,1,1,2023-02-08,2023-02-08,0,1.19,1.19,0,1
360_834,21.21492,71.03812,1,1,2023-02-08,2023-02-08,0,1.7,1.7,0,1
361_1390,21.21722,73.06567,1,1,2023-03-04,2023-03-04,0,2.17,2.17,1,0
361_1594,21.21621,73.80603,1,1,2023-05-18,2023-05-18,0,16.99,16.99,1,0
361_556,21.21895,70.02622,1,1,2023-03-01,2023-03-01,0,5.37,5.37,1,0
361_559,21.21758,70.03885,1,1,2023-03-11,2023-03-11,0,8.51,8.51,1,0
361_564,21.21911,70.05514,1,1,2023-04-21,2023-04-21,0,4.27,4.27,1,0
361_660,21.21725,70.40459,1,1,2023-01-10,2023-01-10,0,2.37,2.37,1,0
361_709,21.21902,70.5833,1,1,2023-02-28,2023-02-28,0,3.52,3.52,1,0
361_807,21.2189,70.9396,1,1,2023-05-20,2023-05-20,0,11.49,11.49,1,0
361_907,21.21639,71.30595,1,1,2023-04-03,2023-04-03,0,3.16,3.16,1,0
362_1095,21.22075,71.98891,1,1,2023-11-05,2023-11-05,0,2.59,2.59,1,0
362_1096,21.22145,71.99309,1,1,2023-11-05,2023-11-05,0,5.04,5.04,1,0
362_1487,21.22188,73.4178,1,1,2023-12-24,2023-12-24,0,6.7,6.7,1,0
362_1499,21.22234,73.4616,1,1,2023-03-09,2023-03-09,0,1.63,1.63,0,1
362_555,21.219515,70.02328,2,1,2023-03-17,2023-03-17,0,3.525,3.75,2,0
362_759,21.22209,70.76765,1,1,2023-01-15,2023-01-15,0,1.93,1.93,1,0
363_1096,21.22496,71.99242,1,1,2023-11-05,2023-11-05,0,5.04,5.04,1,0
363_1350,21.224955,72.9194,2,1,2023-12-07,2023-12-07,0,1.63,1.71,0,2
363_1379,21.22442,73.02338,1,1,2023-02-19,2023-02-19,0,12.87,12.87,1,0
363_1380,21.22571,73.02886,1,1,2023-02-19,2023-02-19,0,22.66,22.66,1,0
363_1505,21.22516,73.48492,1,1,2023-11-05,2023-11-05,0,2.0,2.0,1,0
363_1511,21.22375,73.5054,1,1,2023-11-25,2023-11-25,0,5.48,5.48,1,0
363_1720,21.22481,74.26665,1,1,2023-04-17,2023-04-17,0,2.8,2.8,0,1
363_566,21.22441,70.06383,1,1,2023-02-25,2023-02-25,0,3.66,3.66,1,0
363_806,21.22304,70.93693,1,1,2023-04-23,2023-04-23,0,8.06,8.06,1,0
364_1395,21.22676,73.08313,1,1,2023-11-25,2023-11-25,0,5.57,5.57,1,0
364_1498,21.22853,73.45896,1,1,2023-02-17,2023-02-17,0,3.45,3.45,1,0
364_1511,21.22775,73.50488,1,1,2023-11-25,2023-11-25,0,5.25,5.25,1,0
364_550,21.2279,70.00486,1,1,2023-03-14,2023-03-14,0,3.49,3.49,1,0
364_565,21.22775,70.05865,1,1,2023-03-07,2023-03-07,0,1.67,1.67,1,0
364_686,21.2286,70.50066,1,1,2023-02-23,2023-02-23,0,6.93,6.93,1,0
365_1102,21.23269,72.01682,1,1,2023-11-05,2023-11-05,0,3.1,3.1,1,0
365_1104,21.22989,72.02167,1,1,2023-11-05,2023-11-05,0,5.42,5.42,1,0
365_1113,21.23015,72.0549,1,1,2023-06-08,2023-06-08,0,8.34,8.34,1,0
365_1303,21.23058,72.74695,1,1,2023-01-10,2023-01-10,0,1.84,1.84,1,0
365_1533,21.2324,73.58395,1,1,2023-03-02,2023-03-02,0,4.2,4.2,1,0
365_1534,21.23282,73.58848,1,1,2023-03-02,2023-03-02,0,4.93,4.93,1,0
365_548,21.2317,69.99884,1,1,2023-03-19,2023-03-19,0,2.73,2.73,1,0
365_559,21.23211,70.039,1,1,2023-03-01,2023-03-01,0,4.5,4.5,1,0
365_661,21.23283,70.40977,1,1,2023-03-03,2023-03-03,0,9.15,9.15,1,0
365_909,21.23166,71.31135,1,1,2023-03-02,2023-03-02,0,2.97,2.97,1,0
366_1103,21.23339,72.021,1,1,2023-11-05,2023-11-05,0,3.1,3.1,1,0
366_1284,21.23625,72.67679,1,1,2023-06-09,2023-06-09,0,5.93,5.93,1,0
366_1355,21.23376,72.93801,1,1,2023-02-01,2023-02-01,0,0.81,0.81,0,1
366_1425,21.23457,73.19083,1,1,2023-02-19,2023-02-19,0,6.32,6.32,1,0
366_1479,21.23351,73.38849,1,1,2023-05-08,2023-05-08,0,1.94,1.94,0,1
366_1533,21.2345,73.58401,1,1,2023-03-02,2023-03-02,0,5.21,5.21,1,0
366_1534,21.23489,73.58863,1,1,2023-03-02,2023-03-02,0,4.96,4.96,1,0
366_1598,21.23615,73.82117,1,1,2023-04-25,2023-04-25,0,14.08,14.08,1,0
366_1653,21.23514,74.02429,1,1,2023-01-25,2023-01-25,0,0.68,0.68,0,1
366_1692,21.23457,74.16351,1,1,2023-05-28,2023-05-28,0,0.72,0.72,1,0
366_552,21.236,70.0132,1,1,2023-03-28,2023-03-28,0,2.53,2.53,1,0
366_557,21.23564,70.02975,1,1,2023-03-07,2023-03-07,0,1.05,1.05,1,0
366_597,21.23362,70.17481,1,1,2023-02-27,2023-02-27,0,16.07,16.07,1,0
366_648,21.23426,70.36333,1,1,2023-03-29,2023-03-29,0,0.99,0.99,1,0
367_1077,21.23959,71.92421,1,1,2023-04-04,2023-04-04,0,4.37,4.37,1,0
367_1078,21.23826,71.927,1,1,2023-04-04,2023-04-04,0,10.38,10.38,1,0
367_1309,21.2368,72.77131,1,1,2023-11-04,2023-11-04,0,0.74,0.74,0,1
367_1366,21.23906,72.97825,1,1,2023-02-01,2023-02-01,0,1.22,1.22,0,1
367_1368,21.23816,72.98511,1,1,2023-12-06,2023-12-06,0,0.38,0.38,0,1
367_1374,21.23685,73.00697,1,1,2023-12-16,2023-12-16,0,0.32,0.32,0,1
367_1453,21.23745,73.29333,1,1,2023-04-20,2023-04-20,0,0.89,0.89,1,0
367_1614,21.238210000000002,73.88099,2,1,2023-02-05,2023-02-05,0,0.58,0.72,0,2
367_1753,21.23776,74.3876,1,1,2023-05-26,2023-05-26,0,1.76,1.76,1,0
367_552,21.23747,70.01311,1,1,2023-03-16,2023-03-16,0,6.65,6.65,1,0
367_553,21.23814,70.01585,1,1,2023-03-16,2023-03-16,0,4.53,4.53,1,0
367_664,21.2372,70.41914,1,1,2023-03-01,2023-03-01,0,2.68,2.68,1,0
367_862,21.2393,71.14212,1,1,2023-04-04,2023-04-04,0,16.25,16.25,1,0
368_1078,21.24025,71.92966,1,1,2023-04-04,2023-04-04,0,9.17,9.17,1,0
368_1352,21.24116,72.92681,1,1,2023-10-18,2023-10-18,0,4.74,4.74,1,0
368_1376,21.2406,73.0134,1,1,2023-12-06,2023-12-06,0,0.55,0.55,0,1
368_1753,21.24095,74.38739,1,1,2023-05-26,2023-05-26,0,1.44,1.44,1,0
368_1754,21.24272,74.39018,1,1,2023-06-09,2023-06-09,0,2.6,2.6,1,0
368_612,21.24299,70.2319,1,1,2023-03-24,2023-03-24,0,5.28,5.28,1,0
368_663,21.24195,70.41652,1,1,2023-03-01,2023-03-01,0,4.14,4.14,1,0
368_759,21.24084,70.76714,1,1,2023-02-27,2023-02-27,0,9.9,9.9,1,0
369_1362,21.24403,72.96312,1,1,2023-11-21,2023-11-21,0,0.98,0.98,0,1
369_1367,21.24609,72.9803,1,1,2023-02-26,2023-02-26,0,0.58,0.58,0,1
369_1374,21.24602,73.00621,1,1,2023-11-14,2023-11-14,0,0.84,0.84,0,1
369_1607,21.24318,73.85443,1,1,2023-11-21,2023-11-21,0,2.57,2.57,1,0
369_1754,21.24614,74.38953,1,1,2023-06-09,2023-06-09,0,2.6,2.6,1,0
369_575,21.24553,70.09465,1,1,2023-02-28,2023-02-28,0,4.58,4.58,1,0
369_759,21.2443,70.76646,1,1,2023-02-27,2023-02-27,0,27.22,27.22,1,0
36_1313,20.12264,72.78293,1,1,2023-04-10,2023-04-10,0,2.34,2.34,1,0
36_1483,20.12181,73.40153,1,1,2023-05-03,2023-05-03,0,9.92,9.92,1,0
36_1527,20.12372,73.56334,1,1,2023-05-24,2023-05-24,0,3.44,3.44,1,0
370_1357,21.24963,72.94274,1,1,2023-11-05,2023-11-05,0,7.56,7.56,1,0
370_1524,21.24844,73.55091,1,1,2023-01-10,2023-01-10,0,2.66,2.66,1,0
370_1657,21.24976,74.03832,1,1,2023-01-10,2023-01-10,0,2.5,2.5,1,0
370_554,21.24853,70.02094,1,1,2023-03-28,2023-03-28,0,4.86,4.86,1,0
370_581,21.24767,70.11724,1,1,2023-03-05,2023-03-05,0,1.45,1.45,1,0
371_1102,21.25021,72.01642,1,1,2023-12-23,2023-12-23,0,4.05,4.05,1,0
371_1340,21.25169,72.88071,1,1,2023-04-21,2023-04-21,0,2.83,2.83,1,0
371_1355,21.25117,72.93736,1,1,2023-10-25,2023-10-25,0,2.84,2.84,1,0
371_1367,21.25157,72.97961,1,1,2023-11-22,2023-11-22,0,0.55,0.55,0,1
371_1397,21.25204,73.09,1,1,2023-11-04,2023-11-04,0,0.21,0.21,0,1
371_1460,21.25085,73.31925,1,1,2023-04-11,2023-04-11,0,6.13,6.13,1,0
371_1614,21.25274,73.88216,1,1,2023-12-29,2023-12-29,0,1.14,1.14,0,1
371_1690,21.24983,74.15881,1,1,2023-06-09,2023-06-09,0,10.52,10.52,1,0
371_581,21.25191,70.11633,1,1,2023-03-05,2023-03-05,0,4.35,4.35,1,0
371_610,21.2516,70.22405,1,1,2023-04-04,2023-04-04,0,3.96,3.96,1,0
371_624,21.25224,70.27362,1,1,2023-10-18,2023-10-18,0,2.97,2.97,1,0
371_638,21.25197,70.32726,1,1,2023-04-02,2023-04-02,0,8.83,8.83,1,0
371_640,21.25244,70.33316,1,1,2023-04-02,2023-04-02,0,10.11,10.11,1,0
371_656,21.25029,70.39247,1,1,2023-01-16,2023-01-16,0,2.74,2.74,1,0
372_1102,21.25371,72.01575,1,1,2023-12-23,2023-12-23,0,5.68,5.68,1,0
372_1377,21.2541,73.01705,1,1,2023-11-10,2023-11-10,0,1.06,1.06,0,1
372_1378,21.25352,73.02074,1,1,2023-11-10,2023-11-10,0,1.06,1.06,0,1
372_1380,21.2542,73.02647,1,1,2023-12-27,2023-12-27,0,0.55,0.55,0,1
372_563,21.25534,70.05089,1,1,2023-03-10,2023-03-10,0,13.76,13.76,1,0
372_711,21.25537,70.59322,1,1,2023-02-20,2023-02-20,0,5.01,5.01,1,0
372_986,21.2539,71.59443,1,1,2023-12-28,2023-12-28,0,2.76,2.76,1,0
372_987,21.255924999999998,71.595155,2,2,2023-01-10,2023-12-12,336,3.3200000000000003,3.94,2,0
372_988,21.25597,71.59912,1,1,2023-12-12,2023-12-12,0,3.94,3.94,1,0
373_1107,21.25892,72.03236,1,1,2023-01-22,2023-01-22,0,6.15,6.15,1,0
373_1338,21.25825,72.87431,1,1,2023-12-16,2023-12-16,0,0.59,0.59,0,1
373_1374,21.25843,73.00568,1,1,2023-11-17,2023-11-17,0,1.07,1.07,0,1
373_1379,21.25921,73.02293,1,1,2023-11-22,2023-11-22,0,0.66,0.66,0,1
373_1383,21.25838,73.038365,2,1,2023-01-02,2023-01-02,0,0.44999999999999996,0.48,0,2
373_575,21.25789,70.09779,1,1,2023-05-12,2023-05-12,0,9.15,9.15,1,0
373_987,21.2579,71.59765,1,1,2023-12-28,2023-12-28,0,2.59,2.59,1,0
374_1107,21.26046,72.03516,1,1,2023-01-22,2023-01-22,0,9.08,9.08,1,0
374_628,21.26227,70.29095,1,1,2023-04-02,2023-04-02,0,3.04,3.04,1,0
374_657,21.26093,70.39311,1,1,2023-04-10,2023-04-10,0,7.68,7.68,1,0
375_1313,21.26471,72.78472,1,1,2023-01-12,2023-01-12,0,2.44,2.44,1,0
375_1372,21.26659,72.99895,1,1,2023-12-12,2023-12-12,0,3.3,3.3,1,0
375_1520,21.26493,73.53877,1,1,2023-11-23,2023-11-23,0,3.66,3.66,1,0
375_1635,21.26652,73.95562,1,1,2023-02-12,2023-02-12,0,3.19,3.19,1,0
375_686,21.26441,70.50179,1,1,2023-05-28,2023-05-28,0,2.76,2.76,1,0
376_1296,21.26817,72.72142,1,1,2023-02-22,2023-02-22,0,0.53,0.53,0,1
376_1341,21.26693,72.88786,1,1,2023-11-22,2023-11-22,0,0.35,0.35,0,1
376_1354,21.26894,72.93433,1,1,2023-02-24,2023-02-24,0,2.28,2.28,1,0
376_1458,21.26824,73.31062,1,1,2023-11-08,2023-11-08,0,2.88,2.88,1,0
376_1478,21.267924999999998,73.38356999999999,2,1,2023-01-05,2023-01-05,0,2.565,2.77,2,0
376_1495,21.26984,73.44644,1,1,2023-01-14,2023-01-14,0,3.42,3.42,1,0
376_1534,21.26701,73.59004,1,1,2023-05-11,2023-05-11,0,10.23,10.23,1,0
376_563,21.2695,70.05312,1,1,2023-03-21,2023-03-21,0,1.25,1.25,1,0
376_567,21.26812,70.06613,1,1,2023-02-23,2023-02-23,0,3.65,3.65,1,0
376_596,21.26884,70.17352,1,1,2023-03-06,2023-03-06,0,3.45,3.45,1,0
376_597,21.26978,70.1777,1,1,2023-03-06,2023-03-06,0,3.45,3.45,1,0
376_629,21.26776,70.29421,1,1,2023-04-02,2023-04-02,0,7.92,7.92,1,0
377_1286,21.27121,72.68449,1,1,2023-01-20,2023-01-20,0,2.46,2.46,1,0
377_1328,21.270319999999998,72.83926,2,1,2023-02-14,2023-02-14,0,0.6799999999999999,0.7,0,2
377_1345,21.27237,72.89919,1,1,2023-11-06,2023-11-06,0,0.32,0.32,0,1
377_1382,21.2716,73.0354,1,1,2023-11-10,2023-11-10,0,0.74,0.74,0,1
377_1386,21.2729,73.04842,1,1,2023-11-16,2023-11-16,0,0.62,0.62,0,1
377_1458,21.27113,73.3112,1,1,2023-11-08,2023-11-08,0,2.96,2.96,1,0
377_1660,21.27063,74.04755,1,1,2023-02-11,2023-02-11,0,0.56,0.56,0,1
377_1661,21.27101,74.04993,1,1,2023-02-12,2023-02-12,0,2.0,2.0,0,1
377_1766,21.27284,74.43469,1,1,2023-01-18,2023-01-18,0,2.88,2.88,1,0
377_651,21.27204,70.37231,1,1,2023-10-08,2023-10-08,0,1.93,1.93,1,0
378_1270,21.27453,72.62625,1,1,2023-02-11,2023-02-11,0,2.65,2.65,1,0
378_1281,21.27378,72.6675,1,1,2023-06-11,2023-06-11,0,2.28,2.28,1,0
378_1379,21.27524,73.02495,1,1,2023-12-07,2023-12-07,0,0.42,0.42,0,1
378_781,21.27533,70.84775,1,1,2023-01-20,2023-01-20,0,3.19,3.19,1,0
378_782,21.27637,70.84833,1,1,2023-01-21,2023-01-21,0,4.03,4.03,1,0
379_1527,21.27939,73.56501,1,1,2023-04-18,2023-04-18,0,3.08,3.08,1,0
379_1528,21.27777,73.56734,1,1,2023-04-18,2023-04-18,0,2.36,2.36,1,0
379_1605,21.27731,73.84694,1,1,2023-11-20,2023-11-20,0,0.48,0.48,0,1
37_1460,20.12739,73.31866,1,1,2023-04-20,2023-04-20,0,3.2,3.2,1,0
37_1490,20.12784,73.42831,1,1,2023-04-10,2023-04-10,0,8.57,8.57,1,0
37_1507,20.12782,73.49063,1,1,2023-05-31,2023-05-31,0,2.85,2.85,1,0
37_1604,20.12619,73.84484,1,1,2023-06-13,2023-06-13,0,11.36,11.36,1,0
37_1616,20.12741,73.88721,1,1,2023-04-17,2023-04-17,0,5.05,5.05,1,0
380_1104,21.28101,72.0216,1,1,2023-04-01,2023-04-01,0,9.26,9.26,1,0
380_1319,21.28346,72.80729,1,1,2023-12-07,2023-12-07,0,0.52,0.52,0,1
380_1332,21.28034,72.85381,1,1,2023-01-15,2023-01-15,0,8.65,8.65,1,0
380_1376,21.28122,73.0121,1,1,2023-11-25,2023-11-25,0,2.29,2.29,1,0
380_1378,21.28137,73.01962,1,1,2023-12-13,2023-12-13,0,4.13,4.13,1,0
380_1381,21.28016,73.03201,1,1,2023-11-20,2023-11-20,0,2.83,2.83,0,1
380_1384,21.28184,73.04125,1,1,2023-11-15,2023-11-15,0,0.52,0.52,0,1
380_1436,21.28035,73.23071,1,1,2023-11-16,2023-11-16,0,2.52,2.52,1,0
380_1478,21.28107,73.38342,1,1,2023-11-04,2023-11-04,0,0.75,0.75,0,1
380_1508,21.28119,73.49497,1,1,2023-03-26,2023-03-26,0,4.32,4.32,1,0
380_1528,21.28147,73.56723500000001,2,1,2023-04-18,2023-04-18,0,3.255,4.15,2,0
380_608,21.28149,70.21809,1,1,2023-05-29,2023-05-29,0,5.68,5.68,1,0
381_1329,21.28376,72.84373,1,1,2023-11-20,2023-11-20,0,0.37,0.37,0,1
381_1332,21.2837,72.85326,1,1,2023-01-15,2023-01-15,0,8.65,8.65,1,0
381_1351,21.284415,72.92243500000001,2,2,2023-03-01,2023-04-04,34,1.06,1.33,2,0
381_1375,21.28585,73.01059,1,1,2023-11-14,2023-11-14,0,0.59,0.59,0,1
381_1380,21.2847,73.02726,1,1,2023-11-12,2023-11-12,0,0.38,0.38,0,1
381_1381,21.28378,73.03275,1,1,2023-11-20,2023-11-20,0,0.68,0.68,0,1
381_1384,21.28524,73.04192,1,1,2023-11-15,2023-11-15,0,0.52,0.52,0,1
381_1509,21.28514,73.49817,1,1,2023-03-26,2023-03-26,0,4.07,4.07,1,0
381_1526,21.2851,73.56047,1,1,2023-05-23,2023-05-23,0,7.62,7.62,1,0
381_1629,21.28503,73.93551,1,1,2023-12-18,2023-12-18,0,2.7,2.7,1,0
381_1738,21.28444,74.33183,1,1,2023-04-21,2023-04-21,0,16.7,16.7,1,0
381_643,21.28547,70.34228,1,1,2023-03-13,2023-03-13,0,14.11,14.11,1,0
381_757,21.28602,70.75932,1,1,2023-03-25,2023-03-25,0,6.92,6.92,1,0
381_765,21.28605,70.789265,2,1,2023-03-05,2023-03-05,0,7.03,8.06,2,0
382_1278,21.28969,72.65748,1,1,2023-05-06,2023-05-06,0,5.24,5.24,1,0
382_1333,21.28858,72.85793,1,1,2023-11-23,2023-11-23,0,0.49,0.49,0,1
382_1334,21.28895,72.861035,2,2,2023-11-09,2023-11-10,1,1.83,2.81,0,2
382_1598,21.28961,73.82119,1,1,2023-12-01,2023-12-01,0,3.7,3.7,1,0
382_1747,21.28759,74.36575,1,1,2023-06-09,2023-06-09,0,1.34,1.34,1,0
382_562,21.28781,70.05048,1,1,2023-04-21,2023-04-21,0,2.61,2.61,1,0
382_584,21.28801,70.12909,1,1,2023-04-02,2023-04-02,0,3.41,3.41,1,0
382_585,21.28854,70.13149,1,1,2023-04-02,2023-04-02,0,2.77,2.77,1,0
382_593,21.28878,70.1618,1,1,2023-03-03,2023-03-03,0,9.89,9.89,1,0
382_704,21.288665,70.56558,2,1,2023-03-13,2023-03-13,0,8.200000000000001,8.96,2,0
382_757,21.28818,70.75867,1,1,2023-03-25,2023-03-25,0,6.98,6.98,1,0
382_766,21.28744,70.79256,1,1,2023-03-05,2023-03-05,0,6.88,6.88,1,0
383_1323,21.29314,72.81897,1,1,2023-11-21,2023-11-21,0,0.51,0.51,0,1
383_1334,21.2906,72.86029,1,1,2023-10-31,2023-10-31,0,1.23,1.23,0,1
383_1350,21.29233,72.92027,1,1,2023-11-11,2023-11-11,0,0.35,0.35,0,1
383_1376,21.29223,73.0133,1,1,2023-11-11,2023-11-11,0,0.81,0.81,0,1
383_1523,21.29257,73.5491,1,1,2023-02-26,2023-02-26,0,5.64,5.64,1,0
383_562,21.29119,70.04986,1,1,2023-04-21,2023-04-21,0,2.61,2.61,1,0
383_715,21.29183,70.60729,1,1,2023-03-03,2023-03-03,0,11.29,11.29,1,0
384_1350,21.29504,72.91814,1,1,2023-11-18,2023-11-18,0,1.14,1.14,0,1
384_1747,21.29564,74.36584,1,1,2023-03-22,2023-03-22,0,2.26,2.26,1,0
384_569,21.29482,70.0748,1,1,2023-03-13,2023-03-13,0,2.19,2.19,1,0
384_647,21.29624,70.35675,1,1,2023-04-10,2023-04-10,0,11.15,11.15,1,0
384_769,21.29685,70.80273,1,1,2023-02-27,2023-02-27,0,14.22,14.22,1,0
384_770,21.29408,70.80756,1,1,2023-02-27,2023-02-27,0,14.22,14.22,1,0
384_771,21.29475,70.80859,1,1,2023-02-10,2023-02-10,0,24.99,24.99,1,0
384_778,21.29605,70.83583,1,1,2023-03-02,2023-03-02,0,4.44,4.44,1,0
385_1306,21.30024,72.75746,1,1,2023-01-10,2023-01-10,0,0.9,0.9,1,0
385_1323,21.29838,72.82065,1,1,2023-01-31,2023-01-31,0,2.08,2.08,1,0
385_1333,21.29702,72.85876,1,1,2023-11-04,2023-11-04,0,0.56,0.56,0,1
385_1417,21.298445,73.16137,2,1,2023-01-31,2023-01-31,0,2.915,3.13,2,0
385_1508,21.29935,73.49372,1,1,2023-02-21,2023-02-21,0,3.05,3.05,1,0
385_1509,21.29994,73.49824,1,1,2023-02-21,2023-02-21,0,4.72,4.72,1,0
385_1547,21.29809,73.63554,1,1,2023-06-08,2023-06-08,0,3.28,3.28,1,0
385_587,21.29844,70.14097,1,1,2023-03-27,2023-03-27,0,2.81,2.81,1,0
385_740,21.29932,70.69574,1,1,2023-03-25,2023-03-25,0,6.99,6.99,1,0
385_783,21.29771,70.85548,1,1,2023-02-07,2023-02-07,0,8.9,8.9,1,0
385_785,21.29897,70.86154,1,1,2023-02-07,2023-02-07,0,8.9,8.9,1,0
385_853,21.29976,71.10931,1,1,2023-01-20,2023-01-20,0,3.3,3.3,1,0
386_1310,21.30062,72.77254,1,1,2023-03-10,2023-03-10,0,0.97,0.97,1,0
386_1412,21.30195,73.14613,1,1,2023-04-04,2023-04-04,0,2.64,2.64,1,0
386_1524,21.30353,73.55296,1,1,2023-02-22,2023-02-22,0,0.82,0.82,0,1
386_1526,21.30312,73.55846,1,1,2023-02-22,2023-02-22,0,2.21,2.21,1,0
386_1535,21.30032,73.59417,1,1,2023-05-23,2023-05-23,0,2.86,2.86,1,0
386_1595,21.30264,73.81023,1,1,2023-06-02,2023-06-02,0,3.05,3.05,1,0
386_777,21.30061,70.83169,1,1,2023-02-20,2023-02-20,0,23.42,23.42,1,0
386_778,21.30108,70.83562,1,1,2023-02-20,2023-02-20,0,23.42,23.42,1,0
386_783,21.30259,70.85419,1,1,2023-02-07,2023-02-07,0,6.36,6.36,1,0
386_879,21.30268,71.20168,1,1,2023-10-30,2023-10-30,0,0.93,0.93,1,0
387_1289,21.3051,72.69636,1,1,2023-12-12,2023-12-12,0,1.77,1.77,1,0
387_1353,21.30451,72.93048999999999,2,2,2023-11-12,2023-11-22,10,0.355,0.46,0,2
387_1354,21.3048,72.93168,1,1,2023-11-22,2023-11-22,0,0.21,0.21,0,1
387_1438,21.30507,73.24014,1,1,2023-06-08,2023-06-08,0,3.64,3.64,1,0
387_1486,21.30542,73.41448,1,1,2023-06-08,2023-06-08,0,3.64,3.64,1,0
387_1498,21.30698,73.45844,1,1,2023-03-10,2023-03-10,0,5.69,5.69,1,0
387_598,21.30645,70.18159,1,1,2023-03-06,2023-03-06,0,1.27,1.27,1,0
387_659,21.30669,70.40221,1,1,2023-02-20,2023-02-20,0,6.83,6.83,1,0
387_785,21.30384,70.86022,1,1,2023-02-07,2023-02-07,0,6.36,6.36,1,0
388_1093,21.30873,71.98316,1,1,2023-05-11,2023-05-11,0,7.68,7.68,1,0
388_1280,21.30997,72.66508,1,1,2023-02-02,2023-02-02,0,2.86,2.86,1,0
388_1304,21.30874,72.75008,1,1,2023-11-05,2023-11-05,0,6.58,6.58,1,0
388_1337,21.30715,72.87281,1,1,2023-12-26,2023-12-26,0,0.48,0.48,0,1
388_1338,21.30829,72.87372,1,1,2023-12-26,2023-12-26,0,0.52,0.52,0,1
388_1385,21.3098,73.04758,1,1,2023-01-04,2023-01-04,0,3.44,3.44,1,0
388_1434,21.30833,73.22446,1,1,2023-01-08,2023-01-08,0,1.91,1.91,0,1
388_1463,21.30747,73.3316,1,1,2023-12-19,2023-12-19,0,0.75,0.75,0,1
388_1480,21.31005,73.39398,1,1,2023-05-06,2023-05-06,0,4.05,4.05,1,0
388_1526,21.30904,73.56158,1,1,2023-02-22,2023-02-22,0,0.6,0.6,0,1
388_1556,21.31013,73.66878,1,1,2023-06-14,2023-06-14,0,7.03,7.03,1,0
388_1670,21.30781,74.08517,1,1,2023-06-08,2023-06-08,0,6.03,6.03,1,0
388_598,21.30821,70.18145,1,1,2023-03-06,2023-03-06,0,1.59,1.59,1,0
388_710,21.31021,70.58931,1,1,2023-02-24,2023-02-24,0,9.64,9.64,1,0
388_973,21.30907,71.5444,1,1,2023-04-14,2023-04-14,0,33.48,33.48,1,0
388_974,21.30967,71.5499,1,1,2023-04-14,2023-04-14,0,20.44,20.44,1,0
388_976,21.31027,71.55541,1,1,2023-04-14,2023-04-14,0,20.44,20.44,1,0
389_1284,21.31324,72.67942,1,1,2023-02-10,2023-02-10,0,6.83,6.83,1,0
389_1285,21.31219,72.68201,1,1,2023-06-08,2023-06-08,0,3.06,3.06,1,0
389_1299,21.31334,72.73251,1,1,2023-12-12,2023-12-12,0,4.73,4.73,1,0
389_1375,21.31228,73.0087,1,1,2023-12-06,2023-12-06,0,4.96,4.96,1,0
389_1386,21.31043,73.04986,1,1,2023-04-26,2023-04-26,0,2.88,2.88,1,0
389_1400,21.31356,73.09991,1,1,2023-02-14,2023-02-14,0,10.66,10.66,1,0
389_1434,21.31119,73.22433,1,1,2023-01-08,2023-01-08,0,1.99,1.99,0,1
389_1490,21.31298,73.43027,1,1,2023-01-20,2023-01-20,0,3.86,3.86,1,0
389_1493,21.31046,73.43871,1,1,2023-04-26,2023-04-26,0,3.99,3.99,1,0
389_1545,21.31121,73.63084,1,1,2023-03-12,2023-03-12,0,5.67,5.67,1,0
389_609,21.31309,70.2195,1,1,2023-03-17,2023-03-17,0,4.97,4.97,1,0
389_657,21.31121,70.39372,1,1,2023-02-24,2023-02-24,0,2.71,2.71,1,0
389_831,21.311864999999997,71.029005,2,1,2023-03-12,2023-03-12,0,4.2299999999999995,4.64,2,0
389_977,21.31087,71.56094,1,1,2023-04-14,2023-04-14,0,20.08,20.08,1,0
38_1326,20.12985,72.8316,1,1,2023-04-20,2023-04-20,0,2.09,2.09,1,0
38_1524,20.13135,73.55363,1,1,2023-04-02,2023-04-02,0,2.06,2.06,1,0
38_1582,20.13078,73.7626,1,1,2023-04-12,2023-04-12,0,2.93,2.93,0,1
38_1644,20.13078,73.99139,1,1,2023-05-23,2023-05-23,0,4.81,4.81,1,0
38_1652,20.12847,74.01788,1,1,2023-01-28,2023-01-28,0,2.65,2.65,1,0
390_1309,21.31464,72.77126,1,1,2023-04-11,2023-04-11,0,5.37,5.37,1,0
390_1335,21.31613,72.86416,1,1,2023-12-10,2023-12-10,0,2.1,2.1,0,1
390_1399,21.31394,73.09898,1,1,2023-02-14,2023-02-14,0,5.22,5.22,1,0
390_1401,21.31436,73.10335,1,1,2023-02-14,2023-02-14,0,5.22,5.22,1,0
390_1469,21.31384,73.35074,1,1,2023-01-26,2023-01-26,0,0.59,0.59,0,1
390_1528,21.3168,73.56767,1,1,2023-02-22,2023-02-22,0,7.09,7.09,1,0
390_1540,21.31493,73.61103,1,1,2023-05-12,2023-05-12,0,15.57,15.57,1,0
390_1542,21.314445,73.61821499999999,2,2,2023-03-08,2023-03-09,1,3.98,6.75,1,1
390_1557,21.31444,73.673,1,1,2023-05-08,2023-05-08,0,5.8,5.8,1,0
390_1661,21.31503,74.05118,1,1,2023-10-31,2023-10-31,0,2.11,2.11,1,0
390_523,21.31653,69.90842,1,1,2023-04-18,2023-04-18,0,4.61,4.61,1,0
390_524,21.31573,69.91013,1,1,2023-06-07,2023-06-07,0,11.38,11.38,1,0
390_610,21.31392,70.22189,1,1,2023-03-17,2023-03-17,0,5.02,5.02,1,0
390_710,21.31629,70.58884,1,1,2023-02-24,2023-02-24,0,9.49,9.49,1,0
390_787,21.31448,70.86982,1,1,2023-02-12,2023-02-12,0,12.98,12.98,1,0
390_972,21.31385,71.54388,1,1,2023-04-14,2023-04-14,0,22.07,22.07,1,0
390_974,21.31444,71.54934,1,1,2023-04-14,2023-04-14,0,20.93,20.93,1,0
390_975,21.31504,71.55485,1,1,2023-04-14,2023-04-14,0,20.93,20.93,1,0
390_977,21.31564,71.5604,1,1,2023-04-14,2023-04-14,0,18.87,18.87,1,0
391_1348,21.31913,72.91074,1,1,2023-12-24,2023-12-24,0,0.68,0.68,0,1
391_1352,21.318,72.92634,1,1,2023-12-12,2023-12-12,0,2.11,2.11,0,1
391_1384,21.31903,73.04294,1,1,2023-12-13,2023-12-13,0,1.98,1.98,0,1
391_1496,21.32051,73.44923,1,1,2023-05-21,2023-05-21,0,3.98,3.98,1,0
391_1510,21.31878,73.50251,1,1,2023-02-28,2023-02-28,0,7.93,7.93,1,0
391_1527,21.31955,73.56335,1,1,2023-02-22,2023-02-22,0,5.04,5.04,1,0
391_1528,21.32016,73.56712,1,1,2023-02-22,2023-02-22,0,7.09,7.09,1,0
391_1542,21.31754,73.61761,1,1,2023-03-09,2023-03-09,0,3.35,3.35,1,0
391_524,21.31847,69.91068,1,1,2023-02-05,2023-02-05,0,4.63,4.63,1,0
391_657,21.31721,70.3932,1,1,2023-02-24,2023-02-24,0,2.71,2.71,1,0
392_1469,21.32271,73.35332,1,1,2023-01-05,2023-01-05,0,0.81,0.81,0,1
392_1477,21.32334,73.38157,1,1,2023-03-26,2023-03-26,0,26.22,26.22,1,0
392_1508,21.32374,73.49432,1,1,2023-04-04,2023-04-04,0,2.11,2.11,1,0
392_1606,21.32237,73.85265,1,1,2023-04-08,2023-04-08,0,1.63,1.63,1,0
392_1616,21.32324,73.88948,1,1,2023-05-17,2023-05-17,0,12.57,12.57,1,0
392_1629,21.32167,73.93362,1,1,2023-04-07,2023-04-07,0,9.45,9.45,1,0
392_678,21.32076,70.47242,1,1,2023-06-05,2023-06-05,0,2.03,2.03,1,0
392_732,21.32345,70.66872,1,1,2023-02-17,2023-02-17,0,5.91,5.91,1,0
393_1114,21.32401,72.0604,1,1,2023-03-03,2023-03-03,0,2.5,2.5,1,0
393_1117,21.32644,72.07124,1,1,2023-03-25,2023-03-25,0,1.99,1.99,1,0
393_1290,21.32611,72.69893,1,1,2023-02-15,2023-02-15,0,3.61,3.61,1,0
393_1296,21.32496,72.72276,1,1,2023-01-15,2023-01-15,0,3.65,3.65,1,0
393_1354,21.32546,72.93352,1,1,2023-11-04,2023-11-04,0,2.37,2.37,1,0
393_1361,21.32532,72.95903,1,1,2023-12-18,2023-12-18,0,0.62,0.62,0,1
393_1497,21.32721,73.45251,1,1,2023-03-03,2023-03-03,0,5.83,5.83,1,0
393_1515,21.32569,73.51933,1,1,2023-03-13,2023-03-13,0,2.75,2.75,1,0
393_1530,21.32677,73.57438,1,1,2023-02-23,2023-02-23,0,1.35,1.35,0,1
393_1643,21.32574,73.98458,1,1,2023-01-21,2023-01-21,0,2.8,2.8,1,0
393_1671,21.32515,74.08678,1,1,2023-03-24,2023-03-24,0,0.37,0.37,0,1
393_592,21.326815000000003,70.15887000000001,2,1,2023-03-01,2023-03-01,0,3.8200000000000003,3.96,2,0
393_660,21.3242,70.40461,1,1,2023-03-21,2023-03-21,0,4.14,4.14,1,0
393_661,21.32498,70.40865,1,1,2023-03-21,2023-03-21,0,5.27,5.27,1,0
393_725,21.32443,70.64152,1,1,2023-05-14,2023-05-14,0,2.03,2.03,1,0
394_1313,21.32921,72.78541,1,1,2023-05-07,2023-05-07,0,5.11,5.11,1,0
394_1360,21.32766,72.95648,1,1,2023-12-11,2023-12-11,0,0.49,0.49,0,1
394_1372,21.32946,72.99921,1,1,2023-02-13,2023-02-13,0,2.3,2.3,0,1
394_1482,21.33022,73.4001,1,1,2023-01-09,2023-01-09,0,5.33,5.33,1,0
394_1483,21.32873,73.4032,1,1,2023-01-09,2023-01-09,0,4.4,4.4,1,0
394_1484,21.33004,73.40803,1,1,2023-06-01,2023-06-01,0,0.71,0.71,1,0
394_1498,21.32786,73.45712,1,1,2023-02-27,2023-02-27,0,13.45,13.45,1,0
394_1500,21.33009,73.46664,1,1,2023-02-23,2023-02-23,0,4.31,4.31,1,0
394_1523,21.32849,73.54991,1,1,2023-03-10,2023-03-10,0,0.52,0.52,0,1
394_1644,21.32914,73.98808,1,1,2023-04-25,2023-04-25,0,17.78,17.78,1,0
394_1668,21.32802,74.07746,1,1,2023-01-22,2023-01-22,0,0.99,0.99,0,1
394_1714,21.32834,74.24376,1,1,2023-11-03,2023-11-03,0,3.42,3.42,1,0
394_1715,21.33021,74.24933,1,1,2023-01-26,2023-01-26,0,0.88,0.88,1,0
394_765,21.32847,70.78963,1,1,2023-03-18,2023-03-18,0,9.24,9.24,1,0
395_1387,21.33303,73.05304,1,1,2023-12-07,2023-12-07,0,3.82,3.82,1,0
395_1502,21.33089,73.47082,1,1,2023-02-23,2023-02-23,0,13.55,13.55,1,0
395_1510,21.33312,73.50017,1,1,2023-03-07,2023-03-07,0,4.99,4.99,1,0
395_1517,21.3318,73.5267,1,1,2023-03-12,2023-03-12,0,2.36,2.36,1,0
395_1529,21.33133,73.57137,1,1,2023-02-23,2023-02-23,0,0.96,0.96,0,1
395_1600,21.33202,73.83083,1,1,2023-03-10,2023-03-10,0,10.67,10.67,1,0
395_1619,21.33326,73.89964,1,1,2023-03-24,2023-03-24,0,2.84,2.84,1,0
395_1620,21.33376,73.90142,1,1,2023-03-24,2023-03-24,0,1.41,1.41,1,0
395_1629,21.333645,73.934205,2,1,2023-03-12,2023-03-12,0,4.55,5.5,2,0
395_1637,21.33222,73.96326,1,1,2023-01-11,2023-01-11,0,8.85,8.85,1,0
395_687,21.33085,70.50366,1,1,2023-03-26,2023-03-26,0,3.28,3.28,1,0
395_737,21.332385000000002,70.68726000000001,2,1,2023-03-20,2023-03-20,0,9.835,10.31,2,0
395_750,21.33336,70.73465,1,1,2023-10-24,2023-10-24,0,2.25,2.25,1,0
395_785,21.33154,70.86053,1,1,2023-02-19,2023-02-19,0,5.62,5.62,1,0
395_786,21.3319,70.86437,1,1,2023-02-19,2023-02-19,0,5.62,5.62,1,0
396_1315,21.33468,72.79017,1,1,2023-06-08,2023-06-08,0,2.62,2.62,1,0
396_1324,21.33429,72.82585,1,1,2023-12-17,2023-12-17,0,0.33,0.33,0,1
396_1372,21.33675,73.00034,1,1,2023-02-06,2023-02-06,0,7.3,7.3,1,0
396_1398,21.33492,73.09452,1,1,2023-11-06,2023-11-06,0,0.57,0.57,0,1
396_1477,21.33496,73.38071,1,1,2023-06-10,2023-06-10,0,6.45,6.45,1,0
396_1478,21.33419,73.38417,1,1,2023-06-13,2023-06-13,0,4.5,4.5,1,0
396_1531,21.33615,73.57706,1,1,2023-02-22,2023-02-22,0,1.74,1.74,0,1
396_1533,21.33502,73.58452,1,1,2023-02-22,2023-02-22,0,1.86,1.86,0,1
396_1552,21.33657,73.65333,1,1,2023-05-31,2023-05-31,0,4.91,4.91,1,0
396_591,21.33486,70.15527,1,1,2023-03-29,2023-03-29,0,18.36,18.36,1,0
396_966,21.33477,71.5202,1,1,2023-04-26,2023-04-26,0,7.11,7.11,1,0
397_1370,21.33887,72.99194,1,1,2023-02-06,2023-02-06,0,11.8,11.8,1,0
397_1371,21.33956,72.99535,2,2,2023-01-21,2023-02-06,16,7.380000000000001,11.8,2,0
397_1372,21.339325000000002,72.999785,2,2,2023-02-06,2023-11-16,283,5.535,7.3,2,0
397_1387,21.33801,73.05235,1,1,2023-02-05,2023-02-05,0,0.62,0.62,0,1
397_1500,21.33747,73.46471,1,1,2023-03-03,2023-03-03,0,4.12,4.12,1,0
397_1501,21.33798,73.46921,1,1,2023-03-03,2023-03-03,0,5.82,5.82,1,0
397_1506,21.3393,73.48781,1,1,2023-03-10,2023-03-10,0,2.74,2.74,1,0
397_1510,21.34048,73.50231,1,1,2023-03-13,2023-03-13,0,2.79,2.79,1,0
397_1600,21.33886,73.83047,1,1,2023-03-10,2023-03-10,0,0.4,0.4,0,1
397_1630,21.33989,73.93859,1,1,2023-03-23,2023-03-23,0,2.97,2.97,1,0
397_1631,21.34024,73.94259,1,1,2023-04-02,2023-04-02,0,8.13,8.13,1,0
397_1634,21.34053,73.95241,1,1,2023-02-17,2023-02-17,0,0.44,0.44,0,1
397_1674,21.33866,74.09944,1,1,2023-03-28,2023-03-28,0,4.78,4.78,1,0
397_1747,21.34025,74.36406,1,1,2023-04-04,2023-04-04,0,4.13,4.13,1,0
397_529,21.33968,69.9285,1,1,2023-03-05,2023-03-05,0,3.5,3.5,1,0
397_851,21.33964,71.1026,1,1,2023-11-14,2023-11-14,0,0.88,0.88,0,1
398_1304,21.3432,72.75116,1,1,2023-01-31,2023-01-31,0,1.2,1.2,1,0
398_1313,21.34223,72.78249,1,1,2023-01-22,2023-01-22,0,3.67,3.67,1,0
398_1361,21.34153,72.95819,2,1,2023-03-28,2023-03-28,0,1.6600000000000001,1.96,0,2
398_1364,21.34404,72.96816,1,1,2023-02-24,2023-02-24,0,7.89,7.89,1,0
398_1372,21.34281,72.99912,2,2,2023-02-06,2023-11-16,283,8.625,13.48,2,0
398_1373,21.34077,73.00359,1,1,2023-02-06,2023-02-06,0,7.3,7.3,1,0
398_1374,21.34373,73.00544,1,1,2023-11-05,2023-11-05,0,2.1,2.1,1,0
398_1386,21.34329,73.05164,1,1,2023-01-20,2023-01-20,0,3.28,3.28,1,0
398_1474,21.34288,73.37172,1,1,2023-05-24,2023-05-24,0,5.12,5.12,1,0
398_1497,21.34077,73.45518,1,1,2023-03-02,2023-03-02,0,3.64,3.64,1,0
398_1508,21.34387,73.49486,1,1,2023-03-10,2023-03-10,0,6.8,6.8,1,0
398_1511,21.34085,73.50616,1,1,2023-03-13,2023-03-13,0,3.52,3.52,1,0
398_1531,21.34312,73.57678,1,1,2023-04-25,2023-04-25,0,2.97,2.97,1,0
398_1532,21.34371,73.58267,1,1,2023-04-25,2023-04-25,0,4.28,4.28,1,0
398_1631,21.34096,73.9432,1,1,2023-03-23,2023-03-23,0,2.97,2.97,1,0
398_1645,21.34342,73.99194,1,1,2023-03-28,2023-03-28,0,4.11,4.11,1,0
398_1646,21.34307,73.99777,1,1,2023-02-22,2023-02-22,0,0.58,0.58,0,1
398_553,21.34136,70.01646,1,1,2023-03-09,2023-03-09,0,4.64,4.64,1,0
398_599,21.34345,70.183525,2,1,2023-03-17,2023-03-17,0,8.05,9.7,2,0
398_600,21.34359,70.18803,1,1,2023-03-17,2023-03-17,0,6.4,6.4,1,0
398_622,21.3434,70.26775,1,1,2023-03-29,2023-03-29,0,11.1,11.1,1,0
398_717,21.34404,70.61255,1,1,2023-10-08,2023-10-08,0,1.37,1.37,1,0
399_1015,21.34594,71.69833,1,1,2023-04-25,2023-04-25,0,12.05,12.05,1,0
399_1086,21.3448,71.9567,1,1,2023-02-21,2023-02-21,0,0.92,0.92,0,1
399_1305,21.34628,72.75652,1,1,2023-04-01,2023-04-01,0,6.17,6.17,1,0
399_1313,21.34645,72.78442,1,1,2023-03-05,2023-03-05,0,14.41,14.41,1,0
399_1355,21.34464,72.93552,1,1,2023-03-04,2023-03-04,0,1.91,1.91,1,0
399_1365,21.34503,72.97256,1,1,2023-02-24,2023-02-24,0,9.56,9.56,1,0
399_1372,21.34691,72.99847,1,1,2023-02-06,2023-02-06,0,13.48,13.48,1,0
399_1373,21.34415,73.00297,1,1,2023-02-06,2023-02-06,0,13.48,13.48,1,0
399_1374,21.34479,73.00685,1,1,2023-02-06,2023-02-06,0,3.41,3.41,1,0
399_1448,21.34732,73.27465,1,1,2023-03-25,2023-03-25,0,4.36,4.36,1,0
399_1501,21.34731,73.46877,1,1,2023-03-11,2023-03-11,0,4.92,4.92,1,0
399_1514,21.34736,73.51677,1,1,2023-03-13,2023-03-13,0,3.52,3.52,1,0
399_1556,21.34461,73.66801,1,1,2023-02-28,2023-02-28,0,4.46,4.46,1,0
399_1629,21.345,73.93358,1,1,2023-04-07,2023-04-07,0,9.59,9.59,1,0
399_1665,21.34603,74.06458,1,1,2023-03-24,2023-03-24,0,3.78,3.78,1,0
399_1745,21.34715,74.35785,1,1,2023-03-27,2023-03-27,0,7.12,7.12,1,0
399_714,21.34649,70.60175,1,1,2023-05-27,2023-05-27,0,2.02,2.02,1,0
399_788,21.34461,70.87271,2,1,2023-03-14,2023-03-14,0,8.975,9.37,2,0
39_1377,20.13336,73.01905,1,1,2023-05-14,2023-05-14,0,1.6,1.6,0,1
39_1485,20.1336,73.41189,1,1,2023-04-28,2023-04-28,0,0.48,0.48,0,1
39_1489,20.13277,73.42487,1,1,2023-05-27,2023-05-27,0,4.15,4.15,1,0
39_1508,20.132,73.49287,1,1,2023-05-31,2023-05-31,0,3.51,3.51,1,0
39_1516,20.13142,73.52462,1,1,2023-05-17,2023-05-17,0,6.9,6.9,1,0
39_1525,20.13235,73.55563,1,1,2023-04-02,2023-04-02,0,2.92,2.92,1,0
39_1601,20.13365,73.83155,1,1,2023-04-18,2023-04-18,0,0.99,0.99,1,0
39_1609,20.13205,73.86348,1,1,2023-04-03,2023-04-03,0,4.28,4.28,1,0
39_1619,20.13338,73.89874,1,1,2023-04-12,2023-04-12,0,5.87,5.87,1,0
3_1392,20.01145,73.07029,1,1,2023-05-13,2023-05-13,0,5.28,5.28,1,0
3_1405,20.01095,73.11974,1,1,2023-04-12,2023-04-12,0,2.52,2.52,1,0
3_1425,20.01104,73.19078,1,1,2023-04-12,2023-04-12,0,3.54,3.54,1,0
3_1434,20.012505,73.22530499999999,2,1,2023-03-29,2023-03-29,0,0.87,1.0,2,0
3_1459,20.0118,73.31718,1,1,2023-04-20,2023-04-20,0,3.72,3.72,1,0
3_1496,20.01087,73.45118,1,1,2023-02-19,2023-02-19,0,0.98,0.98,0,1
3_1498,20.01118,73.45803,1,1,2023-02-19,2023-02-19,0,2.07,2.07,0,1
3_1651,20.01299,74.01534,1,1,2023-09-06,2023-09-06,0,11.88,11.88,1,0
400_1007,21.35058,71.66974,1,1,2023-02-22,2023-02-22,0,0.53,0.53,0,1
400_1312,21.34929,72.77915,1,1,2023-03-05,2023-03-05,0,9.83,9.83,1,0
400_1313,21.35009,72.7837,1,1,2023-03-05,2023-03-05,0,9.83,9.83,1,0
400_1337,21.348045,72.87179,2,1,2023-11-12,2023-11-12,0,0.51,0.52,0,2
400_1339,21.348695,72.87792999999999,2,1,2023-11-18,2023-11-18,0,8.785,10.06,2,0
400_1348,21.34918,72.91242,2,1,2023-11-15,2023-11-15,0,0.37,0.43,0,2
400_1363,21.34875,72.9674,1,1,2023-02-24,2023-02-24,0,8.73,8.73,1,0
400_1365,21.34977,72.97179,1,1,2023-02-24,2023-02-24,0,9.32,9.32,1,0
400_1371,21.34966,72.99395,1,1,2023-02-06,2023-02-06,0,2.96,2.96,1,0
400_1373,21.34754,73.00234,1,1,2023-02-06,2023-02-06,0,13.48,13.48,1,0
400_1499,21.34971,73.460825,2,1,2023-02-20,2023-02-20,0,10.765,12.41,2,0
400_1501,21.34783,73.46919,1,1,2023-03-11,2023-03-11,0,3.85,3.85,1,0
400_1527,21.34994,73.56256,1,1,2023-04-09,2023-04-09,0,7.13,7.13,1,0
400_1528,21.34864,73.56544,1,1,2023-04-09,2023-04-09,0,5.74,5.74,1,0
400_1530,21.35081,73.57534,1,1,2023-04-11,2023-04-11,0,6.06,6.06,1,0
400_1554,21.34956,73.66216,1,1,2023-04-10,2023-04-10,0,5.79,5.79,1,0
400_1650,21.34883,74.01152,1,1,2023-04-11,2023-04-11,0,15.32,15.32,1,0
400_1652,21.34991,74.0191,1,1,2023-05-13,2023-05-13,0,14.33,14.33,1,0
400_623,21.34868,70.26917,1,1,2023-03-31,2023-03-31,0,6.62,6.62,1,0
400_709,21.34979,70.5852,1,1,2023-03-17,2023-03-17,0,9.07,9.07,1,0
400_801,21.34934,70.91795,1,1,2023-06-01,2023-06-01,0,6.38,6.38,1,0
401_1085,21.35309,71.95393,1,1,2023-01-17,2023-01-17,0,1.42,1.42,1,0
401_1330,21.3517,72.84698,1,1,2023-01-21,2023-01-21,0,0.35,0.35,0,1
401_1335,21.35167,72.86438,1,1,2023-03-13,2023-03-13,0,2.61,2.61,1,0
401_1336,21.352,72.8677,1,1,2023-03-13,2023-03-13,0,2.61,2.61,1,0
401_1447,21.35189,73.27373,1,1,2023-12-16,2023-12-16,0,0.88,0.88,0,1
401_1500,21.35404,73.46385,1,1,2023-02-27,2023-02-27,0,0.55,0.55,0,1
401_1529,21.35289,73.57261,1,1,2023-04-10,2023-04-10,0,6.36,6.36,1,0
401_1554,21.35322,73.66146,1,1,2023-04-10,2023-04-10,0,4.27,4.27,1,0
401_1634,21.35254,73.95296,1,1,2023-04-20,2023-04-20,0,14.61,14.61,1,0
401_1635,21.35338,73.95626,1,1,2023-02-14,2023-02-14,0,1.19,1.19,0,1
401_1638,21.35372,73.96672,1,1,2023-02-15,2023-02-15,0,5.25,5.25,1,0
401_1647,21.35352,74.00082499999999,2,1,2023-02-28,2023-02-28,0,5.285,6.32,2,0
401_1652,21.35275,74.02062,1,1,2023-04-10,2023-04-10,0,1.23,1.23,0,1
401_1775,21.35227,74.46686,1,1,2023-03-25,2023-03-25,0,6.27,6.27,1,0
401_607,21.35331,70.21115,1,1,2023-03-31,2023-03-31,0,5.62,5.62,1,0
401_731,21.35392,70.66403,1,1,2023-03-20,2023-03-20,0,24.3,24.3,1,0
401_767,21.35401,70.79586,1,1,2023-03-12,2023-03-12,0,3.33,3.33,1,0
402_1085,21.35565,71.95481,1,1,2023-01-17,2023-01-17,0,2.91,2.91,1,0
402_1363,21.35669,72.96644,1,1,2023-11-16,2023-11-16,0,0.58,0.58,0,1
402_1365,21.356189999999998,72.97279499999999,2,1,2023-02-03,2023-02-03,0,4.99,5.26,2,0
402_1484,21.35594,73.40615,1,1,2023-03-04,2023-03-04,0,5.03,5.03,1,0
402_1492,21.35698,73.43761,1,1,2023-03-10,2023-03-10,0,3.0,3.0,1,0
402_1497,21.35692,73.45277,1,1,2023-02-21,2023-02-21,0,4.54,4.54,1,0
402_1505,21.35699,73.48461,1,1,2023-02-22,2023-02-22,0,1.42,1.42,0,1
402_1507,21.3566,73.49151,1,1,2023-02-23,2023-02-23,0,2.84,2.84,1,0
402_1529,21.35505,73.57242,1,1,2023-04-09,2023-04-09,0,1.65,1.65,0,1
402_1531,21.35476,73.57849,1,1,2023-04-11,2023-04-11,0,5.1,5.1,1,0
402_1610,21.3566,73.86603,1,1,2023-03-27,2023-03-27,0,6.32,6.32,1,0
402_1615,21.35716,73.88477,1,1,2023-03-24,2023-03-24,0,3.6,3.6,1,0
402_1616,21.3561,73.88659,1,1,2023-05-03,2023-05-03,0,19.79,19.79,1,0
402_1634,21.35438,73.95358,2,2,2023-02-14,2023-03-03,17,2.73,4.28,1,1
402_1639,21.356265,73.9705,2,1,2023-03-29,2023-03-29,0,4.415,4.93,2,0
402_1653,21.35568,74.02378,1,1,2023-03-20,2023-03-20,0,3.04,3.04,1,0
402_655,21.35578,70.38779500000001,2,1,2023-03-12,2023-03-12,0,1.745,2.0,2,0
402_740,21.35566,70.69697,1,1,2023-03-31,2023-03-31,0,3.16,3.16,1,0
402_823,21.35614,71.00054,1,1,2023-01-31,2023-01-31,0,4.53,4.53,1,0
402_872,21.35547,71.1789,1,1,2023-01-10,2023-01-10,0,0.42,0.42,0,1
402_971,21.35757,71.53841,1,1,2023-04-05,2023-04-05,0,6.55,6.55,1,0
403_1326,21.36032,72.83225,1,1,2023-02-17,2023-02-17,0,0.64,0.64,0,1
403_1339,21.35986,72.87995,1,1,2023-12-12,2023-12-12,0,1.6,1.6,1,0
403_1372,21.35914,72.99945,1,1,2023-12-25,2023-12-25,0,0.95,0.95,0,1
403_1386,21.35809,73.05069,1,1,2023-11-05,2023-11-05,0,1.67,1.67,1,0
403_1476,21.36024,73.3783,1,1,2023-03-05,2023-03-05,0,1.91,1.91,0,1
403_1477,21.36035,73.38119,1,1,2023-03-05,2023-03-05,0,1.5,1.5,0,1
403_1480,21.35766,73.39394,1,1,2023-03-04,2023-03-04,0,2.16,2.16,1,0
403_1483,21.35878,73.40173,1,1,2023-03-04,2023-03-04,0,3.84,3.84,1,0
403_1485,21.3599,73.40951,1,1,2023-03-04,2023-03-04,0,5.28,5.28,1,0
403_1490,21.36019,73.42924,1,1,2023-03-09,2023-03-09,0,1.64,1.64,0,1
403_1493,21.3576,73.44142,1,1,2023-03-10,2023-03-10,0,3.0,3.0,1,0
403_1499,21.35959,73.46246,1,1,2023-03-11,2023-03-11,0,1.98,1.98,1,0
403_1502,21.35819,73.471,1,1,2023-02-26,2023-02-26,0,7.41,7.41,1,0
403_1517,21.35796,73.52592,1,1,2023-04-10,2023-04-10,0,7.2,7.2,1,0
403_1633,21.35769,73.94801,1,1,2023-02-26,2023-02-26,0,9.63,9.63,1,0
403_1746,21.35831,74.36163,1,1,2023-03-10,2023-03-10,0,8.16,8.16,1,0
403_660,21.36036,70.4072,1,1,2023-10-17,2023-10-17,0,2.93,2.93,1,0
403_746,21.36045,70.71725,1,1,2023-05-28,2023-05-28,0,5.06,5.06,1,0
404_1039,21.3624,71.78436,1,1,2023-04-16,2023-04-16,0,12.1,12.1,1,0
404_1283,21.36139,72.67448,1,1,2023-03-03,2023-03-03,0,6.49,6.49,1,0
404_1326,21.3637,72.82977,1,1,2023-12-06,2023-12-06,0,0.63,0.63,0,1
404_1328,21.36226,72.83851,1,1,2023-11-22,2023-11-22,0,0.36,0.36,0,1
404_1355,21.36349,72.93633,1,1,2023-11-05,2023-11-05,0,0.56,0.56,0,1
404_1357,21.36291,72.94308,1,1,2023-11-08,2023-11-08,0,3.3,3.3,0,1
404_1475,21.36208,73.37486,1,1,2023-03-10,2023-03-10,0,0.87,0.87,0,1
404_1476,21.36151,73.37863,1,1,2023-03-10,2023-03-10,0,0.87,0.87,0,1
404_1480,21.36106,73.39336,1,1,2023-03-04,2023-03-04,0,2.16,2.16,1,0
404_1481,21.36162,73.39727,1,1,2023-03-04,2023-03-04,0,3.84,3.84,1,0
404_1483,21.36274,73.40509,1,1,2023-03-04,2023-03-04,0,5.28,5.28,1,0
404_1485,21.3633,73.40898,1,1,2023-03-04,2023-03-04,0,5.28,5.28,1,0
404_1491,21.36418,73.4324,1,1,2023-03-08,2023-03-08,0,0.92,0.92,0,1
404_1493,21.3622,73.43927,1,1,2023-03-09,2023-03-09,0,1.2,1.2,0,1
404_1532,21.3634,73.58086,1,1,2023-04-25,2023-04-25,0,6.35,6.35,1,0
404_1555,21.36364,73.66465,1,1,2023-05-08,2023-05-08,0,2.96,2.96,1,0
404_1612,21.36222,73.87445,1,1,2023-06-08,2023-06-08,0,13.33,13.33,1,0
404_1626,21.36292,73.92584,1,1,2023-02-21,2023-02-21,0,3.01,3.01,1,0
404_1657,21.36171,74.03835,1,1,2023-02-22,2023-02-22,0,3.7,3.7,1,0
404_595,21.36129,70.1678,1,1,2023-03-23,2023-03-23,0,1.32,1.32,1,0
404_622,21.36414,70.26901,1,1,2023-05-30,2023-05-30,0,2.99,2.99,1,0
404_719,21.36407,70.61932,1,1,2023-05-28,2023-05-28,0,1.59,1.59,0,1
405_1305,21.36557,72.75451,1,1,2023-02-26,2023-02-26,0,2.36,2.36,0,1
405_1324,21.36662,72.82481,1,1,2023-02-28,2023-02-28,0,1.2,1.2,0,1
405_1329,21.36613,72.84388,1,1,2023-12-17,2023-12-17,0,0.31,0.31,0,1
405_1353,21.36442,72.92938,1,1,2023-11-22,2023-11-22,0,0.97,0.97,0,1
405_1357,21.36721,72.94365,1,1,2023-11-08,2023-11-08,0,5.99,5.99,0,1
405_1395,21.36639,73.08141,1,1,2023-03-05,2023-03-05,0,0.8,0.8,0,1
405_1478,21.36678,73.38653,1,1,2023-03-05,2023-03-05,0,1.32,1.32,0,1
405_1479,21.36675,73.38724,1,1,2023-03-06,2023-03-06,0,4.21,4.21,1,0
405_1492,21.36705,73.43576,1,1,2023-03-10,2023-03-10,0,1.48,1.48,1,0
405_1495,21.36511,73.44651,1,1,2023-03-09,2023-03-09,0,3.7,3.7,1,0
405_1529,21.36483,73.5714,1,1,2023-04-27,2023-04-27,0,3.13,3.13,1,0
405_1536,21.36582,73.59724,1,1,2023-04-18,2023-04-18,0,3.65,3.65,1,0
405_1542,21.36699,73.61703,1,1,2023-03-14,2023-03-14,0,8.18,8.18,1,0
405_1553,21.36579,73.65907,1,1,2023-02-21,2023-02-21,0,3.83,3.83,1,0
405_1554,21.36639,73.66366,1,1,2023-02-21,2023-02-21,0,5.35,5.35,1,0
405_1622,21.36676,73.91017,1,1,2023-03-29,2023-03-29,0,2.09,2.09,1,0
405_1630,21.36607,73.93693,1,1,2023-02-23,2023-02-23,0,3.72,3.72,1,0
405_1638,21.36565,73.96696,1,1,2023-03-02,2023-03-02,0,2.1,2.1,1,0
405_1650,21.36704,74.01298,1,1,2023-02-23,2023-02-23,0,2.16,2.16,0,1
405_1652,21.36726,74.01727,1,1,2023-02-22,2023-02-22,0,0.94,0.94,0,1
405_1656,21.36445,74.03403,1,1,2023-02-22,2023-02-22,0,1.48,1.48,1,0
405_1657,21.36503,74.03776,1,1,2023-02-22,2023-02-22,0,3.86,3.86,1,0
405_576,21.36511,70.09901,1,1,2023-03-21,2023-03-21,0,6.83,6.83,1,0
405_708,21.36723,70.58019,1,1,2023-03-27,2023-03-27,0,2.18,2.18,1,0
405_711,21.36705,70.59186,1,1,2023-02-23,2023-02-23,0,2.68,2.68,1,0
405_800,21.36515,70.91645,1,1,2023-04-08,2023-04-08,0,3.89,3.89,1,0
405_930,21.3657,71.38882,1,1,2023-03-03,2023-03-03,0,8.96,8.96,1,0
406_1098,21.36826,71.99959,1,1,2023-04-04,2023-04-04,0,7.2,7.2,1,0
406_1292,21.36836,72.70615,1,1,2023-12-06,2023-12-06,0,2.51,2.51,1,0
406_1295,21.3709,72.71949,1,1,2023-05-21,2023-05-21,0,2.3,2.3,1,0
406_1305,21.36941,72.75532,1,1,2023-02-26,2023-02-26,0,2.36,2.36,0,1
406_1327,21.36778,72.83618,1,1,2023-03-31,2023-03-31,0,2.81,2.81,1,0
406_1357,21.36815,72.94441,1,1,2023-11-08,2023-11-08,0,4.31,4.31,0,1
406_1428,21.36788,73.20428,1,1,2023-12-24,2023-12-24,0,3.9,3.9,1,0
406_1496,21.36951,73.451,1,1,2023-03-10,2023-03-10,0,3.71,3.71,1,0
406_1501,21.36934,73.46942,1,1,2023-02-20,2023-02-20,0,15.43,15.43,1,0
406_1510,21.37004,73.50163,1,1,2023-04-11,2023-04-11,0,4.13,4.13,1,0
406_1553,21.36944,73.65845,1,1,2023-02-21,2023-02-21,0,3.83,3.83,1,0
406_1620,21.36806,73.90164,1,1,2023-01-25,2023-01-25,0,0.59,0.59,0,1
406_1622,21.36978,73.91142,1,1,2023-02-19,2023-02-19,0,5.15,5.15,1,0
406_1624,21.37025,73.91766,1,1,2023-02-19,2023-02-19,0,5.15,5.15,1,0
406_1629,21.37012,73.93598,1,1,2023-02-23,2023-02-23,0,9.35,9.35,1,0
406_1635,21.36994,73.95782,1,1,2023-04-03,2023-04-03,0,1.3,1.3,1,0
406_1637,21.36806,73.96294,1,1,2023-03-02,2023-03-02,0,8.98,8.98,1,0
406_1638,21.36949,73.96871,1,1,2023-03-02,2023-03-02,0,14.31,14.31,1,0
406_1640,21.36941,73.97348,1,1,2023-03-11,2023-03-11,0,3.84,3.84,1,0
406_1646,21.37078,73.99608,1,1,2023-04-25,2023-04-25,0,18.69,18.69,1,0
406_1649,21.36775,74.00735,1,1,2023-02-23,2023-02-23,0,2.16,2.16,0,1
406_1651,21.36828,74.01353,1,1,2023-02-24,2023-02-24,0,3.63,3.63,1,0
406_594,21.36781,70.1666,1,1,2023-02-28,2023-02-28,0,7.34,7.34,1,0
406_702,21.36893,70.55944,1,1,2023-03-14,2023-03-14,0,8.75,8.75,1,0
406_715,21.37019,70.60464,1,1,2023-03-04,2023-03-04,0,3.42,3.42,1,0
406_717,21.37014,70.61239,1,1,2023-05-25,2023-05-25,0,2.23,2.23,0,1
406_747,21.369875,70.72236,2,1,2023-02-12,2023-02-12,0,4.33,4.4,2,0
406_800,21.3708,70.91598,1,1,2023-04-08,2023-04-08,0,6.81,6.81,1,0
406_820,21.36782,70.98923,1,1,2023-12-28,2023-12-28,0,2.43,2.43,1,0
406_889,21.37058,71.23847,1,1,2023-10-31,2023-10-31,0,5.39,5.39,1,0
406_890,21.3699,71.2418,1,1,2023-10-31,2023-10-31,0,4.13,4.13,1,0
407_1281,21.37438,72.66598,1,1,2023-04-15,2023-04-15,0,7.41,7.41,1,0
407_1295,21.37239,72.71871,1,1,2023-05-21,2023-05-21,0,2.75,2.75,1,0
407_1332,21.37224,72.85218,1,1,2023-12-23,2023-12-23,0,4.28,4.28,1,0
407_1452,21.37364,73.28981,1,1,2023-02-19,2023-02-19,0,2.2,2.2,1,0
407_1480,21.37388,73.3932,1,1,2023-03-14,2023-03-14,0,6.58,6.58,1,0
407_1496,21.3741,73.45177,1,1,2023-03-12,2023-03-12,0,7.89,7.89,1,0
407_1500,21.37438,73.46622,1,1,2023-02-24,2023-02-24,0,6.41,6.41,1,0
407_1538,21.37221,73.60249,1,1,2023-04-18,2023-04-18,0,3.77,3.77,1,0
407_1565,21.37121,73.7034,1,1,2023-04-11,2023-04-11,0,10.66,10.66,1,0
407_1568,21.37131,73.71251,1,1,2023-03-09,2023-03-09,0,5.47,5.47,1,0
407_1629,21.37313,73.93549,1,1,2023-03-17,2023-03-17,0,3.5,3.5,1,0
407_1637,21.37118,73.965,1,1,2023-03-02,2023-03-02,0,19.03,19.03,1,0
407_1641,21.37397,73.97746,1,1,2023-03-10,2023-03-10,0,0.7,0.7,0,1
407_1642,21.37292,73.98123,1,1,2023-03-10,2023-03-10,0,7.96,7.96,1,0
407_1648,21.37237,74.00605,1,1,2023-03-31,2023-03-31,0,4.51,4.51,1,0
407_1651,21.37105,74.01352,1,1,2023-02-23,2023-02-23,0,2.16,2.16,0,1
407_1652,21.37436,74.01959,1,1,2023-02-23,2023-02-23,0,4.1,4.1,0,1
407_1654,21.37366,74.0251,1,1,2023-02-23,2023-02-23,0,4.1,4.1,0,1
407_1687,21.37283,74.14808,1,1,2023-03-31,2023-03-31,0,5.67,5.67,1,0
407_700,21.37187,70.55012,1,1,2023-03-04,2023-03-04,0,0.88,0.88,1,0
407_717,21.371560000000002,70.61335500000001,2,1,2023-02-28,2023-02-28,0,5.0649999999999995,6.13,2,0
407_799,21.37434,70.91139,1,1,2023-03-29,2023-03-29,0,3.2,3.2,1,0
407_806,21.37316,70.93873,1,1,2023-03-18,2023-03-18,0,7.52,7.52,1,0
407_976,21.37407,71.55595,1,1,2023-11-24,2023-11-24,0,7.25,7.25,0,1
408_1504,21.37535,73.47976,1,1,2023-02-20,2023-02-20,0,5.95,5.95,1,0
408_1511,21.37549,73.50453,1,1,2023-03-11,2023-03-11,0,1.25,1.25,0,1
408_1560,21.37683,73.68378,1,1,2023-04-20,2023-04-20,0,3.96,3.96,1,0
408_1575,21.37673,73.73763,1,1,2023-05-10,2023-05-10,0,7.25,7.25,1,0
408_1632,21.37519,73.94606,1,1,2023-02-25,2023-02-25,0,7.56,7.56,1,0
408_1633,21.37556,73.94988,1,1,2023-02-25,2023-02-25,0,12.86,12.86,1,0
408_1637,21.37481,73.96535,1,1,2023-03-02,2023-03-02,0,1.25,1.25,0,1
408_1648,21.3757,74.00549,1,1,2023-03-31,2023-03-31,0,4.51,4.51,1,0
408_1651,21.37505,74.0141,1,1,2023-02-23,2023-02-23,0,1.2,1.2,0,1
408_1653,21.37615,74.0216,1,1,2023-03-22,2023-03-22,0,3.36,3.36,1,0
408_1654,21.37767,74.02563,1,1,2023-02-23,2023-02-23,0,4.1,4.1,0,1
408_572,21.37738,70.08597,1,1,2023-03-25,2023-03-25,0,1.61,1.61,1,0
408_695,21.37658,70.53368,1,1,2023-03-06,2023-03-06,0,5.57,5.57,1,0
408_696,21.37559,70.53618,1,1,2023-03-06,2023-03-06,0,6.98,6.98,1,0
408_701,21.37685,70.55673,1,1,2023-03-25,2023-03-25,0,3.11,3.11,1,0
409_1359,21.37879,72.95303,1,1,2023-12-23,2023-12-23,0,0.76,0.76,0,1
409_1450,21.37919,73.2831,1,1,2023-02-26,2023-02-26,0,12.28,12.28,1,0
409_1495,21.37967,73.44546,1,1,2023-03-03,2023-03-03,0,3.82,3.82,1,0
409_1500,21.38037,73.46417,1,1,2023-02-24,2023-02-24,0,1.43,1.43,0,1
409_1511,21.37961,73.50523,1,1,2023-03-11,2023-03-11,0,1.25,1.25,0,1
409_1630,21.37934,73.93954,1,1,2023-02-22,2023-02-22,0,0.5,0.5,0,1
409_1631,21.37877,73.94324,1,1,2023-02-22,2023-02-22,0,0.5,0.5,0,1
409_1633,21.38114,73.94943,1,1,2023-02-25,2023-02-25,0,4.33,4.33,1,0
409_1653,21.38096,74.02247,1,1,2023-05-22,2023-05-22,0,14.67,14.67,1,0
409_1655,21.37782,74.03105500000001,2,1,2023-02-24,2023-02-24,0,2.77,3.21,2,0
409_1658,21.3799,74.04021,1,1,2023-03-22,2023-03-22,0,15.4,15.4,1,0
409_1659,21.37885,74.04386,1,1,2023-03-22,2023-03-22,0,5.71,5.71,1,0
409_572,21.3807,70.0854,1,1,2023-03-25,2023-03-25,0,1.61,1.61,1,0
409_592,21.37811,70.15707,1,1,2023-02-26,2023-02-26,0,3.56,3.56,1,0
409_598,21.37833,70.18002,1,1,2023-03-19,2023-03-19,0,4.92,4.92,1,0
409_600,21.3797,70.18736,1,1,2023-04-06,2023-04-06,0,3.56,3.56,1,0
409_645,21.37967,70.35139,1,1,2023-02-01,2023-02-01,0,3.04,3.04,1,0
40_1368,20.1357,72.98569499999999,2,2,2023-11-21,2023-12-07,16,2.165,2.26,2,0
40_1395,20.1377,73.08157,1,1,2023-03-15,2023-03-15,0,0.64,0.64,0,1
40_1426,20.13789,73.19644,1,1,2023-05-02,2023-05-02,0,5.97,5.97,1,0
410_1327,21.38234,72.83556,1,1,2023-02-04,2023-02-04,0,2.74,2.74,1,0
410_1328,21.38425,72.8375,1,1,2023-02-04,2023-02-04,0,3.79,3.79,1,0
410_1358,21.3823,72.94751,1,1,2023-11-21,2023-11-21,0,0.61,0.61,0,1
410_1405,21.38433,73.12082,1,1,2023-11-15,2023-11-15,0,0.82,0.82,0,1
410_1471,21.38268,73.36087,1,1,2023-02-10,2023-02-10,0,0.89,0.89,0,1
410_1517,21.38157,73.52865,2,1,2023-05-14,2023-05-14,0,2.45,2.67,2,0
410_1545,21.38136,73.62825,1,1,2023-03-09,2023-03-09,0,5.0,5.0,1,0
410_1546,21.38195,73.63279,1,1,2023-03-09,2023-03-09,0,5.0,5.0,1,0
410_1630,21.38266,73.94012,1,1,2023-02-22,2023-02-22,0,0.5,0.5,0,1
410_1633,21.38354,73.95127,1,1,2023-02-11,2023-02-11,0,55.01,55.01,1,0
410_1648,21.38452,74.00475,1,1,2023-02-12,2023-02-12,0,2.71,2.71,0,1
410_1649,21.3839,74.00935,1,1,2023-02-12,2023-02-12,0,2.71,2.71,0,1
410_1653,21.38411,74.02152,1,1,2023-04-10,2023-04-10,0,14.78,14.78,1,0
410_1657,21.38237,74.0381,1,1,2023-03-22,2023-03-22,0,5.71,5.71,1,0
410_1659,21.38329,74.04285,1,1,2023-03-22,2023-03-22,0,5.71,5.71,1,0
410_1696,21.38167,74.17808,1,1,2023-04-01,2023-04-01,0,3.94,3.94,1,0
410_623,21.3833,70.27106,1,1,2023-04-11,2023-04-11,0,8.61,8.61,1,0
410_645,21.38264,70.35028,1,1,2023-02-01,2023-02-01,0,4.85,4.85,1,0
410_692,21.38167,70.5237,1,1,2023-02-28,2023-02-28,0,4.91,4.91,1,0
411_1113,21.38468,72.05391,1,1,2023-04-03,2023-04-03,0,2.23,2.23,1,0
411_1315,21.38736,72.79182,1,1,2023-12-18,2023-12-18,0,6.78,6.78,1,0
411_1327,21.38512,72.83659,1,1,2023-03-26,2023-03-26,0,4.65,4.65,1,0
411_1383,21.38714,73.04063,1,1,2023-02-01,2023-02-01,0,2.37,2.37,1,0
411_1399,21.38588,73.09913,1,1,2023-05-24,2023-05-24,0,7.68,7.68,1,0
411_1479,21.38636,73.38942,1,1,2023-06-06,2023-06-06,0,0.98,0.98,1,0
411_1489,21.38603,73.42651,1,1,2023-04-16,2023-04-16,0,7.92,7.92,1,0
411_1493,21.38748,73.44044,1,1,2023-03-02,2023-03-02,0,7.97,7.97,1,0
411_1537,21.386645,73.600325,2,1,2023-04-18,2023-04-18,0,2.865,2.96,2,0
411_1538,21.38657,73.60467,1,1,2023-04-18,2023-04-18,0,2.71,2.71,1,0
411_1546,21.38561,73.63221,1,1,2023-03-09,2023-03-09,0,5.0,5.0,1,0
411_1565,21.38485,73.70115,1,1,2023-04-12,2023-04-12,0,1.66,1.66,1,0
411_1632,21.38631,73.94698,1,1,2023-02-11,2023-02-11,0,34.28,34.28,1,0
411_1644,21.38741,73.9903,1,1,2023-03-08,2023-03-08,0,5.69,5.69,1,0
411_1647,21.38513,74.00014,1,1,2023-02-12,2023-02-12,0,3.4,3.4,0,1
411_1650,21.38756,74.00986,1,1,2023-02-12,2023-02-12,0,2.57,2.57,0,1
411_1720,21.38586,74.2675,1,1,2023-04-01,2023-04-01,0,9.06,9.06,1,0
411_620,21.38537,70.25823,1,1,2023-03-17,2023-03-17,0,5.71,5.71,1,0
411_621,21.38658,70.26339,1,1,2023-03-17,2023-03-17,0,5.71,5.71,1,0
411_645,21.3863,70.35156,1,1,2023-10-25,2023-10-25,0,1.26,1.26,1,0
412_1282,21.39087,72.67142,1,1,2023-03-05,2023-03-05,0,3.03,3.03,1,0
412_1355,21.38832,72.93631,1,1,2023-12-11,2023-12-11,0,0.37,0.37,0,1
412_1360,21.38989,72.95364,1,1,2023-11-23,2023-11-23,0,1.39,1.39,0,1
412_1442,21.38997,73.25552,1,1,2023-03-11,2023-03-11,0,3.25,3.25,1,0
412_1484,21.3885,73.40878,1,1,2023-03-11,2023-03-11,0,7.07,7.07,1,0
412_1487,21.39012,73.41723,1,1,2023-03-11,2023-03-11,0,7.07,7.07,1,0
412_1509,21.38885,73.49854,1,1,2023-03-11,2023-03-11,0,1.16,1.16,0,1
412_1537,21.3909,73.60014,1,1,2023-04-18,2023-04-18,0,2.96,2.96,1,0
412_1538,21.38807,73.60244,1,1,2023-04-18,2023-04-18,0,2.77,2.77,1,0
412_1553,21.39004,73.65949,1,1,2023-02-28,2023-02-28,0,3.54,3.54,1,0
412_1565,21.38877,73.70152,2,1,2023-04-12,2023-04-12,0,1.7000000000000002,1.86,1,1
412_1638,21.38941,73.96813,1,1,2023-02-12,2023-02-12,0,0.66,0.66,0,1
412_1647,21.38879,74.00067,1,1,2023-02-12,2023-02-12,0,1.43,1.43,0,1
412_1648,21.38817,74.00527,1,1,2023-02-12,2023-02-12,0,2.57,2.57,0,1
412_684,21.38868,70.49192,1,1,2023-03-05,2023-03-05,0,2.9,2.9,1,0
412_692,21.39072,70.5234,1,1,2023-03-29,2023-03-29,0,5.0,5.0,1,0
412_892,21.38889,71.25057,1,1,2023-04-13,2023-04-13,0,1.47,1.47,0,1
413_1282,21.39453,72.67068,1,1,2023-03-05,2023-03-05,0,3.03,3.03,1,0
413_1373,21.39289,73.00096,1,1,2023-01-21,2023-01-21,0,1.72,1.72,1,0
413_1442,21.39423,73.25478,1,1,2023-03-11,2023-03-11,0,3.78,3.78,1,0
413_1494,21.39302,73.44435,1,1,2023-03-04,2023-03-04,0,3.59,3.59,1,0
413_1538,21.39158,73.60332,1,1,2023-04-18,2023-04-18,0,2.71,2.71,1,0
413_1553,21.39426,73.65864,1,1,2023-02-27,2023-02-27,0,0.98,0.98,0,1
413_1694,21.39139,74.17288,1,1,2023-04-16,2023-04-16,0,15.04,15.04,1,0
413_1696,21.39373,74.17786,1,1,2023-02-22,2023-02-22,0,6.04,6.04,1,0
413_575,21.39335,70.09583,1,1,2023-03-17,2023-03-17,0,7.72,7.72,1,0
413_576,21.39162,70.09872,1,1,2023-03-17,2023-03-17,0,5.34,5.34,1,0
413_580,21.39325,70.11332,1,1,2023-03-13,2023-03-13,0,9.2,9.2,1,0
413_581,21.39375,70.11773,1,1,2023-03-13,2023-03-13,0,9.2,9.2,1,0
413_647,21.39224,70.35993,1,1,2023-10-20,2023-10-20,0,1.41,1.41,1,0
414_1052,21.39735,71.83179,1,1,2023-05-08,2023-05-08,0,14.63,14.63,1,0
414_1104,21.39532,72.02411,1,1,2023-01-10,2023-01-10,0,1.0,1.0,1,0
414_1295,21.39514,72.71758,1,1,2023-11-22,2023-11-22,0,3.14,3.14,1,0
414_1323,21.39566,72.81939,1,1,2023-04-05,2023-04-05,0,3.09,3.09,1,0
414_1327,21.39667,72.83685,1,1,2023-02-09,2023-02-09,0,1.93,1.93,1,0
414_1347,21.39622,72.9093,1,1,2023-01-07,2023-01-07,0,2.69,2.69,1,0
414_1358,21.39548,72.94623,1,1,2023-10-14,2023-10-14,0,1.49,1.49,0,1
414_1495,21.39698,73.44773,1,1,2023-03-04,2023-03-04,0,3.77,3.77,1,0
414_1557,21.39683,73.67426,1,1,2023-04-12,2023-04-12,0,3.5,3.5,1,0
414_1568,21.3951,73.71429,1,1,2023-05-18,2023-05-18,0,20.07,20.07,1,0
414_538,21.39572,69.96246,1,1,2023-03-14,2023-03-14,0,10.07,10.07,1,0
414_575,21.39781,70.09711,1,1,2023-03-17,2023-03-17,0,5.34,5.34,1,0
414_602,21.39785,70.19627,1,1,2023-03-14,2023-03-14,0,3.77,3.77,1,0
414_673,21.39687,70.45445,1,1,2023-10-15,2023-10-15,0,2.92,2.92,1,0
414_684,21.39557,70.49138,1,1,2023-03-04,2023-03-04,0,3.78,3.78,1,0
414_756,21.39666,70.75546,1,1,2023-03-28,2023-03-28,0,1.92,1.92,1,0
414_896,21.3956,71.26554,1,1,2023-01-09,2023-01-09,0,3.05,3.05,1,0
415_1051,21.40117,71.83097,1,1,2023-05-08,2023-05-08,0,157.41,157.41,1,0
415_1108,21.39968,72.03833,1,1,2023-05-26,2023-05-26,0,2.01,2.01,0,1
415_1109,21.4012,72.04029,1,1,2023-05-26,2023-05-26,0,2.14,2.14,0,1
415_1283,21.39975,72.67622,1,1,2023-03-25,2023-03-25,0,7.25,7.25,1,0
415_1375,21.39978,73.00896,1,1,2023-12-08,2023-12-08,0,2.25,2.25,1,0
415_1379,21.39857,73.02425,1,1,2023-11-05,2023-11-05,0,1.36,1.36,0,1
415_1454,21.39925,73.29592,1,1,2023-02-24,2023-02-24,0,3.05,3.05,1,0
415_1487,21.39907,73.4183,1,1,2023-03-07,2023-03-07,0,6.1,6.1,1,0
415_1488,21.39803,73.42026,1,1,2023-03-07,2023-03-07,0,4.27,4.27,1,0
415_1494,21.39983,73.44325,1,1,2023-03-04,2023-03-04,0,21.97,21.97,1,0
415_1495,21.40038,73.44717,1,1,2023-03-04,2023-03-04,0,3.77,3.77,1,0
415_1551,21.39816,73.64941,1,1,2023-02-21,2023-02-21,0,4.06,4.06,1,0
415_1677,21.3998,74.11165,1,1,2023-02-04,2023-02-04,0,2.78,2.78,1,0
415_1715,21.39806,74.24954,1,1,2023-02-22,2023-02-22,0,2.8,2.8,1,0
415_569,21.39885,70.07522,1,1,2023-01-18,2023-01-18,0,1.97,1.97,1,0
415_602,21.40125,70.19572,1,1,2023-03-14,2023-03-14,0,3.77,3.77,1,0
415_826,21.40073,71.01106,1,1,2023-01-05,2023-01-05,0,0.56,0.56,0,1
415_833,21.3987,71.03608,1,1,2023-04-04,2023-04-04,0,5.5,5.5,1,0
416_1035,21.40442,71.77062,1,1,2023-03-24,2023-03-24,0,4.33,4.33,1,0
416_1077,21.40172,71.92614,1,1,2023-05-21,2023-05-21,0,0.73,0.73,0,1
416_1107,21.40447,72.03328,1,1,2023-10-27,2023-10-27,0,2.69,2.69,1,0
416_1108,21.40174,72.03647,1,1,2023-10-27,2023-10-27,0,4.97,4.97,1,0
416_1284,21.40415,72.67686,1,1,2023-05-07,2023-05-07,0,6.93,6.93,1,0
416_1288,21.40242,72.69234,1,1,2023-12-06,2023-12-06,0,3.75,3.75,1,0
416_1485,21.40425,73.41106,1,1,2023-03-14,2023-03-14,0,5.49,5.49,1,0
416_1492,21.40261,73.43721,1,1,2023-05-02,2023-05-02,0,4.09,4.09,1,0
416_1551,21.40401,73.65028,1,1,2023-02-16,2023-02-16,0,5.01,5.01,1,0
416_1558,21.4028,73.67716,2,1,2023-04-18,2023-04-18,0,6.325,6.54,2,0
416_1559,21.403465,73.680325,2,1,2023-04-18,2023-04-18,0,7.955,8.95,2,0
416_1567,21.40317,73.70914,1,1,2023-05-20,2023-05-20,0,6.03,6.03,1,0
416_1625,21.40444,73.9191,1,1,2023-03-08,2023-03-08,0,5.95,5.95,1,0
416_1678,21.40295,74.11291,1,1,2023-02-04,2023-02-04,0,2.5,2.5,1,0
416_1715,21.40466,74.24686,1,1,2023-04-10,2023-04-10,0,16.96,16.96,1,0
416_1774,21.40386,74.46297,1,1,2023-06-15,2023-06-15,0,11.44,11.44,1,0
416_587,21.40311,70.13943,1,1,2023-02-28,2023-02-28,0,40.38,40.38,1,0
416_598,21.4026,70.18153,1,1,2023-03-05,2023-03-05,0,2.49,2.49,1,0
416_645,21.40177,70.35076,1,1,2023-03-12,2023-03-12,0,5.78,5.78,1,0
416_694,21.40265,70.52871,1,1,2023-03-08,2023-03-08,0,2.52,2.52,1,0
416_932,21.4038,71.39523,1,1,2023-04-14,2023-04-14,0,5.91,5.91,1,0
417_1108,21.40536,72.03725,1,1,2023-10-27,2023-10-27,0,3.92,3.92,1,0
417_1336,21.40613,72.86658,1,1,2023-01-03,2023-01-03,0,6.78,6.78,1,0
417_1367,21.40699,72.98118,2,2,2023-01-16,2023-02-12,27,1.425,2.04,0,2
417_1488,21.40665,73.42209,1,1,2023-06-03,2023-06-03,0,7.67,7.67,1,0
417_1497,21.40664,73.45267,1,1,2023-03-12,2023-03-12,0,1.87,1.87,1,0
417_1498,21.40757,73.45676,1,1,2023-03-12,2023-03-12,0,1.87,1.87,1,0
417_1528,21.40637,73.56825,1,1,2023-04-15,2023-04-15,0,16.42,16.42,1,0
417_1555,21.40667,73.66695,1,1,2023-04-18,2023-04-18,0,2.11,2.11,1,0
417_1556,21.40646,73.66949,2,1,2023-04-18,2023-04-18,0,3.74,5.37,2,0
417_1559,21.40697,73.68084,1,1,2023-04-16,2023-04-16,0,13.04,13.04,1,0
417_1567,21.40664,73.70945,1,1,2023-03-26,2023-03-26,0,3.25,3.25,1,0
417_1574,21.40648,73.73477,1,1,2023-05-09,2023-05-09,0,12.82,12.82,1,0
417_1678,21.40705,74.11224,1,1,2023-12-25,2023-12-25,0,2.37,2.37,1,0
417_1690,21.40583,74.15738,1,1,2023-04-07,2023-04-07,0,1.77,1.77,1,0
417_1714,21.40504,74.24465,1,1,2023-04-10,2023-04-10,0,16.46,16.46,1,0
417_1723,21.40644,74.2775,1,1,2023-04-01,2023-04-01,0,5.14,5.14,1,0
417_591,21.40652,70.15319,1,1,2023-03-22,2023-03-22,0,4.54,4.54,1,0
417_676,21.40606,70.46331,1,1,2023-10-19,2023-10-19,0,1.63,1.63,1,0
417_743,21.40736,70.70952,1,1,2023-03-29,2023-03-29,0,4.99,4.99,1,0
417_856,21.40645,71.11851,1,1,2023-01-10,2023-01-10,0,4.5,4.5,1,0
417_966,21.40703,71.52191,1,1,2023-01-15,2023-01-15,0,1.96,1.96,1,0
418_1097,21.41002,71.99647,1,1,2023-01-23,2023-01-23,0,6.07,6.07,1,0
418_1114,21.410416666666666,72.05897,3,2,2023-03-28,2023-11-25,242,3.263333333333333,3.62,3,0
418_1115,21.4102,72.0639,1,1,2023-11-25,2023-11-25,0,3.62,3.62,1,0
418_1303,21.40891,72.74643,1,1,2023-05-02,2023-05-02,0,2.81,2.81,1,0
418_1321,21.4086,72.81348,1,1,2023-03-10,2023-03-10,0,4.72,4.72,1,0
418_1336,21.40928,72.86877,1,1,2023-01-03,2023-01-03,0,6.29,6.29,1,0
418_1375,21.41133,73.01143,1,1,2023-10-25,2023-10-25,0,1.5,1.5,1,0
418_1554,21.41007,73.66016,1,1,2023-03-29,2023-03-29,0,4.58,4.58,1,0
418_1560,21.41084,73.68399,1,1,2023-04-16,2023-04-16,0,8.51,8.51,1,0
418_590,21.40957,70.15163,1,1,2023-03-16,2023-03-16,0,6.18,6.18,1,0
418_592,21.4106,70.15756,1,1,2023-03-27,2023-03-27,0,3.05,3.05,1,0
418_715,21.41088,70.60483,1,1,2023-10-03,2023-10-03,0,1.76,1.76,1,0
418_801,21.41033,70.91868,1,1,2023-05-02,2023-05-02,0,7.15,7.15,1,0
419_1097,21.4137,71.9959,1,1,2023-01-23,2023-01-23,0,7.38,7.38,1,0
419_1101,21.41469,72.01121,1,1,2023-03-04,2023-03-04,0,1.09,1.09,0,1
419_1327,21.4122,72.83345,1,1,2023-01-12,2023-01-12,0,2.64,2.64,1,0
419_1555,21.4147,73.66555,1,1,2023-04-06,2023-04-06,0,5.3,5.3,1,0
419_1559,21.41361,73.67974,1,1,2023-04-16,2023-04-16,0,14.54,14.54,1,0
419_1560,21.41416,73.68345,1,1,2023-04-16,2023-04-16,0,8.51,8.51,1,0
419_1569,21.41198,73.71646,1,1,2023-03-27,2023-03-27,0,3.22,3.22,1,0
419_1577,21.4132,73.74497,1,1,2023-05-08,2023-05-08,0,11.19,11.19,1,0
419_547,21.41459,69.99442,1,1,2023-05-12,2023-05-12,0,5.38,5.38,1,0
419_733,21.41157,70.67077,1,1,2023-06-09,2023-06-09,0,11.0,11.0,1,0
419_768,21.41461,70.7985,1,1,2023-06-01,2023-06-01,0,12.37,12.37,1,0
41_1456,20.14112,73.30638,1,1,2023-04-01,2023-04-01,0,5.45,5.45,1,0
420_1087,21.41638,71.96083,1,1,2023-02-28,2023-02-28,0,4.03,4.03,1,0
420_1109,21.41677,72.04008,1,1,2023-03-27,2023-03-27,0,2.74,2.74,1,0
420_1283,21.41645,72.6741,1,1,2023-04-20,2023-04-20,0,11.51,11.51,1,0
420_1323,21.41597,72.82197,1,1,2023-05-14,2023-05-14,0,10.08,10.08,1,0
420_1341,21.41771,72.88615,1,1,2023-05-08,2023-05-08,0,4.06,4.06,1,0
420_1471,21.41588,73.35882,1,1,2023-01-10,2023-01-10,0,5.6,5.6,1,0
420_1556,21.41541,73.66969,1,1,2023-04-06,2023-04-06,0,5.3,5.3,1,0
420_1660,21.41583,74.04815,1,1,2023-04-27,2023-04-27,0,11.96,11.96,1,0
420_1772,21.41682,74.45431,1,1,2023-01-06,2023-01-06,0,0.75,0.75,0,1
420_565,21.41687,70.05973,1,1,2023-03-25,2023-03-25,0,2.95,2.95,1,0
420_574,21.41657,70.09362,1,1,2023-03-22,2023-03-22,0,8.02,8.02,1,0
420_617,21.41738,70.2505,1,1,2023-03-29,2023-03-29,0,6.67,6.67,1,0
420_619,21.41789,70.25502,1,1,2023-03-29,2023-03-29,0,6.67,6.67,1,0
420_711,21.41512,70.59253,1,1,2023-05-27,2023-05-27,0,3.15,3.15,1,0
420_803,21.41786,70.92798,1,1,2023-03-16,2023-03-16,0,3.06,3.06,1,0
420_840,21.417,71.06006,1,1,2023-03-14,2023-03-14,0,3.05,3.05,1,0
420_881,21.41588,71.21046,1,1,2023-01-31,2023-01-31,0,3.04,3.04,1,0
421_1384,21.41891,73.04406,1,1,2023-11-11,2023-11-11,0,0.94,0.94,0,1
421_1694,21.42,74.17229,1,1,2023-04-05,2023-04-05,0,13.03,13.03,1,0
421_574,21.42006,70.09231,1,1,2023-03-22,2023-03-22,0,11.01,11.01,1,0
421_605,21.42059,70.2047,1,1,2023-03-08,2023-03-08,0,4.5,4.5,1,0
421_669,21.41866,70.43993,1,1,2023-03-10,2023-03-10,0,6.59,6.59,1,0
421_696,21.41844,70.53564,1,1,2023-03-05,2023-03-05,0,16.43,16.43,1,0
421_710,21.41866,70.587135,2,1,2023-03-18,2023-03-18,0,6.765,7.97,2,0
421_711,21.41928,70.59267,1,1,2023-03-18,2023-03-18,0,5.56,5.56,1,0
421_919,21.42139,71.34881,1,1,2023-01-08,2023-01-08,0,1.66,1.66,1,0
422_1008,21.421595,71.67304999999999,2,1,2023-05-28,2023-05-28,0,2.2,2.31,0,2
422_1100,21.42393,72.0093,1,1,2023-04-20,2023-04-20,0,4.5,4.5,1,0
422_1303,21.423125,72.74783500000001,2,2,2023-03-26,2023-04-11,16,4.075,4.75,2,0
422_1315,21.42299,72.79047,1,1,2023-04-03,2023-04-03,0,3.97,3.97,1,0
422_1335,21.42262,72.86494,1,1,2023-01-19,2023-01-19,0,3.18,3.18,1,0
422_1362,21.42436,72.96156,1,1,2023-01-16,2023-01-16,0,0.52,0.52,0,1
422_1368,21.42405,72.98392,1,1,2023-06-09,2023-06-09,0,2.95,2.95,1,0
422_1372,21.42484,72.99724,1,1,2023-03-01,2023-03-01,0,3.13,3.13,0,1
422_1557,21.42212,73.67146,1,1,2023-03-10,2023-03-10,0,6.98,6.98,1,0
422_1581,21.42444,73.7599,1,1,2023-02-18,2023-02-18,0,1.15,1.15,0,1
422_1674,21.42214,74.09898,1,1,2023-02-01,2023-02-01,0,3.8,3.8,1,0
422_587,21.4229,70.14083,1,1,2023-03-13,2023-03-13,0,4.77,4.77,1,0
422_914,21.42296,71.33083,1,1,2023-01-04,2023-01-04,0,1.42,1.42,1,0
422_989,21.42454,71.60558,1,1,2023-01-26,2023-01-26,0,6.36,6.36,1,0
422_990,21.42365,71.60815,1,1,2023-01-10,2023-01-10,0,2.96,2.96,1,0
422_991,21.42426,71.61198,1,1,2023-01-10,2023-01-10,0,8.37,8.37,1,0
423_1288,21.4276,72.69402,1,1,2023-03-05,2023-03-05,0,3.96,3.96,1,0
423_1340,21.42595,72.88342,1,1,2023-12-10,2023-12-10,0,2.83,2.83,1,0
423_1341,21.42629,72.88678,1,1,2023-12-10,2023-12-10,0,3.5,3.5,1,0
423_1362,21.4271,72.9633,1,1,2023-12-17,2023-12-17,0,0.48,0.48,0,1
423_1365,21.42731,72.9728,1,1,2023-05-25,2023-05-25,0,4.5,4.5,1,0
423_1390,21.42808,73.06373,1,1,2023-10-31,2023-10-31,0,1.33,1.33,0,1
423_1423,21.42781,73.18459,1,1,2023-12-24,2023-12-24,0,0.71,0.71,0,1
423_1559,21.42666,73.67838,1,1,2023-03-10,2023-03-10,0,9.01,9.01,1,0
423_1580,21.42498,73.7552,1,1,2023-02-18,2023-02-18,0,1.15,1.15,0,1
423_1778,21.42708,74.47635,1,1,2023-02-04,2023-02-04,0,5.42,5.42,1,0
423_844,21.42585,71.07433,1,1,2023-10-16,2023-10-16,0,0.59,0.59,0,1
423_989,21.42715,71.604315,2,2,2023-01-10,2023-01-26,16,6.655,6.95,2,0
423_990,21.426085,71.60847,2,2,2023-01-10,2023-01-26,16,6.655,6.95,2,0
423_991,21.42763,71.61137,1,1,2023-01-10,2023-01-10,0,6.65,6.65,1,0
423_992,21.42578,71.61325,1,1,2023-01-26,2023-01-26,0,5.24,5.24,1,0
424_1002,21.43116,71.6496,1,1,2023-05-18,2023-05-18,0,16.74,16.74,1,0
424_1315,21.4313,72.78971,1,1,2023-05-15,2023-05-15,0,6.12,6.12,1,0
424_1316,21.4286,72.79456,1,1,2023-05-15,2023-05-15,0,6.19,6.19,1,0
424_1344,21.42994,72.89854,1,1,2023-03-04,2023-03-04,0,3.84,3.84,1,0
424_1352,21.42951,72.92729,1,1,2023-04-25,2023-04-25,0,5.06,5.06,1,0
424_1365,21.4302725,72.9739725,4,4,2023-02-12,2023-05-28,105,2.835,6.48,2,2
424_1366,21.430933333333332,72.97626,3,3,2023-03-05,2023-12-24,294,0.8433333333333334,1.03,0,3
424_1388,21.43148,73.0556,1,1,2023-11-07,2023-11-07,0,3.88,3.88,1,0
424_1557,21.42881,73.673,1,1,2023-03-09,2023-03-09,0,2.41,2.41,0,1
424_1560,21.42868,73.68544,1,1,2023-03-10,2023-03-10,0,0.33,0.33,0,1
424_1762,21.43122,74.41884,1,1,2023-04-01,2023-04-01,0,4.6,4.6,1,0
424_619,21.43074,70.25582,1,1,2023-04-08,2023-04-08,0,3.2,3.2,1,0
424_655,21.43016,70.38916,1,1,2023-02-21,2023-02-21,0,4.12,4.12,1,0
424_697,21.42938,70.5405,1,1,2023-03-07,2023-03-07,0,4.09,4.09,1,0
424_711,21.42867,70.59031,1,1,2023-03-07,2023-03-07,0,4.49,4.49,1,0
424_712,21.42904,70.59412,1,1,2023-03-07,2023-03-07,0,4.49,4.49,1,0
424_723,21.43123,70.63556,1,1,2023-02-24,2023-02-24,0,2.29,2.29,1,0
424_800,21.43038,70.91682,1,1,2023-04-05,2023-04-05,0,6.57,6.57,1,0
424_843,21.42929,71.07371,1,1,2023-01-15,2023-01-15,0,1.62,1.62,1,0
424_844,21.42851,71.07594,1,1,2023-10-16,2023-10-16,0,0.78,0.78,0,1
424_850,21.43004,71.09608,1,1,2023-01-04,2023-01-04,0,2.0,2.0,1,0
424_990,21.42853,71.60879,1,1,2023-01-26,2023-01-26,0,6.36,6.36,1,0
424_991,21.42915,71.61263,1,1,2023-01-26,2023-01-26,0,5.24,5.24,1,0
425_1291,21.43445,72.70493,1,1,2023-03-08,2023-03-08,0,6.24,6.24,1,0
425_1323,21.4344,72.82084,1,1,2023-03-10,2023-03-10,0,5.64,5.64,1,0
425_1335,21.43301,72.86276,1,1,2023-01-25,2023-01-25,0,6.71,6.71,1,0
425_1357,21.43247,72.9436,1,1,2023-03-25,2023-03-25,0,7.46,7.46,1,0
425_1365,21.433695,72.97417,2,2,2023-05-07,2023-05-28,21,1.81,2.93,1,1
425_1366,21.432755714285715,72.97693428571428,7,6,2023-03-05,2023-12-26,296,0.6128571428571429,1.03,0,7
425_1369,21.43229,72.98949,1,1,2023-02-11,2023-02-11,0,4.98,4.98,1,0
425_1458,21.43505,73.31076,1,1,2023-05-27,2023-05-27,0,9.29,9.29,1,0
425_1560,21.43257,73.68231,1,1,2023-03-10,2023-03-10,0,1.35,1.35,0,1
425_1562,21.43459,73.6916,1,1,2023-04-24,2023-04-24,0,10.0,10.0,1,0
425_612,21.43345,70.23141,1,1,2023-03-12,2023-03-12,0,3.05,3.05,1,0
425_966,21.43217,71.5188,1,1,2023-05-23,2023-05-23,0,25.14,25.14,1,0
426_1457,21.43593,73.30793,1,1,2023-05-27,2023-05-27,0,5.81,5.81,1,0
426_1458,21.43654,73.31349,1,1,2023-05-27,2023-05-27,0,4.53,4.53,1,0
426_1753,21.43648,74.38693,1,1,2023-12-17,2023-12-17,0,3.75,3.75,1,0
426_546,21.43619,69.99231,1,1,2023-03-13,2023-03-13,0,2.69,2.69,1,0
426_566,21.4384,70.06425,1,1,2023-03-28,2023-03-28,0,1.27,1.27,1,0
426_682,21.43817,70.48624,1,1,2023-02-24,2023-02-24,0,4.96,4.96,1,0
426_730,21.4383,70.66043,1,1,2023-02-26,2023-02-26,0,10.67,10.67,1,0
426_772,21.43595,70.81406,1,1,2023-10-18,2023-10-18,0,2.12,2.12,1,0
426_827,21.43678,71.01484,1,1,2023-03-31,2023-03-31,0,5.97,5.97,1,0
426_848,21.4362,71.09133,1,1,2023-03-25,2023-03-25,0,9.12,9.12,1,0
426_943,21.43546,71.43645,1,1,2023-03-16,2023-03-16,0,8.44,8.44,1,0
426_972,21.43806,71.54235,1,1,2023-06-04,2023-06-04,0,9.71,9.71,1,0
426_980,21.4366,71.57167,1,1,2023-02-19,2023-02-19,0,5.77,5.77,1,0
426_986,21.43671,71.59177,1,1,2023-04-18,2023-04-18,0,3.18,3.18,1,0
426_987,21.43765,71.59599,1,1,2023-04-18,2023-04-18,0,5.83,5.83,1,0
427_1292,21.43983,72.70671,1,1,2023-03-04,2023-03-04,0,4.92,4.92,1,0
427_1379,21.44039,73.0238,1,1,2023-11-22,2023-11-22,0,2.88,2.88,1,0
427_1457,21.43875,73.3099,1,1,2023-02-22,2023-02-22,0,6.98,6.98,1,0
427_1722,21.44032,74.27538,1,1,2023-05-27,2023-05-27,0,5.94,5.94,1,0
427_1723,21.44063,74.27859,1,1,2023-05-27,2023-05-27,0,5.94,5.94,1,0
427_1784,21.43988,74.49901,1,1,2023-02-05,2023-02-05,0,0.95,0.95,0,1
427_567,21.44043,70.06551,1,1,2023-03-28,2023-03-28,0,2.65,2.65,1,0
427_650,21.44032,70.3694,1,1,2023-04-02,2023-04-02,0,9.61,9.61,1,0
427_662,21.44119,70.41135,1,1,2023-10-15,2023-10-15,0,1.41,1.41,1,0
427_665,21.43858,70.42574,1,1,2023-10-14,2023-10-14,0,4.32,4.32,1,0
427_941,21.439855,71.42913999999999,2,1,2023-05-10,2023-05-10,0,12.425,13.82,2,0
427_943,21.43974,71.43551,1,1,2023-03-16,2023-03-16,0,1.96,1.96,1,0
428_1105,21.44356,72.0255,1,1,2023-03-31,2023-03-31,0,3.21,3.21,1,0
428_1146,21.44238,72.1759,1,1,2023-12-17,2023-12-17,0,1.6,1.6,1,0
428_1324,21.44383,72.82525,1,1,2023-05-14,2023-05-14,0,2.92,2.92,1,0
428_1366,21.44234,72.97571,1,1,2023-04-05,2023-04-05,0,2.73,2.73,1,0
428_1704,21.44416,74.20898,1,1,2023-03-04,2023-03-04,0,4.05,4.05,1,0
428_1715,21.44323,74.24696,1,1,2023-02-01,2023-02-01,0,11.92,11.92,1,0
428_1761,21.44242,74.41629,1,1,2023-12-18,2023-12-18,0,0.92,0.92,1,0
428_610,21.44312,70.22365,1,1,2023-03-22,2023-03-22,0,8.97,8.97,1,0
428_787,21.44207,70.86823,1,1,2023-11-10,2023-11-10,0,0.62,0.62,1,0
428_817,21.44309,70.97617,1,1,2023-01-08,2023-01-08,0,1.19,1.19,1,0
428_835,21.44488,71.04221,1,1,2023-03-28,2023-03-28,0,2.38,2.38,1,0
428_848,21.44395,71.09228,1,1,2023-01-21,2023-01-21,0,2.41,2.41,1,0
428_966,21.44284,71.52121,1,1,2023-03-14,2023-03-14,0,14.78,14.78,1,0
428_995,21.4434,71.62617,1,1,2023-01-09,2023-01-09,0,2.96,2.96,1,0
429_1319,21.44707,72.8073,1,1,2023-01-10,2023-01-10,0,2.44,2.44,1,0
429_1367,21.4453,72.98159,1,1,2023-11-11,2023-11-11,0,4.81,4.81,1,0
429_1396,21.44549,73.08485,1,1,2023-12-12,2023-12-12,0,1.62,1.62,1,0
429_1408,21.44713,73.1285,1,1,2023-05-18,2023-05-18,0,0.93,0.93,0,1
429_1714,21.44665,74.24632,1,1,2023-02-01,2023-02-01,0,4.42,4.42,1,0
429_554,21.44822,70.02017,1,1,2023-03-25,2023-03-25,0,7.78,7.78,1,0
429_599,21.44688,70.18262,1,1,2023-03-18,2023-03-18,0,4.41,4.41,1,0
429_687,21.44598,70.50397,1,1,2023-02-17,2023-02-17,0,12.54,12.54,1,0
429_966,21.44642,71.52067,1,1,2023-03-14,2023-03-14,0,14.78,14.78,1,0
42_1468,20.14408,73.34733,1,1,2023-04-18,2023-04-18,0,4.31,4.31,1,0
42_1526,20.144,73.55963,1,1,2023-04-06,2023-04-06,0,5.24,5.24,1,0
430_1011,21.44952,71.6854,1,1,2023-03-25,2023-03-25,0,7.71,7.71,1,0
430_1157,21.45087,72.21697,1,1,2023-03-23,2023-03-23,0,2.55,2.55,1,0
430_1310,21.44881,72.77422,1,1,2023-04-23,2023-04-23,0,14.57,14.57,1,0
430_1359,21.45123,72.95294,1,1,2023-10-28,2023-10-28,0,1.24,1.24,1,0
430_1485,21.449925,73.41003,2,2,2023-03-11,2023-03-12,1,2.345,2.87,2,0
430_1492,21.4491,73.43513,1,1,2023-03-09,2023-03-09,0,7.03,7.03,1,0
430_1777,21.45049,74.47289,1,1,2023-04-05,2023-04-05,0,7.83,7.83,1,0
430_1782,21.44871,74.49371,1,1,2023-11-21,2023-11-21,0,2.67,2.67,0,1
430_642,21.45003,70.34035,1,1,2023-03-11,2023-03-11,0,6.81,6.81,1,0
430_765,21.45107,70.78848,1,1,2023-04-25,2023-04-25,0,1.84,1.84,1,0
430_834,21.44957,71.038775,2,2,2023-11-04,2023-11-09,5,2.94,4.25,2,0
430_932,21.45089,71.39633,2,2,2023-05-02,2023-05-08,6,9.84,14.71,2,0
431_1066,21.45491,71.88396,1,1,2023-06-08,2023-06-08,0,9.81,9.81,1,0
431_1282,21.45382,72.67112,1,1,2023-06-11,2023-06-11,0,6.48,6.48,1,0
431_1283,21.4519,72.67345,1,1,2023-06-11,2023-06-11,0,6.14,6.14,1,0
431_1303,21.45476,72.74802,1,1,2023-05-30,2023-05-30,0,3.07,3.07,1,0
431_1378,21.45246,73.02042,1,1,2023-01-23,2023-01-23,0,4.18,4.18,1,0
431_1490,21.45216,73.42806,1,1,2023-03-10,2023-03-10,0,2.86,2.86,1,0
431_1491,21.45277,73.43188,1,1,2023-03-10,2023-03-10,0,2.86,2.86,1,0
431_1782,21.45278,74.49072,1,1,2023-12-28,2023-12-28,0,1.47,1.47,0,1
431_586,21.45459,70.13573,1,1,2023-02-04,2023-02-04,0,4.95,4.95,1,0
431_937,21.45427,71.4161,1,1,2023-02-14,2023-02-14,0,3.81,3.81,1,0
432_1286,21.45691,72.68472,1,1,2023-04-17,2023-04-17,0,11.18,11.18,1,0
432_1374,21.45774333333333,73.00592,3,2,2023-01-27,2023-04-19,82,3.736666666666667,5.26,3,0
432_1376,21.45814,73.01196,1,1,2023-01-27,2023-01-27,0,6.45,6.45,1,0
432_1385,21.45617,73.04556,1,1,2023-03-19,2023-03-19,0,3.94,3.94,1,0
432_1420,21.45816,73.17426,1,1,2023-02-25,2023-02-25,0,0.2,0.2,0,1
432_1421,21.45652,73.178,1,1,2023-06-01,2023-06-01,0,3.51,3.51,1,0
432_1495,21.45555,73.4476,1,1,2023-06-01,2023-06-01,0,2.23,2.23,1,0
432_1782,21.45616,74.49136,1,1,2023-12-28,2023-12-28,0,1.47,1.47,0,1
432_557,21.45801,70.03036,1,1,2023-03-22,2023-03-22,0,4.16,4.16,1,0
432_669,21.45567,70.43972,1,1,2023-06-07,2023-06-07,0,3.01,3.01,0,1
432_812,21.45848,70.95898,1,1,2023-04-21,2023-04-21,0,6.97,6.97,1,0
432_937,21.45846,71.41375,1,1,2023-02-14,2023-02-14,0,8.03,8.03,1,0
433_1120,21.46183,72.08066,1,1,2023-05-16,2023-05-16,0,1.5,1.5,0,1
433_1280,21.46129,72.6656,1,1,2023-04-09,2023-04-09,0,9.18,9.18,1,0
433_1285,21.46088,72.6839,1,1,2023-04-17,2023-04-17,0,11.18,11.18,1,0
433_1356,21.46007,72.94036,1,1,2023-03-04,2023-03-04,0,2.2,2.2,1,0
433_1390,21.46044,73.06324,1,1,2023-12-06,2023-12-06,0,1.65,1.65,1,0
433_1750,21.46165,74.37557,1,1,2023-12-30,2023-12-30,0,5.39,5.39,1,0
433_670,21.46189,70.44289,1,1,2023-03-05,2023-03-05,0,6.33,6.33,1,0
433_787,21.45959,70.86909,1,1,2023-04-03,2023-04-03,0,2.59,2.59,1,0
433_788,21.4599,70.87225,1,1,2023-04-03,2023-04-03,0,2.59,2.59,1,0
433_852,21.45898,71.1058,1,1,2023-04-05,2023-04-05,0,0.66,0.66,0,1
433_921,21.4615,71.35737,1,1,2023-03-01,2023-03-01,0,3.73,3.73,1,0
433_937,21.45953,71.41554,1,1,2023-02-14,2023-02-14,0,5.75,5.75,1,0
433_942,21.45868,71.43466,1,1,2023-03-25,2023-03-25,0,5.14,5.14,1,0
434_1120,21.46407,72.0803,1,1,2023-05-20,2023-05-20,0,1.73,1.73,0,1
434_1279,21.46325,72.66101,1,1,2023-04-22,2023-04-22,0,11.13,11.13,1,0
434_1327,21.46363,72.83401,1,1,2023-06-20,2023-06-20,0,2.4,2.4,1,0
434_1423,21.46514,73.18523,1,1,2023-05-23,2023-05-23,0,4.57,4.57,1,0
434_1579,21.46473,73.7548,1,1,2023-04-27,2023-04-27,0,10.61,10.61,1,0
434_1683,21.46367,74.1319,1,1,2023-04-04,2023-04-04,0,4.38,4.38,1,0
434_1690,21.46445,74.15663,1,1,2023-05-24,2023-05-24,0,7.3,7.3,1,0
434_1748,21.46419,74.36768,1,1,2023-11-20,2023-11-20,0,3.46,3.46,1,0
434_582,21.46271,70.12041,1,1,2023-03-04,2023-03-04,0,0.32,0.32,0,1
434_651,21.46394,70.37324,1,1,2023-03-20,2023-03-20,0,8.21,8.21,1,0
434_812,21.46221,70.9593,1,1,2023-04-11,2023-04-11,0,12.06,12.06,1,0
434_813,21.46238,70.9621,1,1,2023-04-21,2023-04-21,0,6.97,6.97,1,0
434_919,21.46518,71.3505,1,1,2023-03-11,2023-03-11,0,18.68,18.68,1,0
434_920,21.46215,71.35377,1,1,2023-03-11,2023-03-11,0,9.05,9.05,1,0
434_943,21.46424,71.43548,1,1,2023-01-11,2023-01-11,0,1.12,1.12,1,0
434_998,21.46479,71.63548,1,1,2023-02-11,2023-02-11,0,2.07,2.07,1,0
435_1000,21.46604,71.64314,1,1,2023-02-11,2023-02-11,0,16.31,16.31,1,0
435_1001,21.46667,71.64698,1,1,2023-02-11,2023-02-11,0,20.99,20.99,1,0
435_1004,21.46854,71.65848,1,1,2023-02-11,2023-02-11,0,2.66,2.66,1,0
435_1090,21.46631,71.97324,1,1,2023-05-25,2023-05-25,0,3.52,3.52,1,0
435_1337,21.46685,72.87181,1,1,2023-11-16,2023-11-16,0,4.23,4.23,1,0
435_1443,21.4667,73.25593,1,1,2023-01-25,2023-01-25,0,3.18,3.18,1,0
435_1750,21.46701,74.37575,1,1,2023-12-29,2023-12-29,0,1.3,1.3,0,1
435_1751,21.4664,74.3801,1,1,2023-12-29,2023-12-29,0,1.0,1.0,0,1
435_1758,21.46582,74.40539,1,1,2023-02-18,2023-02-18,0,4.82,4.82,1,0
435_920,21.46691,71.35265,1,1,2023-03-11,2023-03-11,0,14.09,14.09,1,0
435_943,21.46577,71.43607,1,1,2023-02-04,2023-02-04,0,2.72,2.72,1,0
436_1002,21.47066,71.65019,1,1,2023-02-11,2023-02-11,0,20.99,20.99,1,0
436_1003,21.47128,71.65403,1,1,2023-02-11,2023-02-11,0,2.66,2.66,1,0
436_1005,21.46916,71.66231,1,1,2023-02-11,2023-02-11,0,3.95,3.95,1,0
436_1313,21.47011,72.78416,1,1,2023-04-03,2023-04-03,0,1.8,1.8,1,0
436_1327,21.46966666666667,72.83447333333334,3,2,2023-01-13,2023-01-27,14,5.326666666666667,5.49,3,0
436_1352,21.46939,72.92574,1,1,2023-02-11,2023-02-11,0,2.99,2.99,1,0
436_1503,21.4708,73.47552,1,1,2023-03-12,2023-03-12,0,3.3,3.3,1,0
436_1504,21.47171,73.47963,1,1,2023-03-12,2023-03-12,0,6.54,6.54,1,0
436_1652,21.47146,74.02053,1,1,2023-11-03,2023-11-03,0,2.31,2.31,1,0
436_1689,21.47069,74.15238,1,1,2023-03-11,2023-03-11,0,3.22,3.22,1,0
436_1723,21.47128,74.27873,1,1,2023-02-04,2023-02-04,0,5.67,5.67,1,0
436_1746,21.46894,74.3605,1,1,2023-12-07,2023-12-07,0,6.5,6.5,1,0
436_1758,21.47016,74.40443,1,1,2023-02-18,2023-02-18,0,4.95,4.95,1,0
436_1773,21.47093,74.46066,1,1,2023-04-03,2023-04-03,0,2.72,2.72,1,0
436_588,21.47164,70.14317,1,1,2023-03-29,2023-03-29,0,3.15,3.15,1,0
436_832,21.47163,71.0321,1,1,2023-12-30,2023-12-30,0,2.11,2.11,1,0
436_999,21.46878,71.63869,1,1,2023-02-11,2023-02-11,0,16.31,16.31,1,0
437_1000,21.4734,71.64574,1,1,2023-02-11,2023-02-11,0,4.55,4.55,1,0
437_1002,21.47402,71.64958,1,1,2023-02-11,2023-02-11,0,4.55,4.55,1,0
437_1003,21.47464,71.65342,1,1,2023-02-11,2023-02-11,0,9.88,9.88,1,0
437_1004,21.47527,71.65724,1,1,2023-02-11,2023-02-11,0,9.88,9.88,1,0
437_1316,21.47535,72.79515,1,1,2023-04-22,2023-04-22,0,6.04,6.04,1,0
437_1362,21.47219,72.96145,1,1,2023-02-27,2023-02-27,0,6.84,6.84,1,0
437_1376,21.47547,73.01498,1,1,2023-12-12,2023-12-12,0,2.87,2.87,1,0
437_1597,21.47241,73.81864,1,1,2023-12-29,2023-12-29,0,3.2,3.2,1,0
437_1689,21.47376,74.15193,1,1,2023-03-11,2023-03-11,0,1.96,1.96,1,0
437_568,21.47443,70.07101,1,1,2023-04-03,2023-04-03,0,3.96,3.96,1,0
437_583,21.47513,70.12592,1,1,2023-05-07,2023-05-07,0,4.83,4.83,1,0
437_623,21.47525,70.27178,1,1,2023-06-10,2023-06-10,0,2.01,2.01,1,0
437_626,21.47239,70.28358,1,1,2023-03-18,2023-03-18,0,4.36,4.36,1,0
437_662,21.4737,70.41303,1,1,2023-02-22,2023-02-22,0,3.44,3.44,1,0
437_755,21.47495,70.75275,1,1,2023-03-02,2023-03-02,0,8.99,8.99,1,0
437_756,21.47532,70.7572,1,1,2023-03-02,2023-03-02,0,16.55,16.55,1,0
437_804,21.474,70.93105,1,1,2023-10-30,2023-10-30,0,2.85,2.85,1,0
437_943,21.47392,71.43748,1,1,2023-01-22,2023-01-22,0,11.23,11.23,1,0
437_944,21.4734,71.44028,1,1,2023-01-22,2023-01-22,0,19.41,19.41,1,0
437_945,21.47504,71.44289,1,1,2023-01-22,2023-01-22,0,12.21,12.21,1,0
437_990,21.47379,71.60817,2,2,2023-12-12,2023-12-28,16,3.18,4.69,2,0
437_991,21.4749,71.61085,1,1,2023-12-12,2023-12-12,0,6.35,6.35,1,0
438_1003,21.47863,71.65663,1,1,2023-02-11,2023-02-11,0,9.88,9.88,1,0
438_1321,21.47671,72.81185,1,1,2023-12-16,2023-12-16,0,1.71,1.71,1,0
438_1333,21.47692,72.85647,1,1,2023-12-24,2023-12-24,0,4.18,4.18,1,0
438_1334,21.47741,72.85884,1,1,2023-12-18,2023-12-18,0,2.08,2.08,1,0
438_1356,21.47559,72.93946,1,1,2023-11-21,2023-11-21,0,6.98,6.98,1,0
438_1363,21.47688,72.96544,1,1,2023-04-10,2023-04-10,0,4.28,4.28,1,0
438_1719,21.47846,74.26392,1,1,2023-04-04,2023-04-04,0,6.57,6.57,1,0
438_1757,21.47607,74.40282,1,1,2023-01-25,2023-01-25,0,0.87,0.87,0,1
438_1763,21.47713,74.42415,1,1,2023-12-23,2023-12-23,0,2.5,2.5,1,0
438_546,21.47648,69.9892,1,1,2023-02-15,2023-02-15,0,3.5,3.5,1,0
438_618,21.47837,70.25251,1,1,2023-03-22,2023-03-22,0,9.54,9.54,1,0
438_655,21.4765,70.38716,1,1,2023-03-25,2023-03-25,0,7.8,7.8,1,0
438_661,21.47787,70.41003,1,1,2023-03-23,2023-03-23,0,5.74,5.74,1,0
438_757,21.4756,70.75882,1,1,2023-03-02,2023-03-02,0,8.99,8.99,1,0
438_796,21.47554,70.9016,1,1,2023-03-29,2023-03-29,0,2.86,2.86,1,0
438_818,21.47668,70.98023,1,1,2023-04-08,2023-04-08,0,4.43,4.43,1,0
438_990,21.47666,71.6087,1,1,2023-12-28,2023-12-28,0,1.79,1.79,1,0
439_1000,21.48013,71.64452,1,1,2023-02-11,2023-02-11,0,12.33,12.33,1,0
439_1002,21.48137,71.65218,1,1,2023-02-11,2023-02-11,0,13.97,13.97,1,0
439_1003,21.48199,71.65601,1,1,2023-02-11,2023-02-11,0,13.97,13.97,1,0
439_1028,21.4817,71.74788,1,1,2023-03-05,2023-03-05,0,2.66,2.66,1,0
439_1292,21.47981,72.70811,1,1,2023-03-02,2023-03-02,0,2.07,2.07,1,0
439_1294,21.47894,72.71621,1,1,2023-11-08,2023-11-08,0,2.37,2.37,1,0
439_1305,21.47987,72.753545,2,2,2023-02-07,2023-04-18,70,3.59,3.71,2,0
439_1309,21.47932,72.77054,1,1,2023-03-31,2023-03-31,0,1.76,1.76,1,0
439_1355,21.48164,72.93812,1,1,2023-02-28,2023-02-28,0,2.81,2.81,1,0
439_1363,21.48119,72.96497,2,2,2023-02-01,2023-04-10,68,2.39,4.28,1,1
439_1405,21.48041,73.11869,1,1,2023-03-24,2023-03-24,0,4.29,4.29,1,0
439_1744,21.48014,74.35523,1,1,2023-12-23,2023-12-23,0,3.56,3.56,1,0
439_1755,21.47928,74.39561,1,1,2023-12-27,2023-12-27,0,4.85,4.85,1,0
439_584,21.47885,70.12959,1,1,2023-03-11,2023-03-11,0,0.85,0.85,0,1
439_591,21.48214,70.15602,1,1,2023-03-28,2023-03-28,0,1.6,1.6,1,0
439_661,21.47902,70.41116,1,1,2023-03-23,2023-03-23,0,5.19,5.19,1,0
439_738,21.47961,70.69144,1,1,2023-02-24,2023-02-24,0,2.93,2.93,1,0
439_739,21.47954,70.69472,1,1,2023-02-24,2023-02-24,0,3.67,3.67,1,0
439_815,21.48069,70.96882,1,1,2023-04-22,2023-04-22,0,4.59,4.59,1,0
439_885,21.48046,71.22598,1,1,2023-01-16,2023-01-16,0,3.85,3.85,1,0
43_1448,20.14503,73.27761,1,1,2023-04-12,2023-04-12,0,4.6,4.6,1,0
43_1458,20.14822,73.3114,1,1,2023-03-31,2023-03-31,0,1.92,1.92,1,0
43_1468,20.14627,73.34808,1,1,2023-04-18,2023-04-18,0,1.43,1.43,1,0
43_1469,20.14562,73.35093,1,1,2023-04-29,2023-04-29,0,3.2,3.2,1,0
43_1525,20.14756,73.5575,1,1,2023-03-14,2023-03-14,0,4.34,4.34,1,0
440_1003,21.48536,71.6554,1,1,2023-02-11,2023-02-11,0,13.97,13.97,1,0
440_1337,21.4825,72.87117,1,1,2023-02-21,2023-02-21,0,3.61,3.61,1,0
440_1338,21.48308,72.87543,1,1,2023-02-21,2023-02-21,0,3.03,3.03,1,0
440_1379,21.48443,73.02568,1,1,2023-03-28,2023-03-28,0,1.09,1.09,1,0
440_1693,21.48296,74.16644,1,1,2023-04-09,2023-04-09,0,8.73,8.73,1,0
440_1750,21.48548,74.37685,1,1,2023-02-05,2023-02-05,0,1.25,1.25,1,0
440_1751,21.48507,74.37934,1,1,2023-03-12,2023-03-12,0,1.43,1.43,1,0
440_674,21.483216666666664,70.45642,3,2,2023-04-08,2023-05-14,36,4.39,6.31,3,0
440_801,21.48393,70.91867,1,1,2023-11-09,2023-11-09,0,1.65,1.65,1,0
440_842,21.48303,71.06831,1,1,2023-03-14,2023-03-14,0,8.69,8.69,1,0
440_855,21.48446,71.11679,1,1,2023-03-29,2023-03-29,0,3.53,3.53,1,0
440_857,21.485,71.12196,1,1,2023-03-29,2023-03-29,0,6.17,6.17,1,0
440_998,21.48224,71.63622,1,1,2023-02-11,2023-02-11,0,23.78,23.78,1,0
440_999,21.48287,71.64006,1,1,2023-02-11,2023-02-11,0,23.78,23.78,1,0
441_1295,21.48843,72.71947,1,1,2023-03-31,2023-03-31,0,3.32,3.32,1,0
441_1304,21.48607,72.7504,1,1,2023-05-17,2023-05-17,0,7.35,7.35,1,0
441_1344,21.48719,72.89663,1,1,2023-12-06,2023-12-06,0,1.89,1.89,1,0
441_1365,21.48745,72.9732,1,1,2023-12-20,2023-12-20,0,4.58,4.58,1,0
441_1378,21.48839,73.02037,1,1,2023-12-27,2023-12-27,0,0.51,0.51,0,1
441_1579,21.48706,73.75172,1,1,2023-04-11,2023-04-11,0,13.32,13.32,1,0
441_1694,21.48736,74.17108,1,1,2023-03-10,2023-03-10,0,1.95,1.95,1,0
441_1719,21.48806,74.26349,1,1,2023-04-20,2023-04-20,0,9.92,9.92,1,0
441_549,21.48599,70.00297,1,1,2023-03-18,2023-03-18,0,2.56,2.56,1,0
441_673,21.48867,70.45461,1,1,2023-04-08,2023-04-08,0,1.96,1.96,1,0
441_856,21.48628,71.11938,1,1,2023-03-29,2023-03-29,0,8.95,8.95,1,0
441_943,21.48643,71.43647,1,1,2023-05-16,2023-05-16,0,10.31,10.31,1,0
442_1014,21.48973,71.69549,1,1,2023-05-11,2023-05-11,0,15.21,15.21,1,0
442_1299,21.48968,72.733885,2,2,2023-03-05,2023-04-01,27,2.63,3.68,1,1
442_1303,21.48947,72.7483,1,1,2023-03-26,2023-03-26,0,27.82,27.82,1,0
442_1365,21.48948,72.97521,1,1,2023-12-20,2023-12-20,0,7.41,7.41,1,0
442_1383,21.4916,73.03906,1,1,2023-02-24,2023-02-24,0,2.74,2.74,1,0
442_1751,21.48971,74.38046,1,1,2023-03-10,2023-03-10,0,6.0,6.0,1,0
442_556,21.490085,70.02691,2,2,2023-03-13,2023-11-20,252,2.84,4.63,2,0
442_572,21.49161,70.08649,1,1,2023-01-22,2023-01-22,0,1.46,1.46,1,0
442_912,21.49084,71.32539,1,1,2023-11-18,2023-11-18,0,2.57,2.57,1,0
442_965,21.49191,71.51527,1,1,2023-01-12,2023-01-12,0,0.46,0.46,0,1
443_1303,21.49288,72.74766,1,1,2023-03-26,2023-03-26,0,27.82,27.82,1,0
443_1323,21.49439,72.81983,1,1,2023-02-20,2023-02-20,0,4.72,4.72,1,0
443_1333,21.49449,72.8575,1,1,2023-02-07,2023-02-07,0,2.4,2.4,1,0
443_1334,21.49534,72.86193,1,1,2023-02-07,2023-02-07,0,4.41,4.41,1,0
443_1350,21.494,72.91843,1,1,2023-06-23,2023-06-23,0,2.53,2.53,1,0
443_1356,21.49315,72.94021,1,1,2023-11-21,2023-11-21,0,1.98,1.98,1,0
443_1370,21.49498,72.99246,1,1,2023-10-31,2023-10-31,0,6.28,6.28,1,0
443_1377,21.49319,73.01635,1,1,2023-10-10,2023-10-10,0,4.54,4.54,1,0
443_1394,21.494,73.07961,1,1,2023-03-10,2023-03-10,0,3.07,3.07,1,0
443_1691,21.493,74.16234,1,1,2023-03-25,2023-03-25,0,4.35,4.35,1,0
443_1750,21.49254,74.375,1,1,2023-05-21,2023-05-21,0,4.15,4.15,1,0
443_1777,21.49294,74.47561,1,1,2023-04-01,2023-04-01,0,1.32,1.32,0,1
443_750,21.49285,70.73423,1,1,2023-01-21,2023-01-21,0,2.17,2.17,1,0
443_753,21.49406,70.74587,1,1,2023-01-14,2023-01-14,0,3.58,3.58,1,0
443_824,21.49391,71.00304,1,1,2023-02-11,2023-02-11,0,3.54,3.54,1,0
443_825,21.49458,71.00703,1,1,2023-02-11,2023-02-11,0,1.59,1.59,1,0
443_979,21.4944,71.56647,1,1,2023-02-20,2023-02-20,0,0.89,0.89,0,1
444_1293,21.49905,72.71193,1,1,2023-03-11,2023-03-11,0,6.96,6.96,1,0
444_1328,21.49838,72.83704,1,1,2023-05-25,2023-05-25,0,3.76,3.76,1,0
444_1331,21.496389999999998,72.851065,2,2,2023-02-01,2023-02-27,26,3.39,6.24,1,1
444_1351,21.49875,72.92228,1,1,2023-03-04,2023-03-04,0,7.56,7.56,1,0
444_1359,21.49747,72.95181,1,1,2023-01-26,2023-01-26,0,2.14,2.14,1,0
444_1369,21.49885,72.98779,1,1,2023-01-08,2023-01-08,0,1.87,1.87,1,0
444_1376,21.49847,73.01512,1,1,2023-03-07,2023-03-07,0,5.53,5.53,1,0
444_1691,21.49679,74.16179,1,1,2023-03-25,2023-03-25,0,6.17,6.17,1,0
444_1720,21.49606,74.26606,1,1,2023-04-15,2023-04-15,0,1.88,1.88,0,1
444_494,21.49587,69.80125,1,1,2023-03-23,2023-03-23,0,1.23,1.23,1,0
444_638,21.49866,70.32682,1,1,2023-03-23,2023-03-23,0,4.03,4.03,1,0
444_648,21.49683,70.36265,1,1,2023-03-30,2023-03-30,0,3.1,3.1,1,0
444_655,21.49588,70.38886,1,1,2023-03-29,2023-03-29,0,8.85,8.85,1,0
444_735,21.49735,70.68032,1,1,2023-03-29,2023-03-29,0,7.53,7.53,1,0
444_806,21.49724,70.93735,1,1,2023-04-09,2023-04-09,0,14.44,14.44,1,0
444_972,21.49699,71.54044,1,1,2023-04-14,2023-04-14,0,5.89,5.89,1,0
445_1109,21.50008,72.04084,1,1,2023-05-08,2023-05-08,0,6.69,6.69,1,0
445_1294,21.49993,72.71648,1,1,2023-03-11,2023-03-11,0,7.97,7.97,1,0
445_1328,21.5,72.83897,1,1,2023-05-25,2023-05-25,0,2.22,2.22,1,0
445_1359,21.49918,72.95161,1,1,2023-02-01,2023-02-01,0,4.75,4.75,1,0
445_1369,21.49942,72.98887,1,1,2023-01-08,2023-01-08,0,1.58,1.58,1,0
445_1376,21.50074,73.01454,1,1,2023-03-07,2023-03-07,0,4.51,4.51,1,0
445_1412,21.5001,73.14375,1,1,2023-04-23,2023-04-23,0,3.78,3.78,1,0
445_1578,21.50206,73.7491,1,1,2023-01-21,2023-01-21,0,1.72,1.72,1,0
445_1685,21.49961,74.13987,1,1,2023-01-26,2023-01-26,0,1.26,1.26,1,0
445_1715,21.5019,74.24928,1,1,2023-04-09,2023-04-09,0,4.88,4.88,1,0
445_1722,21.5008,74.27414,1,1,2023-05-17,2023-05-17,0,5.96,5.96,1,0
445_1738,21.50177,74.33223,1,1,2023-11-09,2023-11-09,0,3.6,3.6,1,0
445_482,21.50138,69.75777,1,1,2023-03-17,2023-03-17,0,10.54,10.54,1,0
445_483,21.49967,69.76122,1,1,2023-03-17,2023-03-17,0,7.49,7.49,1,0
445_490,21.50163,69.78747,1,1,2023-03-26,2023-03-26,0,2.36,2.36,1,0
445_565,21.50233,70.05853,1,1,2023-10-29,2023-10-29,0,5.3,5.3,1,0
445_615,21.501,70.24039,1,1,2023-03-13,2023-03-13,0,3.1,3.1,1,0
445_772,21.50151,70.81461,1,1,2023-01-16,2023-01-16,0,2.89,2.89,1,0
445_815,21.50215,70.9718,1,1,2023-03-14,2023-03-14,0,2.27,2.27,1,0
445_846,21.5013,71.08387,1,1,2023-06-07,2023-06-07,0,3.63,3.63,1,0
445_859,21.50031,71.13148,1,1,2023-11-04,2023-11-04,0,1.35,1.35,1,0
446_1051,21.50558,71.8304,1,1,2023-01-26,2023-01-26,0,1.4,1.4,1,0
446_1290,21.504185,72.70164500000001,2,1,2023-03-31,2023-03-31,0,5.755,7.74,2,0
446_1293,21.50342,72.71096,1,1,2023-03-11,2023-03-11,0,6.96,6.96,1,0
446_1294,21.5043,72.71552,1,1,2023-03-11,2023-03-11,0,7.97,7.97,1,0
446_1683,21.50473,74.13129,1,1,2023-02-05,2023-02-05,0,2.13,2.13,1,0
446_1699,21.50432,74.18831,1,1,2023-01-04,2023-01-04,0,3.26,3.26,1,0
446_1728,21.50492,74.29681,1,1,2023-12-06,2023-12-06,0,11.11,11.11,1,0
446_1734,21.50551,74.31806,1,1,2023-04-08,2023-04-08,0,4.27,4.27,1,0
446_1735,21.50559,74.31949,1,1,2023-04-08,2023-04-08,0,6.24,6.24,1,0
446_1769,21.50281,74.44538,1,1,2023-04-20,2023-04-20,0,15.48,15.48,1,0
446_484,21.50271,69.76324,1,1,2023-03-17,2023-03-17,0,10.72,10.72,1,0
446_493,21.50356,69.79808,1,1,2023-03-26,2023-03-26,0,10.23,10.23,1,0
446_585,21.50278,70.13235,1,1,2023-01-31,2023-01-31,0,1.62,1.62,1,0
446_602,21.5046,70.19339,1,1,2023-05-13,2023-05-13,0,11.17,11.17,1,0
446_638,21.50409,70.32623,1,1,2023-03-23,2023-03-23,0,4.03,4.03,1,0
446_639,21.50466,70.33022,1,1,2023-01-08,2023-01-08,0,3.51,3.51,1,0
446_674,21.50335,70.45499,1,1,2023-10-17,2023-10-17,0,3.58,3.58,1,0
446_721,21.50449,70.62964,1,1,2023-01-31,2023-01-31,0,1.35,1.35,1,0
446_728,21.50278,70.65434,1,1,2023-03-07,2023-03-07,0,3.92,3.92,1,0
446_806,21.50527,70.93781,1,1,2023-04-05,2023-04-05,0,6.77,6.77,1,0
446_839,21.50288,71.05708,1,1,2023-05-08,2023-05-08,0,2.3,2.3,1,0
446_884,21.5047,71.22301,1,1,2023-04-06,2023-04-06,0,10.1,10.1,1,0
446_895,21.50388,71.26246,1,1,2023-04-03,2023-04-03,0,2.93,2.93,1,0
447_1304,21.50803,72.74985,1,1,2023-11-06,2023-11-06,0,2.78,2.78,1,0
447_1323,21.50707,72.81982,1,1,2023-04-21,2023-04-21,0,3.99,3.99,1,0
447_1334,21.506895,72.86205000000001,2,1,2023-04-03,2023-04-03,0,4.285,4.46,2,0
447_1337,21.50873,72.87018,1,1,2023-01-23,2023-01-23,0,3.52,3.52,1,0
447_1423,21.50675,73.18379,1,1,2023-04-06,2023-04-06,0,3.37,3.37,1,0
447_1704,21.50711,74.20776,1,1,2023-01-11,2023-01-11,0,3.46,3.46,1,0
447_1728,21.50799,74.29544999999999,2,1,2023-12-06,2023-12-06,0,16.36,21.61,2,0
447_1736,21.50599,74.32484,1,1,2023-04-08,2023-04-08,0,4.27,4.27,1,0
447_1752,21.50694,74.38457,1,1,2023-02-13,2023-02-13,0,3.58,3.58,1,0
447_1767,21.50686,74.43832,1,1,2023-04-07,2023-04-07,0,1.66,1.66,0,1
447_483,21.507469999999998,69.760555,2,1,2023-03-17,2023-03-17,0,9.105,10.72,2,0
447_484,21.50724,69.76501,1,1,2023-03-17,2023-03-17,0,7.49,7.49,1,0
447_497,21.50898,69.81142,1,1,2023-03-31,2023-03-31,0,3.91,3.91,1,0
447_499,21.50829,69.82029,1,1,2023-12-11,2023-12-11,0,7.52,7.52,1,0
447_553,21.50876,70.01769,1,1,2023-03-08,2023-03-08,0,4.94,4.94,1,0
447_609,21.50889,70.22063,1,1,2023-01-29,2023-01-29,0,3.8,3.8,1,0
448_1044,21.51232,71.80499,1,1,2023-01-19,2023-01-19,0,3.63,3.63,1,0
448_1117,21.51073,72.06892,1,1,2023-03-29,2023-03-29,0,3.08,3.08,1,0
448_1332,21.51185,72.85349,1,1,2023-03-28,2023-03-28,0,2.47,2.47,1,0
448_1353,21.51041,72.93098,1,1,2023-03-27,2023-03-27,0,3.8,3.8,1,0
448_1425,21.510575,73.19067000000001,2,1,2023-05-15,2023-05-15,0,2.295,2.48,2,0
448_1634,21.51121,73.952055,2,2,2023-01-15,2023-12-12,331,7.76,9.65,2,0
448_1693,21.51133,74.16971,1,1,2023-12-11,2023-12-11,0,3.35,3.35,1,0
448_1694,21.5102,74.17252,1,1,2023-11-24,2023-11-24,0,5.28,5.28,1,0
448_1704,21.51076,74.20705,1,1,2023-01-11,2023-01-11,0,3.46,3.46,1,0
448_1764,21.51207,74.42772,1,1,2023-02-08,2023-02-08,0,1.15,1.15,1,0
448_481,21.51001,69.75317,1,1,2023-03-13,2023-03-13,0,12.84,12.84,1,0
448_498,21.50974,69.81584,1,1,2023-03-31,2023-03-31,0,5.55,5.55,1,0
448_642,21.51094,70.34044,1,1,2023-03-23,2023-03-23,0,5.01,5.01,1,0
448_813,21.51078,70.96242,1,1,2023-11-10,2023-11-10,0,1.51,1.51,1,0
448_838,21.50976,71.05469,1,1,2023-03-31,2023-03-31,0,8.73,8.73,1,0
449_1301,21.51325,72.7412,1,1,2023-01-05,2023-01-05,0,8.84,8.84,1,0
449_1326,21.51458,72.83131,1,1,2023-02-12,2023-02-12,0,4.97,4.97,1,0
449_1339,21.51433,72.87807,1,1,2023-02-04,2023-02-04,0,2.08,2.08,1,0
449_1354,21.51555,72.93442,1,1,2023-03-27,2023-03-27,0,6.16,6.16,1,0
449_1360,21.51541,72.95663,1,1,2023-03-09,2023-03-09,0,24.83,24.83,1,0
449_1403,21.51548,73.11272,1,1,2023-11-21,2023-11-21,0,0.43,0.43,0,1
449_1424,21.51295,73.18954,1,1,2023-05-14,2023-05-14,0,2.42,2.42,0,1
449_1730,21.51312,74.30291,1,1,2023-12-20,2023-12-20,0,6.39,6.39,1,0
449_1731,21.51415,74.30743,1,1,2023-12-20,2023-12-20,0,6.39,6.39,1,0
449_1756,21.51257,74.3989,1,1,2023-04-07,2023-04-07,0,4.7,4.7,1,0
449_1763,21.51455,74.42432,1,1,2023-02-01,2023-02-01,0,2.02,2.02,1,0
449_1764,21.51476,74.42711,1,1,2023-11-19,2023-11-19,0,18.4,18.4,1,0
449_1779,21.51329,74.48238,1,1,2023-04-03,2023-04-03,0,4.7,4.7,1,0
449_615,21.5139,70.24202,1,1,2023-02-16,2023-02-16,0,4.77,4.77,1,0
449_639,21.51532,70.32878,1,1,2023-03-23,2023-03-23,0,4.46,4.46,1,0
449_648,21.51569,70.36178,1,1,2023-05-23,2023-05-23,0,7.89,7.89,1,0
449_677,21.51376,70.46927,1,1,2023-11-12,2023-11-12,0,0.91,0.91,0,1
449_773,21.51335,70.8161,1,1,2023-01-31,2023-01-31,0,3.65,3.65,1,0
449_901,21.51502,71.28266,1,1,2023-04-01,2023-04-01,0,6.76,6.76,1,0
449_979,21.51311,71.5694,1,1,2023-03-31,2023-03-31,0,4.56,4.56,1,0
44_1480,20.14925,73.39343,1,1,2023-04-11,2023-04-11,0,5.14,5.14,1,0
44_1585,20.15011,73.77367,1,1,2023-06-09,2023-06-09,0,11.63,11.63,1,0
450_1292,21.51701,72.70897,1,1,2023-01-19,2023-01-19,0,5.0,5.0,1,0
450_1320,21.51605,72.81144,1,1,2023-11-16,2023-11-16,0,4.18,4.18,1,0
450_1360,21.51897,72.95609,1,1,2023-03-09,2023-03-09,0,24.83,24.83,1,0
450_1406,21.51717,73.12385,1,1,2023-04-09,2023-04-09,0,1.49,1.49,1,0
450_1407,21.51783,73.12525,1,1,2023-04-09,2023-04-09,0,5.15,5.15,1,0
450_1440,21.51853,73.24692,1,1,2023-01-04,2023-01-04,0,2.24,2.24,1,0
450_1580,21.51889,73.75506,1,1,2023-12-29,2023-12-29,0,3.48,3.48,1,0
450_642,21.51638,70.33986,1,1,2023-03-23,2023-03-23,0,5.01,5.01,1,0
451_1139,21.52019,72.1493,1,1,2023-04-07,2023-04-07,0,2.72,2.72,1,0
451_1318,21.52219,72.80067,1,1,2023-02-27,2023-02-27,0,4.88,4.88,1,0
451_1327,21.52165,72.83569,1,1,2023-04-06,2023-04-06,0,11.14,11.14,1,0
451_1414,21.51995,73.15128,1,1,2023-12-12,2023-12-12,0,2.15,2.15,1,0
451_1475,21.52076,73.37413000000001,2,1,2023-05-24,2023-05-24,0,7.705,8.11,2,0
451_1487,21.52087,73.41656,1,1,2023-05-17,2023-05-17,0,8.54,8.54,1,0
451_1664,21.51967,74.06142,1,1,2023-05-13,2023-05-13,0,5.66,5.66,1,0
451_484,21.52078,69.76576,1,1,2023-05-14,2023-05-14,0,2.98,2.98,1,0
451_575,21.52109,70.09782,1,1,2023-02-19,2023-02-19,0,2.47,2.47,1,0
451_632,21.51931,70.30264,1,1,2023-02-04,2023-02-04,0,0.24,0.24,0,1
451_666,21.52041,70.42635,1,1,2023-03-14,2023-03-14,0,2.22,2.22,1,0
451_845,21.52235,71.07816,1,1,2023-05-13,2023-05-13,0,2.39,2.39,1,0
451_856,21.52038,71.11897,1,1,2023-03-26,2023-03-26,0,3.11,3.11,1,0
451_910,21.52078,71.31803,1,1,2023-03-20,2023-03-20,0,1.95,1.95,1,0
451_924,21.51941,71.36668,1,1,2023-04-03,2023-04-03,0,4.83,4.83,1,0
452_1159,21.523,72.22231,1,1,2023-06-02,2023-06-02,0,14.63,14.63,1,0
452_1460,21.5246,73.31836,1,1,2023-02-22,2023-02-22,0,1.46,1.46,1,0
452_1656,21.52412,74.03168,1,1,2023-01-14,2023-01-14,0,2.27,2.27,1,0
452_1677,21.52403,74.11115,1,1,2023-05-25,2023-05-25,0,1.79,1.79,1,0
452_1685,21.52468,74.13953,1,1,2023-11-21,2023-11-21,0,0.52,0.52,0,1
452_1758,21.52434,74.40672,1,1,2023-02-28,2023-02-28,0,0.46,0.46,0,1
452_476,21.52511,69.73685,1,1,2023-05-17,2023-05-17,0,11.21,11.21,1,0
452_485,21.52341,69.76896,1,1,2023-03-30,2023-03-30,0,1.56,1.56,1,0
452_486,21.52397,69.7728,1,1,2023-03-30,2023-03-30,0,1.56,1.56,1,0
452_489,21.52456,69.7832,1,1,2023-05-14,2023-05-14,0,0.89,0.89,1,0
452_592,21.52415,70.15666,1,1,2023-03-28,2023-03-28,0,10.31,10.31,1,0
452_610,21.52323,70.2231,1,1,2023-03-18,2023-03-18,0,12.22,12.22,1,0
452_789,21.52456,70.87522,1,1,2023-02-21,2023-02-21,0,0.86,0.86,0,1
452_815,21.52516,70.97205,1,1,2023-03-29,2023-03-29,0,7.69,7.69,1,0
453_1342,21.52831,72.88867,1,1,2023-11-17,2023-11-17,0,4.13,4.13,1,0
453_1347,21.52833,72.90647,1,1,2023-02-12,2023-02-12,0,7.11,7.11,1,0
453_1357,21.52749,72.94539,1,1,2023-11-12,2023-11-12,0,3.15,3.15,1,0
453_1386,21.52847,73.04977,2,1,2023-12-08,2023-12-08,0,3.115,3.41,2,0
453_1393,21.52791,73.07672,1,1,2023-02-06,2023-02-06,0,1.48,1.48,1,0
453_1585,21.52816,73.77306,1,1,2023-02-06,2023-02-06,0,3.08,3.08,1,0
453_1682,21.52802,74.12708,1,1,2023-01-11,2023-01-11,0,0.39,0.39,0,1
453_481,21.52853,69.75262,1,1,2023-03-31,2023-03-31,0,1.72,1.72,1,0
453_610,21.528085,70.22279499999999,2,2,2023-02-22,2023-03-03,9,3.445,6.0,1,1
453_887,21.52728,71.23285,1,1,2023-04-03,2023-04-03,0,3.53,3.53,1,0
453_983,21.52667,71.58288,1,1,2023-04-09,2023-04-09,0,23.62,23.62,1,0
454_1353,21.52958,72.92947,1,1,2023-11-09,2023-11-09,0,0.78,0.78,0,1
454_1354,21.52964,72.93372,1,1,2023-11-09,2023-11-09,0,0.49,0.49,0,1
454_1680,21.53017,74.12236,1,1,2023-02-22,2023-02-22,0,2.09,2.09,1,0
454_1682,21.53165,74.12765,1,1,2023-01-11,2023-01-11,0,0.26,0.26,0,1
454_1717,21.52952,74.2551,1,1,2023-04-07,2023-04-07,0,5.08,5.08,1,0
454_1745,21.53238,74.35647,1,1,2023-01-28,2023-01-28,0,3.08,3.08,1,0
454_576,21.52971,70.10134,1,1,2023-02-20,2023-02-20,0,0.45,0.45,0,1
454_654,21.53191,70.38336,1,1,2023-03-07,2023-03-07,0,1.54,1.54,1,0
454_842,21.53116,71.06948,1,1,2023-03-29,2023-03-29,0,6.74,6.74,1,0
454_889,21.53074,71.24024,2,1,2023-05-20,2023-05-20,0,8.445,9.09,2,0
455_1411,21.53438,73.1407,1,1,2023-03-15,2023-03-15,0,1.81,1.81,1,0
455_1484,21.53596,73.4081,1,1,2023-01-03,2023-01-03,0,3.09,3.09,1,0
455_1537,21.53301,73.59979,1,1,2023-03-04,2023-03-04,0,4.02,4.02,1,0
455_1742,21.53362,74.3468,1,1,2023-12-27,2023-12-27,0,2.67,2.67,1,0
455_1774,21.53453,74.46275,1,1,2023-06-09,2023-06-09,0,6.78,6.78,1,0
455_487,21.53604,69.77384,1,1,2023-03-25,2023-03-25,0,6.01,6.01,1,0
455_575,21.53482,70.0966,1,1,2023-03-05,2023-03-05,0,3.1,3.1,1,0
455_601,21.53588,70.1913,1,1,2023-03-07,2023-03-07,0,3.0,3.0,1,0
455_887,21.53564,71.23296,1,1,2023-03-31,2023-03-31,0,10.72,10.72,1,0
456_1322,21.53854,72.81705,1,1,2023-02-14,2023-02-14,0,3.37,3.37,0,1
456_1367,21.537935,72.982185,2,1,2023-12-17,2023-12-17,0,2.92,3.14,2,0
456_1537,21.53644,73.59926,1,1,2023-03-04,2023-03-04,0,4.02,4.02,1,0
456_1718,21.53624,74.25782,1,1,2023-01-03,2023-01-03,0,0.54,0.54,0,1
456_1738,21.53784,74.33072,1,1,2023-12-29,2023-12-29,0,4.51,4.51,1,0
456_488,21.53661,69.77754,1,1,2023-03-25,2023-03-25,0,5.82,5.82,1,0
456_887,21.53769,71.23169,1,1,2023-04-03,2023-04-03,0,2.33,2.33,1,0
457_1323,21.54187,72.81981,1,1,2023-02-14,2023-02-14,0,3.7,3.7,0,1
457_1341,21.54047,72.88497,1,1,2023-02-15,2023-02-15,0,10.35,10.35,1,0
457_1355,21.53984,72.93587,1,1,2023-03-17,2023-03-17,0,2.93,2.93,1,0
457_1619,21.54172,73.89811,1,1,2023-03-19,2023-03-19,0,3.31,3.31,1,0
457_1705,21.53956,74.21238,1,1,2023-04-19,2023-04-19,0,2.16,2.16,1,0
457_1742,21.54206,74.34567,1,1,2023-12-27,2023-12-27,0,1.69,1.69,1,0
457_1764,21.53971,74.42702,1,1,2023-01-10,2023-01-10,0,2.71,2.71,1,0
457_648,21.54001,70.3632,1,1,2023-03-20,2023-03-20,0,1.34,1.34,1,0
457_847,21.54028,71.0864,1,1,2023-03-18,2023-03-18,0,9.11,9.11,1,0
457_848,21.5406,71.08966,1,1,2023-03-18,2023-03-18,0,10.14,10.14,1,0
457_960,21.54181,71.49924,1,1,2023-02-18,2023-02-18,0,4.21,4.21,1,0
458_1314,21.54453,72.78927,1,1,2023-03-28,2023-03-28,0,2.74,2.74,1,0
458_1339,21.54422,72.88022,1,1,2023-02-15,2023-02-15,0,9.25,9.25,1,0
458_1341,21.54472,72.88441,1,1,2023-02-15,2023-02-15,0,9.25,9.25,1,0
458_1343,21.54518,72.89423,1,1,2023-01-14,2023-01-14,0,2.89,2.89,1,0
458_1348,21.54581,72.91243,1,1,2023-03-17,2023-03-17,0,2.98,2.98,1,0
458_1357,21.54401,72.94292,1,1,2023-02-03,2023-02-03,0,3.12,3.12,1,0
458_1392,21.54485,73.07219,1,1,2023-11-17,2023-11-17,0,0.89,0.89,0,1
458_1406,21.54438,73.12334,1,1,2023-01-05,2023-01-05,0,0.49,0.49,0,1
458_1433,21.54391,73.22107,1,1,2023-11-16,2023-11-16,0,1.27,1.27,0,1
458_1503,21.5454,73.47465,1,1,2023-04-16,2023-04-16,0,9.79,9.79,1,0
458_1623,21.54308,73.91457,1,1,2023-02-10,2023-02-10,0,1.62,1.62,1,0
458_1713,21.54311,74.24263,1,1,2023-02-14,2023-02-14,0,4.99,4.99,1,0
458_552,21.54616,70.01186,1,1,2023-03-26,2023-03-26,0,8.41,8.41,1,0
458_966,21.54439,71.52036,1,1,2023-03-27,2023-03-27,0,11.61,11.61,1,0
459_1372,21.5477,72.99865,1,1,2023-06-08,2023-06-08,0,2.73,2.73,0,1
459_1502,21.54843,73.47383,1,1,2023-04-16,2023-04-16,0,11.48,11.48,1,0
459_1675,21.54941,74.1032,1,1,2023-12-12,2023-12-12,0,2.93,2.93,1,0
459_1717,21.54882,74.25409,1,1,2023-04-11,2023-04-11,0,3.44,3.44,1,0
459_582,21.54753,70.12006,1,1,2023-02-04,2023-02-04,0,3.2,3.2,1,0
459_826,21.54654,71.0106,1,1,2023-02-16,2023-02-16,0,0.31,0.31,0,1
45_1426,20.15217,73.194,1,1,2023-04-11,2023-04-11,0,6.64,6.64,1,0
45_1447,20.15278,73.27113,1,1,2023-04-12,2023-04-12,0,2.72,2.72,1,0
45_1489,20.15296,73.42473,1,1,2023-04-10,2023-04-10,0,11.04,11.04,1,0
45_1499,20.15323,73.46156,1,1,2023-04-05,2023-04-05,0,10.27,10.27,1,0
45_1511,20.15353,73.50621,1,1,2023-04-26,2023-04-26,0,11.77,11.77,1,0
460_1314,21.54999,72.78809,1,1,2023-03-20,2023-03-20,0,1.64,1.64,1,0
460_1325,21.55055,72.82744,1,1,2023-03-07,2023-03-07,0,4.24,4.24,1,0
460_1326,21.5508,72.83058,1,1,2023-03-07,2023-03-07,0,4.78,4.78,1,0
460_1342,21.55293,72.89045,1,1,2023-05-22,2023-05-22,0,2.11,2.11,1,0
460_1348,21.55106,72.91116,1,1,2023-03-17,2023-03-17,0,2.98,2.98,1,0
460_1367,21.55163,72.98026,1,1,2023-12-06,2023-12-06,0,2.94,2.94,1,0
460_476,21.55143,69.7343,1,1,2023-03-31,2023-03-31,0,5.26,5.26,1,0
460_477,21.55219,69.73875,1,1,2023-03-31,2023-03-31,0,5.26,5.26,1,0
460_607,21.55172,70.21195,1,1,2023-02-12,2023-02-12,0,1.07,1.07,0,1
460_850,21.55233,71.09891,1,1,2023-03-21,2023-03-21,0,5.83,5.83,1,0
461_1319,21.55392,72.80779,1,1,2023-04-24,2023-04-24,0,3.54,3.54,1,0
461_1343,21.554945,72.89194,2,2,2023-01-26,2023-12-10,318,2.64,2.87,2,0
461_1532,21.55299,73.58226,1,1,2023-03-12,2023-03-12,0,2.17,2.17,1,0
461_1533,21.55478,73.58377,1,1,2023-03-11,2023-03-11,0,1.43,1.43,0,1
461_1564,21.55463,73.70016,1,1,2023-03-03,2023-03-03,0,3.3,3.3,1,0
461_1581,21.55521,73.76039,1,1,2023-05-30,2023-05-30,0,1.74,1.74,1,0
461_1626,21.55516,73.92545,1,1,2023-12-23,2023-12-23,0,2.6,2.6,1,0
461_1719,21.55361,74.26391,1,1,2023-01-16,2023-01-16,0,1.85,1.85,1,0
461_475,21.55503,69.73359,1,1,2023-03-31,2023-03-31,0,5.26,5.26,1,0
461_477,21.5542,69.7381,1,1,2023-04-01,2023-04-01,0,3.11,3.11,1,0
461_563,21.55463,70.0509,1,1,2023-03-24,2023-03-24,0,12.16,12.16,1,0
461_732,21.55314,70.66737,1,1,2023-11-18,2023-11-18,0,1.66,1.66,1,0
461_891,21.55343,71.24711,1,1,2023-01-25,2023-01-25,0,1.7,1.7,1,0
462_1314,21.55776,72.78824,1,1,2023-04-09,2023-04-09,0,4.17,4.17,1,0
462_1392,21.55753,73.07264,1,1,2023-12-22,2023-12-22,0,0.19,0.19,0,1
462_1533,21.55788,73.58644,1,1,2023-04-15,2023-04-15,0,4.14,4.14,1,0
462_1583,21.55867,73.76634,1,1,2023-05-08,2023-05-08,0,5.52,5.52,1,0
462_1699,21.55709,74.18948,1,1,2023-01-01,2023-01-01,0,3.7,3.7,1,0
462_1700,21.5571,74.19529,1,1,2023-04-06,2023-04-06,0,2.6,2.6,1,0
462_1717,21.55738,74.25479,1,1,2023-04-05,2023-04-05,0,4.5,4.5,1,0
462_1718,21.55797,74.259,1,1,2023-04-05,2023-04-05,0,4.5,4.5,1,0
462_607,21.55777,70.21143,1,1,2023-02-22,2023-02-22,0,4.22,4.22,1,0
462_852,21.55782,71.10466,1,1,2023-10-25,2023-10-25,0,1.15,1.15,1,0
463_1312,21.56203,72.77914,1,1,2023-10-25,2023-10-25,0,1.71,1.71,0,1
463_1316,21.56074,72.79625,1,1,2023-02-22,2023-02-22,0,0.35,0.35,0,1
463_1345,21.56279,72.89921,1,1,2023-05-26,2023-05-26,0,3.13,3.13,1,0
463_1347,21.56151,72.90957,1,1,2023-11-04,2023-11-04,0,5.97,5.97,1,0
463_1349,21.562385,72.91533,2,1,2023-06-01,2023-06-01,0,0.735,0.77,0,2
463_1361,21.56074,72.95802,1,1,2023-12-23,2023-12-23,0,34.64,34.64,1,0
463_1365,21.56288,72.97437,1,1,2023-03-04,2023-03-04,0,2.04,2.04,1,0
463_1570,21.5621,73.71862,1,1,2023-05-12,2023-05-12,0,2.61,2.61,1,0
463_1742,21.56287,74.3457,1,1,2023-02-13,2023-02-13,0,4.97,4.97,1,0
463_1755,21.56219,74.39399,1,1,2023-02-04,2023-02-04,0,5.23,5.23,1,0
463_1766,21.560740000000003,74.43496999999999,2,1,2023-11-18,2023-11-18,0,7.53,7.57,2,0
463_464,21.56095,69.69234,1,1,2023-03-19,2023-03-19,0,5.53,5.53,1,0
463_470,21.56032,69.71426,1,1,2023-03-19,2023-03-19,0,5.14,5.14,1,0
463_576,21.56061,70.10102,1,1,2023-02-16,2023-02-16,0,1.48,1.48,0,1
463_593,21.56213,70.16012,1,1,2023-03-12,2023-03-12,0,1.72,1.72,1,0
463_854,21.56036,71.11108,1,1,2023-04-19,2023-04-19,0,4.07,4.07,1,0
463_962,21.56302,71.50688,1,1,2023-01-31,2023-01-31,0,2.35,2.35,1,0
464_1322,21.56461,72.81662,1,1,2023-11-15,2023-11-15,0,1.19,1.19,0,1
464_1338,21.56614,72.8737,1,1,2023-02-13,2023-02-13,0,7.25,7.25,1,0
464_1341,21.56506,72.88509,1,1,2023-04-05,2023-04-05,0,4.26,4.26,1,0
464_1342,21.56561,72.8889,1,1,2023-04-05,2023-04-05,0,4.26,4.26,1,0
464_1349,21.56492,72.91525,1,1,2023-05-27,2023-05-27,0,2.57,2.57,0,1
464_1355,21.56374,72.93707,1,1,2023-02-04,2023-02-04,0,4.34,4.34,1,0
464_1356,21.56459,72.941835,2,2,2023-02-04,2023-12-16,315,5.904999999999999,6.27,2,0
464_1388,21.56317,73.05832,1,1,2023-04-08,2023-04-08,0,4.57,4.57,1,0
464_1565,21.56381,73.70061,1,1,2023-03-26,2023-03-26,0,3.92,3.92,1,0
464_1567,21.56381,73.70963,1,1,2023-04-28,2023-04-28,0,0.68,0.68,0,1
464_1730,21.56445,74.30199,1,1,2023-05-21,2023-05-21,0,2.29,2.29,1,0
464_548,21.56382,69.99864,1,1,2023-05-22,2023-05-22,0,4.45,4.45,1,0
464_561,21.56422,70.04363,1,1,2023-04-03,2023-04-03,0,9.02,9.02,1,0
464_586,21.56464,70.13496,1,1,2023-03-21,2023-03-21,0,3.73,3.73,1,0
464_678,21.56461,70.47081,1,1,2023-01-04,2023-01-04,0,0.41,0.41,0,1
464_717,21.56376,70.61346,1,1,2023-03-30,2023-03-30,0,15.24,15.24,1,0
465_1339,21.5669,72.87719,1,1,2023-02-13,2023-02-13,0,7.25,7.25,1,0
465_1341,21.56842,72.88453,1,1,2023-04-05,2023-04-05,0,6.66,6.66,1,0
465_1358,21.568495,72.94819,2,1,2023-03-08,2023-03-08,0,3.48,5.0,2,0
465_1388,21.56738,73.05765,1,1,2023-04-08,2023-04-08,0,4.17,4.17,1,0
465_1564,21.56714,73.70001,1,1,2023-03-26,2023-03-26,0,3.92,3.92,1,0
465_1639,21.56855,73.97182,1,1,2023-03-28,2023-03-28,0,1.42,1.42,1,0
465_1723,21.56688,74.27791,1,1,2023-03-31,2023-03-31,0,3.16,3.16,1,0
465_561,21.56805,70.04587,1,1,2023-04-03,2023-04-03,0,6.81,6.81,1,0
465_563,21.56771,70.05302,1,1,2023-02-20,2023-02-20,0,1.14,1.14,0,1
465_649,21.56851,70.36627,1,1,2023-04-02,2023-04-02,0,10.85,10.85,1,0
465_674,21.56935,70.45617,1,1,2023-04-06,2023-04-06,0,3.41,3.41,1,0
465_808,21.56726,70.94315,1,1,2023-03-23,2023-03-23,0,6.27,6.27,1,0
465_919,21.56966,71.3502,1,1,2023-01-31,2023-01-31,0,2.47,2.47,1,0
465_932,21.567,71.39775,1,1,2023-03-14,2023-03-14,0,10.98,10.98,1,0
466_1337,21.57276,72.87043,1,1,2023-03-26,2023-03-26,0,2.16,2.16,1,0
466_1360,21.57003,72.95612,1,1,2023-04-04,2023-04-04,0,4.59,4.59,1,0
466_1564,21.57077,73.6984,1,1,2023-05-12,2023-05-12,0,4.85,4.85,1,0
466_1573,21.57174,73.73013,1,1,2023-04-17,2023-04-17,0,2.57,2.57,0,1
466_1581,21.57171,73.75894,1,1,2023-04-15,2023-04-15,0,2.01,2.01,0,1
466_1711,21.57222,74.23502,1,1,2023-01-31,2023-01-31,0,6.09,6.09,1,0
466_1723,21.56993,74.27721,1,1,2023-12-30,2023-12-30,0,6.23,6.23,1,0
466_1724,21.57089,74.28253,1,1,2023-12-09,2023-12-09,0,2.77,2.77,1,0
466_1736,21.56991,74.32473,1,1,2023-01-20,2023-01-20,0,2.11,2.11,1,0
466_460,21.57102,69.67545,1,1,2023-02-13,2023-02-13,0,5.3,5.3,1,0
466_470,21.57141,69.71436,1,1,2023-03-28,2023-03-28,0,6.44,6.44,1,0
466_546,21.571085,69.98974000000001,2,1,2023-04-02,2023-04-02,0,8.89,12.53,2,0
466_547,21.571535,69.99540999999999,2,1,2023-04-02,2023-04-02,0,5.62,5.99,2,0
466_558,21.57191,70.03527,1,1,2023-03-18,2023-03-18,0,10.09,10.09,1,0
466_560,21.57251,70.04082,1,1,2023-03-18,2023-03-18,0,10.09,10.09,1,0
466_638,21.572165,70.3268,2,1,2023-03-12,2023-03-12,0,5.64,7.39,2,0
466_640,21.57166,70.3315,1,1,2023-03-12,2023-03-12,0,3.89,3.89,1,0
467_1360,21.57386,72.95625,1,1,2023-03-05,2023-03-05,0,1.4,1.4,0,1
467_1576,21.57397,73.74259,1,1,2023-05-09,2023-05-09,0,3.11,3.11,1,0
467_1711,21.57574,74.23447,1,1,2023-01-31,2023-01-31,0,4.94,4.94,1,0
467_1712,21.57631,74.23868,1,1,2023-01-31,2023-01-31,0,4.94,4.94,1,0
467_1762,21.57552,74.41857,1,1,2023-04-07,2023-04-07,0,8.09,8.09,1,0
467_559,21.57574,70.03748,1,1,2023-03-18,2023-03-18,0,26.5,26.5,1,0
467_663,21.57546,70.41811,1,1,2023-04-09,2023-04-09,0,10.95,10.95,1,0
467_868,21.57383,71.16205,1,1,2023-02-04,2023-02-04,0,0.64,0.64,0,1
468_1474,21.57831,73.37051,1,1,2023-04-07,2023-04-07,0,3.91,3.91,1,0
468_1555,21.57697,73.66697,1,1,2023-05-03,2023-05-03,0,13.6,13.6,1,0
468_1570,21.57874,73.71843,1,1,2023-04-10,2023-04-10,0,2.15,2.15,0,1
468_1574,21.5785,73.73621,1,1,2023-04-17,2023-04-17,0,2.25,2.25,0,1
468_1728,21.5789,74.29458,1,1,2023-12-27,2023-12-27,0,10.04,10.04,1,0
468_1730,21.57893,74.30381,1,1,2023-05-14,2023-05-14,0,5.42,5.42,1,0
468_463,21.57886,69.68895,1,1,2023-03-02,2023-03-02,0,9.93,9.93,1,0
468_464,21.57697,69.69179,1,1,2023-03-02,2023-03-02,0,8.18,8.18,1,0
468_547,21.578015,69.99486999999999,2,1,2023-04-02,2023-04-02,0,5.62,5.99,2,0
468_569,21.57973,70.07349,1,1,2023-03-28,2023-03-28,0,18.92,18.92,1,0
468_571,21.57832,70.07983,1,1,2023-03-22,2023-03-22,0,4.83,4.83,1,0
468_678,21.5792,70.47087,1,1,2023-12-25,2023-12-25,0,3.83,3.83,1,0
468_906,21.57799,71.30206,1,1,2023-04-05,2023-04-05,0,9.52,9.52,1,0
469_1013,21.58151,71.69244,1,1,2023-01-15,2023-01-15,0,1.72,1.72,1,0
469_1047,21.58327,71.81601,1,1,2023-04-02,2023-04-02,0,3.16,3.16,1,0
469_1369,21.58304,72.98816,1,1,2023-02-01,2023-02-01,0,0.82,0.82,0,1
469_1402,21.58144,73.10719,1,1,2023-02-10,2023-02-10,0,7.59,7.59,1,0
469_1512,21.58065,73.51066,1,1,2023-03-11,2023-03-11,0,0.77,0.77,0,1
469_1531,21.57993,73.57719,1,1,2023-04-21,2023-04-21,0,15.72,15.72,1,0
469_1545,21.58323,73.6299,1,1,2023-04-11,2023-04-11,0,10.5,10.5,1,0
469_1714,21.58011,74.24582,1,1,2023-05-31,2023-05-31,0,3.29,3.29,1,0
469_1774,21.5809,74.46251,1,1,2023-12-23,2023-12-23,0,1.58,1.58,1,0
469_468,21.58122,69.70654,1,1,2023-03-22,2023-03-22,0,13.45,13.45,1,0
469_493,21.58066,69.7991,1,1,2023-11-03,2023-11-03,0,5.12,5.12,1,0
469_541,21.58285,69.97354,1,1,2023-03-28,2023-03-28,0,3.5,3.5,1,0
469_624,21.58223,70.27517,1,1,2023-02-16,2023-02-16,0,0.41,0.41,0,1
469_634,21.58271,70.31161,1,1,2023-01-29,2023-01-29,0,3.98,3.98,1,0
469_650,21.58115,70.36939,1,1,2023-04-05,2023-04-05,0,6.21,6.21,1,0
469_678,21.5825,70.47216,1,1,2023-12-25,2023-12-25,0,5.25,5.25,1,0
469_909,21.58194,71.31164,1,1,2023-01-25,2023-01-25,0,1.4,1.4,0,1
469_914,21.5816,71.32947,1,1,2023-04-06,2023-04-06,0,11.41,11.41,1,0
46_1560,20.15697,73.68456,1,1,2023-06-01,2023-06-01,0,7.2,7.2,1,0
46_1569,20.15816,73.71626,1,1,2023-04-16,2023-04-16,0,10.41,10.41,1,0
470_1327,21.58401,72.83407,1,1,2023-11-14,2023-11-14,0,0.98,0.98,0,1
470_1386,21.58645,73.0501,1,1,2023-01-16,2023-01-16,0,3.58,3.58,1,0
470_1387,21.58505,73.05268,1,1,2023-03-26,2023-03-26,0,4.48,4.48,1,0
470_1408,21.58385,73.13184,1,1,2023-04-03,2023-04-03,0,1.13,1.13,1,0
470_1429,21.58449,73.20695,1,1,2023-01-20,2023-01-20,0,1.96,1.96,1,0
470_1490,21.58595,73.42947,1,1,2023-04-16,2023-04-16,0,16.65,16.65,1,0
470_1542,21.58374,73.61852,1,1,2023-03-10,2023-03-10,0,3.27,3.27,1,0
470_1543,21.58658,73.62302,1,1,2023-03-09,2023-03-09,0,1.03,1.03,0,1
470_1699,21.58535,74.18875,1,1,2023-02-06,2023-02-06,0,0.75,0.75,0,1
470_1714,21.584825000000002,74.24516,2,1,2023-05-31,2023-05-31,0,4.24,5.36,2,0
470_467,21.58656,69.70219,1,1,2023-03-19,2023-03-19,0,3.47,3.47,1,0
470_468,21.58458,69.70618,1,1,2023-03-19,2023-03-19,0,2.73,2.73,1,0
470_539,21.58398,69.9636,1,1,2023-03-16,2023-03-16,0,4.53,4.53,1,0
470_562,21.58649,70.05035,1,1,2023-03-29,2023-03-29,0,3.15,3.15,1,0
470_569,21.58564,70.07293,1,1,2023-03-28,2023-03-28,0,10.63,10.63,1,0
470_607,21.5862,70.21375,1,1,2023-02-24,2023-02-24,0,2.61,2.61,1,0
470_672,21.58449,70.44961,1,1,2023-04-19,2023-04-19,0,10.83,10.83,1,0
470_719,21.58388,70.62203,1,1,2023-03-21,2023-03-21,0,2.89,2.89,1,0
470_819,21.58505,70.98307,1,1,2023-03-12,2023-03-12,0,6.54,6.54,1,0
470_965,21.58495,71.51697999999999,2,1,2023-01-12,2023-01-12,0,0.445,0.45,0,2
471_1352,21.58988,72.92606,1,1,2023-02-14,2023-02-14,0,5.6,5.6,1,0
471_1386,21.58796,73.05074,1,1,2023-01-16,2023-01-16,0,4.38,4.38,1,0
471_1425,21.58767,73.19096,1,1,2023-01-30,2023-01-30,0,5.07,5.07,1,0
471_1426,21.58817,73.19539,1,1,2023-01-30,2023-01-30,0,5.07,5.07,1,0
471_1430,21.58748,73.20901,1,1,2023-01-20,2023-01-20,0,2.46,2.46,1,0
471_1490,21.58757,73.42975,1,1,2023-02-18,2023-02-18,0,9.21,9.21,1,0
471_1491,21.58809,73.43249,1,1,2023-04-23,2023-04-23,0,7.82,7.82,1,0
471_1545,21.58879,73.62997,1,1,2023-03-08,2023-03-08,0,1.01,1.01,0,1
471_1557,21.58806,73.67229,1,1,2023-04-16,2023-04-16,0,7.03,7.03,1,0
471_1568,21.58803,73.713415,2,1,2023-04-15,2023-04-15,0,1.45,1.67,0,2
471_1699,21.58965,74.18959,1,1,2023-04-07,2023-04-07,0,2.66,2.66,1,0
471_1701,21.58796,74.19691,1,1,2023-11-05,2023-11-05,0,1.91,1.91,1,0
471_1752,21.58974,74.38399,1,1,2023-04-01,2023-04-01,0,1.97,1.97,1,0
471_1772,21.58912,74.45479,1,1,2023-02-19,2023-02-19,0,0.69,0.69,0,1
471_468,21.587625,69.70606000000001,2,1,2023-03-19,2023-03-19,0,3.585,4.07,2,0
471_518,21.5889,69.88928,1,1,2023-05-06,2023-05-06,0,7.29,7.29,1,0
471_520,21.58952,69.8949,1,1,2023-03-16,2023-03-16,0,3.05,3.05,1,0
471_677,21.58895,70.46907,1,1,2023-03-15,2023-03-15,0,0.35,0.35,0,1
471_934,21.58782,71.40274,1,1,2023-04-15,2023-04-15,0,15.1,15.1,1,0
471_935,21.5884,71.40706,1,1,2023-04-15,2023-04-15,0,20.09,20.09,1,0
471_943,21.58959,71.43509,1,1,2023-02-01,2023-02-01,0,0.49,0.49,0,1
472_1328,21.59261,72.83753,1,1,2023-11-11,2023-11-11,0,1.49,1.49,0,1
472_1352,21.59043,72.92646,1,1,2023-02-14,2023-02-14,0,5.58,5.58,1,0
472_1459,21.59098,73.31649,1,1,2023-05-24,2023-05-24,0,5.4,5.4,1,0
472_1490,21.59216,73.42868,1,1,2023-02-18,2023-02-18,0,11.98,11.98,1,0
472_1557,21.59138,73.67172,1,1,2023-04-16,2023-04-16,0,8.39,8.39,1,0
472_1570,21.59186,73.72111,1,1,2023-04-16,2023-04-16,0,3.5,3.5,1,0
472_1701,21.59127,74.19633,1,1,2023-11-05,2023-11-05,0,2.63,2.63,1,0
472_1760,21.591814999999997,74.41350499999999,2,2,2023-01-05,2023-01-21,16,3.0300000000000002,5.78,0,2
472_1766,21.59162,74.43354,1,1,2023-12-07,2023-12-07,0,4.13,4.13,1,0
472_1771,21.59002,74.45052,1,1,2023-02-19,2023-02-19,0,1.17,1.17,0,1
472_458,21.59285,69.67139,1,1,2023-05-24,2023-05-24,0,4.49,4.49,1,0
472_635,21.59106,70.31631,1,1,2023-05-22,2023-05-22,0,8.99,8.99,1,0
472_680,21.59227,70.47861,1,1,2023-04-18,2023-04-18,0,2.4,2.4,1,0
472_788,21.59309,70.87083,1,1,2023-03-20,2023-03-20,0,4.09,4.09,1,0
472_893,21.59021,71.25546,1,1,2023-03-24,2023-03-24,0,3.39,3.39,1,0
473_1378,21.59591,73.02102,1,1,2023-02-11,2023-02-11,0,2.66,2.66,1,0
473_1423,21.59666,73.18559,1,1,2023-11-14,2023-11-14,0,3.0,3.0,1,0
473_1489,21.59521,73.42583,1,1,2023-05-08,2023-05-08,0,6.16,6.16,1,0
473_1545,21.59397,73.62746,1,1,2023-04-27,2023-04-27,0,7.0,7.0,1,0
473_1560,21.59427,73.68436,1,1,2023-04-17,2023-04-17,0,12.96,12.96,1,0
473_1636,21.59626,73.96011,1,1,2023-03-09,2023-03-09,0,6.16,6.16,1,0
473_1719,21.59651,74.264,1,1,2023-03-24,2023-03-24,0,0.83,0.83,1,0
473_1724,21.59603,74.28209,1,1,2023-04-06,2023-04-06,0,1.15,1.15,1,0
473_1739,21.59641,74.33418,1,1,2023-12-27,2023-12-27,0,4.27,4.27,1,0
473_1766,21.59493,74.43295,1,1,2023-12-07,2023-12-07,0,4.13,4.13,1,0
473_506,21.59463,69.84535,1,1,2023-01-15,2023-01-15,0,3.35,3.35,1,0
473_555,21.59432,70.02173,1,1,2023-03-25,2023-03-25,0,3.07,3.07,1,0
473_563,21.5966,70.05135,1,1,2023-04-02,2023-04-02,0,4.49,4.49,1,0
473_573,21.5935,70.08995,1,1,2023-03-26,2023-03-26,0,5.62,5.62,1,0
473_575,21.59484,70.09749,1,1,2023-03-30,2023-03-30,0,3.22,3.22,1,0
473_581,21.59473,70.11884,1,1,2023-04-10,2023-04-10,0,9.39,9.39,1,0
473_678,21.59404,70.47187,1,1,2023-03-29,2023-03-29,0,3.46,3.46,1,0
473_785,21.59419,70.86147,1,1,2023-01-16,2023-01-16,0,1.63,1.63,1,0
473_948,21.59543,71.45346,1,1,2023-03-24,2023-03-24,0,3.36,3.36,1,0
474_1324,21.59945,72.82298,1,1,2023-02-11,2023-02-11,0,2.78,2.78,1,0
474_1348,21.60007,72.9108,1,1,2023-03-10,2023-03-10,0,0.79,0.79,0,1
474_1365,21.59822,72.97291,1,1,2023-10-22,2023-10-22,0,4.22,4.22,1,0
474_1543,21.5985,73.62058,1,1,2023-03-09,2023-03-09,0,2.29,2.29,0,1
474_1560,21.597985,73.683475,2,1,2023-04-15,2023-04-15,0,0.33,0.38,0,2
474_1730,21.60009,74.30183,1,1,2023-04-10,2023-04-10,0,4.04,4.04,1,0
474_1775,21.59953,74.46542,1,1,2023-03-25,2023-03-25,0,3.96,3.96,1,0
474_505,21.59739,69.84085,1,1,2023-01-15,2023-01-15,0,2.79,2.79,1,0
474_506,21.59801,69.84472,1,1,2023-01-15,2023-01-15,0,28.02,28.02,1,0
474_507,21.59863,69.84859,1,1,2023-01-15,2023-01-15,0,28.02,28.02,1,0
474_533,21.59741,69.94398,1,1,2023-05-27,2023-05-27,0,2.19,2.19,1,0
475_1051,21.60134,71.82964,1,1,2023-03-17,2023-03-17,0,4.36,4.36,1,0
475_1347,21.60064,72.90694,1,1,2023-03-10,2023-03-10,0,0.79,0.79,0,1
475_1399,21.6008,73.09784,1,1,2023-11-10,2023-11-10,0,0.41,0.41,0,1
475_1423,21.60045,73.18616,1,1,2023-10-19,2023-10-19,0,2.39,2.39,1,0
475_1489,21.60057,73.4257,1,1,2023-03-23,2023-03-23,0,4.74,4.74,1,0
475_1623,21.602,73.914035,2,1,2023-03-12,2023-03-12,0,1.525,1.66,2,0
475_1716,21.60282,74.25319,1,1,2023-12-23,2023-12-23,0,2.09,2.09,1,0
475_1723,21.60232,74.27818,1,1,2023-11-07,2023-11-07,0,3.49,3.49,1,0
475_1753,21.60083,74.38843,1,1,2023-12-25,2023-12-25,0,1.78,1.78,1,0
475_1754,21.60241,74.38898,1,1,2023-12-25,2023-12-25,0,2.01,2.01,1,0
475_484,21.60153,69.76566,1,1,2023-03-15,2023-03-15,0,6.22,6.22,1,0
475_506,21.60139,69.84409,1,1,2023-01-15,2023-01-15,0,28.02,28.02,1,0
475_507,21.602600000000002,69.84823,2,2,2023-01-15,2023-01-31,16,15.325,28.02,2,0
475_508,21.60263,69.85183,1,1,2023-01-15,2023-01-15,0,21.84,21.84,1,0
475_894,21.60175,71.25928,1,1,2023-03-23,2023-03-23,0,2.28,2.28,1,0
475_915,21.60082,71.33589,1,1,2023-04-04,2023-04-04,0,1.11,1.11,0,1
475_933,21.60084,71.40023,1,1,2023-06-10,2023-06-10,0,1.68,1.68,1,0
476_1163,21.60384,72.2371,1,1,2023-03-04,2023-03-04,0,4.96,4.96,1,0
476_1371,21.60384,72.99537,1,1,2023-10-04,2023-10-04,0,0.59,0.59,0,1
476_1373,21.60539,73.00317,1,1,2023-06-08,2023-06-08,0,4.73,4.73,1,0
476_1418,21.6049,73.16682,1,1,2023-04-07,2023-04-07,0,1.76,1.76,1,0
476_1440,21.60662,73.24635,1,1,2023-05-03,2023-05-03,0,9.45,9.45,1,0
476_1551,21.60443,73.65017,1,1,2023-05-14,2023-05-14,0,4.6,4.6,1,0
476_1559,21.60524,73.6817,1,1,2023-04-16,2023-04-16,0,0.56,0.56,0,1
476_1561,21.60407,73.6886,1,1,2023-04-16,2023-04-16,0,2.9,2.9,1,0
476_1676,21.60666,74.1071,1,1,2023-02-17,2023-02-17,0,0.73,0.73,0,1
476_1677,21.60672,74.1091,1,1,2023-02-16,2023-02-16,0,0.81,0.81,0,1
476_1756,21.60629,74.39604,1,1,2023-11-20,2023-11-20,0,4.51,4.51,1,0
476_507,21.60539,69.84734,1,1,2023-01-15,2023-01-15,0,39.53,39.53,1,0
476_508,21.60601,69.8512,1,1,2023-01-15,2023-01-15,0,12.02,12.02,1,0
476_550,21.60535,70.00518,2,2,2023-03-17,2023-03-18,1,3.1550000000000002,4.07,2,0
476_631,21.60582,70.30015,1,1,2023-02-24,2023-02-24,0,4.47,4.47,1,0
476_746,21.60349,70.71776,1,1,2023-03-29,2023-03-29,0,7.67,7.67,1,0
476_933,21.60466,71.40118,1,1,2023-04-12,2023-04-12,0,2.07,2.07,1,0
477_1091,21.60863,71.97431,1,1,2023-03-11,2023-03-11,0,6.1,6.1,1,0
477_1342,21.609,72.89135,1,1,2023-03-16,2023-03-16,0,3.05,3.05,1,0
477_1363,21.60885,72.96706,1,1,2023-12-17,2023-12-17,0,3.96,3.96,1,0
477_1366,21.6087,72.97675,1,1,2023-03-25,2023-03-25,0,0.49,0.49,0,1
477_1676,21.607275,74.10621499999999,2,1,2023-02-16,2023-02-16,0,1.085,1.36,0,2
477_1755,21.61014,74.39548,1,1,2023-11-20,2023-11-20,0,19.49,19.49,1,0
477_540,21.60898,69.96895,1,1,2023-03-20,2023-03-20,0,2.6,2.6,1,0
477_656,21.60885,70.39083,1,1,2023-04-09,2023-04-09,0,18.02,18.02,1,0
477_747,21.60832,70.72269,1,1,2023-04-09,2023-04-09,0,14.79,14.79,1,0
477_775,21.60739,70.82386,1,1,2023-03-13,2023-03-13,0,8.54,8.54,1,0
477_829,21.60726,71.02247,1,1,2023-04-03,2023-04-03,0,4.16,4.16,1,0
477_926,21.60788,71.37554,1,1,2023-03-22,2023-03-22,0,3.78,3.78,1,0
478_1346,21.6129,72.90559,1,1,2023-11-09,2023-11-09,0,4.12,4.12,1,0
478_1347,21.611715,72.90786,2,2,2023-11-09,2023-12-12,33,3.355,4.2,2,0
478_1419,21.61027,73.16955,1,1,2023-11-04,2023-11-04,0,6.18,6.18,1,0
478_1434,21.61347,73.22531,1,1,2023-03-27,2023-03-27,0,1.0,1.0,0,1
478_1549,21.6106,73.64523,1,1,2023-04-17,2023-04-17,0,13.31,13.31,1,0
478_1727,21.6106,74.29198,1,1,2023-01-21,2023-01-21,0,1.02,1.02,1,0
478_1753,21.61288,74.38512,1,1,2023-01-11,2023-01-11,0,2.74,2.74,1,0
478_1762,21.61175,74.4212,1,1,2023-04-06,2023-04-06,0,4.47,4.47,1,0
478_450,21.61075,69.6424,1,1,2023-01-04,2023-01-04,0,5.48,5.48,1,0
478_614,21.61332,70.23861,1,1,2023-03-04,2023-03-04,0,1.67,1.67,0,1
478_875,21.61129,71.18835,1,1,2023-12-28,2023-12-28,0,1.67,1.67,1,0
479_1336,21.61545,72.86831,1,1,2023-04-21,2023-04-21,0,3.79,3.79,1,0
479_1337,21.616,72.87213,1,1,2023-04-21,2023-04-21,0,3.04,3.04,1,0
479_1664,21.61494,74.06419,1,1,2023-01-16,2023-01-16,0,5.05,5.05,1,0
479_1740,21.61488,74.34006,1,1,2023-10-15,2023-10-15,0,4.44,4.44,1,0
479_614,21.61666,70.23919,1,1,2023-03-04,2023-03-04,0,1.67,1.67,0,1
47_1302,20.16089,72.74473,1,1,2023-11-05,2023-11-05,0,3.05,3.05,0,1
47_1379,20.15945,73.0234,1,1,2023-01-31,2023-01-31,0,6.5,6.5,1,0
47_1381,20.16083,73.03317,1,1,2023-02-15,2023-02-15,0,1.55,1.55,0,1
47_1462,20.16096,73.328,1,1,2023-03-31,2023-03-31,0,3.55,3.55,1,0
47_1569,20.16146,73.71571,1,1,2023-04-16,2023-04-16,0,10.41,10.41,1,0
480_1325,21.61844,72.82918,1,1,2023-02-08,2023-02-08,0,2.54,2.54,1,0
480_1356,21.61847,72.93967,1,1,2023-04-08,2023-04-08,0,2.14,2.14,1,0
480_1563,21.61852,73.69449,1,1,2023-04-12,2023-04-12,0,2.86,2.86,1,0
480_1706,21.61981,74.21432,1,1,2023-04-26,2023-04-26,0,3.27,3.27,1,0
480_1723,21.61736,74.27823,1,1,2023-12-28,2023-12-28,0,0.51,0.51,0,1
480_1727,21.61871,74.29248,1,1,2023-04-07,2023-04-07,0,7.65,7.65,1,0
480_1777,21.61761,74.47482,1,1,2023-03-04,2023-03-04,0,2.65,2.65,1,0
480_512,21.619390000000003,69.867065,2,1,2023-03-17,2023-03-17,0,9.4,11.63,2,0
480_551,21.62029,70.00928,1,1,2023-03-28,2023-03-28,0,2.52,2.52,1,0
480_600,21.62027,70.18757,1,1,2023-03-31,2023-03-31,0,0.76,0.76,0,1
480_670,21.61971,70.44082,1,1,2023-04-05,2023-04-05,0,0.32,0.32,0,1
480_727,21.61723,70.6488,1,1,2023-03-23,2023-03-23,0,9.2,9.2,1,0
480_908,21.61776,71.3074,1,1,2023-03-24,2023-03-24,0,1.06,1.06,1,0
481_1309,21.6214,72.77082,1,1,2023-04-16,2023-04-16,0,10.61,10.61,1,0
481_1331,21.62125,72.85101,1,1,2023-03-10,2023-03-10,0,2.86,2.86,1,0
481_1350,21.62179,72.91914,1,1,2023-04-23,2023-04-23,0,1.23,1.23,1,0
481_1529,21.62066,73.57269,1,1,2023-02-28,2023-02-28,0,0.69,0.69,0,1
481_1706,21.62064,74.21702,1,1,2023-04-26,2023-04-26,0,3.55,3.55,1,0
481_1759,21.62036,74.4091,1,1,2023-01-04,2023-01-04,0,5.19,5.19,1,0
481_445,21.62296,69.62373,1,1,2023-11-12,2023-11-12,0,0.95,0.95,0,1
481_514,21.62035,69.87227,1,1,2023-03-17,2023-03-17,0,9.82,9.82,1,0
481_727,21.62278,70.64823,1,1,2023-03-23,2023-03-23,0,10.32,10.32,1,0
482_1331,21.62688,72.85001,1,1,2023-04-04,2023-04-04,0,1.96,1.96,1,0
482_1370,21.62535,72.99116,1,1,2023-05-24,2023-05-24,0,7.24,7.24,1,0
482_1385,21.6262,73.04659,1,1,2023-02-16,2023-02-16,0,2.18,2.18,0,1
482_1424,21.62485,73.18833,1,1,2023-02-05,2023-02-05,0,0.51,0.51,0,1
482_1453,21.62403,73.29414,1,1,2023-03-11,2023-03-11,0,2.9,2.9,1,0
482_1552,21.62676,73.65588,1,1,2023-04-06,2023-04-06,0,11.34,11.34,1,0
482_1765,21.62618,74.42868,1,1,2023-01-18,2023-01-18,0,0.99,0.99,0,1
482_1767,21.62574,74.43713,1,1,2023-03-28,2023-03-28,0,1.83,1.83,1,0
482_551,21.62702,70.00745,1,1,2023-03-28,2023-03-28,0,2.52,2.52,1,0
482_608,21.62419,70.21645,1,1,2023-11-09,2023-11-09,0,2.32,2.32,1,0
482_716,21.62634,70.60809,1,1,2023-04-22,2023-04-22,0,8.57,8.57,1,0
482_777,21.62704,70.83195,1,1,2023-04-05,2023-04-05,0,8.44,8.44,1,0
483_1344,21.6303,72.89704,1,1,2023-01-05,2023-01-05,0,2.01,2.01,1,0
483_1752,21.62748,74.38132,1,1,2023-01-09,2023-01-09,0,2.19,2.19,1,0
483_1764,21.62757,74.4276,1,1,2023-01-18,2023-01-18,0,0.74,0.74,0,1
483_1765,21.62918,74.43224,1,1,2023-01-21,2023-01-21,0,0.38,0.38,0,1
483_529,21.627560000000003,69.928175,2,1,2023-03-12,2023-03-12,0,7.199999999999999,8.59,2,0
483_553,21.62946,70.0152,1,1,2023-03-17,2023-03-17,0,14.35,14.35,1,0
483_598,21.62783,70.1796,1,1,2023-03-27,2023-03-27,0,2.98,2.98,1,0
483_921,21.6281,71.35548,1,1,2023-04-09,2023-04-09,0,14.19,14.19,1,0
483_986,21.62863,71.59319,1,1,2023-01-29,2023-01-29,0,2.24,2.24,1,0
484_1114,21.63242,72.05982,1,1,2023-04-05,2023-04-05,0,3.95,3.95,1,0
484_1344,21.63368,72.8964,1,1,2023-01-05,2023-01-05,0,2.01,2.01,1,0
484_1348,21.63096,72.91225,1,1,2023-11-04,2023-11-04,0,3.6,3.6,1,0
484_1516,21.63355,73.52526,1,1,2023-05-07,2023-05-07,0,11.67,11.67,1,0
484_1736,21.63269,74.32493,1,1,2023-04-10,2023-04-10,0,3.0,3.0,1,0
484_1766,21.63248,74.43285,1,1,2023-01-21,2023-01-21,0,0.38,0.38,0,1
484_542,21.63314,69.97415,1,1,2023-03-11,2023-03-11,0,12.33,12.33,1,0
484_593,21.63303,70.16148,1,1,2023-03-25,2023-03-25,0,0.35,0.35,0,1
484_604,21.63057,70.20084,1,1,2023-03-30,2023-03-30,0,3.35,3.35,1,0
484_705,21.63356,70.57047,1,1,2023-03-21,2023-03-21,0,5.3,5.3,1,0
484_765,21.63241,70.78845,1,1,2023-05-29,2023-05-29,0,7.39,7.39,1,0
484_921,21.63186,71.355415,2,1,2023-04-09,2023-04-09,0,22.84,31.49,2,0
484_935,21.63288,71.40778,1,1,2023-04-09,2023-04-09,0,16.85,16.85,1,0
485_1341,21.63448,72.88708,1,1,2023-02-23,2023-02-23,0,3.02,3.02,1,0
485_1356,21.63622,72.94142,1,1,2023-02-25,2023-02-25,0,5.19,5.19,1,0
485_1357,21.63626,72.94286,1,1,2023-02-25,2023-02-25,0,4.51,4.51,1,0
485_1364,21.6352,72.96819,1,1,2023-05-10,2023-05-10,0,2.05,2.05,1,0
485_1588,21.63578,73.78519,1,1,2023-04-12,2023-04-12,0,6.72,6.72,1,0
485_1634,21.63714,73.95214,1,1,2023-02-14,2023-02-14,0,5.93,5.93,1,0
485_1635,21.63624,73.95757,1,1,2023-02-14,2023-02-14,0,5.66,5.66,1,0
485_1715,21.63522,74.24664,1,1,2023-12-18,2023-12-18,0,3.09,3.09,1,0
485_1739,21.63709,74.33492,1,1,2023-12-28,2023-12-28,0,47.34,47.34,1,0
485_1765,21.63642,74.42871,1,1,2023-11-19,2023-11-19,0,2.17,2.17,1,0
485_1781,21.63658,74.48976,1,1,2023-02-27,2023-02-27,0,5.61,5.61,1,0
485_559,21.63409,70.0362,1,1,2023-03-18,2023-03-18,0,4.04,4.04,1,0
485_604,21.63398,70.20028,1,1,2023-03-30,2023-03-30,0,20.25,20.25,1,0
485_676,21.63544,70.46497,1,1,2023-05-21,2023-05-21,0,10.44,10.44,1,0
485_853,21.63563,71.11023,1,1,2023-11-09,2023-11-09,0,3.1,3.1,1,0
485_935,21.63424,71.40665,1,1,2023-04-09,2023-04-09,0,16.19,16.19,1,0
486_1031,21.63811,71.75737,1,1,2023-04-10,2023-04-10,0,3.13,3.13,1,0
486_1358,21.63785,72.94905,1,1,2023-03-25,2023-03-25,0,6.05,6.05,1,0
486_1361,21.63818,72.95735,1,1,2023-05-23,2023-05-23,0,4.09,4.09,1,0
486_1416,21.63772,73.16079,1,1,2023-02-05,2023-02-05,0,1.98,1.98,1,0
486_1745,21.63786,74.3571,1,1,2023-01-11,2023-01-11,0,2.98,2.98,1,0
486_1762,21.63906,74.4203,1,1,2023-11-17,2023-11-17,0,10.28,10.28,1,0
486_561,21.64042,70.04655,1,1,2023-03-23,2023-03-23,0,1.38,1.38,1,0
486_589,21.63983,70.14606,1,1,2023-04-12,2023-04-12,0,3.24,3.24,1,0
486_658,21.63738,70.39692,1,1,2023-03-24,2023-03-24,0,1.6,1.6,1,0
487_1013,21.64328,71.69112,1,1,2023-05-17,2023-05-17,0,19.92,19.92,1,0
487_1324,21.64235,72.82434,2,2,2023-04-23,2023-05-23,30,9.07,13.43,2,0
487_1325,21.64303,72.82693,1,1,2023-04-23,2023-04-23,0,10.81,10.81,1,0
487_1326,21.64289,72.83044,1,1,2023-04-23,2023-04-23,0,6.26,6.26,1,0
487_1380,21.64314,73.02679,1,1,2023-11-24,2023-11-24,0,1.91,1.91,1,0
487_1651,21.64359,74.01381,1,1,2023-03-04,2023-03-04,0,2.47,2.47,1,0
487_1654,21.64313,74.0263,1,1,2023-03-11,2023-03-11,0,0.83,0.83,0,1
487_1729,21.64108,74.29969,1,1,2023-03-25,2023-03-25,0,15.39,15.39,1,0
487_1737,21.64293,74.32892,1,1,2023-06-12,2023-06-12,0,3.1,3.1,1,0
487_1738,21.64079,74.33086,1,1,2023-12-17,2023-12-17,0,4.87,4.87,1,0
487_1764,21.64165,74.4281,1,1,2023-11-19,2023-11-19,0,2.29,2.29,1,0
487_1770,21.64249,74.44987,1,1,2023-12-11,2023-12-11,0,2.3,2.3,1,0
487_1773,21.6439,74.45895,1,1,2023-11-16,2023-11-16,0,1.96,1.96,1,0
487_492,21.64378,69.79517,1,1,2023-11-08,2023-11-08,0,3.74,3.74,1,0
487_530,21.64373,69.93219,1,1,2023-03-06,2023-03-06,0,2.99,2.99,1,0
487_558,21.64194,70.03567,1,1,2023-03-28,2023-03-28,0,6.25,6.25,1,0
487_562,21.64223,70.047,1,1,2023-03-23,2023-03-23,0,1.72,1.72,1,0
487_578,21.64292,70.10712,1,1,2023-05-13,2023-05-13,0,6.05,6.05,1,0
487_611,21.64063,70.22637,1,1,2023-02-05,2023-02-05,0,3.07,3.07,1,0
487_649,21.64163,70.36507,1,1,2023-03-24,2023-03-24,0,7.83,7.83,1,0
487_881,21.64204,71.21192,1,1,2023-04-03,2023-04-03,0,3.32,3.32,1,0
488_1324,21.64577,72.82367,1,1,2023-04-26,2023-04-26,0,4.06,4.06,1,0
488_1325,21.64665,72.82711,1,1,2023-04-26,2023-04-26,0,5.72,5.72,1,0
488_1357,21.64503,72.94427,1,1,2023-03-19,2023-03-19,0,5.88,5.88,1,0
488_1386,21.64707,73.05075,1,1,2023-03-04,2023-03-04,0,3.42,3.42,1,0
488_1412,21.64675,73.145,1,1,2023-05-12,2023-05-12,0,7.74,7.74,1,0
488_1727,21.64433,74.29208,1,1,2023-12-16,2023-12-16,0,3.52,3.52,1,0
488_1770,21.64552,74.44975,1,1,2023-12-11,2023-12-11,0,3.43,3.43,1,0
488_1772,21.64404,74.45731,1,1,2023-01-08,2023-01-08,0,4.51,4.51,1,0
488_1773,21.64411,74.4612,1,1,2023-01-08,2023-01-08,0,6.95,6.95,1,0
488_1774,21.64442,74.46162,1,1,2023-01-08,2023-01-08,0,6.41,6.41,1,0
488_462,21.64458,69.68605,1,1,2023-11-12,2023-11-12,0,1.15,1.15,0,1
488_492,21.64588,69.79535,1,1,2023-11-08,2023-11-08,0,3.62,3.62,1,0
488_557,21.64573,70.03183,1,1,2023-03-28,2023-03-28,0,2.56,2.56,1,0
488_559,21.64612,70.03635,1,1,2023-03-28,2023-03-28,0,2.56,2.56,1,0
488_615,21.64655,70.24079,1,1,2023-02-07,2023-02-07,0,1.0,1.0,1,0
488_655,21.64633,70.38694,1,1,2023-04-18,2023-04-18,0,0.98,0.98,1,0
488_722,21.64394,70.62988,1,1,2023-05-11,2023-05-11,0,10.09,10.09,1,0
489_1325,21.65036,72.82723,1,1,2023-04-25,2023-04-25,0,15.34,15.34,1,0
489_1360,21.64787,72.95392,1,1,2023-06-23,2023-06-23,0,2.1,2.1,1,0
489_1546,21.64957,73.63171,1,1,2023-03-04,2023-03-04,0,0.73,0.73,0,1
489_1657,21.648485,74.03762499999999,2,1,2023-03-05,2023-03-05,0,2.425,2.96,2,0
489_1695,21.64738,74.17477,1,1,2023-04-12,2023-04-12,0,3.5,3.5,0,1
489_1739,21.64787,74.33612,1,1,2023-01-09,2023-01-09,0,2.32,2.32,1,0
489_1750,21.648960000000002,74.376335,2,1,2023-05-28,2023-05-28,0,2.0149999999999997,2.13,2,0
489_1772,21.64876,74.45589,1,1,2023-01-21,2023-01-21,0,1.89,1.89,1,0
489_484,21.6474,69.76598,1,1,2023-03-13,2023-03-13,0,1.73,1.73,1,0
489_493,21.64965,69.79648,1,1,2023-03-05,2023-03-05,0,3.03,3.03,1,0
489_508,21.64766,69.85209,1,1,2023-01-21,2023-01-21,0,2.07,2.07,1,0
489_587,21.64831,70.13915,1,1,2023-04-02,2023-04-02,0,7.15,7.15,1,0
489_875,21.64837,71.1904,1,1,2023-04-13,2023-04-13,0,2.63,2.63,1,0
48_1302,20.16425,72.7453,1,1,2023-11-05,2023-11-05,0,8.67,8.67,0,1
48_1388,20.16472,73.05593,1,1,2023-05-22,2023-05-22,0,1.17,1.17,1,0
48_1480,20.16319,73.39213,1,1,2023-04-10,2023-04-10,0,11.27,11.27,1,0
48_1532,20.16332,73.58025,1,1,2023-04-26,2023-04-26,0,9.5,9.5,1,0
490_1760,21.65192,74.41398,1,1,2023-11-05,2023-11-05,0,4.9,4.9,1,0
490_1771,21.65365,74.45392,1,1,2023-04-08,2023-04-08,0,4.98,4.98,1,0
490_1783,21.6511,74.49577,1,1,2023-02-06,2023-02-06,0,0.71,0.71,1,0
490_479,21.65276,69.74554,1,1,2023-04-03,2023-04-03,0,8.6,8.6,1,0
490_582,21.65247,70.12092,1,1,2023-03-31,2023-03-31,0,5.64,5.64,1,0
490_585,21.65239,70.13127,1,1,2023-06-02,2023-06-02,0,9.76,9.76,1,0
490_693,21.65112,70.52505,1,1,2023-03-27,2023-03-27,0,1.32,1.32,1,0
491_1051,21.65735,71.83079,1,1,2023-11-05,2023-11-05,0,2.08,2.08,1,0
491_1068,21.65489,71.89285,1,1,2023-10-21,2023-10-21,0,5.9,5.9,1,0
491_1680,21.6552,74.12233,1,1,2023-05-29,2023-05-29,0,3.7,3.7,1,0
491_1759,21.65526,74.40989,1,1,2023-06-01,2023-06-01,0,3.81,3.81,1,0
491_1771,21.65418,74.45317,1,1,2023-12-28,2023-12-28,0,4.61,4.61,1,0
491_476,21.6556,69.73721,1,1,2023-03-28,2023-03-28,0,5.4,5.4,1,0
491_480,21.65649,69.75186,1,1,2023-03-18,2023-03-18,0,4.46,4.46,1,0
491_600,21.65603,70.18637,1,1,2023-03-27,2023-03-27,0,4.09,4.09,1,0
491_829,21.6554,71.02158,1,1,2023-02-01,2023-02-01,0,1.18,1.18,0,1
492_1402,21.65839,73.10702,1,1,2023-04-12,2023-04-12,0,7.36,7.36,1,0
492_1417,21.65935,73.16393,1,1,2023-04-04,2023-04-04,0,2.39,2.39,1,0
492_1770,21.65894,74.44787,1,1,2023-12-29,2023-12-29,0,28.66,28.66,1,0
492_458,21.65919,69.67069,1,1,2023-11-17,2023-11-17,0,4.05,4.05,1,0
492_479,21.65996,69.745,1,1,2023-04-08,2023-04-08,0,1.51,1.51,1,0
492_480,21.65979,69.75055,1,1,2023-04-05,2023-04-05,0,3.96,3.96,1,0
492_481,21.65782,69.75454,1,1,2023-03-18,2023-03-18,0,3.68,3.68,1,0
492_560,21.65898,70.04051,1,1,2023-03-05,2023-03-05,0,9.33,9.33,1,0
492_596,21.65791,70.17258,1,1,2023-03-29,2023-03-29,0,2.15,2.15,1,0
493_1656,21.66162,74.03284,1,1,2023-02-12,2023-02-12,0,9.08,9.08,1,0
493_1760,21.66101,74.41241,1,1,2023-04-13,2023-04-13,0,1.22,1.22,1,0
493_1780,21.66218,74.48518,1,1,2023-02-11,2023-02-11,0,1.11,1.11,1,0
493_1782,21.66265,74.49413,1,1,2023-01-26,2023-01-26,0,1.95,1.95,1,0
493_588,21.66081,70.14436,1,1,2023-03-28,2023-03-28,0,6.84,6.84,1,0
493_590,21.6624,70.15081,1,1,2023-03-28,2023-03-28,0,7.12,7.12,1,0
493_814,21.66412,70.96659,1,1,2023-01-26,2023-01-26,0,0.39,0.39,0,1
493_891,21.66248,71.24766,1,1,2023-01-10,2023-01-10,0,0.58,0.58,0,1
494_1309,21.6673,72.77052,1,1,2023-04-20,2023-04-20,0,7.8,7.8,1,0
494_1434,21.66558,73.22358,1,1,2023-11-05,2023-11-05,0,0.67,0.67,0,1
494_1759,21.66498,74.41018,1,1,2023-04-13,2023-04-13,0,2.7,2.7,1,0
494_705,21.66693,70.57055,1,1,2023-01-20,2023-01-20,0,2.45,2.45,1,0
494_764,21.66731,70.78488,1,1,2023-10-29,2023-10-29,0,2.89,2.89,1,0
495_1354,21.66927,72.93404,1,1,2023-06-08,2023-06-08,0,4.15,4.15,1,0
495_1366,21.66971,72.97662,1,1,2023-12-17,2023-12-17,0,2.91,2.91,1,0
495_1446,21.66989,73.26907,1,1,2023-04-27,2023-04-27,0,6.21,6.21,1,0
495_1454,21.66764,73.29725,1,1,2023-11-04,2023-11-04,0,5.25,5.25,1,0
495_1757,21.66966,74.40184,1,1,2023-01-14,2023-01-14,0,2.52,2.52,1,0
495_1765,21.66993,74.43106,1,1,2023-04-26,2023-04-26,0,13.79,13.79,1,0
495_1775,21.66962,74.46848,1,1,2023-01-13,2023-01-13,0,12.87,12.87,1,0
495_1776,21.67068,74.47205,1,1,2023-03-06,2023-03-06,0,2.12,2.12,1,0
495_1784,21.66902,74.49802,1,1,2023-01-06,2023-01-06,0,8.68,8.68,1,0
495_434,21.66978,69.5829,1,1,2023-12-11,2023-12-11,0,1.33,1.33,1,0
495_501,21.669359999999998,69.827315,2,2,2023-02-24,2023-03-18,22,6.98,9.21,2,0
495_502,21.670225000000002,69.83041,2,1,2023-03-18,2023-03-18,0,12.315000000000001,15.42,2,0
495_528,21.66978,69.92429,1,1,2023-03-17,2023-03-17,0,2.53,2.53,1,0
495_652,21.66759,70.37543,1,1,2023-03-29,2023-03-29,0,9.35,9.35,1,0
495_653,21.66811,70.38007,1,1,2023-03-29,2023-03-29,0,17.48,17.48,1,0
495_740,21.6698,70.69758,1,1,2023-03-24,2023-03-24,0,6.47,6.47,1,0
495_780,21.67015,70.84387,1,1,2023-04-17,2023-04-17,0,17.11,17.11,1,0
495_782,21.66772,70.8501,1,1,2023-05-24,2023-05-24,0,7.8,7.8,1,0
496_1460,21.67086,73.31801,1,1,2023-02-26,2023-02-26,0,6.08,6.08,0,1
496_1476,21.67187,73.37691,1,1,2023-04-02,2023-04-02,0,0.91,0.91,1,0
496_1758,21.67292,74.40399,1,1,2023-01-14,2023-01-14,0,2.54,2.54,1,0
496_1763,21.67132,74.42411,1,1,2023-02-04,2023-02-04,0,1.66,1.66,1,0
496_1770,21.67388,74.44984,1,1,2023-12-23,2023-12-23,0,2.52,2.52,1,0
496_1777,21.67152,74.47401,1,1,2023-03-06,2023-03-06,0,1.37,1.37,1,0
496_1780,21.67112,74.4867,1,1,2023-02-18,2023-02-18,0,4.45,4.45,1,0
496_1781,21.67287,74.48746,1,1,2023-02-18,2023-02-18,0,6.6,6.6,1,0
496_511,21.67145,69.8624,1,1,2023-03-13,2023-03-13,0,19.95,19.95,1,0
496_670,21.67295,70.44144,1,1,2023-03-06,2023-03-06,0,4.36,4.36,1,0
496_921,21.67237,71.35545,1,1,2023-04-03,2023-04-03,0,3.4,3.4,1,0
497_1404,21.67529,73.11493,1,1,2023-06-21,2023-06-21,0,2.54,2.54,1,0
497_1540,21.6752,73.60966,1,1,2023-11-05,2023-11-05,0,2.02,2.02,1,0
497_1662,21.67546,74.05654,1,1,2023-04-15,2023-04-15,0,3.93,3.93,1,0
497_1757,21.67755,74.40151,1,1,2023-01-17,2023-01-17,0,6.25,6.25,1,0
497_605,21.6766,70.20665,1,1,2023-03-24,2023-03-24,0,4.1,4.1,1,0
498_1070,21.6778,71.89857,1,1,2023-03-28,2023-03-28,0,2.81,2.81,1,0
498_1244,21.68015,72.53192,7,7,2023-01-03,2023-01-15,12,1.1357142857142857,3.88,1,6
498_1422,21.67765,73.18031,1,1,2023-05-15,2023-05-15,0,2.27,2.27,1,0
498_1699,21.68068,74.19074,1,1,2023-03-12,2023-03-12,0,1.81,1.81,1,0
498_1768,21.6801,74.4413,1,1,2023-02-06,2023-02-06,0,4.69,4.69,1,0
498_511,21.67863,69.86408,1,1,2023-03-04,2023-03-04,0,5.34,5.34,1,0
498_590,21.67804,70.14907,1,1,2023-05-06,2023-05-06,0,4.87,4.87,1,0
498_605,21.68057,70.20609,1,1,2023-03-24,2023-03-24,0,8.09,8.09,1,0
499_1243,21.683136666666666,72.53024333333333,3,3,2023-01-01,2023-01-08,7,0.9966666666666666,1.69,0,3
499_1244,21.682372777777783,72.53301611111111,18,13,2023-01-02,2023-01-31,29,2.505,8.26,6,12
499_1245,21.68213,72.53476,1,1,2023-01-05,2023-01-05,0,4.06,4.06,1,0
499_1250,21.68385,72.55638,1,1,2023-06-16,2023-06-16,0,4.59,4.59,0,1
499_1251,21.68233,72.55905,1,1,2023-06-20,2023-06-20,0,9.04,9.04,0,1
499_1252,21.68334,72.56099999999999,4,4,2023-06-16,2023-09-22,98,6.5600000000000005,11.0,1,3
499_1270,21.6819,72.62762,1,1,2023-10-30,2023-10-30,0,1.17,1.17,1,0
499_1272,21.68317,72.63493,1,1,2023-03-04,2023-03-04,0,6.57,6.57,1,0
499_1285,21.68251,72.68272,1,1,2023-02-26,2023-02-26,0,10.96,10.96,1,0
499_1359,21.68327,72.95055,1,1,2023-01-25,2023-01-25,0,1.5,1.5,1,0
499_1360,21.68316,72.95351,1,1,2023-01-25,2023-01-25,0,4.24,4.24,1,0
499_576,21.68182,70.1009,1,1,2023-03-06,2023-03-06,0,1.4,1.4,1,0
499_590,21.68285,70.15096,1,1,2023-04-22,2023-04-22,0,15.93,15.93,1,0
499_709,21.68186,70.58405,1,1,2023-03-29,2023-03-29,0,2.7,2.7,1,0
49_1448,20.16787,73.27662,1,1,2023-04-23,2023-04-23,0,3.9,3.9,1,0
49_1452,20.16647,73.29168,1,1,2023-05-13,2023-05-13,0,2.91,2.91,1,0
4_1388,20.01649,73.05737,1,1,2023-05-27,2023-05-27,0,3.04,3.04,1,0
4_1453,20.01426,73.29496,1,1,2023-04-26,2023-04-26,0,9.16,9.16,1,0
4_1457,20.01403,73.30966,1,1,2023-05-28,2023-05-28,0,6.06,6.06,1,0
4_1495,20.01388,73.44575,1,1,2023-04-20,2023-04-20,0,5.04,5.04,1,0
4_1506,20.01532,73.48703,1,1,2023-05-18,2023-05-18,0,6.85,6.85,1,0
500_1243,21.68604,72.53064,1,1,2023-01-04,2023-01-04,0,0.87,0.87,0,1
500_1244,21.6860275,72.53305,8,8,2023-01-03,2023-09-12,252,1.83375,4.1,1,7
500_1245,21.686575,72.53528750000001,4,4,2023-01-04,2023-06-13,160,1.8225,3.38,0,4
500_1251,21.686968333333336,72.559215,6,4,2023-05-10,2023-12-29,233,8.765,16.79,1,5
500_1252,21.686189999999996,72.56197909090909,11,9,2023-05-10,2023-06-23,44,7.742727272727273,31.67,5,6
500_1253,21.685614285714284,72.56497,7,6,2023-05-10,2023-09-22,135,11.872857142857143,29.51,2,5
500_1263,21.68536,72.60108,1,1,2023-04-11,2023-04-11,0,8.1,8.1,1,0
500_1277,21.68624,72.65424,1,1,2023-03-02,2023-03-02,0,15.02,15.02,1,0
500_1278,21.68661,72.65836,1,1,2023-03-02,2023-03-02,0,15.24,15.24,1,0
500_1282,21.68705,72.67296,1,1,2023-03-07,2023-03-07,0,1.94,1.94,0,1
500_1283,21.68631,72.67458,1,1,2023-03-07,2023-03-07,0,1.46,1.46,0,1
500_1285,21.68631,72.68215,1,1,2023-02-26,2023-02-26,0,10.96,10.96,1,0
500_1422,21.68617,73.18058,1,1,2023-04-13,2023-04-13,0,1.37,1.37,0,1
500_1425,21.68556,73.19234,1,1,2023-04-20,2023-04-20,0,8.58,8.58,1,0
500_1643,21.68742,73.98547,1,1,2023-02-25,2023-02-25,0,1.25,1.25,0,1
500_1765,21.68467,74.4297,1,1,2023-02-18,2023-02-18,0,1.22,1.22,0,1
500_1777,21.68585,74.4753,1,1,2023-03-24,2023-03-24,0,4.92,4.92,1,0
500_536,21.68732,69.95464,1,1,2023-02-15,2023-02-15,0,3.25,3.25,1,0
500_615,21.68511,70.24098,1,1,2023-04-09,2023-04-09,0,13.06,13.06,1,0
500_621,21.68638,70.26305,1,1,2023-01-09,2023-01-09,0,2.69,2.69,1,0
500_857,21.68649,71.12373,1,1,2023-03-25,2023-03-25,0,11.99,11.99,1,0
500_858,21.68704,71.12753,1,1,2023-03-25,2023-03-25,0,7.58,7.58,1,0
500_872,21.6859,71.17751,1,1,2023-11-22,2023-11-22,0,0.48,0.48,0,1
500_936,21.68669,71.41147,1,1,2023-02-17,2023-02-17,0,0.56,0.56,0,1
501_1245,21.68789,72.53667,1,1,2023-01-05,2023-01-05,0,0.71,0.71,0,1
501_1251,21.689085,72.55827500000001,2,2,2023-06-16,2023-06-21,5,8.965,13.34,1,1
501_1252,21.688557499999998,72.5616425,4,3,2023-06-16,2023-06-21,5,8.9525,11.78,2,2
501_1253,21.688085,72.566085,2,2,2023-06-22,2023-09-22,92,6.115,6.87,2,0
501_1264,21.69029,72.60557,1,1,2023-06-18,2023-06-18,0,2.16,2.16,0,1
501_1265,21.68937,72.61054,1,1,2023-06-18,2023-06-18,0,2.68,2.68,0,1
501_1398,21.68999,73.09299,1,1,2023-11-15,2023-11-15,0,2.85,2.85,1,0
501_1406,21.6893,73.12433,1,1,2023-11-16,2023-11-16,0,3.63,3.63,1,0
501_1446,21.69046,73.2698,1,1,2023-04-20,2023-04-20,0,0.7,0.7,0,1
501_1689,21.68938,74.15374,1,1,2023-05-13,2023-05-13,0,5.39,5.39,1,0
501_507,21.68894,69.84779,1,1,2023-03-28,2023-03-28,0,12.87,12.87,1,0
501_529,21.6907,69.92998,1,1,2023-03-14,2023-03-14,0,11.95,11.95,1,0
501_809,21.69025,70.94706,1,1,2023-02-04,2023-02-04,0,3.93,3.93,1,0
501_974,21.68905,71.54827,1,1,2023-03-30,2023-03-30,0,10.42,10.42,1,0
501_985,21.69033,71.58928,1,1,2023-04-02,2023-04-02,0,6.05,6.05,1,0
502_1263,21.692313333333335,72.60161333333333,3,3,2023-06-18,2023-07-12,24,3.9466666666666668,6.66,1,2
502_1264,21.693539999999995,72.60578142857142,7,6,2023-01-21,2023-10-05,257,10.635714285714286,23.53,2,5
502_1266,21.69316,72.61135,1,1,2023-06-18,2023-06-18,0,1.7,1.7,0,1
502_1278,21.69374,72.65775,1,1,2023-02-03,2023-02-03,0,0.6,0.6,0,1
502_1279,21.69202,72.66166,1,1,2023-02-03,2023-02-03,0,0.87,0.87,0,1
502_1283,21.693005,72.674935,2,1,2023-03-07,2023-03-07,0,1.815,2.61,0,2
502_1297,21.69275,72.72629,1,1,2023-06-01,2023-06-01,0,10.54,10.54,1,0
502_1406,21.69286,73.12363,1,1,2023-11-16,2023-11-16,0,2.71,2.71,1,0
502_1777,21.69108,74.47468,1,1,2023-03-24,2023-03-24,0,4.92,4.92,1,0
502_1778,21.69142,74.47803,1,1,2023-03-24,2023-03-24,0,4.92,4.92,1,0
502_512,21.69233,69.86731,2,1,2023-04-06,2023-04-06,0,4.335000000000001,4.48,2,0
502_513,21.6939,69.87106,1,1,2023-04-06,2023-04-06,0,4.19,4.19,1,0
502_597,21.69188,70.17686,1,1,2023-04-19,2023-04-19,0,23.2,23.2,1,0
502_703,21.69391,70.56299,1,1,2023-03-18,2023-03-18,0,12.17,12.17,1,0
502_934,21.69395,71.40292,1,1,2023-03-18,2023-03-18,0,4.89,4.89,1,0
503_1263,21.69537,72.60143333333333,3,3,2023-06-18,2023-10-04,108,11.446666666666665,14.1,1,2
503_1264,21.695535,72.60589,4,4,2023-06-18,2023-10-04,108,14.1525,20.69,3,1
503_1266,21.69695,72.61217,1,1,2023-06-18,2023-06-18,0,1.7,1.7,0,1
503_1277,21.69645,72.65454500000001,2,2,2023-03-19,2023-05-17,59,32.28,60.19,2,0
503_1279,21.69633,72.6586,1,1,2023-03-12,2023-03-12,0,9.44,9.44,1,0
503_1291,21.69768,72.70411,1,1,2023-02-17,2023-02-17,0,0.41,0.41,0,1
503_1419,21.69669,73.17071,1,1,2023-05-17,2023-05-17,0,8.38,8.38,1,0
503_1784,21.69617,74.49812,1,1,2023-03-31,2023-03-31,0,2.62,2.62,1,0
503_441,21.69761,69.60861,1,1,2023-06-09,2023-06-09,0,11.64,11.64,1,0
503_554,21.69646,70.02081,1,1,2023-01-15,2023-01-15,0,1.72,1.72,1,0
503_580,21.69571,70.11275,1,1,2023-04-10,2023-04-10,0,4.65,4.65,1,0
503_598,21.69493,70.18057,1,1,2023-03-14,2023-03-14,0,3.12,3.12,1,0
503_646,21.6977,70.3559,1,1,2023-03-30,2023-03-30,0,3.27,3.27,1,0
503_687,21.6953,70.50554,1,1,2023-04-14,2023-04-14,0,1.73,1.73,0,1
504_1246,21.69975,72.54162,1,1,2023-10-04,2023-10-04,0,2.66,2.66,1,0
504_1263,21.69879,72.60218,1,1,2023-06-18,2023-06-18,0,7.95,7.95,0,1
504_1264,21.69787,72.60717,1,1,2023-06-18,2023-06-18,0,7.95,7.95,0,1
504_1276,21.70008,72.64804,1,1,2023-03-12,2023-03-12,0,30.24,30.24,1,0
504_1277,21.70112,72.65258,1,1,2023-03-12,2023-03-12,0,27.2,27.2,1,0
504_1284,21.70097,72.6794,1,1,2023-01-15,2023-01-15,0,3.69,3.69,1,0
504_1306,21.70082,72.75722,1,1,2023-04-11,2023-04-11,0,14.88,14.88,1,0
504_1538,21.70062,73.60212,1,1,2023-03-11,2023-03-11,0,3.18,3.18,1,0
504_441,21.69801,69.60982,1,1,2023-06-09,2023-06-09,0,9.12,9.12,1,0
504_513,21.6993,69.86926,1,1,2023-03-14,2023-03-14,0,3.61,3.61,1,0
504_554,21.69842,70.02129,1,1,2023-01-31,2023-01-31,0,3.18,3.18,1,0
504_602,21.70079,70.19601,1,1,2023-03-27,2023-03-27,0,11.49,11.49,1,0
505_1278,21.70216,72.6571,1,1,2023-03-12,2023-03-12,0,27.2,27.2,1,0
505_1279,21.7032,72.66161,1,1,2023-03-12,2023-03-12,0,8.43,8.43,1,0
505_1285,21.70128,72.68221,1,1,2023-12-23,2023-12-23,0,5.2,5.2,1,0
505_1302,21.70399,72.74382,1,1,2023-04-08,2023-04-08,0,8.28,8.28,1,0
505_1306,21.70132,72.75701,1,1,2023-04-11,2023-04-11,0,8.23,8.23,1,0
505_1600,21.70293,73.83047,1,1,2023-03-03,2023-03-03,0,3.63,3.63,1,0
505_519,21.70354,69.89226500000001,2,1,2023-03-07,2023-03-07,0,10.254999999999999,12.61,2,0
505_520,21.70442,69.89481,1,1,2023-03-07,2023-03-07,0,11.5,11.5,1,0
505_533,21.70329,69.94389,1,1,2023-01-02,2023-01-02,0,2.23,2.23,1,0
505_609,21.70261,70.22124,1,1,2023-03-02,2023-03-02,0,3.46,3.46,1,0
505_893,21.70394,71.25536,1,1,2023-03-20,2023-03-20,0,1.74,1.74,1,0
505_933,21.70449,71.39993,1,1,2023-03-26,2023-03-26,0,7.28,7.28,1,0
505_954,21.70421,71.47633,1,1,2023-02-03,2023-02-03,0,4.27,4.27,1,0
506_1246,21.70712,72.53936,1,1,2023-10-28,2023-10-28,0,5.67,5.67,1,0
506_1247,21.70749,72.54348,1,1,2023-10-28,2023-10-28,0,5.67,5.67,1,0
506_1285,21.705969999999997,72.68120666666665,3,2,2023-02-14,2023-12-23,312,1.73,2.59,2,1
506_1287,21.70754,72.69093,1,1,2023-06-13,2023-06-13,0,2.86,2.86,1,0
506_1288,21.70715,72.69249500000001,2,2,2023-06-13,2023-12-08,178,2.465,2.82,2,0
506_1296,21.70687,72.72372,1,1,2023-01-22,2023-01-22,0,2.87,2.87,1,0
506_1413,21.70464,73.14879,1,1,2023-04-15,2023-04-15,0,10.98,10.98,1,0
506_1571,21.70764,73.72227,1,1,2023-04-12,2023-04-12,0,1.26,1.26,0,1
506_1707,21.70673,74.21856,1,1,2023-05-16,2023-05-16,0,8.34,8.34,1,0
506_1767,21.70455,74.43839,1,1,2023-03-18,2023-03-18,0,4.07,4.07,1,0
506_1773,21.70718,74.45939,2,1,2023-03-27,2023-03-27,0,3.55,3.93,2,0
506_469,21.70513,69.71147,1,1,2023-03-16,2023-03-16,0,1.37,1.37,1,0
506_558,21.70624,70.03367,1,1,2023-05-30,2023-05-30,0,2.24,2.24,1,0
506_587,21.70733,70.13825,1,1,2023-05-11,2023-05-11,0,4.06,4.06,1,0
506_602,21.70587,70.1948,1,1,2023-03-27,2023-03-27,0,11.49,11.49,1,0
506_628,21.70552,70.2893,1,1,2023-01-25,2023-01-25,0,6.33,6.33,1,0
506_798,21.7048,70.90806,1,1,2023-01-30,2023-01-30,0,2.07,2.07,1,0
506_801,21.70723,70.91751,1,1,2023-01-26,2023-01-26,0,1.99,1.99,1,0
506_870,21.70729,71.16925,1,1,2023-03-18,2023-03-18,0,6.86,6.86,1,0
506_871,21.70763,71.17257,1,1,2023-03-18,2023-03-18,0,6.86,6.86,1,0
506_956,21.70725,71.48273,1,1,2023-12-29,2023-12-29,0,1.77,1.77,1,0
507_1248,21.71063,72.54673,1,1,2023-11-01,2023-11-01,0,10.22,10.22,1,0
507_1276,21.70915,72.65078,1,1,2023-05-02,2023-05-02,0,8.14,8.14,1,0
507_1285,21.70887,72.68363,1,1,2023-02-14,2023-02-14,0,5.41,5.41,1,0
507_1325,21.70971,72.82821,1,1,2023-05-24,2023-05-24,0,9.78,9.78,1,0
507_1573,21.70907,73.73023,1,1,2023-04-20,2023-04-20,0,3.3,3.3,1,0
507_521,21.7087,69.8987,1,1,2023-03-16,2023-03-16,0,3.68,3.68,1,0
507_616,21.71115,70.24603,1,1,2023-03-08,2023-03-08,0,14.29,14.29,1,0
507_642,21.71035,70.34126,1,1,2023-02-19,2023-02-19,0,5.42,5.42,1,0
507_767,21.7096,70.79401,1,1,2023-12-17,2023-12-17,0,4.25,4.25,1,0
507_840,21.71024,71.06074,1,1,2023-03-16,2023-03-16,0,2.64,2.64,1,0
507_870,21.70795,71.17042,1,1,2023-03-18,2023-03-18,0,12.77,12.77,1,0
507_871,21.70826,71.17374,1,1,2023-03-18,2023-03-18,0,10.17,10.17,1,0
508_1247,21.71243,72.54378,2,2,2023-04-16,2023-11-01,199,10.280000000000001,16.8,2,0
508_1275,21.71172,72.646,1,1,2023-04-21,2023-04-21,0,10.52,10.52,1,0
508_1281,21.71309,72.66817,1,1,2023-01-21,2023-01-21,0,1.63,1.63,1,0
508_1284,21.7124,72.68026,1,1,2023-03-10,2023-03-10,0,26.96,26.96,1,0
508_1291,21.7125,72.70448,1,1,2023-12-13,2023-12-13,0,0.45,0.45,0,1
508_1292,21.71131,72.70767,1,1,2023-02-09,2023-02-09,0,2.0,2.0,1,0
508_1293,21.71193,72.7119,1,1,2023-11-09,2023-11-09,0,5.36,5.36,1,0
508_1296,21.71379,72.72252,1,1,2023-04-22,2023-04-22,0,15.27,15.27,1,0
508_1312,21.71169,72.77998,1,1,2023-01-24,2023-01-24,0,10.49,10.49,1,0
508_1313,21.71202,72.78334,1,1,2023-01-24,2023-01-24,0,11.46,11.46,1,0
508_1466,21.7131,73.34133,1,1,2023-04-15,2023-04-15,0,0.51,0.51,0,1
508_1571,21.71303,73.72294,1,1,2023-04-11,2023-04-11,0,5.1,5.1,1,0
508_520,21.71132,69.89642,1,1,2023-03-31,2023-03-31,0,7.85,7.85,1,0
508_526,21.71354,69.91743,1,1,2023-12-22,2023-12-22,0,2.98,2.98,1,0
508_683,21.71202,70.49117,1,1,2023-04-09,2023-04-09,0,5.22,5.22,1,0
508_684,21.71249,70.49496,1,1,2023-04-09,2023-04-09,0,8.05,8.05,1,0
508_695,21.71192,70.53207,1,1,2023-02-11,2023-02-11,0,3.86,3.86,1,0
508_710,21.71284,70.58926,1,1,2023-04-14,2023-04-14,0,21.19,21.19,1,0
508_870,21.71282,71.17198,1,1,2023-03-18,2023-03-18,0,6.86,6.86,1,0
508_871,21.713305,71.174215,2,1,2023-03-18,2023-03-18,0,11.93,13.69,2,0
508_908,21.71234,71.31014,1,1,2023-01-26,2023-01-26,0,0.75,0.75,1,0
509_1139,21.71523,72.1489,1,1,2023-02-23,2023-02-23,0,0.4,0.4,0,1
509_1247,21.71548,72.5444,1,1,2023-04-16,2023-04-16,0,16.8,16.8,1,0
509_1276,21.71643,72.64986,1,1,2023-04-14,2023-04-14,0,2.78,2.78,1,0
509_1290,21.71656,72.69956,1,1,2023-02-05,2023-02-05,0,12.03,12.03,1,0
509_1291,21.7154,72.70399,1,1,2023-12-23,2023-12-23,0,2.24,2.24,1,0
509_1295,21.71723,72.71845,1,1,2023-03-08,2023-03-08,0,6.52,6.52,1,0
509_1532,21.71536,73.58011,1,1,2023-02-27,2023-02-27,0,5.89,5.89,1,0
509_1564,21.71578,73.69902,1,1,2023-05-02,2023-05-02,0,5.65,5.65,1,0
509_1573,21.71715,73.73022,1,1,2023-04-12,2023-04-12,0,2.78,2.78,1,0
509_1593,21.71539,73.80403,1,1,2023-05-21,2023-05-21,0,3.95,3.95,1,0
509_416,21.71676,69.51653,1,1,2023-03-17,2023-03-17,0,3.96,3.96,1,0
509_421,21.71701,69.5341,1,1,2023-04-14,2023-04-14,0,3.4,3.4,1,0
509_425,21.71581,69.54853,1,1,2023-03-16,2023-03-16,0,6.91,6.91,1,0
509_908,21.71572,71.30951,1,1,2023-01-26,2023-01-26,0,8.5,8.5,1,0
509_978,21.71766,71.56282,1,1,2023-03-30,2023-03-30,0,10.5,10.5,1,0
50_1467,20.17078,73.34492,1,1,2023-05-02,2023-05-02,0,6.78,6.78,1,0
50_1492,20.17087,73.43678,1,1,2023-04-21,2023-04-21,0,4.63,4.63,1,0
50_1509,20.17095,73.49947,1,1,2023-04-26,2023-04-26,0,6.44,6.44,1,0
50_1578,20.169939999999997,73.74971500000001,2,1,2023-06-01,2023-06-01,0,5.24,5.31,2,0
50_1647,20.17113,73.99899,1,1,2023-04-09,2023-04-09,0,4.92,4.92,1,0
510_1247,21.71879,72.54381,1,1,2023-04-16,2023-04-16,0,11.22,11.22,1,0
510_1248,21.71936,72.54752,1,1,2023-04-16,2023-04-16,0,11.22,11.22,1,0
510_1285,21.719659999999998,72.682125,2,1,2023-06-01,2023-06-01,0,9.79,9.79,2,0
510_1287,21.72003,72.69003,1,1,2023-02-09,2023-02-09,0,1.8,1.8,1,0
510_1290,21.71879,72.69961,1,1,2023-05-08,2023-05-08,0,16.21,16.21,1,0
510_1294,21.719816666666663,72.71489666666668,3,2,2023-01-20,2023-04-12,82,7.876666666666667,11.38,3,0
510_1564,21.71821,73.69825,1,1,2023-05-02,2023-05-02,0,4.45,4.45,1,0
510_1571,21.7205,73.72556,1,1,2023-04-12,2023-04-12,0,1.85,1.85,1,0
510_1574,21.71908,73.73325,1,1,2023-05-24,2023-05-24,0,5.12,5.12,1,0
510_424,21.72059,69.54739,1,1,2023-03-16,2023-03-16,0,9.17,9.17,1,0
510_493,21.71836,69.79834,1,1,2023-03-21,2023-03-21,0,2.44,2.44,1,0
510_498,21.71925,69.81512,1,1,2023-02-25,2023-02-25,0,3.68,3.68,1,0
510_629,21.71874,70.29377,1,1,2023-04-23,2023-04-23,0,1.92,1.92,1,0
510_694,21.72028,70.52888,1,1,2023-03-19,2023-03-19,0,11.53,11.53,1,0
510_743,21.72028,70.70947,1,1,2023-03-20,2023-03-20,0,4.72,4.72,1,0
510_908,21.71911,71.30888,1,1,2023-01-26,2023-01-26,0,8.5,8.5,1,0
510_991,21.72024,71.61249,1,1,2023-03-24,2023-03-24,0,2.64,2.64,1,0
511_1271,21.72342,72.63049,1,1,2023-05-15,2023-05-15,0,1.63,1.63,1,0
511_1295,21.72278,72.71894,4,4,2023-01-22,2023-12-10,322,20.055,57.27,4,0
511_1308,21.72345,72.76429,1,1,2023-03-13,2023-03-13,0,2.43,2.43,1,0
511_1460,21.7222,73.32002,1,1,2023-04-22,2023-04-22,0,7.7,7.7,1,0
511_1461,21.72292,73.32434,1,1,2023-04-22,2023-04-22,0,7.09,7.09,1,0
511_1526,21.72412,73.55859,1,1,2023-02-21,2023-02-21,0,1.63,1.63,0,1
511_1541,21.72453,73.61295,1,1,2023-03-10,2023-03-10,0,0.71,0.71,0,1
511_1545,21.72355,73.62771,1,1,2023-05-18,2023-05-18,0,7.27,7.27,1,0
511_1572,21.7234,73.72927,1,1,2023-04-12,2023-04-12,0,1.83,1.83,0,1
511_1593,21.72194,73.80254,1,1,2023-04-16,2023-04-16,0,5.96,5.96,1,0
511_411,21.72206,69.49915,1,1,2023-03-28,2023-03-28,0,3.64,3.64,1,0
511_426,21.7245,69.55376,1,1,2023-04-11,2023-04-11,0,3.97,3.97,1,0
511_439,21.72272,69.5993,1,1,2023-03-02,2023-03-02,0,11.75,11.75,1,0
511_455,21.72268,69.65724,1,1,2023-03-01,2023-03-01,0,11.58,11.58,1,0
511_498,21.722749999999998,69.81487999999999,2,1,2023-02-25,2023-02-25,0,4.735,5.79,2,0
511_680,21.72458,70.47738,1,1,2023-04-16,2023-04-16,0,10.29,10.29,1,0
511_737,21.72227,70.68544,1,1,2023-03-30,2023-03-30,0,22.24,22.24,1,0
512_1270,21.72671,72.62854,1,1,2023-05-15,2023-05-15,0,2.42,2.42,1,0
512_1281,21.72589,72.66896,1,1,2023-02-08,2023-02-08,0,2.7,2.7,1,0
512_1282,21.72638,72.67131,2,2,2023-02-08,2023-05-29,110,6.305,9.98,2,0
512_1296,21.72604,72.72064,2,2,2023-01-22,2023-06-09,138,25.055,36.55,2,0
512_1347,21.72788,72.90686,1,1,2023-01-01,2023-01-01,0,5.39,5.39,1,0
512_1421,21.72513,73.17817,1,1,2023-04-26,2023-04-26,0,3.67,3.67,1,0
512_412,21.72621,69.50375,1,1,2023-04-14,2023-04-14,0,23.62,23.62,1,0
512_454,21.72493,69.65582,1,1,2023-03-01,2023-03-01,0,6.67,6.67,1,0
512_683,21.72683,70.49035,1,1,2023-03-28,2023-03-28,0,3.82,3.82,1,0
512_738,21.72487,70.68864,1,1,2023-03-28,2023-03-28,0,4.46,4.46,1,0
513_1264,21.73135,72.60587,1,1,2023-04-22,2023-04-22,0,8.99,8.99,1,0
513_1297,21.73135,72.72758,1,1,2023-03-26,2023-03-26,0,4.64,4.64,1,0
513_1300,21.72815,72.73799,1,1,2023-01-04,2023-01-04,0,5.34,5.34,1,0
513_1305,21.72814,72.75346,1,1,2023-03-05,2023-03-05,0,0.37,0.37,0,1
513_1323,21.72862,72.81944,1,1,2023-05-08,2023-05-08,0,12.12,12.12,1,0
513_1566,21.73132,73.7066,1,1,2023-04-02,2023-04-02,0,3.97,3.97,1,0
513_412,21.73038,69.50324,1,1,2023-04-09,2023-04-09,0,3.38,3.38,1,0
513_413,21.72915,69.50544,1,1,2023-04-09,2023-04-09,0,3.45,3.45,1,0
513_628,21.73041,70.28977,1,1,2023-03-30,2023-03-30,0,1.17,1.17,1,0
513_644,21.72895,70.3488,1,1,2023-03-14,2023-03-14,0,5.68,5.68,1,0
513_688,21.73034,70.50757,1,1,2023-04-01,2023-04-01,0,8.45,8.45,1,0
513_988,21.73025,71.60075,1,1,2023-03-26,2023-03-26,0,10.97,10.97,1,0
514_1021,21.73357,71.72204,1,1,2023-02-02,2023-02-02,0,2.14,2.14,1,0
514_1264,21.73465,72.60682,1,1,2023-04-22,2023-04-22,0,10.3,10.3,1,0
514_1294,21.73169,72.71365,1,1,2023-12-10,2023-12-10,0,2.88,2.88,1,0
514_1297,21.73235,72.72424,1,1,2023-12-24,2023-12-24,0,2.23,2.23,1,0
514_1299,21.73219,72.73459,1,1,2023-04-01,2023-04-01,0,5.63,5.63,1,0
514_1311,21.73363,72.77769,1,1,2023-03-25,2023-03-25,0,13.43,13.43,1,0
514_1316,21.73226,72.79327,1,1,2023-06-09,2023-06-09,0,6.9,6.9,1,0
514_1318,21.732305,72.802755,2,2,2023-03-05,2023-06-23,110,4.78,7.84,2,0
514_1428,21.73276,73.20454,1,1,2023-04-17,2023-04-17,0,4.7,4.7,1,0
514_1462,21.73186,73.32746,1,1,2023-04-07,2023-04-07,0,7.01,7.01,1,0
514_1524,21.73346,73.55103,1,1,2023-02-27,2023-02-27,0,0.95,0.95,0,1
514_1566,21.73265,73.70596,1,1,2023-02-22,2023-02-22,0,2.32,2.32,1,0
514_1567,21.7319,73.70934,1,1,2023-04-02,2023-04-02,0,3.13,3.13,1,0
514_1568,21.73396,73.71272,1,1,2023-04-01,2023-04-01,0,0.82,0.82,0,1
514_1589,21.73362,73.79007,1,1,2023-04-16,2023-04-16,0,1.26,1.26,0,1
514_417,21.73368,69.51917,1,1,2023-04-08,2023-04-08,0,3.88,3.88,1,0
514_459,21.733615,69.673535,2,1,2023-02-22,2023-02-22,0,4.88,6.43,2,0
514_565,21.73431,70.06092,1,1,2023-03-11,2023-03-11,0,4.26,4.26,1,0
514_586,21.73229,70.13754,1,1,2023-04-28,2023-04-28,0,5.21,5.21,1,0
514_680,21.73385,70.47916,1,1,2023-04-10,2023-04-10,0,14.17,14.17,1,0
514_729,21.73423,70.65666,1,1,2023-04-08,2023-04-08,0,3.43,3.43,1,0
514_732,21.73277,70.6683,1,1,2023-03-14,2023-03-14,0,3.07,3.07,1,0
514_988,21.7323,71.6012,1,1,2023-03-26,2023-03-26,0,11.73,11.73,1,0
515_1277,21.73692,72.65153,1,1,2023-04-06,2023-04-06,0,29.1,29.1,1,0
515_1293,21.73689,72.71238,1,1,2023-04-12,2023-04-12,0,14.89,14.89,1,0
515_1311,21.73717,72.77714,1,1,2023-03-25,2023-03-25,0,9.53,9.53,1,0
515_1315,21.73589,72.79254,1,1,2023-06-09,2023-06-09,0,8.83,8.83,1,0
515_1375,21.73734,73.00831,1,1,2023-05-10,2023-05-10,0,4.03,4.03,0,1
515_1376,21.73782,73.01315,1,1,2023-04-17,2023-04-17,0,3.22,3.22,0,1
515_1463,21.73675,73.32867,1,1,2023-03-10,2023-03-10,0,0.95,0.95,0,1
515_1515,21.73747,73.51901,1,1,2023-03-04,2023-03-04,0,5.49,5.49,1,0
515_1522,21.73778,73.54705,1,1,2023-04-12,2023-04-12,0,4.12,4.12,1,0
515_1539,21.73596,73.60696,1,1,2023-02-16,2023-02-16,0,4.58,4.58,1,0
515_1540,21.73796,73.61082,1,1,2023-02-15,2023-02-15,0,1.15,1.15,0,1
515_1548,21.73814,73.64172,1,1,2023-03-09,2023-03-09,0,0.57,0.57,0,1
515_422,21.73636,69.53833,1,1,2023-06-04,2023-06-04,0,3.14,3.14,1,0
515_457,21.73696,69.66803,1,1,2023-03-01,2023-03-01,0,3.54,3.54,1,0
515_729,21.73606,70.65786,1,1,2023-04-08,2023-04-08,0,3.25,3.25,1,0
515_807,21.73527,70.94108,1,1,2023-01-20,2023-01-20,0,0.53,0.53,0,1
515_917,21.73759,71.34301,1,1,2023-04-01,2023-04-01,0,6.73,6.73,1,0
515_991,21.73599,71.61299,1,1,2023-03-26,2023-03-26,0,5.17,5.17,1,0
515_992,21.73809,71.6134,1,1,2023-03-26,2023-03-26,0,7.76,7.76,1,0
516_1261,21.73831,72.59605,1,1,2023-02-28,2023-02-28,0,3.9,3.9,1,0
516_1262,21.7404,72.59973,1,1,2023-03-27,2023-03-27,0,8.09,8.09,1,0
516_1265,21.7403,72.60973,1,1,2023-02-05,2023-02-05,0,13.25,13.25,1,0
516_1266,21.73936,72.61293,1,1,2023-03-06,2023-03-06,0,3.66,3.66,1,0
516_1276,21.74055,72.6508,1,1,2023-04-06,2023-04-06,0,13.44,13.44,1,0
516_1298,21.74048,72.72797,1,1,2023-01-21,2023-01-21,0,2.72,2.72,1,0
516_1374,21.74118,73.00803,1,1,2023-08-28,2023-08-28,0,1.42,1.42,0,1
516_1375,21.739864,73.01044999999999,5,5,2023-04-16,2023-05-06,20,1.392,1.88,0,5
516_1376,21.738909999999997,73.01461,2,2,2023-05-10,2023-10-07,150,1.8599999999999999,2.5,0,2
516_1524,21.73871,73.55429,1,1,2023-05-04,2023-05-04,0,5.63,5.63,1,0
516_1528,21.74032,73.56646,1,1,2023-03-14,2023-03-14,0,4.28,4.28,1,0
516_1529,21.74077,73.5701,1,1,2023-03-14,2023-03-14,0,4.28,4.28,1,0
516_1530,21.739,73.57378,1,1,2023-03-14,2023-03-14,0,0.55,0.55,0,1
516_1532,21.73998,73.58121,1,1,2023-02-24,2023-02-24,0,1.22,1.22,0,1
516_1534,21.74098,73.58977,1,1,2023-02-25,2023-02-25,0,5.32,5.32,1,0
516_1535,21.74135,73.59365,1,1,2023-02-25,2023-02-25,0,5.73,5.73,1,0
516_1539,21.73938,73.60635,1,1,2023-02-16,2023-02-16,0,5.48,5.48,1,0
516_1553,21.74097,73.65991,1,1,2023-03-12,2023-03-12,0,3.14,3.14,1,0
516_1566,21.7407,73.70495,1,1,2023-02-25,2023-02-25,0,5.01,5.01,1,0
516_1567,21.74109,73.70904,1,1,2023-02-25,2023-02-25,0,5.01,5.01,1,0
516_416,21.7414,69.51536,1,1,2023-03-18,2023-03-18,0,12.26,12.26,1,0
516_417,21.73926,69.51885,1,1,2023-03-18,2023-03-18,0,18.34,18.34,1,0
516_611,21.7396,70.22565,1,1,2023-03-24,2023-03-24,0,12.57,12.57,1,0
516_708,21.738775,70.58191500000001,2,1,2023-03-08,2023-03-08,0,5.645,5.67,2,0
516_917,21.73951,71.3418,1,1,2023-04-01,2023-04-01,0,6.64,6.64,1,0
517_1262,21.74477,72.59875,1,1,2023-03-27,2023-03-27,0,25.34,25.34,1,0
517_1265,21.743395,72.60840999999999,2,2,2023-02-05,2023-11-21,289,28.235,43.22,2,0
517_1266,21.743029999999997,72.61233,2,2,2023-03-06,2023-11-21,260,5.825,6.41,2,0
517_1297,21.74388,72.72732,1,1,2023-01-21,2023-01-21,0,2.72,2.72,1,0
517_1312,21.74287,72.78157,1,1,2023-02-17,2023-02-17,0,0.98,0.98,0,1
517_1375,21.74203,73.01013,1,1,2023-08-28,2023-08-28,0,1.7,1.7,0,1
517_1392,21.74388,73.07032,1,1,2023-02-12,2023-02-12,0,1.89,1.89,1,0
517_1463,21.74248,73.33192,1,1,2023-04-25,2023-04-25,0,7.43,7.43,1,0
517_1518,21.74172,73.52967,1,1,2023-02-12,2023-02-12,0,4.41,4.41,1,0
517_1525,21.74476,73.55505,1,1,2023-06-07,2023-06-07,0,1.67,1.67,1,0
517_1535,21.74438,73.59277,1,1,2023-03-09,2023-03-09,0,2.52,2.52,1,0
517_1537,21.74215,73.60178,1,1,2023-02-16,2023-02-16,0,1.35,1.35,0,1
517_1539,21.74281,73.60577,1,1,2023-02-16,2023-02-16,0,5.48,5.48,1,0
517_1542,21.74285,73.61839,1,1,2023-02-16,2023-02-16,0,1.94,1.94,0,1
517_1562,21.74397,73.69263,1,1,2023-04-12,2023-04-12,0,1.46,1.46,1,0
517_416,21.74393,69.5183,1,1,2023-03-18,2023-03-18,0,7.08,7.08,1,0
517_417,21.74198,69.52053,1,1,2023-03-18,2023-03-18,0,14.74,14.74,1,0
517_580,21.74277,70.11471,1,1,2023-05-14,2023-05-14,0,2.88,2.88,1,0
517_587,21.7439,70.1392,1,1,2023-02-14,2023-02-14,0,6.25,6.25,1,0
517_598,21.743595,70.179265,2,1,2023-03-28,2023-03-28,0,9.675,11.41,2,0
517_610,21.74358,70.2251,1,1,2023-03-24,2023-03-24,0,12.57,12.57,1,0
517_630,21.74372,70.29528,1,1,2023-05-14,2023-05-14,0,1.94,1.94,1,0
517_687,21.74331,70.50411,1,1,2023-02-20,2023-02-20,0,4.68,4.68,1,0
517_806,21.74389,70.93813,1,1,2023-02-16,2023-02-16,0,0.42,0.42,0,1
517_863,21.74401,71.14387,1,1,2023-02-04,2023-02-04,0,2.27,2.27,1,0
518_1264,21.74667,72.607,1,1,2023-02-05,2023-02-05,0,0.24,0.24,0,1
518_1265,21.74704,72.61095,1,1,2023-11-21,2023-11-21,0,5.24,5.24,1,0
518_1267,21.74702,72.61643,1,1,2023-03-28,2023-03-28,0,6.6,6.6,1,0
518_1268,21.74747,72.61961,1,1,2023-03-28,2023-03-28,0,6.4,6.4,1,0
518_1288,21.748095,72.69402,2,1,2023-03-19,2023-03-19,0,3.385,4.81,2,0
518_1303,21.74561,72.74949,1,1,2023-04-30,2023-04-30,0,1.39,1.39,1,0
518_1311,21.74707,72.7777,1,1,2023-02-17,2023-02-17,0,10.46,10.46,0,1
518_1312,21.74648,72.78214,1,1,2023-02-17,2023-02-17,0,10.46,10.46,0,1
518_1422,21.74631,73.18004,1,1,2023-03-28,2023-03-28,0,5.66,5.66,1,0
518_1512,21.74547,73.50822,1,1,2023-03-25,2023-03-25,0,3.11,3.11,1,0
518_1513,21.74607,73.51277,1,1,2023-03-25,2023-03-25,0,6.71,6.71,1,0
518_1515,21.74531,73.51946,1,1,2023-02-25,2023-02-25,0,3.69,3.69,1,0
518_1523,21.74603,73.54907,1,1,2023-02-23,2023-02-23,0,0.85,0.85,0,1
518_1533,21.74605,73.58501,1,1,2023-02-25,2023-02-25,0,1.93,1.93,1,0
518_1535,21.74804,73.59215,1,1,2023-03-09,2023-03-09,0,2.52,2.52,1,0
518_1538,21.7456,73.60239,1,1,2023-02-16,2023-02-16,0,1.83,1.83,0,1
518_1543,21.74695,73.62183,1,1,2023-02-19,2023-02-19,0,2.59,2.59,1,0
518_1548,21.74751,73.64073,1,1,2023-02-15,2023-02-15,0,4.67,4.67,1,0
518_1552,21.74747,73.65526,1,1,2023-05-12,2023-05-12,0,10.63,10.63,1,0
518_1559,21.74559,73.68086,1,1,2023-03-12,2023-03-12,0,1.21,1.21,1,0
518_1560,21.74661,73.6841,1,1,2023-04-12,2023-04-12,0,2.32,2.32,1,0
518_1598,21.74632,73.82142,1,1,2023-04-23,2023-04-23,0,6.54,6.54,1,0
518_586,21.7464,70.13605,1,1,2023-02-14,2023-02-14,0,6.85,6.85,1,0
518_600,21.74761,70.18868,1,1,2023-04-12,2023-04-12,0,3.96,3.96,1,0
518_601,21.74522,70.18905,1,1,2023-04-12,2023-04-12,0,3.38,3.38,1,0
518_640,21.7461,70.33133,1,1,2023-03-26,2023-03-26,0,1.69,1.69,1,0
518_709,21.74568,70.58273,1,1,2023-03-31,2023-03-31,0,12.08,12.08,1,0
518_735,21.74564,70.67951,1,1,2023-03-21,2023-03-21,0,4.35,4.35,1,0
519_1265,21.75019,72.60771,1,1,2023-02-05,2023-02-05,0,0.24,0.24,0,1
519_1267,21.75152,72.61731,1,1,2023-02-26,2023-02-26,0,6.36,6.36,1,0
519_1268,21.75111,72.61889,1,1,2023-02-27,2023-02-27,0,4.26,4.26,1,0
519_1272,21.74901,72.63648,1,1,2023-11-12,2023-11-12,0,1.9,1.9,1,0
519_1284,21.74899,72.67886,1,1,2023-01-08,2023-01-08,0,3.85,3.85,1,0
519_1289,21.74854,72.69756,1,1,2023-03-19,2023-03-19,0,1.96,1.96,1,0
519_1329,21.75165,72.84183,1,1,2023-06-03,2023-06-03,0,8.94,8.94,1,0
519_1339,21.74873,72.87753,1,1,2023-04-11,2023-04-11,0,9.41,9.41,1,0
519_1403,21.74958,73.1105,1,1,2023-01-21,2023-01-21,0,3.01,3.01,1,0
519_416,21.74883,69.51849,1,1,2023-04-03,2023-04-03,0,3.96,3.96,1,0
519_419,21.75136,69.52776,1,1,2023-04-09,2023-04-09,0,5.74,5.74,1,0
519_574,21.74948,70.09282,1,1,2023-10-23,2023-10-23,0,3.69,3.69,1,0
519_627,21.7514,70.28436,1,1,2023-03-14,2023-03-14,0,18.6,18.6,1,0
519_992,21.75048,71.61666,1,1,2023-03-30,2023-03-30,0,4.79,4.79,1,0
51_1386,20.1733,73.0517,1,1,2023-05-11,2023-05-11,0,15.29,15.29,1,0
51_1510,20.1751,73.50312,1,1,2023-04-26,2023-04-26,0,6.44,6.44,1,0
520_1083,21.75458,71.94616,1,1,2023-04-29,2023-04-29,0,0.59,0.59,0,1
520_1091,21.75385,71.9762,1,1,2023-03-16,2023-03-16,0,2.12,2.12,1,0
520_1278,21.7528,72.655925,2,2,2023-01-04,2023-05-22,138,9.85,14.85,2,0
520_1279,21.75304,72.65968,1,1,2023-05-22,2023-05-22,0,15.59,15.59,1,0
520_1283,21.75424,72.67329,1,1,2023-01-02,2023-01-02,0,2.77,2.77,1,0
520_1284,21.75417,72.67829,1,1,2023-01-08,2023-01-08,0,3.85,3.85,1,0
520_1285,21.75195,72.68324,1,1,2023-11-21,2023-11-21,0,5.43,5.43,1,0
520_1396,21.75493,73.08672,1,1,2023-11-14,2023-11-14,0,3.33,3.33,1,0
520_1424,21.75287,73.18825,1,1,2023-12-09,2023-12-09,0,3.08,3.08,1,0
520_1521,21.75286,73.54083,1,1,2023-02-25,2023-02-25,0,3.19,3.19,1,0
520_1538,21.75472,73.60403,1,1,2023-02-13,2023-02-13,0,2.62,2.62,1,0
520_1554,21.75499,73.66326,1,1,2023-03-11,2023-03-11,0,0.92,0.92,0,1
520_402,21.7527,69.46517,1,1,2023-03-19,2023-03-19,0,3.07,3.07,1,0
520_412,21.75295,69.50316,1,1,2023-03-27,2023-03-27,0,7.12,7.12,1,0
520_576,21.75484,70.1012,1,1,2023-10-23,2023-10-23,0,1.32,1.32,1,0
520_627,21.75482,70.28379,1,1,2023-03-14,2023-03-14,0,3.05,3.05,1,0
520_690,21.75469,70.51375,1,1,2023-04-08,2023-04-08,0,4.74,4.74,1,0
520_852,21.7536,71.10551,1,1,2023-12-06,2023-12-06,0,1.65,1.65,1,0
520_884,21.75287,71.22192,1,1,2023-03-07,2023-03-07,0,3.2,3.2,1,0
520_988,21.75464,71.60019,1,1,2023-03-22,2023-03-22,0,3.83,3.83,1,0
521_1084,21.758270000000003,71.949465,2,2,2023-01-13,2023-05-05,112,0.395,0.51,0,2
521_1161,21.75748,72.23079,1,1,2023-01-30,2023-01-30,0,0.69,0.69,0,1
521_1278,21.75656,72.65568,1,1,2023-01-04,2023-01-04,0,4.85,4.85,1,0
521_1282,21.75777,72.66972,1,1,2023-01-25,2023-01-25,0,13.16,13.16,1,0
521_1302,21.75705,72.74578,1,1,2023-04-06,2023-04-06,0,5.98,5.98,1,0
521_1304,21.75783,72.75027,1,1,2023-04-06,2023-04-06,0,5.98,5.98,1,0
521_1333,21.75793,72.85568,1,1,2023-04-08,2023-04-08,0,3.22,3.22,1,0
521_1382,21.75793,73.0348,1,1,2023-01-14,2023-01-14,0,3.34,3.34,1,0
521_1459,21.75716,73.31421,1,1,2023-04-06,2023-04-06,0,4.86,4.86,1,0
521_1537,21.75579,73.59911,1,1,2023-03-11,2023-03-11,0,5.26,5.26,1,0
521_1558,21.75763,73.67576,1,1,2023-03-11,2023-03-11,0,0.36,0.36,0,1
521_1769,21.75513,74.44381,1,1,2023-05-31,2023-05-31,0,5.48,5.48,1,0
521_443,21.75663,69.61462,1,1,2023-03-03,2023-03-03,0,8.15,8.15,1,0
521_690,21.75631,70.51567,2,1,2023-03-26,2023-03-26,0,3.495,3.81,2,0
521_761,21.75737,70.77228,1,1,2023-01-29,2023-01-29,0,1.35,1.35,1,0
521_789,21.7576,70.87473,1,1,2023-01-29,2023-01-29,0,2.86,2.86,1,0
522_1034,21.75996,71.76649,1,1,2023-04-02,2023-04-02,0,2.57,2.57,1,0
522_1084,21.75962857142857,71.95023571428571,7,7,2023-01-26,2023-12-11,319,0.5642857142857143,0.83,0,7
522_1085,21.75978,71.95201,1,1,2023-01-31,2023-01-31,0,0.37,0.37,0,1
522_1089,21.76072,71.96861,1,1,2023-03-22,2023-03-22,0,0.31,0.31,0,1
522_1161,21.75978,72.23001,1,1,2023-01-30,2023-01-30,0,0.6,0.6,0,1
522_1266,21.75849,72.61172,1,1,2023-12-13,2023-12-13,0,6.09,6.09,1,0
522_1267,21.7595,72.61723,1,1,2023-12-13,2023-12-13,0,6.09,6.09,1,0
522_1268,21.760445,72.620115,2,1,2023-01-13,2023-01-13,0,3.7649999999999997,3.88,2,0
522_1273,21.75962,72.63911,1,1,2023-01-14,2023-01-14,0,1.09,1.09,1,0
522_1281,21.76159,72.66917,1,1,2023-01-25,2023-01-25,0,7.78,7.78,1,0
522_1282,21.76054,72.67169,1,1,2023-01-25,2023-01-25,0,23.29,23.29,1,0
522_1289,21.75955,72.69668,1,1,2023-03-28,2023-03-28,0,4.61,4.61,1,0
522_1290,21.7605,72.69979,1,1,2023-03-28,2023-03-28,0,4.64,4.64,1,0
522_1458,21.76068,73.31349,1,1,2023-04-06,2023-04-06,0,9.02,9.02,1,0
522_1460,21.76079,73.31918,1,1,2023-05-22,2023-05-22,0,2.66,2.66,1,0
522_1483,21.76125,73.40355,1,1,2023-04-09,2023-04-09,0,9.79,9.79,1,0
522_1517,21.76127,73.52713,1,1,2023-02-28,2023-02-28,0,1.43,1.43,0,1
522_1518,21.76062,73.5321,1,1,2023-02-28,2023-02-28,0,1.43,1.43,0,1
522_1552,21.7614,73.65395,1,1,2023-03-10,2023-03-10,0,0.66,0.66,0,1
522_1555,21.7597,73.66624,1,1,2023-04-16,2023-04-16,0,6.36,6.36,1,0
522_1556,21.76065,73.66984,1,1,2023-03-11,2023-03-11,0,3.59,3.59,1,0
522_1558,21.76171,73.67651,1,1,2023-03-11,2023-03-11,0,0.36,0.36,0,1
522_1731,21.75977,74.30745,1,1,2023-03-31,2023-03-31,0,7.21,7.21,1,0
522_406,21.76052,69.4811,1,1,2023-04-02,2023-04-02,0,2.77,2.77,1,0
522_549,21.76025,70.00292,1,1,2023-12-17,2023-12-17,0,0.44,0.44,0,1
522_730,21.76046,70.66216,1,1,2023-01-26,2023-01-26,0,3.68,3.68,1,0
522_845,21.76001,71.08003,1,1,2023-01-31,2023-01-31,0,0.46,0.46,0,1
523_1282,21.76332,72.67039,1,1,2023-03-27,2023-03-27,0,4.2,4.2,1,0
523_1295,21.76387,72.71995,1,1,2023-01-24,2023-01-24,0,2.01,2.01,1,0
523_1297,21.76324,72.72763,1,1,2023-03-02,2023-03-02,0,2.63,2.63,1,0
523_1298,21.76279,72.73113,1,1,2023-01-17,2023-01-17,0,6.26,6.26,1,0
523_1376,21.76334,73.01522,1,1,2023-04-20,2023-04-20,0,6.6,6.6,1,0
523_1377,21.76298,73.01758,1,1,2023-04-27,2023-04-27,0,2.53,2.53,1,0
523_1386,21.76198,73.04857,1,1,2023-06-13,2023-06-13,0,2.24,2.24,1,0
523_1413,21.76499,73.14772,1,1,2023-04-14,2023-04-14,0,2.98,2.98,1,0
523_1422,21.76277,73.18045,1,1,2023-12-08,2023-12-08,0,4.65,4.65,1,0
523_1459,21.76296,73.31635,1,1,2023-04-05,2023-04-05,0,6.11,6.11,1,0
523_1482,21.76304,73.40055,1,1,2023-04-09,2023-04-09,0,5.39,5.39,1,0
523_1484,21.76366,73.40658,1,1,2023-04-09,2023-04-09,0,5.39,5.39,1,0
523_1526,21.76257,73.56075,1,1,2023-04-10,2023-04-10,0,11.8,11.8,1,0
523_1540,21.76221,73.61116,1,1,2023-03-06,2023-03-06,0,3.55,3.55,1,0
523_1553,21.76416,73.6583,1,1,2023-03-10,2023-03-10,0,0.8,0.8,0,1
523_1554,21.76302,73.66358,1,1,2023-03-10,2023-03-10,0,2.75,2.75,1,0
523_1556,21.76245,73.66955,1,1,2023-03-10,2023-03-10,0,3.03,3.03,0,1
523_614,21.76209,70.23866,1,1,2023-10-30,2023-10-30,0,2.55,2.55,1,0
523_692,21.76397,70.52361,1,1,2023-03-13,2023-03-13,0,8.23,8.23,1,0
523_707,21.76233,70.57527,1,1,2023-03-31,2023-03-31,0,4.23,4.23,1,0
523_835,21.7636,71.04382,1,1,2023-02-01,2023-02-01,0,0.45,0.45,0,1
524_1270,21.76583,72.62822,1,1,2023-02-28,2023-02-28,0,3.1,3.1,1,0
524_1271,21.7678,72.62977,1,1,2023-01-06,2023-01-06,0,3.69,3.69,1,0
524_1304,21.7676,72.75147,1,1,2023-04-06,2023-04-06,0,0.39,0.39,0,1
524_1485,21.76702,73.40975,1,1,2023-04-18,2023-04-18,0,2.15,2.15,1,0
524_1524,21.76526,73.55438,1,1,2023-02-24,2023-02-24,0,0.52,0.52,0,1
524_1540,21.76622,73.61126,1,1,2023-04-05,2023-04-05,0,2.98,2.98,1,0
524_1543,21.76683,73.62143,1,1,2023-03-05,2023-03-05,0,2.31,2.31,1,0
524_1553,21.76748,73.65891,1,1,2023-03-10,2023-03-10,0,0.68,0.68,0,1
524_1556,21.76577,73.67015,1,1,2023-03-10,2023-03-10,0,0.94,0.94,0,1
524_1557,21.76521,73.67387,1,1,2023-03-10,2023-03-10,0,0.33,0.33,0,1
524_1594,21.76597,73.80811,1,1,2023-02-18,2023-02-18,0,1.36,1.36,0,1
524_593,21.76827,70.16339,1,1,2023-03-10,2023-03-10,0,1.8,1.8,0,1
524_595,21.76761,70.16838,1,1,2023-03-10,2023-03-10,0,1.17,1.17,0,1
524_681,21.76728,70.48064,1,1,2023-04-02,2023-04-02,0,3.57,3.57,1,0
524_741,21.76836,70.6992,1,1,2023-02-17,2023-02-17,0,6.85,6.85,1,0
525_1270,21.76981,72.62738,1,1,2023-02-28,2023-02-28,0,3.1,3.1,1,0
525_1290,21.77171,72.70175,1,1,2023-03-28,2023-03-28,0,3.0,3.0,1,0
525_1293,21.77131,72.71046,1,1,2023-02-26,2023-02-26,0,8.52,8.52,1,0
525_1301,21.77159,72.74032,1,1,2023-04-03,2023-04-03,0,5.21,5.21,1,0
525_1313,21.76875,72.78555,1,1,2023-02-23,2023-02-23,0,4.3,4.3,1,0
525_1339,21.77083,72.87846,1,1,2023-06-18,2023-06-18,0,2.77,2.77,1,0
525_1392,21.76939,73.07309,1,1,2023-04-07,2023-04-07,0,3.02,3.02,1,0
525_1431,21.77135,73.21555,1,1,2023-11-10,2023-11-10,0,4.21,4.21,1,0
525_1479,21.76999,73.38873,1,1,2023-04-20,2023-04-20,0,5.32,5.32,1,0
525_1485,21.77178,73.40903,1,1,2023-04-11,2023-04-11,0,5.79,5.79,1,0
525_1530,21.77079,73.57359,1,1,2023-05-23,2023-05-23,0,6.52,6.52,1,0
525_1538,21.77165,73.60445,1,1,2023-02-22,2023-02-22,0,1.04,1.04,0,1
525_1539,21.76979,73.60699,1,1,2023-04-27,2023-04-27,0,3.2,3.2,1,0
525_1540,21.769896666666664,73.61032333333334,3,3,2023-04-05,2023-05-02,27,3.533333333333333,4.42,3,0
525_1541,21.76917,73.61552,1,1,2023-03-13,2023-03-13,0,4.65,4.65,1,0
525_1549,21.76976,73.64388,1,1,2023-03-10,2023-03-10,0,0.89,0.89,0,1
525_400,21.77008,69.45909,1,1,2023-03-13,2023-03-13,0,8.68,8.68,1,0
525_434,21.77067,69.5828,1,1,2023-04-28,2023-04-28,0,3.15,3.15,1,0
525_435,21.77144,69.58635,1,1,2023-04-28,2023-04-28,0,3.15,3.15,1,0
525_575,21.77083,70.09478,1,1,2023-04-01,2023-04-01,0,2.86,2.86,1,0
526_1092,21.77265,71.97817,1,1,2023-06-06,2023-06-06,0,2.85,2.85,1,0
526_1093,21.77301,71.98189,1,1,2023-06-06,2023-06-06,0,2.85,2.85,1,0
526_1105,21.7729,72.02554,1,1,2023-03-25,2023-03-25,0,6.61,6.61,1,0
526_1285,21.77198,72.68086,1,1,2023-04-03,2023-04-03,0,1.48,1.48,1,0
526_1312,21.77221,72.78011,1,1,2023-02-23,2023-02-23,0,4.3,4.3,1,0
526_1316,21.774305,72.795745,2,1,2023-03-29,2023-03-29,0,2.895,3.83,2,0
526_1317,21.77475,72.79811,1,1,2023-03-29,2023-03-29,0,1.96,1.96,1,0
526_1386,21.77454,73.05042,1,1,2023-12-17,2023-12-17,0,1.9,1.9,1,0
526_1420,21.77229,73.17546,1,1,2023-05-29,2023-05-29,0,1.57,1.57,1,0
526_1479,21.77423,73.388765,2,1,2023-04-20,2023-04-20,0,8.515,11.71,2,0
526_1484,21.77206,73.40844,1,1,2023-04-18,2023-04-18,0,2.15,2.15,1,0
526_1486,21.77238,73.41282,1,1,2023-04-11,2023-04-11,0,8.07,8.07,1,0
526_1543,21.77297,73.62256,1,1,2023-03-04,2023-03-04,0,1.54,1.54,1,0
526_1550,21.77252,73.64824,1,1,2023-03-10,2023-03-10,0,0.89,0.89,0,1
526_567,21.77486,70.06641,1,1,2023-01-31,2023-01-31,0,4.82,4.82,1,0
526_575,21.77342,70.09573,1,1,2023-04-14,2023-04-14,0,8.27,8.27,1,0
526_734,21.77384,70.67571,2,1,2023-03-22,2023-03-22,0,4.805,5.7,2,0
527_1077,21.77772,71.92572,1,1,2023-03-02,2023-03-02,0,1.16,1.16,0,1
527_1266,21.77783,72.61388,1,1,2023-03-29,2023-03-29,0,3.56,3.56,1,0
527_1278,21.77559,72.65826,1,1,2023-04-15,2023-04-15,0,62.42,62.42,1,0
527_1300,21.77662,72.73682,1,1,2023-04-27,2023-04-27,0,4.76,4.76,1,0
527_1430,21.77675,73.20882,1,1,2023-02-06,2023-02-06,0,2.59,2.59,1,0
527_1477,21.77759,73.38236,1,1,2023-04-01,2023-04-01,0,2.81,2.81,1,0
527_1542,21.77618,73.61738,2,2,2023-03-02,2023-05-23,82,4.68,7.04,2,0
527_1546,21.77659,73.6311,1,1,2023-02-24,2023-02-24,0,2.34,2.34,1,0
527_489,21.77619,69.78116,1,1,2023-03-28,2023-03-28,0,5.71,5.71,1,0
527_567,21.77781,70.06573,1,1,2023-01-15,2023-01-15,0,5.24,5.24,1,0
527_606,21.77732,70.20905,1,1,2023-03-17,2023-03-17,0,9.3,9.3,1,0
527_741,21.77661,70.70065,1,1,2023-04-16,2023-04-16,0,13.14,13.14,1,0
527_787,21.77604,70.86885,1,1,2023-04-08,2023-04-08,0,5.38,5.38,1,0
527_827,21.77855,71.01286,1,1,2023-04-23,2023-04-23,0,5.19,5.19,1,0
528_1132,21.78145,72.12492,1,1,2023-04-09,2023-04-09,0,1.69,1.69,0,1
528_1267,21.77915,72.61569,1,1,2023-01-08,2023-01-08,0,3.47,3.47,1,0
528_1273,21.78076,72.639,1,1,2023-04-16,2023-04-16,0,1.36,1.36,0,1
528_1377,21.78115,73.01872,1,1,2023-02-20,2023-02-20,0,7.86,7.86,1,0
528_1537,21.78098,73.60068,1,1,2023-05-28,2023-05-28,0,7.1,7.1,1,0
528_1538,21.7809,73.603,1,1,2023-02-25,2023-02-25,0,3.17,3.17,1,0
528_1539,21.78123,73.60647,1,1,2023-02-25,2023-02-25,0,3.17,3.17,1,0
528_1540,21.77967,73.61025,1,1,2023-02-23,2023-02-23,0,1.8,1.8,1,0
528_1542,21.78157,73.61657,1,1,2023-03-02,2023-03-02,0,7.87,7.87,1,0
528_549,21.77985,70.0012,1,1,2023-01-04,2023-01-04,0,2.94,2.94,0,1
528_550,21.77926,70.0049,1,1,2023-01-04,2023-01-04,0,2.94,2.94,0,1
528_590,21.78138,70.15082,1,1,2023-03-24,2023-03-24,0,7.82,7.82,1,0
528_760,21.78035,70.77016,1,1,2023-03-16,2023-03-16,0,3.94,3.94,1,0
529_1095,21.78362,71.9912,1,1,2023-05-06,2023-05-06,0,3.99,3.99,1,0
529_1274,21.78321,72.6436,1,1,2023-11-25,2023-11-25,0,17.01,17.01,1,0
529_1275,21.78454,72.64645,1,1,2023-11-12,2023-11-12,0,2.02,2.02,1,0
529_1353,21.78439,72.93121,1,1,2023-04-05,2023-04-05,0,6.49,6.49,1,0
529_1374,21.7832,73.00494,1,1,2023-04-14,2023-04-14,0,5.79,5.79,1,0
529_1472,21.78384,73.36273,1,1,2023-04-18,2023-04-18,0,2.64,2.64,1,0
529_1482,21.78424,73.39935,1,1,2023-04-16,2023-04-16,0,5.81,5.81,1,0
529_1527,21.78204,73.56394,1,1,2023-02-27,2023-02-27,0,1.17,1.17,0,1
529_549,21.78316,70.00179,1,1,2023-01-04,2023-01-04,0,2.94,2.94,0,1
529_550,21.78257,70.00549,1,1,2023-01-04,2023-01-04,0,2.94,2.94,0,1
529_707,21.78296,70.57703,1,1,2023-04-08,2023-04-08,0,17.68,17.68,1,0
52_1448,20.17683,73.27637,1,1,2023-03-31,2023-03-31,0,4.18,4.18,1,0
52_1574,20.17679,73.73415,1,1,2023-02-06,2023-02-06,0,0.21,0.21,0,1
52_1575,20.17739,73.73914,1,1,2023-04-04,2023-04-04,0,4.45,4.45,1,0
530_1009,21.78662,71.67635,1,1,2023-03-31,2023-03-31,0,1.72,1.72,0,1
530_1095,21.78763,71.99066,1,1,2023-05-06,2023-05-06,0,9.35,9.35,1,0
530_1108,21.78789,72.03873,1,1,2023-02-04,2023-02-04,0,6.06,6.06,1,0
530_1133,21.78782,72.12753,1,1,2023-08-16,2023-08-16,0,2.56,2.56,0,1
530_1136,21.786730000000002,72.13967333333333,3,3,2023-10-25,2023-11-27,33,0.9466666666666667,1.47,0,3
530_1377,21.78591,73.01816,1,1,2023-02-20,2023-02-20,0,7.86,7.86,1,0
530_1471,21.7861,73.36037,1,1,2023-04-18,2023-04-18,0,3.75,3.75,1,0
530_520,21.78589,69.89452,1,1,2023-03-24,2023-03-24,0,8.2,8.2,1,0
530_700,21.78752,70.55003,1,1,2023-04-06,2023-04-06,0,6.25,6.25,1,0
530_701,21.78825,70.55393,1,1,2023-04-06,2023-04-06,0,7.19,7.19,1,0
530_707,21.78851,70.57654,1,1,2023-04-08,2023-04-08,0,17.68,17.68,1,0
531_1095,21.79164,71.99011,1,1,2023-05-06,2023-05-06,0,9.35,9.35,1,0
531_1098,21.78898,72.00183,1,1,2023-05-06,2023-05-06,0,4.36,4.36,1,0
531_1099,21.78942,72.00556,1,1,2023-05-06,2023-05-06,0,3.85,3.85,1,0
531_1111,21.78984,72.04839,1,1,2023-04-04,2023-04-04,0,72.11,72.11,1,0
531_1113,21.79074,72.05595,1,1,2023-04-04,2023-04-04,0,34.78,34.78,1,0
531_1276,21.790955,72.64936,2,1,2023-01-23,2023-01-23,0,1.355,1.62,0,2
531_1350,21.79119,72.91857,2,2,2023-03-24,2023-04-11,18,6.86,8.3,2,0
531_1584,21.79037,73.77105,1,1,2023-03-09,2023-03-09,0,4.69,4.69,1,0
531_412,21.7915,69.50123,1,1,2023-03-27,2023-03-27,0,1.13,1.13,1,0
531_532,21.7899,69.93845,1,1,2023-04-08,2023-04-08,0,2.31,2.31,1,0
531_533,21.79023,69.94192,1,1,2023-04-08,2023-04-08,0,2.0,2.0,1,0
531_720,21.79017,70.62567,1,1,2023-10-07,2023-10-07,0,2.35,2.35,1,0
531_741,21.7894,70.7004,1,1,2023-03-09,2023-03-09,0,11.88,11.88,1,0
531_771,21.78915,70.80978,1,1,2023-01-10,2023-01-10,0,1.0,1.0,1,0
531_793,21.78912,70.88997,1,1,2023-02-22,2023-02-22,0,0.49,0.49,0,1
531_812,21.79148,70.95762,1,1,2023-01-30,2023-01-30,0,3.45,3.45,1,0
531_842,21.79148,71.06741,1,1,2023-02-05,2023-02-05,0,1.22,1.22,1,0
531_892,21.79113,71.25172,1,1,2023-04-25,2023-04-25,0,1.91,1.91,1,0
532_1097,21.79254,71.99757,1,1,2023-05-06,2023-05-06,0,4.36,4.36,1,0
532_1098,21.79299,72.00129,1,1,2023-05-06,2023-05-06,0,4.36,4.36,1,0
532_1099,21.79344,72.005,1,1,2023-05-06,2023-05-06,0,3.85,3.85,1,0
532_1112,21.79433,72.05162,1,1,2023-04-04,2023-04-04,0,5.48,5.48,1,0
532_1116,21.79311,72.06708,1,1,2023-12-11,2023-12-11,0,1.43,1.43,1,0
532_1264,21.794420000000002,72.60512,2,1,2023-02-10,2023-02-10,0,7.99,9.91,2,0
532_1265,21.79216,72.60782,1,1,2023-11-16,2023-11-16,0,14.8,14.8,1,0
532_1266,21.79295,72.61236,1,1,2023-11-16,2023-11-16,0,8.45,8.45,1,0
532_1275,21.79368,72.64668444444445,9,9,2023-03-30,2023-12-15,260,2.272222222222222,10.61,3,6
532_1276,21.7942325,72.64895250000001,4,4,2023-01-16,2023-06-05,140,2.87,6.02,4,0
532_1471,21.79275,73.35893,1,1,2023-03-25,2023-03-25,0,3.23,3.23,1,0
532_1536,21.79273,73.59554,1,1,2023-03-11,2023-03-11,0,1.57,1.57,0,1
532_1550,21.79359,73.64684,1,1,2023-04-01,2023-04-01,0,8.33,8.33,1,0
532_1582,21.79495,73.76355,1,1,2023-04-17,2023-04-17,0,7.86,7.86,1,0
532_1583,21.79453,73.76647,1,1,2023-04-17,2023-04-17,0,6.43,6.43,1,0
532_1589,21.79385,73.78925,1,1,2023-04-24,2023-04-24,0,1.01,1.01,0,1
532_411,21.79442,69.49966,1,1,2023-03-27,2023-03-27,0,1.11,1.11,1,0
532_761,21.79365,70.77326,1,1,2023-04-13,2023-04-13,0,8.89,8.89,1,0
533_1122,21.79633,72.09016,1,1,2023-11-14,2023-11-14,0,3.61,3.61,1,0
533_1123,21.796194999999997,72.091065,2,2,2023-02-11,2023-03-06,23,2.23,4.31,1,1
533_1124,21.79679,72.09399,1,1,2023-11-14,2023-11-14,0,3.61,3.61,1,0
533_1263,21.797915,72.60209,2,1,2023-02-10,2023-02-10,0,10.15,10.39,2,0
533_1264,21.7977,72.60565,1,1,2023-02-10,2023-02-10,0,6.07,6.07,1,0
533_1269,21.79778,72.62263,1,1,2023-04-22,2023-04-22,0,13.1,13.1,1,0
533_1275,21.795810000000003,72.64708999999999,2,2,2023-04-27,2023-05-23,26,1.155,1.4,0,2
533_1276,21.796490000000002,72.64890666666668,3,3,2023-01-23,2023-12-25,336,1.76,2.36,2,1
533_1297,21.79807,72.72749,1,1,2023-04-04,2023-04-04,0,1.0,1.0,0,1
533_1561,21.79829,73.68834,1,1,2023-03-09,2023-03-09,0,6.41,6.41,1,0
533_1581,21.79741,73.76091,1,1,2023-04-17,2023-04-17,0,7.83,7.83,1,0
533_1582,21.79878,73.76314,1,1,2023-04-16,2023-04-16,0,1.25,1.25,0,1
533_1583,21.79817,73.76688,1,1,2023-04-16,2023-04-16,0,1.25,1.25,0,1
533_1597,21.79727,73.8187,1,1,2023-03-11,2023-03-11,0,3.37,3.37,1,0
533_746,21.79869,70.72013,1,1,2023-04-03,2023-04-03,0,5.94,5.94,1,0
533_837,21.79759,71.05163,1,1,2023-01-29,2023-01-29,0,3.54,3.54,1,0
534_1264,21.8015,72.60511,1,1,2023-02-10,2023-02-10,0,4.67,4.67,1,0
534_1291,21.8009,72.70502,1,1,2023-04-10,2023-04-10,0,11.35,11.35,1,0
534_1294,21.80042,72.71646,1,1,2023-11-05,2023-11-05,0,5.07,5.07,1,0
534_1296,21.80107,72.7204,1,1,2023-11-05,2023-11-05,0,7.77,7.77,1,0
534_1471,21.80191,73.35911,1,1,2023-04-20,2023-04-20,0,2.64,2.64,1,0
534_1478,21.79894,73.38362,1,1,2023-04-07,2023-04-07,0,5.88,5.88,1,0
534_1560,21.79983,73.68456,1,1,2023-03-09,2023-03-09,0,6.99,6.99,1,0
534_425,21.79927,69.54948,1,1,2023-04-26,2023-04-26,0,1.68,1.68,1,0
534_700,21.80006,70.55098,1,1,2023-05-25,2023-05-25,0,3.14,3.14,1,0
534_735,21.79944,70.67946,1,1,2023-05-19,2023-05-19,0,1.12,1.12,0,1
534_742,21.80177,70.70386,1,1,2023-05-13,2023-05-13,0,47.57,47.57,1,0
534_778,21.79954,70.83437,1,1,2023-06-07,2023-06-07,0,9.56,9.56,1,0
535_1097,21.80274,71.99592,1,1,2023-05-14,2023-05-14,0,14.44,14.44,1,0
535_1107,21.80415,72.03212,1,1,2023-01-19,2023-01-19,0,4.82,4.82,1,0
535_1108,21.80317,72.03649,1,1,2023-01-25,2023-01-25,0,5.42,5.42,1,0
535_1263,21.80255,72.60294,1,1,2023-02-10,2023-02-10,0,3.24,3.24,1,0
535_1266,21.80491,72.61121,1,1,2023-04-06,2023-04-06,0,3.57,3.57,1,0
535_1287,21.80414,72.68881,1,1,2023-04-01,2023-04-01,0,5.0,5.0,1,0
535_1402,21.8028,73.10835,1,1,2023-02-27,2023-02-27,0,3.58,3.58,1,0
535_1583,21.80557,73.7659,1,1,2023-04-05,2023-04-05,0,3.39,3.39,1,0
535_412,21.80488,69.50248,1,1,2023-03-24,2023-03-24,0,2.97,2.97,1,0
535_518,21.80376,69.88744,1,1,2023-04-18,2023-04-18,0,6.53,6.53,1,0
535_744,21.80345,70.71333,1,1,2023-05-13,2023-05-13,0,21.81,21.81,1,0
535_911,21.80519,71.31825,1,1,2023-03-11,2023-03-11,0,7.15,7.15,1,0
536_1532,21.80562,73.58037,1,1,2023-04-20,2023-04-20,0,8.6,8.6,1,0
536_1572,21.80823,73.72603,1,1,2023-03-11,2023-03-11,0,1.52,1.52,0,1
536_1574,21.80781,73.73454000000001,2,2,2023-03-11,2023-03-12,1,2.115,2.29,1,1
536_683,21.80624,70.48919,1,1,2023-03-21,2023-03-21,0,5.91,5.91,1,0
536_759,21.80708,70.76482,1,1,2023-01-25,2023-01-25,0,12.97,12.97,1,0
537_1120,21.81035,72.07989,1,1,2023-05-31,2023-05-31,0,2.75,2.75,1,0
537_1374,21.8108,73.00463,1,1,2023-03-24,2023-03-24,0,2.16,2.16,1,0
537_1398,21.81103,73.09551,1,1,2023-02-27,2023-02-27,0,2.72,2.72,1,0
537_1570,21.81209,73.71912,1,1,2023-04-15,2023-04-15,0,11.93,11.93,1,0
537_1572,21.81158,73.72794,1,1,2023-03-10,2023-03-10,0,0.49,0.49,0,1
537_1574,21.81149,73.7335,1,1,2023-03-11,2023-03-11,0,1.94,1.94,0,1
537_1579,21.80941,73.75292,1,1,2023-04-10,2023-04-10,0,1.76,1.76,0,1
537_1580,21.81227,73.75832,1,1,2023-04-10,2023-04-10,0,2.51,2.51,0,1
537_1589,21.80902,73.78944,1,1,2023-02-16,2023-02-16,0,5.86,5.86,1,0
538_1099,21.8138,72.00639,1,1,2023-05-09,2023-05-09,0,26.15,26.15,1,0
538_1100,21.81446,72.00953,1,1,2023-05-09,2023-05-09,0,26.15,26.15,1,0
538_1101,21.81511,72.01267,1,1,2023-05-09,2023-05-09,0,21.08,21.08,1,0
538_1273,21.81355,72.63843,1,1,2023-03-23,2023-03-23,0,3.68,3.68,1,0
538_1307,21.81268,72.76224,2,2,2023-03-11,2023-03-28,17,3.455,3.81,2,0
538_1391,21.81507,73.06892,1,1,2023-04-14,2023-04-14,0,0.67,0.67,1,0
538_1458,21.8156,73.31173,1,1,2023-03-31,2023-03-31,0,1.61,1.61,1,0
538_1559,21.81504,73.68112,1,1,2023-04-11,2023-04-11,0,7.39,7.39,1,0
538_1572,21.81389,73.72662,1,1,2023-03-11,2023-03-11,0,1.58,1.58,1,0
538_1573,21.8146,73.73041,1,1,2023-03-11,2023-03-11,0,4.99,4.99,1,0
538_1574,21.81563,73.7336,1,1,2023-03-11,2023-03-11,0,1.39,1.39,0,1
538_1576,21.8131,73.74136,1,1,2023-05-10,2023-05-10,0,4.86,4.86,1,0
538_1579,21.813045,73.754275,2,2,2023-04-10,2023-04-11,1,5.609999999999999,9.28,1,1
538_434,21.813276666666667,69.58218333333333,3,1,2023-03-27,2023-03-27,0,4.6499999999999995,4.83,3,0
538_435,21.81497,69.58488,1,1,2023-03-27,2023-03-27,0,4.83,4.83,1,0
538_530,21.81394,69.93336,1,1,2023-03-07,2023-03-07,0,2.6,2.6,1,0
538_531,21.81287,69.9343,1,1,2023-03-07,2023-03-07,0,5.0,5.0,1,0
539_1091,21.81641,71.9753,1,1,2023-03-08,2023-03-08,0,9.61,9.61,1,0
539_1100,21.81819,72.008565,2,1,2023-05-09,2023-05-09,0,9.54,9.99,2,0
539_1406,21.817355,73.12263,2,1,2023-02-01,2023-02-01,0,0.43999999999999995,0.57,0,2
539_1580,21.8169,73.75789,1,1,2023-04-11,2023-04-11,0,4.7,4.7,1,0
539_602,21.81772,70.19485,1,1,2023-03-30,2023-03-30,0,8.71,8.71,1,0
539_805,21.81741,70.93562,1,1,2023-01-15,2023-01-15,0,2.01,2.01,1,0
539_819,21.81799,70.98574,1,1,2023-04-02,2023-04-02,0,5.15,5.15,1,0
539_821,21.81848,70.99237,1,1,2023-04-02,2023-04-02,0,6.81,6.81,1,0
53_1434,20.18185,73.22364,1,1,2023-04-21,2023-04-21,0,0.41,0.41,0,1
53_1463,20.18157,73.32951,1,1,2023-04-13,2023-04-13,0,0.34,0.34,0,1
53_1568,20.17986,73.71335,1,1,2023-12-28,2023-12-28,0,8.9,8.9,1,0
53_1583,20.18111,73.76611,1,1,2023-05-18,2023-05-18,0,0.55,0.55,0,1
540_1091,21.82086,71.97473,1,1,2023-03-08,2023-03-08,0,6.67,6.67,1,0
540_1100,21.81947,72.00833,1,1,2023-05-09,2023-05-09,0,26.15,26.15,1,0
540_1101,21.81966,72.012365,2,1,2023-05-09,2023-05-09,0,15.084999999999999,21.08,2,0
540_1102,21.82077,72.01461,1,1,2023-05-09,2023-05-09,0,21.08,21.08,1,0
540_1270,21.82161,72.62836,1,1,2023-04-01,2023-04-01,0,9.01,9.01,1,0
540_1273,21.81929,72.63812,1,1,2023-04-07,2023-04-07,0,7.8,7.8,1,0
540_1291,21.82131,72.70504,1,1,2023-05-28,2023-05-28,0,6.73,6.73,1,0
540_1581,21.81942,73.76091,1,1,2023-04-11,2023-04-11,0,1.26,1.26,0,1
540_1582,21.82011,73.76299,1,1,2023-04-12,2023-04-12,0,3.34,3.34,1,0
540_454,21.81913,69.65418,1,1,2023-03-17,2023-03-17,0,2.56,2.56,1,0
540_568,21.81926,70.07041,1,1,2023-02-20,2023-02-20,0,12.88,12.88,1,0
540_712,21.82184,70.59624,1,1,2023-10-03,2023-10-03,0,2.83,2.83,1,0
540_789,21.8192,70.87575,1,1,2023-01-26,2023-01-26,0,2.48,2.48,1,0
541_1074,21.825255,71.91297,2,1,2023-05-11,2023-05-11,0,10.035,17.25,2,0
541_1099,21.82342,72.00517,1,1,2023-03-29,2023-03-29,0,11.61,11.61,1,0
541_1272,21.82361,72.63487,1,1,2023-05-04,2023-05-04,0,6.71,6.71,1,0
541_1273,21.8244,72.63847,1,1,2023-05-04,2023-05-04,0,6.33,6.33,1,0
541_1279,21.82482,72.65887,1,1,2023-03-06,2023-03-06,0,4.13,4.13,1,0
541_1285,21.82336,72.68047,1,1,2023-03-19,2023-03-19,0,5.12,5.12,1,0
541_1289,21.82442,72.69614,1,1,2023-11-04,2023-11-04,0,4.2,4.2,1,0
541_1292,21.824795,72.70733,2,1,2023-02-17,2023-02-17,0,6.915,8.23,2,0
541_1363,21.82257,72.96449,1,1,2023-04-26,2023-04-26,0,2.72,2.72,1,0
541_1404,21.82555,73.11398,1,1,2023-10-09,2023-10-09,0,0.69,0.69,0,1
541_1492,21.82575,73.43619,1,1,2023-04-18,2023-04-18,0,0.54,0.54,0,1
541_721,21.82271,70.62765,1,1,2023-03-31,2023-03-31,0,9.52,9.52,1,0
541_866,21.8229,71.15636,1,1,2023-03-18,2023-03-18,0,8.25,8.25,1,0
541_867,21.82323,71.15968,1,1,2023-03-18,2023-03-18,0,10.01,10.01,1,0
542_1272,21.82659,72.633,1,1,2023-04-01,2023-04-01,0,9.01,9.01,1,0
542_1277,21.82703,72.65462,1,1,2023-03-10,2023-03-10,0,7.06,7.06,1,0
542_1361,21.82908,72.95736,1,1,2023-05-15,2023-05-15,0,2.65,2.65,1,0
542_1561,21.82734,73.68693,1,1,2023-03-10,2023-03-10,0,3.17,3.17,1,0
542_1596,21.82664,73.81606,1,1,2023-06-02,2023-06-02,0,5.63,5.63,1,0
542_597,21.82805,70.17741,1,1,2023-04-19,2023-04-19,0,9.47,9.47,1,0
542_616,21.8281,70.24699,1,1,2023-03-03,2023-03-03,0,0.91,0.91,0,1
542_648,21.82836,70.36347,1,1,2023-04-02,2023-04-02,0,5.05,5.05,1,0
542_799,21.8271,70.9106,1,1,2023-04-02,2023-04-02,0,2.58,2.58,1,0
543_1272,21.83159,72.63321,1,1,2023-05-09,2023-05-09,0,14.41,14.41,1,0
543_1292,21.82944,72.70858,1,1,2023-12-24,2023-12-24,0,1.56,1.56,1,0
543_1334,21.83209,72.86146,1,1,2023-10-10,2023-10-10,0,5.94,5.94,1,0
543_1335,21.83047,72.86362,2,2,2023-03-09,2023-10-11,216,4.2700000000000005,5.94,2,0
543_1374,21.83109,73.00457,1,1,2023-05-15,2023-05-15,0,1.91,1.91,1,0
543_386,21.83242,69.4078,1,1,2023-03-20,2023-03-20,0,2.14,2.14,1,0
543_539,21.82962,69.96554,1,1,2023-03-13,2023-03-13,0,2.36,2.36,1,0
543_540,21.83013,69.9699,1,1,2023-03-13,2023-03-13,0,2.66,2.66,1,0
543_553,21.82964,70.01734,1,1,2023-01-03,2023-01-03,0,4.23,4.23,1,0
543_596,21.83052,70.17442,1,1,2023-04-19,2023-04-19,0,9.68,9.68,1,0
543_712,21.829819999999998,70.59470999999999,2,1,2023-04-12,2023-04-12,0,11.41,13.17,2,0
543_714,21.83024,70.60101,1,1,2023-04-14,2023-04-14,0,14.85,14.85,1,0
543_799,21.83029,70.91026,1,1,2023-04-02,2023-04-02,0,2.17,2.17,1,0
543_806,21.83096,70.93839,1,1,2023-01-31,2023-01-31,0,3.55,3.55,1,0
544_1110,21.83518,72.04446,1,1,2023-02-08,2023-02-08,0,3.67,3.67,1,0
544_1272,21.83464,72.635,1,1,2023-05-09,2023-05-09,0,28.64,28.64,1,0
544_1278,21.83303,72.65606,1,1,2023-06-01,2023-06-01,0,11.06,11.06,1,0
544_1279,21.83443,72.65869,1,1,2023-05-04,2023-05-04,0,5.07,5.07,1,0
544_1284,21.83516,72.68015,1,1,2023-03-25,2023-03-25,0,8.73,8.73,1,0
544_1330,21.83584,72.84734,1,1,2023-01-05,2023-01-05,0,5.75,5.75,1,0
544_1333,21.83438,72.85842,1,1,2023-10-10,2023-10-10,0,6.81,6.81,1,0
544_1334,21.835,72.8618,1,1,2023-10-11,2023-10-11,0,4.87,4.87,1,0
544_1556,21.83388,73.66936,1,1,2023-05-21,2023-05-21,0,2.57,2.57,1,0
544_1559,21.83483,73.68104,1,1,2023-02-27,2023-02-27,0,1.18,1.18,0,1
544_1565,21.83533,73.7019,1,1,2023-03-28,2023-03-28,0,0.36,0.36,0,1
544_690,21.83372,70.51514,1,1,2023-04-12,2023-04-12,0,14.98,14.98,1,0
544_848,21.83592,71.08913,1,1,2023-02-02,2023-02-02,0,2.17,2.17,1,0
544_941,21.83384,71.43031,1,1,2023-04-06,2023-04-06,0,13.04,13.04,1,0
545_1092,21.83608,71.97939,1,1,2023-04-03,2023-04-03,0,6.29,6.29,1,0
545_1279,21.83862,72.65956,1,1,2023-03-27,2023-03-27,0,3.68,3.68,1,0
545_1293,21.83925,72.71193,1,1,2023-04-03,2023-04-03,0,3.35,3.35,1,0
545_1324,21.83818,72.82354,1,1,2023-02-07,2023-02-07,0,2.2,2.2,1,0
545_1329,21.837515,72.84312,2,2,2023-01-05,2023-12-23,352,3.6599999999999997,5.27,2,0
545_1330,21.83701,72.84717,2,2,2023-01-21,2023-12-23,336,3.555,4.24,2,0
545_1334,21.836,72.86063,1,1,2023-10-10,2023-10-10,0,5.94,5.94,1,0
545_1360,21.83616,72.95488,1,1,2023-06-01,2023-06-01,0,3.09,3.09,1,0
545_1444,21.83899,73.26179,1,1,2023-04-08,2023-04-08,0,5.08,5.08,1,0
545_1473,21.83628,73.36714,1,1,2023-01-31,2023-01-31,0,2.85,2.85,1,0
545_1544,21.83764,73.62715,1,1,2023-03-12,2023-03-12,0,0.79,0.79,0,1
545_1558,21.83909,73.67578,2,2,2023-03-11,2023-03-12,1,1.8,2.12,0,2
545_1559,21.83877,73.68057,1,1,2023-03-11,2023-03-11,0,1.48,1.48,0,1
545_1561,21.83718,73.68757,1,1,2023-04-16,2023-04-16,0,15.39,15.39,1,0
545_1585,21.83926,73.77563,1,1,2023-02-17,2023-02-17,0,2.85,2.85,1,0
545_391,21.83869,69.42639,1,1,2023-04-23,2023-04-23,0,3.11,3.11,1,0
545_558,21.83712,70.03511,1,1,2023-03-30,2023-03-30,0,7.88,7.88,1,0
545_586,21.83687,70.1363,1,1,2023-12-12,2023-12-12,0,3.26,3.26,1,0
545_594,21.83806,70.16557,1,1,2023-02-14,2023-02-14,0,5.19,5.19,1,0
545_843,21.8372,71.07098,1,1,2023-12-27,2023-12-27,0,1.4,1.4,1,0
546_1115,21.84141,72.06317,1,1,2023-05-06,2023-05-06,0,7.22,7.22,1,0
546_1283,21.84232,72.67659,1,1,2023-01-19,2023-01-19,0,1.54,1.54,1,0
546_1285,21.84022,72.68195,1,1,2023-12-29,2023-12-29,0,2.34,2.34,1,0
546_1323,21.84068,72.82186,1,1,2023-02-07,2023-02-07,0,3.59,3.59,1,0
546_1340,21.84007,72.88088,1,1,2023-02-27,2023-02-27,0,0.43,0.43,0,1
546_1393,21.83982,73.0771,1,1,2023-02-10,2023-02-10,0,2.91,2.91,1,0
546_1451,21.84014,73.28699,1,1,2023-11-20,2023-11-20,0,2.8,2.8,1,0
546_1545,21.84089,73.62874,1,1,2023-03-11,2023-03-11,0,2.83,2.83,0,1
546_1555,21.83931,73.66668,1,1,2023-03-11,2023-03-11,0,5.64,5.64,1,0
546_1562,21.83938,73.69065,1,1,2023-05-13,2023-05-13,0,0.8,0.8,0,1
546_418,21.84118,69.52471,1,1,2023-03-20,2023-03-20,0,5.81,5.81,1,0
546_558,21.84051,70.03455,1,1,2023-03-30,2023-03-30,0,3.51,3.51,1,0
546_801,21.84164,70.92079,1,1,2023-10-21,2023-10-21,0,7.61,7.61,1,0
547_1443,21.84458,73.25865,1,1,2023-04-08,2023-04-08,0,3.36,3.36,1,0
547_1444,21.84551,73.2612,1,1,2023-04-08,2023-04-08,0,7.47,7.47,1,0
547_1445,21.84501,73.26445,1,1,2023-04-08,2023-04-08,0,9.41,9.41,1,0
547_418,21.84459,69.52406,1,1,2023-03-20,2023-03-20,0,5.77,5.77,1,0
547_419,21.84524,69.52802,1,1,2023-03-20,2023-03-20,0,5.77,5.77,1,0
547_516,21.844,69.88207,1,1,2023-03-16,2023-03-16,0,10.69,10.69,1,0
547_608,21.84307,70.21655,1,1,2023-03-31,2023-03-31,0,8.95,8.95,1,0
547_755,21.84374,70.75053,1,1,2023-03-07,2023-03-07,0,3.31,3.31,1,0
548_1360,21.84931,72.95709,1,1,2023-05-08,2023-05-08,0,1.02,1.02,1,0
548_1570,21.84731,73.71853,1,1,2023-03-07,2023-03-07,0,2.94,2.94,1,0
548_1577,21.84803,73.74512,1,1,2023-02-18,2023-02-18,0,3.13,3.13,0,1
548_1578,21.84749,73.74989,1,1,2023-02-18,2023-02-18,0,1.65,1.65,0,1
548_444,21.84742,69.61931,1,1,2023-02-09,2023-02-09,0,2.49,2.49,1,0
548_507,21.8461,69.84888,1,1,2023-05-16,2023-05-16,0,3.84,3.84,1,0
548_731,21.84821,70.66399,1,1,2023-04-02,2023-04-02,0,2.64,2.64,1,0
548_833,21.84715,71.03745,1,1,2023-12-28,2023-12-28,0,0.91,0.91,0,1
549_1131,21.85047,72.12244,1,1,2023-12-15,2023-12-15,0,2.92,2.92,1,0
549_1288,21.85184,72.69313,1,1,2023-11-21,2023-11-21,0,1.91,1.91,1,0
549_1360,21.84954,72.95432,1,1,2023-05-08,2023-05-08,0,2.37,2.37,1,0
549_1491,21.85151,73.43391,1,1,2023-12-18,2023-12-18,0,3.07,3.07,1,0
549_1598,21.85093,73.82138,1,1,2023-04-10,2023-04-10,0,2.65,2.65,0,1
549_730,21.85024,70.66074,1,1,2023-04-02,2023-04-02,0,2.66,2.66,1,0
549_758,21.85198,70.76196,1,1,2023-02-10,2023-02-10,0,9.46,9.46,1,0
54_1309,20.18282333333333,72.76959333333333,3,2,2023-11-12,2023-12-28,46,0.62,1.01,0,3
54_1320,20.18372,72.80929,1,1,2023-12-28,2023-12-28,0,2.69,2.69,1,0
54_1435,20.18462,73.23027,1,1,2023-04-15,2023-04-15,0,0.61,0.61,0,1
54_1451,20.184055,73.28676,2,1,2023-04-02,2023-04-02,0,3.515,3.81,2,0
54_1544,20.18224,73.62589,1,1,2023-04-04,2023-04-04,0,1.79,1.79,1,0
54_1567,20.18389,73.71078,1,1,2023-02-26,2023-02-26,0,2.65,2.65,1,0
550_1107,21.8556,72.03316,1,1,2023-01-15,2023-01-15,0,2.18,2.18,1,0
550_1418,21.85557,73.16737,1,1,2023-10-13,2023-10-13,0,2.27,2.27,1,0
550_1428,21.854,73.20344,1,1,2023-11-21,2023-11-21,0,6.17,6.17,1,0
550_1499,21.85552,73.4624,1,1,2023-05-28,2023-05-28,0,3.63,3.63,1,0
550_1555,21.85438,73.66657,1,1,2023-03-27,2023-03-27,0,5.38,5.38,1,0
550_1576,21.85284,73.74113,1,1,2023-02-19,2023-02-19,0,7.89,7.89,1,0
550_1578,21.8552,73.75107,1,1,2023-02-19,2023-02-19,0,13.52,13.52,1,0
550_1579,21.8531,73.75436,1,1,2023-02-18,2023-02-18,0,6.12,6.12,1,0
550_1581,21.85514,73.75983,1,1,2023-02-17,2023-02-17,0,0.44,0.44,0,1
550_1587,21.85431,73.78394,1,1,2023-05-10,2023-05-10,0,0.96,0.96,0,1
550_594,21.85566,70.16672,1,1,2023-03-31,2023-03-31,0,7.69,7.69,1,0
550_599,21.85365,70.18182,1,1,2023-04-01,2023-04-01,0,12.89,12.89,1,0
550_661,21.85517,70.4108,1,1,2023-03-16,2023-03-16,0,6.8,6.8,1,0
550_758,21.85546,70.76142,1,1,2023-02-10,2023-02-10,0,10.17,10.17,1,0
550_940,21.85282,71.42481,1,1,2023-02-03,2023-02-03,0,0.73,0.73,0,1
550_949,21.8557,71.45838,1,1,2023-03-30,2023-03-30,0,2.77,2.77,1,0
551_1031,21.85793,71.75522,1,1,2023-04-03,2023-04-03,0,4.68,4.68,1,0
551_1276,21.85848,72.6508,1,1,2023-01-31,2023-01-31,0,42.03,42.03,1,0
551_1277,21.85884,72.65223,1,1,2023-03-11,2023-03-11,0,16.86,16.86,1,0
551_1281,21.85763,72.66701,1,1,2023-11-13,2023-11-13,0,3.45,3.45,1,0
551_1578,21.85898,73.7478,1,1,2023-02-19,2023-02-19,0,7.98,7.98,1,0
551_1581,21.85857,73.76202,1,1,2023-05-15,2023-05-15,0,3.24,3.24,1,0
551_1590,21.85808,73.79327666666667,3,3,2023-03-09,2023-04-21,43,4.12,5.89,2,1
551_1591,21.85711,73.79638,1,1,2023-03-09,2023-03-09,0,1.46,1.46,0,1
551_1597,21.85845,73.81763,1,1,2023-04-11,2023-04-11,0,1.29,1.29,0,1
551_455,21.85751,69.65898,1,1,2023-03-14,2023-03-14,0,12.79,12.79,1,0
551_627,21.85737,70.28671,1,1,2023-11-14,2023-11-14,0,4.21,4.21,1,0
551_656,21.85904,70.39262,1,1,2023-03-11,2023-03-11,0,8.8,8.8,1,0
552_1125,21.86113,72.09937,1,1,2023-02-14,2023-02-14,0,2.16,2.16,1,0
552_1131,21.86103,72.1195,1,1,2023-02-15,2023-02-15,0,5.18,5.18,1,0
552_1278,21.85974,72.65676,1,1,2023-03-11,2023-03-11,0,16.86,16.86,1,0
552_1279,21.86233,72.65936,1,1,2023-03-11,2023-03-11,0,0.42,0.42,0,1
552_1443,21.86135,73.2581,1,1,2023-05-14,2023-05-14,0,5.07,5.07,1,0
552_1579,21.86008,73.75259,1,1,2023-02-19,2023-02-19,0,7.98,7.98,1,0
552_1581,21.86279,73.76027,1,1,2023-05-15,2023-05-15,0,3.58,3.58,1,0
552_1588,21.86013,73.78543,1,1,2023-03-10,2023-03-10,0,7.8,7.8,1,0
552_1594,21.861225,73.80766,2,2,2023-02-05,2023-03-05,28,2.6449999999999996,4.6,1,1
552_700,21.85962,70.552785,2,1,2023-05-26,2023-05-26,0,2.505,2.74,2,0
552_832,21.86211,71.03281,1,1,2023-12-28,2023-12-28,0,2.04,2.04,1,0
552_880,21.86124,71.20524,1,1,2023-02-02,2023-02-02,0,1.8,1.8,1,0
553_1275,21.86288,72.64619,1,1,2023-02-15,2023-02-15,0,7.08,7.08,1,0
553_1552,21.86503,73.65491,1,1,2023-04-10,2023-04-10,0,13.43,13.43,1,0
553_1581,21.86395,73.76032,1,1,2023-05-15,2023-05-15,0,3.24,3.24,1,0
553_1586,21.86418,73.77837,1,1,2023-03-09,2023-03-09,0,1.16,1.16,0,1
553_1587,21.86533,73.78082,1,1,2023-03-09,2023-03-09,0,1.85,1.85,0,1
553_1589,21.86405,73.78856,1,1,2023-03-10,2023-03-10,0,7.79,7.79,1,0
553_1591,21.86525,73.79612,1,1,2023-03-10,2023-03-10,0,5.64,5.64,1,0
553_1592,21.86458,73.80064,2,2,2023-02-05,2023-03-10,33,3.71,5.64,1,1
553_1600,21.86422,73.82928,1,1,2023-02-14,2023-02-14,0,1.26,1.26,0,1
553_1756,21.86543,74.39613,1,1,2023-04-11,2023-04-11,0,8.77,8.77,1,0
553_434,21.8659,69.5811,1,1,2023-06-02,2023-06-02,0,2.45,2.45,1,0
553_438,21.8642,69.59701,1,1,2023-03-25,2023-03-25,0,9.04,9.04,1,0
553_440,21.86506,69.60345,1,1,2023-03-01,2023-03-01,0,5.46,5.46,1,0
553_591,21.86494,70.15498,1,1,2023-04-08,2023-04-08,0,9.12,9.12,1,0
553_592,21.86529,70.15858,1,1,2023-04-08,2023-04-08,0,25.21,25.21,1,0
553_702,21.86566,70.55772,1,1,2023-04-05,2023-04-05,0,19.45,19.45,1,0
553_803,21.86368,70.9262,1,1,2023-05-08,2023-05-08,0,9.39,9.39,1,0
553_957,21.86333,71.48695,1,1,2023-02-12,2023-02-12,0,0.51,0.51,0,1
554_1118,21.8666,72.07335,1,1,2023-03-25,2023-03-25,0,5.64,5.64,1,0
554_1275,21.86899,72.6451,1,1,2023-12-12,2023-12-12,0,2.66,2.66,1,0
554_1339,21.86822,72.87951,1,1,2023-04-11,2023-04-11,0,6.72,6.72,1,0
554_1406,21.8685,73.12344,1,1,2023-04-14,2023-04-14,0,1.16,1.16,1,0
554_1552,21.867865000000002,73.655235,2,1,2023-04-10,2023-04-10,0,22.16,30.89,2,0
554_1567,21.86761,73.70924,1,1,2023-04-16,2023-04-16,0,13.93,13.93,1,0
554_1569,21.86652,73.71747,1,1,2023-03-20,2023-03-20,0,4.84,4.84,1,0
554_1586,21.86786,73.77927,1,1,2023-03-09,2023-03-09,0,1.14,1.14,0,1
554_1587,21.86901,73.78173,1,1,2023-03-09,2023-03-09,0,1.21,1.21,0,1
554_1588,21.86935,73.78522,1,1,2023-03-09,2023-03-09,0,11.47,11.47,1,0
554_1590,21.86907,73.79392,1,1,2023-03-09,2023-03-09,0,2.75,2.75,0,1
554_441,21.8664,69.60902,1,1,2023-03-01,2023-03-01,0,10.34,10.34,1,0
554_707,21.8692,70.57673,1,1,2023-03-16,2023-03-16,0,3.65,3.65,1,0
555_1283,21.87171,72.67606,1,1,2023-03-14,2023-03-14,0,8.45,8.45,1,0
555_1284,21.871996666666664,72.67894666666668,3,2,2023-01-05,2023-12-23,352,3.74,5.86,3,0
555_1285,21.87253,72.68289666666668,3,3,2023-01-05,2023-12-23,352,3.4433333333333334,5.86,3,0
555_1576,21.86965,73.74097,1,1,2023-05-10,2023-05-10,0,2.57,2.57,0,1
555_1578,21.87081,73.74972,1,1,2023-05-10,2023-05-10,0,2.17,2.17,1,0
555_1586,21.8707,73.77867,2,1,2023-03-09,2023-03-09,0,0.8799999999999999,1.14,0,2
555_1587,21.87268,73.78262,1,1,2023-03-09,2023-03-09,0,1.21,1.21,0,1
555_1591,21.87016,73.79632,1,1,2023-03-09,2023-03-09,0,3.1,3.1,0,1
555_1594,21.870690000000003,73.808445,2,2,2023-02-05,2023-04-07,61,2.755,4.05,2,0
555_1598,21.870115,73.82317499999999,2,2,2023-02-14,2023-02-16,2,0.505,0.66,0,2
555_599,21.86975,70.18336,1,1,2023-02-25,2023-02-25,0,7.07,7.07,1,0
555_711,21.87283,70.59297,1,1,2023-04-10,2023-04-10,0,10.92,10.92,1,0
555_851,21.87001,71.10194,1,1,2023-01-22,2023-01-22,0,5.27,5.27,1,0
556_1118,21.87493,72.07555,1,1,2023-01-10,2023-01-10,0,3.35,3.35,1,0
556_1120,21.87456,72.08232,1,1,2023-01-11,2023-01-11,0,4.15,4.15,1,0
556_1279,21.87377,72.65971,1,1,2023-11-22,2023-11-22,0,7.62,7.62,1,0
556_1285,21.8733,72.68274,1,1,2023-12-23,2023-12-23,0,3.26,3.26,1,0
556_1497,21.87532,73.45374,1,1,2023-06-07,2023-06-07,0,1.74,1.74,1,0
556_1567,21.87369,73.70792,1,1,2023-04-15,2023-04-15,0,2.38,2.38,0,1
556_1568,21.87577,73.7139,1,1,2023-03-03,2023-03-03,0,6.26,6.26,1,0
556_1576,21.87627,73.74339,1,1,2023-05-11,2023-05-11,0,6.12,6.12,0,1
556_1595,21.8749,73.81052,1,1,2023-04-07,2023-04-07,0,7.99,7.99,1,0
556_1597,21.87518,73.81765,1,1,2023-02-17,2023-02-17,0,0.36,0.36,0,1
556_1598,21.87318,73.82368,1,1,2023-02-16,2023-02-16,0,1.86,1.86,0,1
556_1602,21.87505,73.83844,1,1,2023-05-11,2023-05-11,0,21.34,21.34,1,0
556_1607,21.87519,73.85593,1,1,2023-03-11,2023-03-11,0,0.63,0.63,0,1
556_394,21.87568,69.43844,1,1,2023-04-11,2023-04-11,0,13.62,13.62,1,0
556_395,21.87374,69.44021,1,1,2023-04-11,2023-04-11,0,5.78,5.78,1,0
556_413,21.87336,69.5043,1,1,2023-03-25,2023-03-25,0,4.97,4.97,1,0
556_420,21.87386,69.53236,1,1,2023-03-27,2023-03-27,0,5.38,5.38,1,0
556_613,21.8743,70.23544,1,1,2023-03-24,2023-03-24,0,4.88,4.88,1,0
557_1075,21.87784,71.9177,1,1,2023-01-03,2023-01-03,0,3.38,3.38,1,0
557_1121,21.8784,72.08354,1,1,2023-01-23,2023-01-23,0,9.97,9.97,1,0
557_1135,21.87834,72.13682,1,1,2023-03-10,2023-03-10,0,6.89,6.89,1,0
557_1361,21.8782,72.96017,1,1,2023-06-03,2023-06-03,0,4.9,4.9,1,0
557_1567,21.87774,73.70872,1,1,2023-04-15,2023-04-15,0,2.38,2.38,0,1
557_1568,21.87704,73.71245,1,1,2023-04-15,2023-04-15,0,5.43,5.43,0,1
557_1580,21.87828,73.757,1,1,2023-05-08,2023-05-08,0,3.47,3.47,1,0
557_1600,21.87802,73.82801,1,1,2023-02-16,2023-02-16,0,5.84,5.84,1,0
557_1608,21.87922,73.8568,1,1,2023-03-11,2023-03-11,0,0.63,0.63,0,1
557_395,21.87769,69.43935,1,1,2023-04-11,2023-04-11,0,9.83,9.83,1,0
557_449,21.87833,69.63586,1,1,2023-02-15,2023-02-15,0,4.14,4.14,1,0
557_550,21.8777,70.00459,1,1,2023-05-10,2023-05-10,0,7.27,7.27,1,0
557_614,21.87704,70.23757,1,1,2023-03-24,2023-03-24,0,3.27,3.27,1,0
557_633,21.87793,70.30565,1,1,2023-01-20,2023-01-20,0,1.9,1.9,1,0
557_738,21.87695,70.69046,1,1,2023-02-21,2023-02-21,0,5.02,5.02,1,0
557_926,21.87679,71.37572,1,1,2023-03-28,2023-03-28,0,2.06,2.06,1,0
557_927,21.87782,71.37756,1,1,2023-03-28,2023-03-28,0,2.92,2.92,1,0
558_1014,21.87974,71.69581,1,1,2023-03-31,2023-03-31,0,6.3,6.3,1,0
558_1133,21.88159,72.12907,2,1,2023-04-03,2023-04-03,0,2.835,3.09,2,0
558_1283,21.88176,72.67366,1,1,2023-12-02,2023-12-02,0,4.31,4.31,1,0
558_1387,21.88142,73.05466,1,1,2023-04-08,2023-04-08,0,4.77,4.77,1,0
558_1602,21.880744999999997,73.83742000000001,2,2,2023-05-09,2023-05-11,2,14.015,19.84,2,0
558_1603,21.88078,73.8394,1,1,2023-05-09,2023-05-09,0,9.2,9.2,1,0
558_1604,21.88088,73.84501,1,1,2023-02-10,2023-02-10,0,2.62,2.62,1,0
558_444,21.88025,69.61781,1,1,2023-03-17,2023-03-17,0,3.59,3.59,1,0
559_1277,21.883995,72.65230500000001,2,1,2023-01-08,2023-01-08,0,1.7799999999999998,2.05,2,0
559_1293,21.88598,72.71098,1,1,2023-04-01,2023-04-01,0,7.73,7.73,1,0
559_1579,21.88501,73.75467,1,1,2023-05-22,2023-05-22,0,11.72,11.72,1,0
559_1585,21.88543,73.77405,1,1,2023-03-06,2023-03-06,0,5.7,5.7,1,0
559_1586,21.88644,73.77903,1,1,2023-03-06,2023-03-06,0,5.7,5.7,1,0
559_1693,21.88565,74.16861,1,1,2023-04-15,2023-04-15,0,4.74,4.74,0,1
559_363,21.88339,69.32368,1,1,2023-04-09,2023-04-09,0,7.16,7.16,1,0
559_568,21.88444,70.07062,1,1,2023-05-08,2023-05-08,0,35.49,35.49,1,0
559_577,21.8862,70.10216,1,1,2023-11-30,2023-11-30,0,3.45,3.45,1,0
559_697,21.88404,70.53915,1,1,2023-12-06,2023-12-06,0,3.11,3.11,1,0
559_760,21.88485,70.76828,1,1,2023-03-23,2023-03-23,0,2.98,2.98,1,0
559_824,21.88483,71.00219,1,1,2023-12-10,2023-12-10,0,4.14,4.14,1,0
55_1309,20.18735,72.77007,1,1,2023-11-12,2023-11-12,0,0.49,0.49,0,1
55_1313,20.18659,72.784,1,1,2023-10-23,2023-10-23,0,1.57,1.57,1,0
55_1369,20.18693,72.98917,1,1,2023-05-23,2023-05-23,0,3.49,3.49,1,0
55_1552,20.18627,73.65626,1,1,2023-04-14,2023-04-14,0,4.49,4.49,0,1
55_1606,20.18692,73.85257,1,1,2023-04-09,2023-04-09,0,7.28,7.28,1,0
55_1607,20.18545,73.85333,1,1,2023-04-09,2023-04-09,0,4.26,4.26,1,0
55_1702,20.18605,74.19994,1,1,2023-04-02,2023-04-02,0,3.88,3.88,1,0
560_1305,21.88966,72.75327,1,1,2023-04-06,2023-04-06,0,12.39,12.39,1,0
560_1344,21.88846,72.89574,1,1,2023-12-07,2023-12-07,0,5.66,5.66,1,0
560_1345,21.88909,72.89963,1,1,2023-12-07,2023-12-07,0,5.66,5.66,1,0
560_1346,21.88972,72.90351,1,1,2023-12-07,2023-12-07,0,2.97,2.97,1,0
560_1426,21.88873,73.19484,1,1,2023-04-16,2023-04-16,0,4.57,4.57,1,0
560_1440,21.88974,73.24627,1,1,2023-04-07,2023-04-07,0,4.91,4.91,1,0
560_648,21.88663,70.36053,1,1,2023-01-29,2023-01-29,0,4.22,4.22,1,0
560_707,21.88822,70.57552,1,1,2023-01-26,2023-01-26,0,4.74,4.74,1,0
560_708,21.88874,70.58167,1,1,2023-03-28,2023-03-28,0,5.11,5.11,1,0
560_755,21.88885,70.75001,1,1,2023-03-07,2023-03-07,0,4.87,4.87,1,0
561_1296,21.89032,72.72369,1,1,2023-05-30,2023-05-30,0,29.2,29.2,1,0
561_1312,21.89168,72.78009,2,2,2023-02-17,2023-03-01,12,2.5549999999999997,3.06,1,1
561_1342,21.89121,72.89122,1,1,2023-12-07,2023-12-07,0,2.92,2.92,1,0
561_1343,21.890905,72.89442,2,2,2023-12-07,2023-12-23,16,4.62,6.7,2,0
561_1344,21.89159,72.89824999999999,2,2,2023-11-21,2023-12-23,32,3.275,4.01,2,0
561_1345,21.89247,72.899,1,1,2023-12-07,2023-12-07,0,6.7,6.7,1,0
561_1346,21.8931,72.90289,1,1,2023-12-07,2023-12-07,0,7.06,7.06,1,0
561_1348,21.89298,72.91267,1,1,2023-01-21,2023-01-21,0,2.55,2.55,1,0
561_423,21.89077,69.54232,1,1,2023-03-01,2023-03-01,0,9.59,9.59,1,0
561_636,21.89271,70.3175,1,1,2023-12-10,2023-12-10,0,0.47,0.47,0,1
561_691,21.89053,70.51982000000001,2,1,2023-02-03,2023-02-03,0,2.02,2.1,2,0
561_754,21.89275,70.74757,1,1,2023-03-07,2023-03-07,0,3.28,3.28,1,0
561_755,21.8931,70.75158,1,1,2023-03-07,2023-03-07,0,3.28,3.28,1,0
561_763,21.89168,70.77934,1,1,2023-03-18,2023-03-18,0,2.61,2.61,1,0
562_1296,21.89466,72.7227,1,1,2023-05-30,2023-05-30,0,29.2,29.2,1,0
562_1342,21.89459,72.89059,1,1,2023-12-07,2023-12-07,0,2.92,2.92,1,0
562_1343,21.89522,72.89448,1,1,2023-12-07,2023-12-07,0,6.7,6.7,1,0
562_1344,21.894914999999997,72.897685,2,2,2023-12-07,2023-12-23,16,4.62,6.7,2,0
562_1345,21.895545,72.90157500000001,2,2,2023-12-07,2023-12-23,16,5.415,7.06,2,0
562_1346,21.89524,72.90479,1,1,2023-12-23,2023-12-23,0,3.77,3.77,1,0
562_1347,21.89372,72.90677,1,1,2023-12-07,2023-12-07,0,7.06,7.06,1,0
562_1349,21.894779999999997,72.91642999999999,2,2,2023-01-05,2023-01-21,16,5.175,7.8,2,0
562_1350,21.89424,72.92043,1,1,2023-01-21,2023-01-21,0,6.42,6.42,1,0
562_1580,21.89503,73.75829,1,1,2023-06-09,2023-06-09,0,10.77,10.77,1,0
562_1616,21.89517,73.88679,1,1,2023-05-13,2023-05-13,0,13.33,13.33,1,0
562_391,21.89456,69.42505,1,1,2023-06-03,2023-06-03,0,6.23,6.23,1,0
562_584,21.89541,70.12943,1,1,2023-01-25,2023-01-25,0,1.84,1.84,1,0
562_650,21.8959,70.36874,1,1,2023-01-18,2023-01-18,0,1.81,1.81,1,0
562_755,21.89479,70.75306,1,1,2023-11-20,2023-11-20,0,1.22,1.22,1,0
562_756,21.89497,70.75527,1,1,2023-03-23,2023-03-23,0,2.58,2.58,1,0
562_846,21.89412,71.08186,1,1,2023-03-18,2023-03-18,0,8.34,8.34,1,0
562_847,21.89445,71.08514,1,1,2023-03-18,2023-03-18,0,8.24,8.24,1,0
563_1008,21.89672,71.67222,1,1,2023-03-21,2023-03-21,0,3.98,3.98,1,0
563_1130,21.89728,72.11709,1,1,2023-04-01,2023-04-01,0,8.93,8.93,1,0
563_1131,21.89803,72.12098,1,1,2023-04-01,2023-04-01,0,8.93,8.93,1,0
563_1134,21.89728,72.13378,1,1,2023-05-08,2023-05-08,0,13.97,13.97,1,0
563_1345,21.898,72.90025499999999,2,2,2023-01-21,2023-02-06,16,3.9299999999999997,5.13,2,0
563_1346,21.898025,72.90409,2,2,2023-01-05,2023-12-23,352,6.050000000000001,9.23,2,0
563_1349,21.89699,72.91591,1,1,2023-01-21,2023-01-21,0,2.55,2.55,1,0
563_1350,21.89731666666667,72.92011666666667,3,3,2023-01-05,2023-12-23,352,6.833333333333333,8.75,3,0
563_1351,21.89825,72.92367,1,1,2023-01-21,2023-01-21,0,6.42,6.42,1,0
563_1415,21.89984,73.15575,1,1,2023-04-06,2023-04-06,0,5.99,5.99,1,0
563_1536,21.89738,73.59548,1,1,2023-02-25,2023-02-25,0,2.88,2.88,1,0
563_1580,21.8985,73.75757,1,1,2023-06-09,2023-06-09,0,8.05,8.05,1,0
563_1591,21.89826,73.79744,1,1,2023-05-13,2023-05-13,0,12.89,12.89,1,0
563_541,21.89805,69.97345,1,1,2023-02-17,2023-02-17,0,0.83,0.83,0,1
563_582,21.89799,70.12099,1,1,2023-02-03,2023-02-03,0,1.5,1.5,1,0
564_1305,21.90322,72.75627,1,1,2023-04-08,2023-04-08,0,0.72,0.72,0,1
564_1696,21.90248,74.17957,1,1,2023-04-19,2023-04-19,0,1.6,1.6,0,1
564_1699,21.90329,74.19169,1,1,2023-02-27,2023-02-27,0,0.85,0.85,0,1
564_1700,21.90267,74.1954,1,1,2023-02-27,2023-02-27,0,0.85,0.85,0,1
564_466,21.90117,69.69886,1,1,2023-03-14,2023-03-14,0,6.54,6.54,1,0
564_540,21.90279,69.96983,1,1,2023-02-17,2023-02-17,0,1.53,1.53,0,1
564_541,21.9023,69.97404,1,1,2023-02-17,2023-02-17,0,1.48,1.48,0,1
564_573,21.902165,70.08991499999999,2,1,2023-11-14,2023-11-14,0,1.9500000000000002,2.29,2,0
564_613,21.90259,70.23557,1,1,2023-04-06,2023-04-06,0,6.07,6.07,1,0
564_683,21.90198,70.48974,1,1,2023-03-07,2023-03-07,0,3.75,3.75,1,0
564_752,21.902,70.74147,1,1,2023-03-24,2023-03-24,0,7.05,7.05,1,0
564_858,21.90207,71.12691,1,1,2023-11-10,2023-11-10,0,3.11,3.11,1,0
565_1109,21.90653,72.03944,1,1,2023-02-03,2023-02-03,0,1.73,1.73,1,0
565_1125,21.90607,72.09917,1,1,2023-10-20,2023-10-20,0,4.41,4.41,1,0
565_1304,21.904609999999998,72.75232,2,2,2023-03-17,2023-04-07,21,1.415,1.61,0,2
565_1305,21.905341999999997,72.75513600000001,5,5,2023-01-18,2023-06-07,140,1.326,2.27,1,4
565_1306,21.905536666666666,72.75790666666667,3,3,2023-01-08,2023-03-18,69,0.45,0.53,0,3
565_1371,21.90595,72.99567,1,1,2023-05-18,2023-05-18,0,7.9,7.9,1,0
565_1406,21.90413,73.12461,1,1,2023-05-27,2023-05-27,0,3.71,3.71,1,0
565_1510,21.90526,73.50296,1,1,2023-11-21,2023-11-21,0,1.07,1.07,1,0
565_1695,21.90354,74.17503,1,1,2023-04-19,2023-04-19,0,1.6,1.6,0,1
565_1700,21.90662,74.19234,1,1,2023-02-27,2023-02-27,0,0.85,0.85,0,1
565_1702,21.90467,74.19971,1,1,2023-02-27,2023-02-27,0,6.66,6.66,1,0
565_1743,21.90449,74.34858,1,1,2023-04-21,2023-04-21,0,18.94,18.94,1,0
565_659,21.90434,70.40233,1,1,2023-01-30,2023-01-30,0,2.1,2.1,1,0
565_683,21.90408,70.48792,1,1,2023-03-07,2023-03-07,0,2.36,2.36,1,0
565_772,21.90463,70.8149,1,1,2023-01-18,2023-01-18,0,2.18,2.18,1,0
565_779,21.90661,70.83755,1,1,2023-04-02,2023-04-02,0,7.39,7.39,1,0
565_899,21.90462,71.27555,1,1,2023-04-01,2023-04-01,0,6.82,6.82,1,0
566_1020,21.90879,71.71646,1,1,2023-04-03,2023-04-03,0,1.36,1.36,1,0
566_1125,21.90954,72.0985,1,1,2023-10-20,2023-10-20,0,4.41,4.41,1,0
566_1126,21.90676,72.10329,1,1,2023-10-20,2023-10-20,0,14.87,14.87,1,0
566_1283,21.90981,72.67526,1,1,2023-04-04,2023-04-04,0,5.84,5.84,1,0
566_1285,21.90755,72.68137,1,1,2023-11-06,2023-11-06,0,2.04,2.04,1,0
566_1305,21.90806,72.75325,1,1,2023-03-17,2023-03-17,0,3.49,3.49,0,1
566_1461,21.90727,73.3242,1,1,2023-05-20,2023-05-20,0,1.08,1.08,1,0
566_1495,21.9084,73.4483,1,1,2023-04-24,2023-04-24,0,2.06,2.06,1,0
566_1598,21.90839,73.82288,1,1,2023-02-23,2023-02-23,0,2.56,2.56,1,0
566_599,21.90947,70.18312,1,1,2023-01-22,2023-01-22,0,1.28,1.28,1,0
566_635,21.90776,70.31453,1,1,2023-03-30,2023-03-30,0,35.58,35.58,1,0
566_675,21.90903,70.46207,1,1,2023-02-13,2023-02-13,0,2.22,2.22,1,0
566_694,21.90796,70.5293,1,1,2023-03-16,2023-03-16,0,4.51,4.51,1,0
566_780,21.90766,70.84215,1,1,2023-04-02,2023-04-02,0,6.65,6.65,1,0
566_962,21.90901,71.50456,1,1,2023-01-26,2023-01-26,0,1.64,1.64,1,0
567_1110,21.91028,72.04393,1,1,2023-02-22,2023-02-22,0,8.08,8.08,1,0
567_1126,21.91023,72.10262,1,1,2023-10-20,2023-10-20,0,14.87,14.87,1,0
567_1127,21.91093,72.10673,1,1,2023-10-20,2023-10-20,0,14.87,14.87,1,0
567_1284,21.91029,72.6794,1,1,2023-04-04,2023-04-04,0,5.84,5.84,1,0
567_1321,21.91163,72.81429,1,1,2023-04-08,2023-04-08,0,4.06,4.06,1,0
567_1497,21.91089,73.45316,1,1,2023-05-25,2023-05-25,0,1.72,1.72,1,0
567_1518,21.91097,73.53136,1,1,2023-10-23,2023-10-23,0,3.23,3.23,1,0
567_1602,21.91231,73.837,1,1,2023-03-31,2023-03-31,0,0.87,0.87,0,1
567_1643,21.91249,73.98758,1,1,2023-03-10,2023-03-10,0,6.99,6.99,1,0
567_1645,21.9115,73.99339,1,1,2023-03-09,2023-03-09,0,8.02,8.02,1,0
567_1646,21.91267,73.99782,1,1,2023-03-10,2023-03-10,0,0.82,0.82,0,1
567_561,21.91086,70.04427,1,1,2023-04-03,2023-04-03,0,3.32,3.32,1,0
567_645,21.91122,70.3507,1,1,2023-12-27,2023-12-27,0,3.33,3.33,1,0
568_1032,21.91508,71.76234,1,1,2023-04-14,2023-04-14,0,1.96,1.96,0,1
568_1127,21.9144,72.10607,1,1,2023-10-20,2023-10-20,0,2.81,2.81,1,0
568_1250,21.91607,72.55551,1,1,2023-03-28,2023-03-28,0,11.53,11.53,1,0
568_1287,21.91625,72.69059,1,1,2023-06-22,2023-06-22,0,3.43,3.43,1,0
568_1412,21.91363,73.14455,1,1,2023-05-20,2023-05-20,0,1.09,1.09,1,0
568_1699,21.91606,74.1899,1,1,2023-06-12,2023-06-12,0,3.75,3.75,1,0
568_1709,21.91512,74.22765,1,1,2023-05-03,2023-05-03,0,24.03,24.03,1,0
568_391,21.91417,69.42765,1,1,2023-01-01,2023-01-01,0,3.24,3.24,1,0
568_558,21.91499,70.03359,1,1,2023-05-17,2023-05-17,0,1.86,1.86,0,1
568_586,21.91579,70.13586,1,1,2023-03-25,2023-03-25,0,5.48,5.48,1,0
568_657,21.91552,70.39629,1,1,2023-10-25,2023-10-25,0,3.13,3.13,1,0
568_712,21.91508,70.59364,1,1,2023-03-13,2023-03-13,0,3.14,3.14,1,0
568_892,21.91499,71.24967,1,1,2023-12-28,2023-12-28,0,1.79,1.79,1,0
568_922,21.91379,71.36153,1,1,2023-04-02,2023-04-02,0,3.68,3.68,1,0
569_1127,21.91787,72.1054,1,1,2023-10-20,2023-10-20,0,2.81,2.81,1,0
569_1287,21.91835,72.6908,1,1,2023-06-22,2023-06-22,0,3.48,3.48,1,0
569_1318,21.91687,72.80389,1,1,2023-04-14,2023-04-14,0,7.8,7.8,1,0
569_1386,21.91991,73.04825,1,1,2023-10-08,2023-10-08,0,6.15,6.15,1,0
569_477,21.9168,69.73988,1,1,2023-04-09,2023-04-09,0,10.58,10.58,1,0
569_580,21.91781,70.11316,1,1,2023-06-02,2023-06-02,0,7.62,7.62,1,0
569_607,21.91878,70.21221,1,1,2023-02-01,2023-02-01,0,3.05,3.05,1,0
569_625,21.91986,70.27923,1,1,2023-01-14,2023-01-14,0,2.28,2.28,1,0
569_646,21.91894,70.35387,1,1,2023-04-02,2023-04-02,0,5.51,5.51,1,0
569_678,21.92014,70.47216,1,1,2023-03-20,2023-03-20,0,5.93,5.93,1,0
569_885,21.91879,71.22356,1,1,2023-01-26,2023-01-26,0,2.1,2.1,1,0
569_974,21.91929,71.548,1,1,2023-04-03,2023-04-03,0,4.69,4.69,1,0
56_1646,20.18914,73.99632,1,1,2023-10-05,2023-10-05,0,1.22,1.22,1,0
570_1126,21.92134,72.10473,1,1,2023-10-20,2023-10-20,0,8.1,8.1,1,0
570_1250,21.92215,72.55461,1,1,2023-03-04,2023-03-04,0,2.68,2.68,0,1
570_1286,21.92113,72.68697,1,1,2023-05-12,2023-05-12,0,1.81,1.81,0,1
570_1293,21.92348,72.71244,1,1,2023-03-25,2023-03-25,0,0.48,0.48,0,1
570_1316,21.92093,72.79616,1,1,2023-05-09,2023-05-09,0,15.37,15.37,1,0
570_1386,21.92029,73.05099,1,1,2023-10-08,2023-10-08,0,6.35,6.35,1,0
570_1754,21.92155,74.39034,1,1,2023-05-14,2023-05-14,0,7.61,7.61,1,0
570_531,21.92258,69.93712,1,1,2023-01-31,2023-01-31,0,1.17,1.17,1,0
570_570,21.92265,70.0783,1,1,2023-04-09,2023-04-09,0,20.9,20.9,1,0
570_639,21.92259,70.32938,1,1,2023-12-29,2023-12-29,0,1.64,1.64,1,0
570_646,21.92121,70.35564,1,1,2023-04-02,2023-04-02,0,6.22,6.22,1,0
571_1249,21.92612,72.55147,1,1,2023-03-04,2023-03-04,0,0.5,0.5,0,1
571_1281,21.92503,72.66705,1,1,2023-03-10,2023-03-10,0,0.94,0.94,0,1
571_1282,21.92612,72.67183,1,1,2023-03-05,2023-03-05,0,3.3,3.3,1,0
571_1291,21.92514,72.70271,1,1,2023-06-22,2023-06-22,0,2.59,2.59,1,0
571_1292,21.92418,72.7085,1,1,2023-03-26,2023-03-26,0,5.75,5.75,1,0
571_1316,21.92396,72.79448,1,1,2023-03-14,2023-03-14,0,8.86,8.86,1,0
571_1333,21.92686,72.85528,1,1,2023-03-25,2023-03-25,0,8.11,8.11,1,0
571_1684,21.92651,74.13714,1,1,2023-04-09,2023-04-09,0,3.23,3.23,0,1
571_541,21.92567,69.97263,1,1,2023-02-25,2023-02-25,0,0.47,0.47,0,1
571_743,21.92649,70.70702,1,1,2023-01-18,2023-01-18,0,2.53,2.53,1,0
572_1248,21.92838,72.54586,1,1,2023-03-31,2023-03-31,0,6.27,6.27,1,0
572_1293,21.92824,72.71179,1,1,2023-03-26,2023-03-26,0,11.04,11.04,1,0
572_1313,21.92708,72.78521,1,1,2023-03-27,2023-03-27,0,9.2,9.2,1,0
572_1393,21.92888,73.076465,2,2,2023-02-17,2023-03-25,36,0.73,0.84,0,2
572_1452,21.92739,73.29175,1,1,2023-03-09,2023-03-09,0,2.1,2.1,1,0
572_1510,21.929,73.50314,1,1,2023-12-27,2023-12-27,0,0.97,0.97,1,0
572_1690,21.92797,74.15857,1,1,2023-11-20,2023-11-20,0,4.3,4.3,1,0
572_542,21.92749,69.97524,1,1,2023-02-25,2023-02-25,0,0.43,0.43,0,1
572_859,21.92763,71.13045,1,1,2023-03-13,2023-03-13,0,6.6,6.6,1,0
573_1096,21.9324,71.99278,1,1,2023-06-07,2023-06-07,0,4.55,4.55,1,0
573_1247,21.9317,72.54527,1,1,2023-03-31,2023-03-31,0,6.27,6.27,1,0
573_1301,21.93294,72.74102,1,1,2023-04-12,2023-04-12,0,26.93,26.93,1,0
573_1307,21.93193,72.76254,1,1,2023-04-10,2023-04-10,0,1.37,1.37,0,1
573_1399,21.93176,73.09602,1,1,2023-04-02,2023-04-02,0,1.84,1.84,1,0
573_1400,21.93248,73.09933,1,1,2023-04-02,2023-04-02,0,1.84,1.84,1,0
573_1525,21.93115,73.55486,1,1,2023-02-21,2023-02-21,0,0.4,0.4,0,1
573_643,21.93035,70.34288,1,1,2023-03-28,2023-03-28,0,4.17,4.17,1,0
574_1086,21.93503,71.95635,1,1,2023-03-27,2023-03-27,0,7.33,7.33,1,0
574_1295,21.93578,72.71738,1,1,2023-04-11,2023-04-11,0,14.3,14.3,1,0
574_1414,21.93655,73.15089,1,1,2023-01-01,2023-01-01,0,4.15,4.15,1,0
574_1521,21.93384,73.54293,1,1,2023-01-10,2023-01-10,0,2.06,2.06,1,0
574_1690,21.93526,74.1572,1,1,2023-02-13,2023-02-13,0,1.43,1.43,0,1
574_1700,21.93398,74.19298,1,1,2023-05-27,2023-05-27,0,3.04,3.04,1,0
574_1740,21.93422,74.33847,1,1,2023-02-27,2023-02-27,0,1.22,1.22,0,1
574_608,21.9344,70.2167,1,1,2023-02-03,2023-02-03,0,1.61,1.61,1,0
574_675,21.93392,70.46162,1,1,2023-03-24,2023-03-24,0,3.94,3.94,1,0
574_703,21.93606,70.56315,1,1,2023-03-18,2023-03-18,0,4.56,4.56,1,0
574_775,21.93448,70.82312,1,1,2023-02-25,2023-02-25,0,4.52,4.52,1,0
575_1282,21.94005,72.66967,1,1,2023-05-24,2023-05-24,0,9.52,9.52,1,0
575_1284,21.94005,72.67886,1,1,2023-05-28,2023-05-28,0,13.42,13.42,1,0
575_377,21.93908,69.37504,1,1,2023-03-28,2023-03-28,0,9.23,9.23,1,0
575_661,21.9399,70.40945,1,1,2023-12-17,2023-12-17,0,1.5,1.5,1,0
575_796,21.93799,70.90092,1,1,2023-02-02,2023-02-02,0,0.82,0.82,1,0
575_998,21.93902,71.63554,1,1,2023-04-01,2023-04-01,0,16.41,16.41,1,0
576_1282,21.94118,72.6728,1,1,2023-05-24,2023-05-24,0,10.69,10.69,1,0
576_1389,21.94104,73.06123,1,1,2023-05-07,2023-05-07,0,7.8,7.8,1,0
576_1657,21.94073,74.03623,1,1,2023-03-05,2023-03-05,0,3.62,3.62,1,0
576_1746,21.943065,74.36128,2,2,2023-06-01,2023-06-03,2,9.595,13.25,2,0
576_346,21.94107,69.26349,1,1,2023-03-26,2023-03-26,0,4.3,4.3,1,0
576_347,21.94177,69.26724,1,1,2023-03-26,2023-03-26,0,4.3,4.3,1,0
576_492,21.94262,69.79228,1,1,2023-05-28,2023-05-28,0,5.23,5.23,1,0
576_496,21.94362,69.81003,1,1,2023-01-31,2023-01-31,0,1.52,1.52,1,0
576_509,21.94081,69.85549,1,1,2023-03-13,2023-03-13,0,1.44,1.44,1,0
576_830,21.94247,71.0246,1,1,2023-03-28,2023-03-28,0,3.17,3.17,1,0
577_1355,21.94412,72.93595,1,1,2023-06-08,2023-06-08,0,5.4,5.4,1,0
577_1366,21.94402,72.97865,1,1,2023-03-26,2023-03-26,0,2.36,2.36,1,0
577_1603,21.94687,73.84126,1,1,2023-02-16,2023-02-16,0,1.36,1.36,0,1
577_1765,21.94519,74.43015,1,1,2023-03-24,2023-03-24,0,3.11,3.11,1,0
577_497,21.94675,69.81065,1,1,2023-02-18,2023-02-18,0,4.77,4.77,1,0
577_509,21.94511,69.85496,1,1,2023-03-13,2023-03-13,0,3.61,3.61,1,0
577_642,21.94593,70.33981,1,1,2023-03-20,2023-03-20,0,3.25,3.25,1,0
577_665,21.94584,70.42506,1,1,2023-02-06,2023-02-06,0,4.0,4.0,1,0
578_1018,21.94822,71.70834,1,1,2023-04-10,2023-04-10,0,12.51,12.51,1,0
578_1312,21.94744,72.78112,1,1,2023-06-09,2023-06-09,0,10.67,10.67,1,0
578_1353,21.94747,72.93087,1,1,2023-04-15,2023-04-15,0,6.64,6.64,1,0
578_1356,21.94908,72.9414,1,1,2023-02-25,2023-02-25,0,2.99,2.99,1,0
578_1509,21.94822,73.49844,1,1,2023-05-27,2023-05-27,0,3.13,3.13,1,0
578_1516,21.94817,73.52315,1,1,2023-01-16,2023-01-16,0,2.96,2.96,1,0
578_1591,21.949265,73.796475,2,1,2023-04-23,2023-04-23,0,8.75,8.85,2,0
578_1599,21.94968,73.825,1,1,2023-02-16,2023-02-16,0,0.89,0.89,0,1
578_497,21.94862,69.81174,1,1,2023-02-18,2023-02-18,0,5.67,5.67,1,0
578_663,21.94804,70.4172,1,1,2023-01-29,2023-01-29,0,1.71,1.71,1,0
578_664,21.948,70.41973,1,1,2023-01-29,2023-01-29,0,4.88,4.88,1,0
579_1313,21.95093,72.78539,1,1,2023-05-28,2023-05-28,0,7.82,7.82,1,0
579_1315,21.950955,72.791785,2,2,2023-02-12,2023-05-20,97,4.285,5.23,2,0
579_1385,21.952354999999997,73.04482999999999,2,1,2023-05-31,2023-05-31,0,1.91,2.05,2,0
579_1599,21.95314,73.82567,1,1,2023-02-16,2023-02-16,0,1.24,1.24,0,1
579_1629,21.95203,73.93391,1,1,2023-04-07,2023-04-07,0,5.12,5.12,1,0
579_1711,21.95059,74.2323,1,1,2023-05-09,2023-05-09,0,1.75,1.75,0,1
579_623,21.95095,70.27198,1,1,2023-05-14,2023-05-14,0,2.33,2.33,1,0
579_678,21.9534,70.47173,1,1,2023-01-29,2023-01-29,0,3.51,3.51,1,0
579_720,21.95174,70.62271,1,1,2023-04-24,2023-04-24,0,7.53,7.53,1,0
57_1317,20.19374,72.80048,1,1,2023-12-18,2023-12-18,0,2.59,2.59,1,0
57_1513,20.19486,73.51385,1,1,2023-04-26,2023-04-26,0,10.47,10.47,1,0
57_1530,20.1942,73.5728,1,1,2023-01-12,2023-01-12,0,1.68,1.68,1,0
57_1560,20.19206,73.68322,1,1,2023-06-09,2023-06-09,0,7.09,7.09,1,0
57_1565,20.19212,73.70192,1,1,2023-01-22,2023-01-22,0,6.87,6.87,1,0
580_1259,21.95567,72.58603,1,1,2023-02-13,2023-02-13,0,3.2,3.2,1,0
580_1260,21.95645,72.58961,1,1,2023-02-13,2023-02-13,0,4.92,4.92,1,0
580_1376,21.95432,73.01376,1,1,2023-04-12,2023-04-12,0,3.83,3.83,1,0
580_1399,21.95533,73.09863,1,1,2023-02-14,2023-02-14,0,4.47,4.47,1,0
580_1418,21.95691,73.16609,1,1,2023-05-22,2023-05-22,0,3.74,3.74,1,0
580_1486,21.95642,73.41434,1,1,2023-05-30,2023-05-30,0,1.62,1.62,0,1
580_1558,21.95579,73.67568,1,1,2023-05-23,2023-05-23,0,9.92,9.92,1,0
580_1713,21.95432,74.24273,1,1,2023-05-08,2023-05-08,0,3.92,3.92,1,0
580_629,21.95451,70.29324,1,1,2023-03-14,2023-03-14,0,3.71,3.71,1,0
580_984,21.9556,71.58719,1,1,2023-03-14,2023-03-14,0,11.0,11.0,1,0
581_1249,21.9574,72.54958,1,1,2023-03-04,2023-03-04,0,0.63,0.63,0,1
581_1250,21.96011,72.554,1,1,2023-03-04,2023-03-04,0,0.34,0.34,0,1
581_1318,21.95852,72.80219,1,1,2023-06-09,2023-06-09,0,45.43,45.43,1,0
581_1364,21.95965,72.97149,1,1,2023-04-02,2023-04-02,0,1.19,1.19,1,0
581_1365,21.95956,72.97267,1,1,2023-04-02,2023-04-02,0,2.38,2.38,1,0
581_1653,21.95796,74.02424,1,1,2023-04-21,2023-04-21,0,14.43,14.43,1,0
581_1713,21.95774,74.24216,1,1,2023-05-08,2023-05-08,0,7.2,7.2,1,0
581_1767,21.95864,74.43932,1,1,2023-05-21,2023-05-21,0,9.76,9.76,1,0
581_1768,21.95798,74.44307,1,1,2023-05-21,2023-05-21,0,10.47,10.47,1,0
581_416,21.95901,69.51706,1,1,2023-03-14,2023-03-14,0,3.43,3.43,1,0
581_575,21.95754,70.09616,1,1,2023-11-25,2023-11-25,0,1.41,1.41,1,0
581_651,21.95783,70.37318,1,1,2023-02-08,2023-02-08,0,5.03,5.03,1,0
581_685,21.95795,70.49764,1,1,2023-01-18,2023-01-18,0,1.38,1.38,1,0
582_1119,21.96086,72.07757,1,1,2023-05-08,2023-05-08,0,28.44,28.44,1,0
582_1249,21.96073,72.55022,1,1,2023-03-04,2023-03-04,0,0.34,0.34,0,1
582_1310,21.96371,72.7747,1,1,2023-05-23,2023-05-23,0,4.48,4.48,1,0
582_1354,21.96068,72.93351,1,1,2023-05-10,2023-05-10,0,3.68,3.68,1,0
582_1531,21.961775000000003,73.57754,2,1,2023-06-01,2023-06-01,0,4.795,5.04,2,0
582_1602,21.96224,73.83622,1,1,2023-01-16,2023-01-16,0,0.62,0.62,0,1
582_1712,21.96063,74.23708,1,1,2023-06-08,2023-06-08,0,9.21,9.21,1,0
582_412,21.96263,69.50201,1,1,2023-10-30,2023-10-30,0,2.27,2.27,1,0
582_588,21.96088,70.14333,1,1,2023-03-26,2023-03-26,0,9.53,9.53,1,0
582_596,21.96087,70.17225,1,1,2023-12-08,2023-12-08,0,4.92,4.92,1,0
583_1310,21.96706,72.77414,1,1,2023-05-23,2023-05-23,0,4.48,4.48,1,0
583_1318,21.96399,72.80373,1,1,2023-05-31,2023-05-31,0,4.5,4.5,1,0
583_1379,21.96415,73.02612,1,1,2023-05-20,2023-05-20,0,3.51,3.51,1,0
583_1700,21.96648,74.19377,1,1,2023-04-21,2023-04-21,0,14.57,14.57,1,0
583_1719,21.96397,74.26199,1,1,2023-06-08,2023-06-08,0,10.99,10.99,1,0
583_634,21.96524,70.31157,1,1,2023-01-11,2023-01-11,0,3.92,3.92,1,0
583_758,21.9663,70.76215,1,1,2023-02-11,2023-02-11,0,3.17,3.17,1,0
584_1254,21.96779,72.56875,1,1,2023-04-08,2023-04-08,0,2.88,2.88,1,0
584_1255,21.96918,72.5744,1,1,2023-04-08,2023-04-08,0,2.88,2.88,1,0
584_1281,21.96826,72.66829,1,1,2023-03-22,2023-03-22,0,3.27,3.27,1,0
584_1318,21.96976,72.80225,1,1,2023-05-31,2023-05-31,0,4.5,4.5,1,0
584_1445,21.96971,73.26492,1,1,2023-03-04,2023-03-04,0,3.42,3.42,1,0
584_758,21.96826,70.76205,1,1,2023-02-11,2023-02-11,0,6.43,6.43,1,0
584_912,21.96881,71.32227,1,1,2023-02-18,2023-02-18,0,0.27,0.27,0,1
585_1257,21.97248,72.58047,1,1,2023-04-08,2023-04-08,0,4.3,4.3,1,0
585_1334,21.97225,72.86049,1,1,2023-06-08,2023-06-08,0,7.65,7.65,1,0
585_1668,21.97128,74.07664,1,1,2023-04-05,2023-04-05,0,1.83,1.83,1,0
585_575,21.9736,70.09591,1,1,2023-03-27,2023-03-27,0,2.38,2.38,1,0
585_593,21.973545,70.16238,2,1,2023-03-19,2023-03-19,0,6.15,7.33,2,0
585_653,21.97075,70.37888,1,1,2023-05-29,2023-05-29,0,1.13,1.13,1,0
585_764,21.97278,70.78526,1,1,2023-01-24,2023-01-24,0,4.39,4.39,1,0
585_765,21.97244,70.78833,1,1,2023-01-24,2023-01-24,0,2.82,2.82,1,0
586_1256,21.97626,72.578265,2,1,2023-04-08,2023-04-08,0,5.845,6.22,2,0
586_1345,21.97625,72.8996,1,1,2023-03-31,2023-03-31,0,2.54,2.54,1,0
586_1617,21.9748,73.89143,1,1,2023-03-10,2023-03-10,0,6.22,6.22,1,0
586_1621,21.9756,73.90631,1,1,2023-04-26,2023-04-26,0,4.76,4.76,1,0
586_1666,21.97703,74.07075,1,1,2023-04-15,2023-04-15,0,13.47,13.47,1,0
586_593,21.976255000000002,70.161395,2,1,2023-03-28,2023-03-28,0,8.73,10.99,2,0
586_866,21.97452,71.15776,1,1,2023-04-12,2023-04-12,0,15.49,15.49,1,0
587_1017,21.97765,71.70657,1,1,2023-03-29,2023-03-29,0,2.22,2.22,1,0
587_1337,21.97973,72.87044,1,1,2023-03-25,2023-03-25,0,0.43,0.43,0,1
587_1340,21.97926,72.8828,1,1,2023-05-11,2023-05-11,0,14.97,14.97,1,0
587_473,21.97985,69.72334,1,1,2023-03-27,2023-03-27,0,3.77,3.77,1,0
587_592,21.9807,70.15733,1,1,2023-03-28,2023-03-28,0,2.92,2.92,1,0
588_1309,21.98097,72.771,1,1,2023-02-01,2023-02-01,0,7.46,7.46,1,0
588_1379,21.98157,73.02381,1,1,2023-01-21,2023-01-21,0,2.69,2.69,1,0
588_1382,21.98125,73.03406,1,1,2023-11-16,2023-11-16,0,5.93,5.93,1,0
588_1481,21.98398,73.39607,1,1,2023-06-01,2023-06-01,0,1.65,1.65,1,0
588_1782,21.98241,74.49254,1,1,2023-02-27,2023-02-27,0,1.23,1.23,0,1
588_1783,21.98178,74.49635,1,1,2023-02-27,2023-02-27,0,1.13,1.13,0,1
588_587,21.98161,70.13988,1,1,2023-04-12,2023-04-12,0,2.45,2.45,1,0
588_593,21.98112,70.16193,1,1,2023-03-28,2023-03-28,0,2.92,2.92,1,0
589_1018,21.9843,71.7103,1,1,2023-03-27,2023-03-27,0,4.5,4.5,1,0
589_1305,21.98717,72.75382,1,1,2023-01-14,2023-01-14,0,1.85,1.85,1,0
589_1308,21.98472,72.76727,1,1,2023-12-23,2023-12-23,0,4.15,4.15,1,0
589_1341,21.98713,72.8872,1,1,2023-01-21,2023-01-21,0,1.83,1.83,1,0
589_1381,21.9848,73.03336,1,1,2023-11-16,2023-11-16,0,5.93,5.93,1,0
589_1734,21.98567,74.31596,1,1,2023-04-23,2023-04-23,0,8.46,8.46,1,0
589_1735,21.98654,74.32038,1,1,2023-04-23,2023-04-23,0,8.46,8.46,1,0
590_1308,21.98812,72.76664,1,1,2023-12-23,2023-12-23,0,4.15,4.15,1,0
590_1340,21.98987,72.88268,1,1,2023-01-21,2023-01-21,0,1.0,1.0,1,0
590_1342,21.98776,72.89108,1,1,2023-01-21,2023-01-21,0,1.83,1.83,1,0
590_1368,21.99027,72.98617,1,1,2023-05-25,2023-05-25,0,3.92,3.92,1,0
590_1381,21.98835,73.03266,1,1,2023-11-16,2023-11-16,0,2.53,2.53,1,0
590_1669,21.98894,74.07948,1,1,2023-04-17,2023-04-17,0,3.07,3.07,0,1
590_1679,21.98845,74.1185,1,1,2023-04-07,2023-04-07,0,9.12,9.12,1,0
590_1721,21.98765,74.27192,1,1,2023-05-21,2023-05-21,0,5.8,5.8,1,0
590_367,21.99011,69.33966,1,1,2023-06-11,2023-06-11,0,2.32,2.32,1,0
590_504,21.98999,69.83592,1,1,2023-04-23,2023-04-23,0,4.51,4.51,1,0
590_575,21.98992,70.09795,1,1,2023-05-14,2023-05-14,0,4.98,4.98,1,0
590_576,21.98907,70.09978,1,1,2023-05-14,2023-05-14,0,6.31,6.31,1,0
590_601,21.98781,70.1919,1,1,2023-03-30,2023-03-30,0,5.02,5.02,1,0
590_734,21.98835,70.67384,1,1,2023-03-29,2023-03-29,0,3.18,3.18,1,0
590_987,21.99079,71.59608,1,1,2023-06-10,2023-06-10,0,1.85,1.85,1,0
591_1248,21.99397,72.54871,1,1,2023-04-25,2023-04-25,0,6.65,6.65,1,0
591_1249,21.99142,72.55147,1,1,2023-03-28,2023-03-28,0,5.38,5.38,1,0
591_1256,21.99391,72.57745,1,1,2023-11-10,2023-11-10,0,0.87,0.87,0,1
591_1289,21.99089,72.69555,1,1,2023-04-18,2023-04-18,0,10.59,10.59,1,0
591_1333,21.99234,72.85525,1,1,2023-05-20,2023-05-20,0,4.95,4.95,1,0
591_1540,21.99117,73.611,1,1,2023-05-27,2023-05-27,0,2.68,2.68,1,0
591_1669,21.99146,74.08173,1,1,2023-04-17,2023-04-17,0,3.6,3.6,0,1
591_1699,21.99214,74.19167,1,1,2023-04-12,2023-04-12,0,11.14,11.14,1,0
591_335,21.99181,69.22105,1,1,2023-03-26,2023-03-26,0,1.53,1.53,1,0
591_504,21.99183,69.83698,1,1,2023-04-23,2023-04-23,0,7.52,7.52,1,0
592_1301,21.99622,72.74055,1,1,2023-05-06,2023-05-06,0,7.59,7.59,1,0
592_1487,21.99575,73.41774,1,1,2023-11-25,2023-11-25,0,7.95,7.95,1,0
592_1759,21.99442,74.40909,1,1,2023-06-08,2023-06-08,0,8.42,8.42,1,0
592_816,21.99738,70.9724,1,1,2023-03-12,2023-03-12,0,4.46,4.46,1,0
593_1249,22.00084,72.54932,1,1,2023-03-04,2023-03-04,0,0.24,0.24,0,1
593_1326,21.99787,72.8306,1,1,2023-04-30,2023-04-30,0,1.71,1.71,1,0
593_1381,21.99987,73.03139,1,1,2023-11-07,2023-11-07,0,3.24,3.24,1,0
593_1455,21.99896,73.30032,1,1,2023-03-09,2023-03-09,0,1.76,1.76,1,0
593_627,21.99794,70.28674,1,1,2023-03-11,2023-03-11,0,4.1,4.1,1,0
593_670,21.99787,70.44357,1,1,2023-02-18,2023-02-18,0,0.37,0.37,0,1
593_721,21.99832,70.6278,1,1,2023-11-10,2023-11-10,0,2.47,2.47,1,0
594_1064,22.00299,71.87827,1,1,2023-03-29,2023-03-29,0,8.91,8.91,1,0
594_1065,22.00138,71.88045,1,1,2023-03-29,2023-03-29,0,7.87,7.87,1,0
594_1277,22.00349,72.65143,1,1,2023-04-18,2023-04-18,0,9.45,9.45,1,0
594_1307,22.00279,72.76154,1,1,2023-06-08,2023-06-08,0,10.43,10.43,1,0
594_1310,22.00277,72.7732,1,1,2023-06-11,2023-06-11,0,10.9,10.9,1,0
594_1311,22.0026,72.77633,1,1,2023-06-11,2023-06-11,0,6.98,6.98,1,0
594_1339,22.00339,72.88015,1,1,2023-01-21,2023-01-21,0,3.61,3.61,1,0
594_1611,22.0036,73.86891,1,1,2023-03-25,2023-03-25,0,0.79,0.79,0,1
594_1718,22.0024,74.25886,1,1,2023-05-08,2023-05-08,0,3.61,3.61,1,0
594_627,22.00107,70.28427,1,1,2023-03-11,2023-03-11,0,2.26,2.26,1,0
594_720,22.00109,70.62309,1,1,2023-11-10,2023-11-10,0,5.13,5.13,1,0
594_721,22.00177,70.62714,1,1,2023-11-10,2023-11-10,0,5.13,5.13,1,0
594_736,22.00209,70.68273,1,1,2023-04-14,2023-04-14,0,1.22,1.22,1,0
594_815,22.0014,70.97111,1,1,2023-03-16,2023-03-16,0,3.41,3.41,1,0
595_1295,22.00654,72.71893,1,1,2023-05-10,2023-05-10,0,21.48,21.48,1,0
595_1310,22.00641,72.77263,1,1,2023-05-27,2023-05-27,0,2.5,2.5,1,0
595_1339,22.00529,72.87985,1,1,2023-01-05,2023-01-05,0,5.83,5.83,1,0
595_1343,22.00528,72.8918,1,1,2023-01-21,2023-01-21,0,10.01,10.01,1,0
595_1356,22.00608,72.93961,1,1,2023-01-21,2023-01-21,0,9.56,9.56,1,0
595_1440,22.00588,73.24709,1,1,2023-06-08,2023-06-08,0,5.48,5.48,1,0
595_1494,22.00645,73.44183,1,1,2023-04-22,2023-04-22,0,3.88,3.88,1,0
595_1604,22.00632,73.84508,1,1,2023-05-09,2023-05-09,0,10.48,10.48,1,0
595_1611,22.00732,73.86965,1,1,2023-03-25,2023-03-25,0,0.79,0.79,0,1
595_1761,22.00503,74.4167,1,1,2023-02-14,2023-02-14,0,7.41,7.41,1,0
595_610,22.00549,70.22491,1,1,2023-02-19,2023-02-19,0,4.77,4.77,1,0
595_751,22.00578,70.73573,1,1,2023-04-22,2023-04-22,0,13.9,13.9,1,0
595_785,22.0049,70.85969,1,1,2023-03-23,2023-03-23,0,4.52,4.52,1,0
595_786,22.00527,70.86376,1,1,2023-03-23,2023-03-23,0,4.52,4.52,1,0
596_1257,22.00804,72.58076,1,1,2023-04-26,2023-04-26,0,11.48,11.48,1,0
596_1263,22.008519999999997,72.60308,2,1,2023-03-26,2023-03-26,0,9.915,10.25,2,0
596_1309,22.00791,72.76937,1,1,2023-05-27,2023-05-27,0,1.25,1.25,1,0
596_1310,22.00907,72.77152,1,1,2023-06-11,2023-06-11,0,7.62,7.62,1,0
596_1343,22.00874,72.89405,1,1,2023-05-31,2023-05-31,0,3.89,3.89,1,0
596_1354,22.00883,72.93511,1,1,2023-01-21,2023-01-21,0,3.54,3.54,1,0
596_1356,22.008,72.93934,1,1,2023-01-05,2023-01-05,0,3.32,3.32,1,0
596_1357,22.00863,72.94321,1,1,2023-01-05,2023-01-05,0,3.32,3.32,1,0
596_1380,22.00824,73.02914,1,1,2023-12-22,2023-12-22,0,2.35,2.35,1,0
596_1432,22.0087,73.21866,1,1,2023-10-31,2023-10-31,0,4.21,4.21,1,0
596_1604,22.01078,73.84406,1,1,2023-05-09,2023-05-09,0,11.34,11.34,1,0
596_1608,22.0102,73.85927,1,1,2023-05-25,2023-05-25,0,5.65,5.65,1,0
596_1612,22.00789,73.87432,1,1,2023-03-26,2023-03-26,0,4.69,4.69,1,0
596_1734,22.00806,74.31891,1,1,2023-03-10,2023-03-10,0,1.45,1.45,0,1
597_1298,22.01333,72.73122,1,1,2023-05-16,2023-05-16,0,2.65,2.65,1,0
597_1315,22.01334,72.79169,1,1,2023-11-15,2023-11-15,0,2.98,2.98,1,0
597_1316,22.01274,72.7964,1,1,2023-04-23,2023-04-23,0,8.56,8.56,1,0
597_1605,22.01175,73.84889,1,1,2023-05-09,2023-05-09,0,11.34,11.34,1,0
597_1610,22.01115,73.8641,1,1,2023-05-25,2023-05-25,0,4.14,4.14,1,0
597_512,22.01167,69.86692,1,1,2023-03-04,2023-03-04,0,8.74,8.74,1,0
598_1299,22.01474,72.73135,1,1,2023-05-16,2023-05-16,0,2.22,2.22,1,0
598_1360,22.01501,72.95403,1,1,2023-05-17,2023-05-17,0,2.58,2.58,1,0
598_510,22.01772,69.8596,1,1,2023-03-13,2023-03-13,0,3.11,3.11,1,0
598_512,22.01504,69.86629,1,1,2023-03-04,2023-03-04,0,8.74,8.74,1,0
599_1255,22.02096,72.57169,1,1,2023-03-28,2023-03-28,0,4.69,4.69,1,0
599_1274,22.01797,72.64073,1,1,2023-04-09,2023-04-09,0,11.9,11.9,1,0
599_1296,22.02023,72.72057,1,1,2023-03-06,2023-03-06,0,14.95,14.95,1,0
599_1310,22.02106,72.77431,1,1,2023-02-02,2023-02-02,0,10.27,10.27,1,0
599_1311,22.01894,72.7757,1,1,2023-12-29,2023-12-29,0,3.48,3.48,1,0
599_1338,22.01947,72.87689,1,1,2023-05-30,2023-05-30,0,5.08,5.08,1,0
599_1349,22.0184,72.91604,1,1,2023-06-21,2023-06-21,0,2.05,2.05,1,0
599_1371,22.01858,72.99686,1,1,2023-05-22,2023-05-22,0,4.87,4.87,1,0
599_1545,22.01843,73.62753,1,1,2023-03-31,2023-03-31,0,6.23,6.23,1,0
599_471,22.02029,69.71693,1,1,2023-03-26,2023-03-26,0,4.87,4.87,1,0
599_724,22.02076,70.63812,1,1,2023-01-04,2023-01-04,0,2.71,2.71,1,0
599_734,22.02037,70.67664,1,1,2023-12-29,2023-12-29,0,2.17,2.17,1,0
599_879,22.02074,71.20292,1,1,2023-03-29,2023-03-29,0,6.34,6.34,1,0
599_886,22.01876,71.23009,1,1,2023-03-29,2023-03-29,0,6.34,6.34,1,0
59_1460,20.20135,73.32101,1,1,2023-05-13,2023-05-13,0,0.32,0.32,0,1
59_1642,20.19904,73.98289,1,1,2023-04-15,2023-04-15,0,5.19,5.19,1,0
5_1387,20.01781,73.05488,1,1,2023-05-27,2023-05-27,0,3.4,3.4,1,0
5_1405,20.01915,73.11985,1,1,2023-05-08,2023-05-08,0,2.11,2.11,1,0
5_1496,20.01805,73.45218,1,1,2023-04-28,2023-04-28,0,5.0,5.0,1,0
5_1751,20.01915,74.38088,1,1,2023-05-21,2023-05-21,0,2.72,2.72,1,0
5_1760,20.01948,74.41197,1,1,2023-04-21,2023-04-21,0,6.81,6.81,1,0
5_1773,20.01909,74.45777,1,1,2023-12-05,2023-12-05,0,2.29,2.29,1,0
600_1249,22.02325,72.55057,1,1,2023-02-15,2023-02-15,0,9.93,9.93,1,0
600_1271,22.02363,72.62952,1,1,2023-04-23,2023-04-23,0,19.14,19.14,1,0
600_1417,22.02207,73.16425,1,1,2023-04-10,2023-04-10,0,3.48,3.48,1,0
600_1418,22.0228,73.16581,1,1,2023-04-10,2023-04-10,0,2.88,2.88,1,0
600_403,22.0219,69.4687,1,1,2023-03-26,2023-03-26,0,4.37,4.37,1,0
600_725,22.02131,70.64188,1,1,2023-01-04,2023-01-04,0,2.71,2.71,1,0
600_743,22.02268,70.70785,1,1,2023-03-14,2023-03-14,0,10.68,10.68,1,0
600_781,22.02356,70.84681,1,1,2023-03-27,2023-03-27,0,15.83,15.83,1,0
600_886,22.022875,71.228475,2,1,2023-03-29,2023-03-29,0,9.69,13.04,2,0
601_1252,22.02461,72.56191,1,1,2023-03-28,2023-03-28,0,3.99,3.99,1,0
601_1253,22.02564,72.56641,1,1,2023-03-28,2023-03-28,0,3.99,3.99,1,0
601_1269,22.0259,72.6247,1,1,2023-04-13,2023-04-13,0,4.37,4.37,1,0
601_1308,22.02468,72.7677,1,1,2023-02-02,2023-02-02,0,7.91,7.91,1,0
601_1310,22.0258,72.77321,1,1,2023-02-02,2023-02-02,0,10.27,10.27,1,0
601_1408,22.0259,73.13056,1,1,2023-05-27,2023-05-27,0,3.25,3.25,1,0
601_1415,22.0257,73.15556,1,1,2023-05-31,2023-05-31,0,6.05,6.05,1,0
601_1653,22.02702,74.02074,1,1,2023-03-10,2023-03-10,0,1.79,1.79,0,1
601_1654,22.02645,74.02446,1,1,2023-03-10,2023-03-10,0,0.71,0.71,0,1
601_743,22.02617,70.70731,1,1,2023-03-14,2023-03-14,0,10.68,10.68,1,0
602_1321,22.02886,72.81147,1,1,2023-01-25,2023-01-25,0,0.4,0.4,0,1
602_1653,22.03033,74.02132,1,1,2023-03-10,2023-03-10,0,0.34,0.34,0,1
602_628,22.03072,70.29015,1,1,2023-04-11,2023-04-11,0,8.52,8.52,1,0
603_1260,22.03266,72.58932,1,1,2023-04-22,2023-04-22,0,1.01,1.01,0,1
603_1304,22.03224,72.74975,1,1,2023-02-05,2023-02-05,0,2.71,2.71,1,0
603_1305,22.03281,72.75404,1,1,2023-02-05,2023-02-05,0,5.32,5.32,1,0
603_1319,22.03378,72.80707,1,1,2023-03-08,2023-03-08,0,1.3,1.3,0,1
603_1405,22.0322,73.12084,1,1,2023-02-19,2023-02-19,0,2.91,2.91,0,1
603_1406,22.03296,73.12312,1,1,2023-01-21,2023-01-21,0,0.44,0.44,0,1
603_1407,22.03175,73.12638,1,1,2023-02-19,2023-02-19,0,2.91,2.91,0,1
603_726,22.03211,70.64766,1,1,2023-12-17,2023-12-17,0,1.33,1.33,1,0
603_768,22.03264,70.80056,1,1,2023-03-21,2023-03-21,0,2.87,2.87,1,0
604_1099,22.03682,72.00398,1,1,2023-12-07,2023-12-07,0,0.45,0.45,0,1
604_1259,22.0348,72.58822,1,1,2023-04-19,2023-04-19,0,2.18,2.18,0,1
604_1260,22.0373,72.59238,1,1,2023-04-19,2023-04-19,0,1.61,1.61,0,1
604_1301,22.03681,72.74158,1,1,2023-12-23,2023-12-23,0,2.05,2.05,1,0
604_1311,22.03763,72.77793,1,1,2023-05-23,2023-05-23,0,8.71,8.71,1,0
604_1317,22.03632,72.80013,1,1,2023-11-10,2023-11-10,0,1.8,1.8,1,0
604_1480,22.03501,73.39278,1,1,2023-05-02,2023-05-02,0,0.83,0.83,1,0
604_1573,22.03595,73.73177,1,1,2023-03-09,2023-03-09,0,5.91,5.91,1,0
605_1041,22.04048,71.79311,1,1,2023-03-28,2023-03-28,0,2.58,2.58,1,0
605_1247,22.0409,72.54482,1,1,2023-01-25,2023-01-25,0,38.41,38.41,1,0
605_1260,22.03929,72.59113,1,1,2023-04-19,2023-04-19,0,1.77,1.77,0,1
605_1302,22.040219999999998,72.74368000000001,2,1,2023-02-10,2023-02-10,0,6.85,11.69,2,0
605_1321,22.0405,72.812595,2,1,2023-05-21,2023-05-21,0,6.355,6.36,2,0
605_1336,22.03898,72.86622,1,1,2023-05-10,2023-05-10,0,11.84,11.84,1,0
605_1390,22.04112,73.06294,1,1,2023-04-11,2023-04-11,0,3.32,3.32,1,0
605_1410,22.04068,73.13655,1,1,2023-12-23,2023-12-23,0,1.61,1.61,1,0
605_1573,22.03967,73.73124,1,1,2023-03-09,2023-03-09,0,3.94,3.94,1,0
605_1581,22.04048,73.75914,1,1,2023-03-24,2023-03-24,0,9.63,9.63,1,0
605_1658,22.04132,74.04122,1,1,2023-03-11,2023-03-11,0,0.99,0.99,0,1
605_1694,22.0385,74.17112,1,1,2023-03-14,2023-03-14,0,1.6,1.6,0,1
605_645,22.04042,70.35044,1,1,2023-01-31,2023-01-31,0,3.53,3.53,1,0
605_646,22.04102,70.35423,1,1,2023-01-31,2023-01-31,0,9.49,9.49,1,0
606_1247,22.0447,72.54427,1,1,2023-01-25,2023-01-25,0,14.32,14.32,1,0
606_1338,22.04393,72.87346,1,1,2023-04-15,2023-04-15,0,8.36,8.36,1,0
606_1418,22.04234,73.16594,1,1,2023-04-26,2023-04-26,0,3.63,3.63,1,0
606_736,22.04452,70.68423,1,1,2023-03-25,2023-03-25,0,7.28,7.28,1,0
607_1246,22.04596,72.53945,1,1,2023-11-15,2023-11-15,0,5.67,5.67,1,0
607_1414,22.04623,73.15375,1,1,2023-05-30,2023-05-30,0,2.65,2.65,1,0
607_1443,22.04581,73.25656,1,1,2023-05-25,2023-05-25,0,1.64,1.64,1,0
607_1476,22.04522,73.37632,1,1,2023-04-18,2023-04-18,0,3.09,3.09,1,0
607_1497,22.04777,73.45512,1,1,2023-03-29,2023-03-29,0,2.03,2.03,1,0
607_513,22.04507,69.87078,1,1,2023-03-10,2023-03-10,0,0.59,0.59,0,1
607_736,22.04785,70.68367,1,1,2023-03-25,2023-03-25,0,6.28,6.28,1,0
607_878,22.04575,71.19924,1,1,2023-03-13,2023-03-13,0,2.73,2.73,1,0
608_1299,22.04889,72.73325,1,1,2023-03-29,2023-03-29,0,1.62,1.62,1,0
608_1301,22.04999,72.73939,1,1,2023-10-25,2023-10-25,0,1.52,1.52,1,0
608_1372,22.04936,73.00009,1,1,2023-11-05,2023-11-05,0,2.19,2.19,1,0
608_1399,22.05131,73.09763,1,1,2023-02-09,2023-02-09,0,1.22,1.22,1,0
608_1620,22.05046,73.90221,1,1,2023-03-11,2023-03-11,0,1.97,1.97,0,1
608_1621,22.04997,73.90613,1,1,2023-03-11,2023-03-11,0,1.97,1.97,0,1
608_953,22.04845,71.47302,1,1,2023-04-20,2023-04-20,0,0.87,0.87,0,1
609_1300,22.05196,72.73793,1,1,2023-02-10,2023-02-10,0,3.04,3.04,1,0
609_1301,22.05363,72.74097,1,1,2023-01-30,2023-01-30,0,3.86,3.86,1,0
609_1302,22.05411,72.74519,1,1,2023-01-30,2023-01-30,0,3.86,3.86,1,0
609_1423,22.05298,73.18485,1,1,2023-04-20,2023-04-20,0,1.6,1.6,1,0
609_1622,22.05355,73.91058,1,1,2023-03-11,2023-03-11,0,1.37,1.37,0,1
60_1475,20.20237,73.37299,1,1,2023-04-28,2023-04-28,0,3.04,3.04,1,0
60_1518,20.20442,73.53072,1,1,2023-05-24,2023-05-24,0,1.77,1.77,1,0
60_1740,20.20509,74.3388,1,1,2023-02-04,2023-02-04,0,13.72,13.72,1,0
610_1247,22.05589,72.5442,1,1,2023-12-24,2023-12-24,0,4.81,4.81,1,0
610_1265,22.05628,72.60851,1,1,2023-04-21,2023-04-21,0,5.83,5.83,1,0
610_1350,22.05626,72.91758,1,1,2023-03-26,2023-03-26,0,4.3,4.3,1,0
610_1517,22.05622,73.5266,1,1,2023-02-21,2023-02-21,0,5.83,5.83,1,0
610_608,22.05577,70.21652,1,1,2023-10-14,2023-10-14,0,1.91,1.91,1,0
610_694,22.05548,70.5299,1,1,2023-03-19,2023-03-19,0,0.77,0.77,0,1
610_730,22.05677,70.6617,1,1,2023-04-02,2023-04-02,0,1.23,1.23,1,0
611_1249,22.05851,72.55006,1,1,2023-03-24,2023-03-24,0,18.97,18.97,1,0
611_1265,22.05963,72.60795,1,1,2023-04-21,2023-04-21,0,5.83,5.83,1,0
611_1349,22.05964,72.91695,1,1,2023-03-26,2023-03-26,0,4.3,4.3,1,0
611_1629,22.06066,73.9347,1,1,2023-03-10,2023-03-10,0,1.26,1.26,0,1
611_731,22.0589,70.66457,1,1,2023-04-02,2023-04-02,0,1.42,1.42,1,0
611_732,22.05839,70.66774,1,1,2023-11-15,2023-11-15,0,1.69,1.69,1,0
611_780,22.0589,70.84145,1,1,2023-03-14,2023-03-14,0,4.87,4.87,1,0
612_1089,22.06253,71.96687,1,1,2023-04-01,2023-04-01,0,31.75,31.75,1,0
612_1091,22.06299,71.97572,1,1,2023-05-17,2023-05-17,0,11.12,11.12,1,0
612_1273,22.06466,72.63967,1,1,2023-03-31,2023-03-31,0,7.46,7.46,1,0
612_1309,22.06383,72.76778,1,1,2023-05-11,2023-05-11,0,3.32,3.32,1,0
612_1420,22.06234,73.1722,1,1,2023-02-25,2023-02-25,0,1.91,1.91,1,0
612_627,22.06261,70.2841,1,1,2023-04-10,2023-04-10,0,1.8,1.8,1,0
612_849,22.064,71.09589,1,1,2023-04-03,2023-04-03,0,2.68,2.68,1,0
613_1088,22.06775,71.96589,1,1,2023-04-02,2023-04-02,0,3.55,3.55,1,0
613_1290,22.06582,72.69971,1,1,2023-04-12,2023-04-12,0,8.95,8.95,1,0
613_1292,22.067815,72.70702499999999,2,1,2023-03-29,2023-03-29,0,2.76,3.44,2,0
613_1383,22.06618,73.03732,1,1,2023-04-02,2023-04-02,0,1.4,1.4,1,0
613_1399,22.06719,73.09821,1,1,2023-10-25,2023-10-25,0,3.1,3.1,1,0
613_570,22.06632,70.07666,1,1,2023-03-28,2023-03-28,0,3.02,3.02,1,0
614_1088,22.06914,71.96539,1,1,2023-05-17,2023-05-17,0,16.16,16.16,1,0
614_1103,22.06894,72.01922,1,1,2023-04-10,2023-04-10,0,8.35,8.35,1,0
614_1275,22.06913,72.64651,1,1,2023-03-31,2023-03-31,0,7.83,7.83,1,0
614_1282,22.07113,72.67049,1,1,2023-01-14,2023-01-14,0,5.82,5.82,1,0
614_1289,22.0715,72.69784,1,1,2023-04-09,2023-04-09,0,11.04,11.04,1,0
614_1300,22.07082,72.737145,2,2,2023-05-10,2023-05-31,21,5.005,5.51,2,0
614_1304,22.07137,72.74955,1,1,2023-05-22,2023-05-22,0,1.82,1.82,1,0
614_1308,22.06852,72.76723,1,1,2023-05-11,2023-05-11,0,3.31,3.31,1,0
614_1425,22.07152,73.19091,1,1,2023-02-21,2023-02-21,0,15.17,15.17,1,0
614_1639,22.07089,73.97038,1,1,2023-04-16,2023-04-16,0,12.62,12.62,1,0
614_476,22.06837,69.73504,1,1,2023-04-16,2023-04-16,0,9.37,9.37,1,0
614_777,22.0711,70.83179,1,1,2023-01-18,2023-01-18,0,1.58,1.58,1,0
615_1089,22.0741,71.9684,1,1,2023-04-02,2023-04-02,0,2.7,2.7,1,0
615_515,22.07497,69.8763,1,1,2023-03-05,2023-03-05,0,0.63,0.63,0,1
616_1273,22.07577,72.63683,1,1,2023-12-23,2023-12-23,0,2.5,2.5,1,0
616_1305,22.07617,72.7532,1,1,2023-05-21,2023-05-21,0,4.23,4.23,1,0
616_1307,22.07701,72.76152,1,1,2023-05-22,2023-05-22,0,5.16,5.16,1,0
616_1330,22.07796,72.84502,1,1,2023-01-13,2023-01-13,0,2.13,2.13,1,0
616_493,22.07674,69.79582,1,1,2023-01-09,2023-01-09,0,4.38,4.38,1,0
616_635,22.07711,70.31346,1,1,2023-01-22,2023-01-22,0,2.28,2.28,1,0
617_1134,22.08061,72.13261,1,1,2023-04-20,2023-04-20,0,13.85,13.85,1,0
617_1252,22.08017,72.56091,1,1,2023-04-05,2023-04-05,0,1.74,1.74,0,1
617_1253,22.08142,72.56536,1,1,2023-04-06,2023-04-06,0,15.28,15.28,1,0
617_1256,22.079659999999997,72.57508,2,1,2023-03-13,2023-03-13,0,0.585,0.62,0,2
617_1314,22.07917,72.78925,1,1,2023-06-04,2023-06-04,0,3.73,3.73,1,0
617_1319,22.08075,72.80514,1,1,2023-05-10,2023-05-10,0,7.28,7.28,1,0
617_1330,22.07899,72.84536,1,1,2023-01-13,2023-01-13,0,2.06,2.06,1,0
617_1396,22.07985,73.08736,1,1,2023-05-29,2023-05-29,0,5.74,5.74,1,0
617_1409,22.08174,73.13268,1,1,2023-05-30,2023-05-30,0,1.28,1.28,1,0
617_1631,22.0814,73.94155,1,1,2023-03-07,2023-03-07,0,1.2,1.2,0,1
617_1632,22.08097,73.94669,1,1,2023-03-07,2023-03-07,0,1.2,1.2,0,1
617_349,22.0814,69.27174,1,1,2023-12-08,2023-12-08,0,5.37,5.37,1,0
617_399,22.08019,69.45664,1,1,2023-03-31,2023-03-31,0,3.0,3.0,1,0
617_628,22.07894,70.289,1,1,2023-03-07,2023-03-07,0,3.16,3.16,1,0
617_670,22.07848,70.44101,1,1,2023-12-24,2023-12-24,0,3.26,3.26,1,0
617_756,22.08122,70.757,1,1,2023-03-17,2023-03-17,0,10.25,10.25,1,0
617_757,22.08041,70.76016,1,1,2023-03-17,2023-03-17,0,6.69,6.69,1,0
617_766,22.08051,70.79003,1,1,2023-03-25,2023-03-25,0,6.25,6.25,1,0
618_1085,22.08324,71.95533,1,1,2023-04-10,2023-04-10,0,10.37,10.37,1,0
618_1116,22.08218,72.0648,1,1,2023-04-18,2023-04-18,0,0.9,0.9,0,1
618_1148,22.08269,72.18379,1,1,2023-05-10,2023-05-10,0,20.94,20.94,1,0
618_1250,22.08343,72.55553,1,1,2023-04-06,2023-04-06,0,10.0,10.0,1,0
618_1251,22.08448,72.5579,1,1,2023-04-06,2023-04-06,0,18.43,18.43,1,0
618_1253,22.08505,72.56464,1,1,2023-04-06,2023-04-06,0,13.54,13.54,1,0
618_1254,22.08242,72.56776,1,1,2023-04-06,2023-04-06,0,17.07,17.07,1,0
618_1275,22.08337,72.64565,1,1,2023-02-10,2023-02-10,0,9.47,9.47,1,0
618_1285,22.08518,72.68188,1,1,2023-01-22,2023-01-22,0,1.88,1.88,1,0
618_1293,22.08394,72.71214,1,1,2023-03-11,2023-03-11,0,6.58,6.58,1,0
618_1294,22.08483,72.7166,1,1,2023-03-11,2023-03-11,0,8.22,8.22,1,0
618_1319,22.08368,72.80702,1,1,2023-05-10,2023-05-10,0,9.99,9.99,1,0
618_1322,22.08441,72.81757,1,1,2023-04-25,2023-04-25,0,7.48,7.48,1,0
618_1631,22.08357,73.94273,1,1,2023-03-08,2023-03-08,0,4.08,4.08,1,0
618_1632,22.08466,73.94514,1,1,2023-03-07,2023-03-07,0,1.58,1.58,0,1
618_681,22.08282,70.48317,1,1,2023-03-25,2023-03-25,0,0.39,0.39,0,1
618_734,22.08231,70.67682,1,1,2023-04-16,2023-04-16,0,8.53,8.53,1,0
619_1086,22.08724,71.9588,1,1,2023-04-10,2023-04-10,0,14.26,14.26,1,0
619_1147,22.08617,72.17982,1,1,2023-05-10,2023-05-10,0,22.74,22.74,1,0
619_1251,22.08787,72.55936,1,1,2023-04-06,2023-04-06,0,10.0,10.0,1,0
619_1253,22.08606,72.56702,1,1,2023-04-06,2023-04-06,0,17.07,17.07,1,0
619_1263,22.08587,72.60063,1,1,2023-04-16,2023-04-16,0,13.63,13.63,1,0
619_1273,22.08766,72.63766,1,1,2023-04-20,2023-04-20,0,12.27,12.27,1,0
619_1275,22.08856,72.64546,1,1,2023-05-10,2023-05-10,0,20.52,20.52,1,0
619_1278,22.08701,72.65638,1,1,2023-01-11,2023-01-11,0,3.07,3.07,1,0
619_1293,22.08826,72.71118,1,1,2023-03-11,2023-03-11,0,3.99,3.99,1,0
619_1322,22.08612,72.81631,1,1,2023-04-25,2023-04-25,0,8.49,8.49,1,0
619_1411,22.08719,73.141085,2,1,2023-06-13,2023-06-13,0,5.105,6.59,2,0
619_1460,22.08681,73.31846,1,1,2023-05-20,2023-05-20,0,1.98,1.98,1,0
619_1631,22.08748,73.9423,1,1,2023-03-07,2023-03-07,0,1.29,1.29,0,1
619_1632,22.08705,73.94739,1,1,2023-03-07,2023-03-07,0,1.29,1.29,0,1
619_1633,22.08556,73.94881,1,1,2023-03-07,2023-03-07,0,1.6,1.6,0,1
619_1636,22.08633,73.96108,1,1,2023-02-26,2023-02-26,0,0.86,0.86,0,1
619_404,22.0878,69.47199,1,1,2023-03-14,2023-03-14,0,1.75,1.75,1,0
619_689,22.08717,70.51099,1,1,2023-11-10,2023-11-10,0,3.86,3.86,1,0
619_690,22.08785,70.51507,1,1,2023-11-10,2023-11-10,0,4.51,4.51,1,0
619_691,22.08853,70.51916,1,1,2023-11-10,2023-11-10,0,4.51,4.51,1,0
619_757,22.0872,70.75961,1,1,2023-03-17,2023-03-17,0,7.65,7.65,1,0
61_1409,20.20612,73.13345,1,1,2023-04-04,2023-04-04,0,1.65,1.65,1,0
61_1446,20.20691,73.26835,1,1,2023-04-20,2023-04-20,0,5.47,5.47,1,0
61_1475,20.20631,73.37522,1,1,2023-04-11,2023-04-11,0,12.4,12.4,1,0
61_1511,20.20878,73.50596,1,1,2023-05-03,2023-05-03,0,3.39,3.39,1,0
620_1253,22.08868,72.56391,1,1,2023-04-06,2023-04-06,0,13.54,13.54,1,0
620_1258,22.09116,72.58369,1,1,2023-04-08,2023-04-08,0,0.56,0.56,0,1
620_1369,22.08978,72.98779,1,1,2023-12-05,2023-12-05,0,5.43,5.43,1,0
620_1628,22.08982,73.93201,1,1,2023-03-10,2023-03-10,0,3.8,3.8,1,0
620_688,22.08994,70.50623,1,1,2023-11-10,2023-11-10,0,8.38,8.38,1,0
621_1139,22.09375,72.14954,1,1,2023-03-16,2023-03-16,0,3.12,3.12,1,0
621_1258,22.09232,72.58268,1,1,2023-04-08,2023-04-08,0,0.98,0.98,0,1
621_1292,22.09499,72.70741,1,1,2023-04-01,2023-04-01,0,9.76,9.76,1,0
621_1306,22.0942,72.75779,1,1,2023-03-29,2023-03-29,0,3.22,3.22,1,0
621_1316,22.09196,72.79368,1,1,2023-04-16,2023-04-16,0,5.75,5.75,1,0
621_1379,22.09386,73.02606,1,1,2023-03-24,2023-03-24,0,3.08,3.08,1,0
621_1404,22.09387,73.11505,1,1,2023-01-02,2023-01-02,0,4.48,4.48,1,0
621_1416,22.0936,73.15962,1,1,2023-03-11,2023-03-11,0,2.2,2.2,1,0
621_691,22.09199,70.51849,1,1,2023-11-10,2023-11-10,0,3.3,3.3,1,0
621_724,22.09355,70.64008,1,1,2023-03-17,2023-03-17,0,5.55,5.55,1,0
621_725,22.09203,70.64348,1,1,2023-03-17,2023-03-17,0,7.53,7.53,1,0
622_1139,22.09666,72.14877,1,1,2023-03-16,2023-03-16,0,3.67,3.67,1,0
622_1247,22.09786,72.54313,1,1,2023-01-09,2023-01-09,0,5.85,5.85,1,0
622_1254,22.09622,72.57086,1,1,2023-02-08,2023-02-08,0,4.0,4.0,1,0
622_1271,22.09774,72.63123,1,1,2023-01-06,2023-01-06,0,1.0,1.0,0,1
622_1272,22.09818,72.63342,1,1,2023-04-03,2023-04-03,0,3.54,3.54,1,0
622_1292,22.09726,72.70829,1,1,2023-04-08,2023-04-08,0,3.43,3.43,1,0
623_1272,22.09946,72.63445,1,1,2023-04-03,2023-04-03,0,3.29,3.29,1,0
623_1290,22.09986,72.70128,1,1,2023-04-26,2023-04-26,0,8.04,8.04,1,0
623_1291,22.10149,72.70475,1,1,2023-04-08,2023-04-08,0,4.43,4.43,1,0
623_1424,22.09875,73.18909,1,1,2023-03-27,2023-03-27,0,1.71,1.71,1,0
623_351,22.09984,69.279955,2,1,2023-03-28,2023-03-28,0,3.9450000000000003,4.21,2,0
623_355,22.10045,69.29619,1,1,2023-04-06,2023-04-06,0,5.74,5.74,1,0
623_606,22.10124,70.20728,1,1,2023-03-13,2023-03-13,0,4.16,4.16,1,0
624_1001,22.10451,71.64672,1,1,2023-04-02,2023-04-02,0,5.81,5.81,1,0
624_1292,22.10354,72.70663,1,1,2023-04-08,2023-04-08,0,4.55,4.55,1,0
624_1330,22.10479,72.84705,1,1,2023-04-04,2023-04-04,0,2.82,2.82,1,0
624_1480,22.10491,73.39065,1,1,2023-04-26,2023-04-26,0,6.75,6.75,1,0
625_1001,22.10696,71.64622,1,1,2023-04-02,2023-04-02,0,6.93,6.93,1,0
625_1524,22.10791,73.55429,1,1,2023-06-08,2023-06-08,0,6.66,6.66,1,0
625_1582,22.10839,73.76546,1,1,2023-04-04,2023-04-04,0,2.02,2.02,1,0
625_1615,22.10689,73.8856,1,1,2023-03-22,2023-03-22,0,6.14,6.14,1,0
625_1616,22.10878,73.88712,1,1,2023-03-22,2023-03-22,0,8.1,8.1,1,0
625_1617,22.10788,73.89047,1,1,2023-03-22,2023-03-22,0,4.44,4.44,1,0
625_376,22.10678,69.36978,1,1,2023-03-24,2023-03-24,0,9.71,9.71,1,0
626_1000,22.11009,71.64532,1,1,2023-04-02,2023-04-02,0,1.95,1.95,1,0
626_1362,22.11064,72.96372,1,1,2023-05-29,2023-05-29,0,0.82,0.82,0,1
626_1484,22.11121,73.40781,1,1,2023-02-05,2023-02-05,0,13.68,13.68,1,0
626_482,22.1098,69.75851,1,1,2023-01-02,2023-01-02,0,1.39,1.39,1,0
626_603,22.11113,70.19772,1,1,2023-03-26,2023-03-26,0,17.83,17.83,1,0
626_688,22.11059,70.50784,1,1,2023-03-03,2023-03-03,0,11.64,11.64,1,0
626_717,22.11195,70.61463,1,1,2023-01-26,2023-01-26,0,0.61,0.61,0,1
626_839,22.11144,71.05862,1,1,2023-03-04,2023-03-04,0,3.26,3.26,1,0
627_1021,22.11439,71.7215,1,1,2023-04-02,2023-04-02,0,3.57,3.57,1,0
627_1099,22.11372,72.00418,1,1,2023-04-05,2023-04-05,0,25.78,25.78,1,0
627_1140,22.11443,72.15257,1,1,2023-04-27,2023-04-27,0,10.73,10.73,1,0
627_1142,22.11265,72.16064,1,1,2023-10-23,2023-10-23,0,6.67,6.67,1,0
627_1273,22.11222,72.63734,1,1,2023-05-06,2023-05-06,0,10.04,10.04,1,0
627_1378,22.11446,73.02148,1,1,2023-05-18,2023-05-18,0,0.53,0.53,0,1
627_1433,22.11332,73.21969,1,1,2023-05-24,2023-05-24,0,3.09,3.09,1,0
627_1617,22.11375,73.89253,1,1,2023-03-20,2023-03-20,0,4.12,4.12,1,0
627_1618,22.11431,73.89655,1,1,2023-03-20,2023-03-20,0,3.18,3.18,1,0
627_832,22.1152,71.03398,1,1,2023-01-26,2023-01-26,0,1.47,1.47,1,0
628_1139,22.117235,72.15042,2,2,2023-04-05,2023-04-27,22,6.67,13.16,1,1
628_1140,22.116215,72.15286,2,1,2023-04-05,2023-04-05,0,3.26,6.34,1,1
628_1145,22.11633,72.17326,1,1,2023-05-27,2023-05-27,0,9.78,9.78,1,0
628_1255,22.11647,72.57441,1,1,2023-05-23,2023-05-23,0,12.93,12.93,1,0
628_1257,22.11596,72.58195,1,1,2023-06-06,2023-06-06,0,4.55,4.55,1,0
628_1264,22.11869,72.60552,1,1,2023-03-03,2023-03-03,0,5.41,5.41,1,0
628_1398,22.11809,73.09324000000001,2,2,2023-04-21,2023-06-23,63,3.0949999999999998,3.41,2,0
628_648,22.11696,70.3626,1,1,2023-06-01,2023-06-01,0,6.83,6.83,1,0
629_1250,22.1194,72.55414,1,1,2023-04-18,2023-04-18,0,5.36,5.36,1,0
629_1257,22.12067,72.58086,1,1,2023-06-04,2023-06-04,0,10.22,10.22,1,0
629_1258,22.11907,72.582655,2,2,2023-06-04,2023-06-06,2,4.95,6.38,2,0
629_1398,22.12008,73.0926,1,1,2023-06-23,2023-06-23,0,3.01,3.01,1,0
629_1501,22.11949,73.46873,1,1,2023-05-30,2023-05-30,0,2.33,2.33,1,0
629_1610,22.12172,73.8651,1,1,2023-03-06,2023-03-06,0,7.51,7.51,1,0
629_1612,22.11929,73.87334,1,1,2023-03-06,2023-03-06,0,2.89,2.89,0,1
629_1684,22.12099,74.1366,1,1,2023-03-22,2023-03-22,0,5.86,5.86,1,0
62_1320,20.210549999999998,72.810385,2,2,2023-05-01,2023-10-11,163,0.5800000000000001,0.67,0,2
62_1321,20.21081666666667,72.81296666666667,3,2,2023-10-18,2023-12-24,67,0.7333333333333333,1.14,0,3
62_1373,20.21024,73.00385,1,1,2023-05-20,2023-05-20,0,1.88,1.88,0,1
630_1108,22.1249,72.03915,1,1,2023-04-14,2023-04-14,0,20.23,20.23,1,0
630_1141,22.12485,72.15923,1,1,2023-01-06,2023-01-06,0,7.24,7.24,1,0
630_1254,22.12311,72.5699,1,1,2023-03-29,2023-03-29,0,4.58,4.58,1,0
630_1255,22.12344,72.57318,1,1,2023-03-29,2023-03-29,0,13.32,13.32,1,0
630_1256,22.12377,72.57647,1,1,2023-03-29,2023-03-29,0,13.32,13.32,1,0
630_1257,22.123795,72.58085,2,1,2023-06-04,2023-06-04,0,3.72,4.53,2,0
630_1258,22.12234,72.58395,1,1,2023-06-23,2023-06-23,0,10.6,10.6,1,0
630_1288,22.12337,72.69443,1,1,2023-06-01,2023-06-01,0,8.78,8.78,1,0
630_1310,22.12255,72.77267,1,1,2023-05-20,2023-05-20,0,4.72,4.72,1,0
630_1397,22.12392,73.09188,1,1,2023-04-09,2023-04-09,0,5.88,5.88,1,0
630_1462,22.12554,73.32732,1,1,2023-05-06,2023-05-06,0,4.14,4.14,1,0
630_1554,22.1246,73.66349,1,1,2023-11-16,2023-11-16,0,4.46,4.46,1,0
630_512,22.12502,69.86535,1,1,2023-01-29,2023-01-29,0,3.73,3.73,1,0
630_964,22.12489,71.51274,1,1,2023-04-25,2023-04-25,0,9.31,9.31,1,0
631_1108,22.12568,72.03872,1,1,2023-04-14,2023-04-14,0,16.21,16.21,1,0
631_1148,22.12831,72.18196,1,1,2023-04-05,2023-04-05,0,0.28,0.28,0,1
631_1257,22.12798,72.58133,1,1,2023-06-01,2023-06-01,0,12.2,12.2,1,0
631_1307,22.12744,72.76368,1,1,2023-02-13,2023-02-13,0,0.23,0.23,0,1
631_1308,22.127775,72.76648499999999,4,4,2023-04-14,2023-12-22,252,0.45999999999999996,0.85,0,4
631_1436,22.12748,73.23091,1,1,2023-06-06,2023-06-06,0,2.11,2.11,1,0
631_1554,22.12806,73.66283,1,1,2023-11-16,2023-11-16,0,4.46,4.46,1,0
631_1608,22.12587,73.86005,1,1,2023-02-10,2023-02-10,0,3.96,3.96,1,0
631_378,22.12878,69.37897,1,1,2023-03-18,2023-03-18,0,5.47,5.47,1,0
631_503,22.12742,69.83241,1,1,2023-02-19,2023-02-19,0,2.87,2.87,1,0
631_511,22.12881,69.86408,1,1,2023-01-22,2023-01-22,0,3.18,3.18,1,0
631_616,22.12609,70.24703,1,1,2023-05-02,2023-05-02,0,1.69,1.69,1,0
631_720,22.12714,70.6254,1,1,2023-03-13,2023-03-13,0,3.19,3.19,1,0
632_1160,22.13051,72.22689,1,1,2023-05-28,2023-05-28,0,8.81,8.81,1,0
632_1161,22.13106,72.23098,1,1,2023-05-28,2023-05-28,0,9.37,9.37,1,0
632_1253,22.132155,72.56496999999999,2,2,2023-03-11,2023-06-13,94,6.13,7.3,2,0
632_1256,22.13052,72.57678,1,1,2023-05-06,2023-05-06,0,13.79,13.79,1,0
632_1289,22.13211,72.69746,1,1,2023-04-11,2023-04-11,0,7.41,7.41,1,0
632_1299,22.131,72.73315,1,1,2023-06-08,2023-06-08,0,10.69,10.69,1,0
632_1307,22.13003,72.76324,1,1,2023-02-13,2023-02-13,0,0.21,0.21,0,1
632_1308,22.12971,72.76483,3,3,2023-09-02,2023-12-16,105,0.3833333333333333,0.47,0,3
632_1309,22.13017,72.76786,1,1,2023-09-11,2023-09-11,0,0.35,0.35,0,1
632_1379,22.13019,73.02283,1,1,2023-04-20,2023-04-20,0,1.18,1.18,0,1
632_1381,22.12906,73.03231,1,1,2023-04-26,2023-04-26,0,2.26,2.26,1,0
632_1412,22.13019,73.1447,1,1,2023-05-13,2023-05-13,0,6.15,6.15,1,0
632_1455,22.13158,73.300835,2,2,2023-04-06,2023-06-08,63,4.135,4.79,2,0
632_1555,22.131,73.66679,1,1,2023-06-01,2023-06-01,0,2.28,2.28,1,0
632_1608,22.12938,73.85841,1,1,2023-02-10,2023-02-10,0,1.82,1.82,0,1
632_1610,22.13148,73.86652,1,1,2023-02-11,2023-02-11,0,3.0,3.0,1,0
632_512,22.12995,69.86568,1,1,2023-01-22,2023-01-22,0,2.74,2.74,1,0
633_1159,22.13342,72.22226,1,1,2023-05-28,2023-05-28,0,6.64,6.64,1,0
633_1160,22.13397,72.22635,1,1,2023-05-28,2023-05-28,0,6.64,6.64,1,0
633_1161,22.13453,72.23043,1,1,2023-05-28,2023-05-28,0,7.54,7.54,1,0
633_1299,22.13436,72.7326,1,1,2023-06-08,2023-06-08,0,10.69,10.69,1,0
633_1607,22.13503,73.85599,1,1,2023-03-06,2023-03-06,0,2.96,2.96,0,1
633_1609,22.134030000000003,73.86378500000001,2,2,2023-03-07,2023-03-08,1,2.73,3.33,1,1
633_331,22.13512,69.20639,1,1,2023-04-13,2023-04-13,0,1.76,1.76,1,0
633_564,22.1355,70.05687,1,1,2023-02-18,2023-02-18,0,1.19,1.19,1,0
633_614,22.13311,70.23813,1,1,2023-12-12,2023-12-12,0,1.01,1.01,1,0
634_1160,22.13744,72.2258,1,1,2023-05-28,2023-05-28,0,6.64,6.64,1,0
634_1161,22.13799,72.22989,1,1,2023-05-28,2023-05-28,0,7.54,7.54,1,0
634_1162,22.13855,72.23399,1,1,2023-05-28,2023-05-28,0,7.54,7.54,1,0
634_1253,22.13638,72.56419,1,1,2023-03-11,2023-03-11,0,4.96,4.96,1,0
634_1254,22.13727,72.56873,1,1,2023-03-11,2023-03-11,0,4.96,4.96,1,0
634_1399,22.13802,73.09718,1,1,2023-04-11,2023-04-11,0,1.63,1.63,1,0
634_1403,22.13673,73.11102,1,1,2023-05-18,2023-05-18,0,3.38,3.38,1,0
634_1609,22.1368,73.86194,1,1,2023-03-07,2023-03-07,0,3.87,3.87,1,0
634_331,22.13781,69.20732,1,1,2023-04-13,2023-04-13,0,3.09,3.09,1,0
634_614,22.1366,70.23744,1,1,2023-12-12,2023-12-12,0,4.68,4.68,1,0
635_1067,22.14024,71.88666,1,1,2023-04-11,2023-04-11,0,8.11,8.11,1,0
635_1142,22.14065,72.16176,1,1,2023-04-02,2023-04-02,0,4.26,4.26,1,0
635_1145,22.14108,72.17104,1,1,2023-03-03,2023-03-03,0,2.1,2.1,1,0
635_1148,22.14149,72.18428,1,1,2023-03-25,2023-03-25,0,7.36,7.36,1,0
635_1160,22.1409,72.22526,1,1,2023-05-28,2023-05-28,0,8.42,8.42,1,0
635_1161,22.14146,72.22935,1,1,2023-05-28,2023-05-28,0,5.97,5.97,1,0
635_1162,22.14202,72.23344,1,1,2023-05-28,2023-05-28,0,5.97,5.97,1,0
635_1402,22.14083,73.10928,1,1,2023-06-10,2023-06-10,0,4.08,4.08,1,0
635_1480,22.14038,73.39281,1,1,2023-11-09,2023-11-09,0,0.41,0.41,0,1
635_1610,22.13923,73.86578,1,1,2023-03-08,2023-03-08,0,2.13,2.13,0,1
635_695,22.14099,70.53437,1,1,2023-11-10,2023-11-10,0,6.48,6.48,1,0
635_754,22.13915,70.74888,1,1,2023-02-24,2023-02-24,0,5.65,5.65,1,0
636_1065,22.14315,71.881,2,1,2023-03-22,2023-03-22,0,2.565,3.44,2,0
636_1142,22.14472,72.16287,1,1,2023-04-02,2023-04-02,0,9.67,9.67,1,0
636_1143,22.14501,72.16496,1,1,2023-04-02,2023-04-02,0,5.84,5.84,1,0
636_1161,22.14493,72.22881,1,1,2023-05-28,2023-05-28,0,5.97,5.97,1,0
636_1162,22.14548,72.23289,1,1,2023-05-28,2023-05-28,0,5.97,5.97,1,0
636_1163,22.14257,72.23753,1,1,2023-05-28,2023-05-28,0,5.06,5.06,1,0
636_1164,22.14313,72.24162,1,1,2023-05-28,2023-05-28,0,5.06,5.06,1,0
636_1165,22.14369,72.24571,1,1,2023-05-28,2023-05-28,0,5.48,5.48,1,0
636_1166,22.14424,72.2498,1,1,2023-05-28,2023-05-28,0,5.48,5.48,1,0
636_1296,22.14537,72.72189,1,1,2023-12-23,2023-12-23,0,3.4,3.4,1,0
636_1297,22.14478,72.72576,1,1,2023-01-05,2023-01-05,0,6.53,6.53,1,0
636_1359,22.14313,72.9513,1,1,2023-04-25,2023-04-25,0,3.18,3.18,1,0
637_1062,22.14731,71.86885,1,1,2023-03-25,2023-03-25,0,4.7,4.7,1,0
637_1144,22.14774,72.16794,1,1,2023-04-02,2023-04-02,0,3.38,3.38,1,0
637_1153,22.14776,72.20205,1,1,2023-04-17,2023-04-17,0,6.51,6.51,0,1
637_1154,22.14729,72.20595,1,1,2023-04-17,2023-04-17,0,1.87,1.87,0,1
637_1162,22.14895,72.23235,1,1,2023-05-28,2023-05-28,0,4.89,4.89,1,0
637_1163,22.14604,72.23698,1,1,2023-05-28,2023-05-28,0,5.06,5.06,1,0
637_1164,22.1466,72.24107,1,1,2023-05-28,2023-05-28,0,5.06,5.06,1,0
637_1165,22.14715,72.24516,1,1,2023-05-28,2023-05-28,0,5.48,5.48,1,0
637_1166,22.14771,72.24925,1,1,2023-05-28,2023-05-28,0,5.48,5.48,1,0
637_1274,22.14635,72.64057,1,1,2023-01-21,2023-01-21,0,2.28,2.28,1,0
637_1297,22.147095,72.72547,2,2,2023-01-05,2023-12-23,352,6.425000000000001,6.53,2,0
637_1298,22.14882,72.72904,1,1,2023-01-05,2023-01-05,0,13.94,13.94,1,0
637_1424,22.14828,73.18837,1,1,2023-10-18,2023-10-18,0,1.26,1.26,1,0
638_1153,22.15184,72.20264,1,1,2023-04-17,2023-04-17,0,6.51,6.51,0,1
638_1154,22.15138,72.20653,1,1,2023-04-17,2023-04-17,0,1.87,1.87,0,1
638_1161,22.15242,72.23179,1,1,2023-05-28,2023-05-28,0,4.89,4.89,1,0
638_1163,22.14951,72.23643,1,1,2023-05-28,2023-05-28,0,5.79,5.79,1,0
638_1164,22.15006,72.24052,1,1,2023-05-28,2023-05-28,0,5.79,5.79,1,0
638_1165,22.15062,72.24462,1,1,2023-05-28,2023-05-28,0,6.17,6.17,1,0
638_1166,22.15118,72.24872,1,1,2023-05-28,2023-05-28,0,6.17,6.17,1,0
638_1167,22.15174,72.25281,1,1,2023-05-28,2023-05-28,0,6.19,6.19,1,0
638_1297,22.15024,72.72486333333333,3,3,2023-01-05,2023-12-23,352,6.803333333333333,8.87,3,0
638_1298,22.15088,72.72877666666666,3,3,2023-01-05,2023-12-23,352,7.053333333333333,9.62,3,0
638_1503,22.14944,73.47475,1,1,2023-10-31,2023-10-31,0,3.08,3.08,1,0
639_1162,22.15297,72.23589,1,1,2023-05-28,2023-05-28,0,5.79,5.79,1,0
639_1164,22.15353,72.23998,1,1,2023-05-28,2023-05-28,0,5.79,5.79,1,0
639_1165,22.15409,72.24407,1,1,2023-05-28,2023-05-28,0,6.17,6.17,1,0
639_1166,22.15465,72.24817,1,1,2023-05-28,2023-05-28,0,6.17,6.17,1,0
639_1167,22.15521,72.25226,1,1,2023-05-28,2023-05-28,0,6.19,6.19,1,0
639_1250,22.15471,72.55404,1,1,2023-01-15,2023-01-15,0,1.09,1.09,1,0
639_1297,22.1528,72.72455,1,1,2023-12-23,2023-12-23,0,4.97,4.97,1,0
639_1390,22.15259,73.06406,1,1,2023-04-24,2023-04-24,0,7.21,7.21,1,0
639_1432,22.15305,73.21587,1,1,2023-06-15,2023-06-15,0,3.28,3.28,1,0
639_1502,22.1556,73.47192,1,1,2023-11-05,2023-11-05,0,1.63,1.63,1,0
639_1552,22.15496,73.65515,1,1,2023-04-22,2023-04-22,0,2.91,2.91,1,0
639_1560,22.15589,73.68468,1,1,2023-05-21,2023-05-21,0,3.41,3.41,1,0
639_753,22.15367,70.74538,1,1,2023-06-04,2023-06-04,0,10.78,10.78,1,0
639_991,22.15402,71.61195,1,1,2023-04-09,2023-04-09,0,6.8,6.8,1,0
63_1321,20.213365,72.81217000000001,2,2,2023-12-22,2023-12-26,4,0.61,1.02,0,2
63_1562,20.21437,73.69164,1,1,2023-06-01,2023-06-01,0,1.19,1.19,1,0
63_1605,20.21522,73.8483,1,1,2023-04-21,2023-04-21,0,4.75,4.75,1,0
640_1113,22.158285,72.05448,2,1,2023-04-03,2023-04-03,0,8.705,13.97,2,0
640_1114,22.15798,72.05846,1,1,2023-04-03,2023-04-03,0,8.1,8.1,1,0
640_1162,22.15644,72.23534,1,1,2023-05-28,2023-05-28,0,4.85,4.85,1,0
640_1163,22.157,72.23943,1,1,2023-05-28,2023-05-28,0,4.85,4.85,1,0
640_1165,22.15756,72.24353,1,1,2023-05-28,2023-05-28,0,4.49,4.49,1,0
640_1166,22.15812,72.24763,1,1,2023-05-28,2023-05-28,0,4.49,4.49,1,0
640_1264,22.15923,72.605,1,1,2023-05-02,2023-05-02,0,8.08,8.08,1,0
640_1302,22.15817,72.74342,1,1,2023-01-05,2023-01-05,0,3.03,3.03,1,0
640_1448,22.15761,73.27671,1,1,2023-04-21,2023-04-21,0,3.33,3.33,1,0
640_1478,22.1565,73.38395,1,1,2023-11-16,2023-11-16,0,1.18,1.18,1,0
640_1483,22.15641,73.4024,1,1,2023-03-27,2023-03-27,0,4.18,4.18,1,0
640_1498,22.15837,73.4592,1,1,2023-06-02,2023-06-02,0,6.69,6.69,1,0
640_846,22.15763,71.08434,1,1,2023-03-25,2023-03-25,0,1.87,1.87,1,0
641_1162,22.15991,72.23479,1,1,2023-05-28,2023-05-28,0,4.85,4.85,1,0
641_1257,22.15955,72.57994,1,1,2023-04-14,2023-04-14,0,13.9,13.9,1,0
641_1302,22.160233333333334,72.74317,3,3,2023-01-05,2023-12-23,352,4.7,7.17,3,0
641_1303,22.16129,72.746905,2,2,2023-01-05,2023-01-21,16,6.255,7.17,2,0
641_1471,22.16169,73.35939,1,1,2023-06-03,2023-06-03,0,9.78,9.78,1,0
641_1497,22.16155,73.45469,1,1,2023-05-31,2023-05-31,0,1.77,1.77,1,0
641_1541,22.16155,73.61469,1,1,2023-06-05,2023-06-05,0,3.73,3.73,1,0
641_1603,22.16136,73.84054,1,1,2023-03-11,2023-03-11,0,3.54,3.54,1,0
641_1604,22.1621,73.84454,1,1,2023-03-11,2023-03-11,0,3.54,3.54,1,0
641_635,22.16146,70.31448,1,1,2023-04-18,2023-04-18,0,6.82,6.82,1,0
641_637,22.16189,70.32046,1,1,2023-04-18,2023-04-18,0,10.97,10.97,1,0
641_688,22.16159,70.50642,1,1,2023-02-09,2023-02-09,0,1.42,1.42,0,1
642_1111,22.16318,72.04929,1,1,2023-04-08,2023-04-08,0,7.17,7.17,1,0
642_1113,22.16317,72.054125,2,1,2023-04-03,2023-04-03,0,3.645,5.04,2,0
642_1168,22.1627,72.25526,1,1,2023-05-28,2023-05-28,0,8.57,8.57,1,0
642_1289,22.16506,72.69598,1,1,2023-05-21,2023-05-21,0,13.84,13.84,1,0
642_1302,22.16313,72.74256,1,1,2023-01-21,2023-01-21,0,5.33,5.33,1,0
642_1303,22.16377,72.74648,1,1,2023-01-21,2023-01-21,0,5.33,5.33,1,0
642_1408,22.16398,73.12884,1,1,2023-05-14,2023-05-14,0,9.26,9.26,1,0
642_1409,22.16302,73.13324,1,1,2023-02-22,2023-02-22,0,1.75,1.75,1,0
642_1453,22.16492,73.29237,1,1,2023-05-21,2023-05-21,0,1.31,1.31,1,0
642_1498,22.16351,73.4566,1,1,2023-05-31,2023-05-31,0,2.07,2.07,1,0
642_340,22.16322,69.23896,1,1,2023-02-13,2023-02-13,0,3.5,3.5,1,0
642_471,22.16495,69.71878,1,1,2023-04-02,2023-04-02,0,2.02,2.02,1,0
642_573,22.16575,70.08956,1,1,2023-06-04,2023-06-04,0,18.43,18.43,1,0
642_636,22.16432,70.31774,1,1,2023-04-18,2023-04-18,0,20.86,20.86,1,0
643_1467,22.16627,73.3462,1,1,2023-03-02,2023-03-02,0,3.17,3.17,1,0
643_1478,22.16702,73.38615,1,1,2023-02-25,2023-02-25,0,1.72,1.72,1,0
643_1782,22.16655,74.49084,1,1,2023-02-20,2023-02-20,0,2.76,2.76,1,0
643_635,22.16809,70.31405,1,1,2023-04-18,2023-04-18,0,6.86,6.86,1,0
643_636,22.16853,70.32008,1,1,2023-04-18,2023-04-18,0,9.49,9.49,1,0
644_1127,22.17207,72.1049,1,1,2023-04-24,2023-04-24,0,7.7,7.7,1,0
644_1423,22.17173,73.1862,1,1,2023-10-24,2023-10-24,0,4.24,4.24,1,0
644_1488,22.1725,73.4212,1,1,2023-05-27,2023-05-27,0,2.77,2.77,1,0
644_1606,22.17185,73.84998,1,1,2023-05-18,2023-05-18,0,9.94,9.94,1,0
644_1612,22.1725,73.87154,1,1,2023-03-27,2023-03-27,0,1.29,1.29,0,1
644_1621,22.1707,73.90655,1,1,2023-02-25,2023-02-25,0,1.75,1.75,1,0
644_387,22.17066,69.41171,1,1,2023-03-17,2023-03-17,0,1.88,1.88,1,0
644_540,22.17218,69.96887,1,1,2023-01-25,2023-01-25,0,1.71,1.71,1,0
644_643,22.17043,70.34306,1,1,2023-01-20,2023-01-20,0,2.11,2.11,1,0
644_722,22.17182,70.6333,1,1,2023-03-17,2023-03-17,0,3.78,3.78,1,0
645_1041,22.17558,71.79315,1,1,2023-03-27,2023-03-27,0,7.66,7.66,1,0
645_1110,22.17572,72.04308,1,1,2023-01-22,2023-01-22,0,10.49,10.49,1,0
645_1592,22.17283,73.79951,1,1,2023-05-26,2023-05-26,0,4.57,4.57,1,0
645_1596,22.17339,73.81379,1,1,2023-04-15,2023-04-15,0,8.51,8.51,1,0
645_1597,22.17385,73.8177,1,1,2023-04-15,2023-04-15,0,15.12,15.12,1,0
645_1600,22.17561,73.82822,1,1,2023-11-07,2023-11-07,0,6.07,6.07,1,0
645_1604,22.17464,73.8457,1,1,2023-05-18,2023-05-18,0,8.12,8.12,1,0
645_1608,22.17335,73.85911,1,1,2023-03-28,2023-03-28,0,2.41,2.41,1,0
645_1609,22.173785000000002,73.86330000000001,2,2,2023-03-27,2023-03-28,1,1.895,2.43,1,1
645_1613,22.17437,73.87581,1,1,2023-03-04,2023-03-04,0,3.84,3.84,1,0
645_1614,22.17494,73.87992,1,1,2023-03-04,2023-03-04,0,3.84,3.84,1,0
645_1650,22.17553,74.01313,1,1,2023-05-25,2023-05-25,0,3.55,3.55,1,0
645_563,22.17378,70.05282,1,1,2023-03-25,2023-03-25,0,5.13,5.13,1,0
645_722,22.17575,70.63318,1,1,2023-03-17,2023-03-17,0,2.75,2.75,1,0
646_1040,22.17638,71.79066,1,1,2023-03-27,2023-03-27,0,14.42,14.42,1,0
646_1313,22.17816,72.7832,1,1,2023-05-11,2023-05-11,0,8.67,8.67,0,1
646_1596,22.17647,73.81371,1,1,2023-04-16,2023-04-16,0,11.18,11.18,1,0
646_1614,22.17841,73.87932,1,1,2023-03-04,2023-03-04,0,3.84,3.84,1,0
646_1632,22.17905,73.94657,1,1,2023-04-04,2023-04-04,0,4.2,4.2,1,0
646_563,22.17709,70.05225,1,1,2023-03-25,2023-03-25,0,3.44,3.44,1,0
646_593,22.17822,70.16187,1,1,2023-11-03,2023-11-03,0,3.06,3.06,1,0
646_736,22.17767,70.6825,1,1,2023-04-14,2023-04-14,0,20.34,20.34,1,0
647_1041,22.18013,71.7921,1,1,2023-03-27,2023-03-27,0,7.87,7.87,1,0
647_1427,22.18103,73.20092,1,1,2023-04-03,2023-04-03,0,4.04,4.04,1,0
647_1455,22.18147,73.30096,1,1,2023-04-22,2023-04-22,0,4.93,4.93,1,0
647_1465,22.18185,73.33801,1,1,2023-05-11,2023-05-11,0,14.08,14.08,1,0
647_1596,22.17979,73.81314,1,1,2023-04-16,2023-04-16,0,10.22,10.22,1,0
647_1618,22.18,73.89599,1,1,2023-03-11,2023-03-11,0,2.48,2.48,1,0
647_1768,22.1812,74.44096,1,1,2023-04-03,2023-04-03,0,5.39,5.39,1,0
647_1769,22.181165,74.44521499999999,2,1,2023-04-03,2023-04-03,0,5.445,7.0,2,0
647_1771,22.18054,74.45321,1,1,2023-03-24,2023-03-24,0,2.46,2.46,1,0
647_538,22.18067,69.96157,1,1,2023-11-15,2023-11-15,0,3.59,3.59,1,0
648_1100,22.18324,72.00703,1,1,2023-01-05,2023-01-05,0,2.63,2.63,1,0
648_1295,22.1843,72.71894,1,1,2023-05-11,2023-05-11,0,23.82,23.82,1,0
648_1322,22.18414,72.81846,1,1,2023-04-21,2023-04-21,0,10.26,10.26,1,0
648_1768,22.18614,74.44283,1,1,2023-04-03,2023-04-03,0,3.89,3.89,1,0
648_779,22.18581,70.8397,1,1,2023-03-19,2023-03-19,0,9.28,9.28,1,0
648_831,22.18536,71.02822,1,1,2023-04-18,2023-04-18,0,0.85,0.85,0,1
649_1088,22.18727,71.964,1,1,2023-05-09,2023-05-09,0,3.34,3.34,1,0
649_1321,22.18833,72.81354,2,2,2023-03-25,2023-05-29,65,9.17,9.17,2,0
649_1323,22.18806,72.82175,1,1,2023-04-21,2023-04-21,0,7.01,7.01,1,0
649_1347,22.18798,72.90804,1,1,2023-03-09,2023-03-09,0,2.94,2.94,1,0
649_1408,22.18642,73.12979,1,1,2023-06-01,2023-06-01,0,3.5,3.5,1,0
649_1410,22.1883,73.13629,1,1,2023-03-31,2023-03-31,0,4.6,4.6,1,0
649_1417,22.1882,73.16135,1,1,2023-03-04,2023-03-04,0,20.64,20.64,1,0
649_1442,22.18852,73.25364,1,1,2023-05-24,2023-05-24,0,0.48,0.48,0,1
649_580,22.18806,70.11546,1,1,2023-12-09,2023-12-09,0,3.04,3.04,1,0
649_831,22.18825,71.02898,1,1,2023-04-18,2023-04-18,0,0.99,0.99,0,1
649_845,22.18674,71.07816,1,1,2023-03-13,2023-03-13,0,3.78,3.78,1,0
64_1494,20.21712,73.44296,1,1,2023-05-08,2023-05-08,0,3.41,3.41,1,0
64_1612,20.21755,73.87278,1,1,2023-01-21,2023-01-21,0,2.25,2.25,1,0
650_1087,22.19226,71.96279,1,1,2023-05-09,2023-05-09,0,3.34,3.34,1,0
650_1112,22.1902,72.05066,1,1,2023-03-27,2023-03-27,0,7.78,7.78,1,0
650_1323,22.19142,72.82121,1,1,2023-04-21,2023-04-21,0,7.01,7.01,1,0
650_1407,22.19095,73.12712,1,1,2023-02-10,2023-02-10,0,3.53,3.53,1,0
650_1408,22.19188,73.1284,1,1,2023-02-10,2023-02-10,0,4.04,4.04,1,0
650_1421,22.19058,73.17831,1,1,2023-04-20,2023-04-20,0,9.41,9.41,1,0
650_1455,22.19133,73.30235,1,1,2023-06-08,2023-06-08,0,3.54,3.54,1,0
650_1484,22.1901,73.40855,1,1,2023-04-15,2023-04-15,0,9.11,9.11,1,0
650_1505,22.19253,73.4836,1,1,2023-11-22,2023-11-22,0,2.16,2.16,1,0
650_1758,22.19081,74.40573,2,1,2023-04-15,2023-04-15,0,12.725,13.91,2,0
650_535,22.19193,69.95218,1,1,2023-02-27,2023-02-27,0,3.3,3.3,1,0
650_653,22.19208,70.38113,1,1,2023-04-01,2023-04-01,0,7.12,7.12,1,0
651_1089,22.19307,71.9696,1,1,2023-05-20,2023-05-20,0,1.06,1.06,1,0
651_1097,22.19573,71.99712,1,1,2023-04-08,2023-04-08,0,6.04,6.04,1,0
651_1098,22.19614,72.002,1,1,2023-04-08,2023-04-08,0,6.97,6.97,1,0
651_1322,22.19424,72.81679,1,1,2023-04-21,2023-04-21,0,11.21,11.21,1,0
651_1323,22.19539,72.81905,1,1,2023-03-04,2023-03-04,0,5.05,5.05,1,0
651_1420,22.19371,73.17527,1,1,2023-05-06,2023-05-06,0,4.6,4.6,1,0
651_1438,22.19371,73.23762,1,1,2023-05-21,2023-05-21,0,3.1,3.1,1,0
651_1448,22.19581,73.27597,1,1,2023-04-05,2023-04-05,0,4.29,4.29,1,0
651_1505,22.19458,73.48319,1,1,2023-11-22,2023-11-22,0,1.64,1.64,1,0
651_1757,22.19488,74.40034,1,1,2023-04-21,2023-04-21,0,15.89,15.89,1,0
651_1759,22.19579,74.41006,1,1,2023-03-20,2023-03-20,0,16.97,16.97,1,0
651_407,22.1944,69.48384,1,1,2023-04-01,2023-04-01,0,5.07,5.07,1,0
651_580,22.19405,70.11493,1,1,2023-12-09,2023-12-09,0,7.83,7.83,1,0
651_661,22.19597,70.40955,1,1,2023-03-27,2023-03-27,0,7.33,7.33,1,0
651_739,22.19547,70.69365,1,1,2023-04-06,2023-04-06,0,6.59,6.59,1,0
652_1033,22.19927,71.76608,1,1,2023-04-12,2023-04-12,0,2.86,2.86,1,0
652_1315,22.19752,72.79205,1,1,2023-06-23,2023-06-23,0,5.69,5.69,1,0
652_1418,22.19942,73.16553,1,1,2023-04-01,2023-04-01,0,1.28,1.28,1,0
652_1506,22.1966,73.48557,1,1,2023-05-25,2023-05-25,0,3.3,3.3,1,0
652_536,22.19889,69.95511,1,1,2023-03-20,2023-03-20,0,2.75,2.75,1,0
652_548,22.19702,69.99704,1,1,2023-01-25,2023-01-25,0,2.65,2.65,1,0
652_562,22.19743,70.04973,1,1,2023-04-02,2023-04-02,0,1.55,1.55,1,0
652_563,22.19905,70.05259,1,1,2023-04-02,2023-04-02,0,2.92,2.92,1,0
652_623,22.19744,70.2708,1,1,2023-03-27,2023-03-27,0,5.0,5.0,1,0
652_642,22.19655,70.34158,1,1,2023-05-23,2023-05-23,0,0.64,0.64,0,1
652_662,22.19658,70.41226,1,1,2023-03-27,2023-03-27,0,10.21,10.21,1,0
652_773,22.19832,70.81742,1,1,2023-04-15,2023-04-15,0,17.1,17.1,1,0
653_1046,22.20295,71.81287,1,1,2023-03-30,2023-03-30,0,11.91,11.91,1,0
653_1108,22.20137,72.03836,1,1,2023-04-19,2023-04-19,0,9.62,9.62,1,0
653_1161,22.20053,72.22902,1,1,2023-03-13,2023-03-13,0,3.31,3.31,0,1
653_1277,22.19975,72.65387,1,1,2023-05-14,2023-05-14,0,18.68,18.68,1,0
653_1371,22.20239,72.99564,1,1,2023-11-05,2023-11-05,0,1.93,1.93,1,0
653_1413,22.20148,73.14743,1,1,2023-05-14,2023-05-14,0,4.84,4.84,1,0
653_1422,22.20261,73.18232,1,1,2023-06-20,2023-06-20,0,1.18,1.18,1,0
653_1443,22.20198,73.25738,2,1,2023-04-07,2023-04-07,0,1.435,1.64,0,2
653_1456,22.20065,73.30665,1,1,2023-06-03,2023-06-03,0,3.92,3.92,1,0
653_1646,22.20275,73.99681,1,1,2023-03-11,2023-03-11,0,11.34,11.34,1,0
653_1652,22.20061,74.0182,1,1,2023-05-11,2023-05-11,0,3.85,3.85,1,0
653_1653,22.20092,74.02142,1,1,2023-05-11,2023-05-11,0,3.85,3.85,1,0
653_338,22.20122,69.23331,1,1,2023-05-10,2023-05-10,0,8.43,8.43,1,0
653_534,22.20012,69.94727,1,1,2023-03-17,2023-03-17,0,1.94,1.94,1,0
653_620,22.200615,70.25987,2,1,2023-03-28,2023-03-28,0,4.57,4.94,2,0
653_857,22.20188,71.12389,1,1,2023-03-17,2023-03-17,0,1.34,1.34,1,0
654_1161,22.20447,72.22938,1,1,2023-03-16,2023-03-16,0,2.31,2.31,1,0
654_1646,22.20326,73.99629,1,1,2023-03-11,2023-03-11,0,8.9,8.9,1,0
654_683,22.20357,70.48792,1,1,2023-05-25,2023-05-25,0,1.65,1.65,1,0
655_1367,22.2074,72.98125,1,1,2023-05-28,2023-05-28,0,2.5,2.5,1,0
655_1641,22.20955,73.97916,1,1,2023-05-27,2023-05-27,0,2.91,2.91,1,0
655_1649,22.20712,74.0084,2,1,2023-03-03,2023-03-03,0,2.27,2.7,0,2
655_1689,22.20707,74.15465,1,1,2023-03-11,2023-03-11,0,5.87,5.87,1,0
655_1691,22.2081,74.16022,1,1,2023-03-11,2023-03-11,0,5.87,5.87,1,0
655_1693,22.20751,74.16858,1,1,2023-02-27,2023-02-27,0,6.25,6.25,1,0
655_1707,22.20941,74.22078,1,1,2023-03-10,2023-03-10,0,3.21,3.21,0,1
655_1710,22.20763,74.22894,1,1,2023-03-10,2023-03-10,0,4.48,4.48,1,0
655_604,22.20833,70.20018,1,1,2023-03-19,2023-03-19,0,29.72,29.72,1,0
655_615,22.20891,70.24107,1,1,2023-03-16,2023-03-16,0,4.95,4.95,1,0
655_622,22.20722,70.26626,1,1,2023-04-01,2023-04-01,0,5.97,5.97,1,0
655_783,22.20744,70.85301,1,1,2023-04-25,2023-04-25,0,6.73,6.73,1,0
656_1022,22.211255,71.72391,2,1,2023-11-05,2023-11-05,0,1.525,1.58,2,0
656_1167,22.21312,72.25205,1,1,2023-03-03,2023-03-03,0,3.6,3.6,1,0
656_1330,22.21004,72.84535,1,1,2023-03-01,2023-03-01,0,2.19,2.19,1,0
656_1331,22.21148,72.84879,1,1,2023-06-04,2023-06-04,0,3.44,3.44,1,0
656_1647,22.21265,74.00205,1,1,2023-03-11,2023-03-11,0,3.64,3.64,1,0
656_1651,22.21173,74.01626,1,1,2023-03-06,2023-03-06,0,3.76,3.76,1,0
656_1653,22.21264,74.02087,1,1,2023-03-06,2023-03-06,0,4.05,4.05,1,0
656_1689,22.21101,74.15375,1,1,2023-03-11,2023-03-11,0,5.87,5.87,1,0
656_1694,22.21049,74.17177,1,1,2023-03-10,2023-03-10,0,0.28,0.28,0,1
656_271,22.21299,68.98895,1,1,2023-01-18,2023-01-18,0,7.71,7.71,1,0
656_351,22.21222,69.27869,1,1,2023-03-26,2023-03-26,0,4.43,4.43,1,0
656_588,22.2106,70.14526,1,1,2023-05-18,2023-05-18,0,1.57,1.57,1,0
656_728,22.20988,70.65164,1,1,2023-03-05,2023-03-05,0,1.7,1.7,1,0
656_993,22.21307,71.61842,1,1,2023-05-24,2023-05-24,0,12.18,12.18,1,0
657_1168,22.21359,72.25597,1,1,2023-03-03,2023-03-03,0,3.61,3.61,1,0
657_1327,22.21425,72.83617,1,1,2023-05-06,2023-05-06,0,1.65,1.65,0,1
657_1641,22.21462,73.97848,1,1,2023-05-27,2023-05-27,0,2.76,2.76,1,0
657_1642,22.21355,73.98299,1,1,2023-03-11,2023-03-11,0,0.86,0.86,0,1
657_1643,22.21552,73.98662,1,1,2023-03-12,2023-03-12,0,1.02,1.02,0,1
657_1644,22.215225,73.99011,2,1,2023-03-12,2023-03-12,0,1.185,1.62,0,2
657_292,22.21482,69.06466,1,1,2023-03-19,2023-03-19,0,30.51,30.51,1,0
657_433,22.21393,69.57749,1,1,2023-03-18,2023-03-18,0,6.29,6.29,1,0
657_641,22.21465,70.33717,1,1,2023-01-16,2023-01-16,0,1.57,1.57,1,0
658_1031,22.21726,71.7559,1,1,2023-04-18,2023-04-18,0,1.28,1.28,1,0
658_1132,22.21851,72.12387,1,1,2023-04-08,2023-04-08,0,3.53,3.53,1,0
658_1167,22.21722,72.2515,1,1,2023-03-03,2023-03-03,0,8.03,8.03,1,0
658_1168,22.21769,72.25541,1,1,2023-03-03,2023-03-03,0,8.45,8.45,1,0
658_1328,22.21948,72.83904,1,1,2023-04-01,2023-04-01,0,6.84,6.84,1,0
658_1382,22.21914,73.03469,1,1,2023-03-03,2023-03-03,0,4.29,4.29,1,0
658_1490,22.21715,73.42897,1,1,2023-04-01,2023-04-01,0,3.73,3.73,1,0
658_1575,22.21947,73.73985,1,1,2023-05-14,2023-05-14,0,2.29,2.29,1,0
658_442,22.21746,69.6125,1,1,2023-06-11,2023-06-11,0,1.15,1.15,1,0
658_443,22.21664,69.61385,1,1,2023-06-11,2023-06-11,0,1.02,1.02,1,0
658_676,22.21805,70.46539,1,1,2023-12-12,2023-12-12,0,1.69,1.69,1,0
658_759,22.21925,70.76604,1,1,2023-12-23,2023-12-23,0,0.55,0.55,0,1
659_1327,22.22254,72.83413,1,1,2023-06-06,2023-06-06,0,6.62,6.62,1,0
659_1382,22.22123,73.0369,1,1,2023-03-02,2023-03-02,0,2.98,2.98,1,0
659_1466,22.22266,73.34308,1,1,2023-06-05,2023-06-05,0,1.94,1.94,1,0
659_1477,22.22102,73.3806,1,1,2023-11-16,2023-11-16,0,5.12,5.12,1,0
659_1479,22.22178,73.38869,1,1,2023-04-03,2023-04-03,0,7.88,7.88,1,0
659_1490,22.22091,73.4282,1,1,2023-04-01,2023-04-01,0,3.73,3.73,1,0
659_1639,22.22158,73.97275,1,1,2023-02-23,2023-02-23,0,1.4,1.4,1,0
659_1642,22.21999,73.98413,1,1,2023-03-08,2023-03-08,0,2.18,2.18,1,0
659_1696,22.22131,74.17931,1,1,2023-03-20,2023-03-20,0,3.76,3.76,1,0
659_691,22.22307,70.51782,1,1,2023-11-09,2023-11-09,0,2.14,2.14,1,0
65_1464,20.22057,73.33389,1,1,2023-05-08,2023-05-08,0,2.26,2.26,1,0
65_1512,20.21927,73.50959,1,1,2023-05-24,2023-05-24,0,4.19,4.19,1,0
65_1561,20.221515,73.68724,2,2,2023-11-10,2023-12-17,37,2.575,2.91,2,0
65_1576,20.22113,73.74155,1,1,2023-03-09,2023-03-09,0,3.16,3.16,1,0
660_1017,22.22551,71.7072,1,1,2023-04-12,2023-04-12,0,7.3,7.3,1,0
660_1027,22.22401,71.74228,1,1,2023-03-26,2023-03-26,0,3.03,3.03,1,0
660_1076,22.22522,71.92176,1,1,2023-04-02,2023-04-02,0,2.98,2.98,1,0
660_1092,22.22483,71.97775,1,1,2023-11-20,2023-11-20,0,1.49,1.49,1,0
660_1132,22.22463,72.12333,1,1,2023-04-08,2023-04-08,0,7.81,7.81,1,0
660_1327,22.22424,72.83419,1,1,2023-12-16,2023-12-16,0,3.15,3.15,1,0
660_1415,22.22416,73.15665,1,1,2023-04-02,2023-04-02,0,2.84,2.84,1,0
660_1436,22.22597,73.23279,1,1,2023-05-19,2023-05-19,0,5.12,5.12,1,0
660_1480,22.22422,73.3906,1,1,2023-04-03,2023-04-03,0,4.12,4.12,1,0
660_1638,22.22506,73.96747,1,1,2023-03-10,2023-03-10,0,1.97,1.97,0,1
660_1643,22.22547,73.98466,1,1,2023-03-09,2023-03-09,0,9.59,9.59,1,0
660_617,22.22528,70.24983,1,1,2023-03-31,2023-03-31,0,9.64,9.64,1,0
660_623,22.22653,70.27225,1,1,2023-03-28,2023-03-28,0,4.3,4.3,1,0
660_645,22.22392,70.35101,1,1,2023-03-21,2023-03-21,0,5.76,5.76,1,0
660_662,22.226284999999997,70.41325499999999,2,1,2023-04-23,2023-04-23,0,10.879999999999999,11.03,2,0
660_792,22.22344,70.88623,1,1,2023-04-03,2023-04-03,0,9.94,9.94,1,0
661_1350,22.22938,72.91848,1,1,2023-05-11,2023-05-11,0,9.51,9.51,1,0
661_1416,22.22719,73.1575,1,1,2023-04-02,2023-04-02,0,2.21,2.21,1,0
661_1431,22.229895,73.21373,2,1,2023-03-27,2023-03-27,0,4.8950000000000005,5.9,2,0
661_1437,22.22805,73.23468,1,1,2023-05-19,2023-05-19,0,3.74,3.74,1,0
661_1462,22.22742,73.3279,1,1,2023-03-31,2023-03-31,0,4.95,4.95,1,0
661_1638,22.22838,73.96806,1,1,2023-03-10,2023-03-10,0,4.41,4.41,0,1
661_1640,22.22796,73.97412,1,1,2023-03-09,2023-03-09,0,10.58,10.58,1,0
661_1646,22.22705,73.99741,1,1,2023-04-21,2023-04-21,0,2.61,2.61,1,0
661_448,22.2284,69.633,1,1,2023-12-22,2023-12-22,0,3.87,3.87,1,0
661_657,22.22759,70.39442,1,1,2023-03-23,2023-03-23,0,2.17,2.17,1,0
661_693,22.22974,70.52475,1,1,2023-04-01,2023-04-01,0,4.01,4.01,1,0
661_714,22.229395,70.60156,2,1,2023-03-28,2023-03-28,0,1.23,1.25,2,0
661_963,22.22994,71.5098,1,1,2023-04-10,2023-04-10,0,18.06,18.06,1,0
662_1432,22.23069,73.21785,2,1,2023-03-27,2023-03-27,0,4.425,4.75,2,0
662_1447,22.23283,73.27055,1,1,2023-06-07,2023-06-07,0,5.0,5.0,1,0
662_1479,22.23011,73.38988,1,1,2023-10-30,2023-10-30,0,2.04,2.04,1,0
662_1638,22.23132,73.96843,1,1,2023-03-28,2023-03-28,0,1.42,1.42,1,0
662_553,22.231905,70.015155,2,1,2023-04-01,2023-04-01,0,4.970000000000001,5.61,2,0
662_586,22.23255,70.13657,1,1,2023-04-05,2023-04-05,0,4.71,4.71,1,0
662_590,22.2334,70.15125,1,1,2023-02-07,2023-02-07,0,1.38,1.38,1,0
662_618,22.23297,70.25263,1,1,2023-03-31,2023-03-31,0,10.27,10.27,1,0
662_653,22.2317,70.37849,1,1,2023-03-23,2023-03-23,0,2.62,2.62,1,0
662_657,22.2331,70.3939,1,1,2023-03-23,2023-03-23,0,2.46,2.46,1,0
662_673,22.23079,70.45213,1,1,2023-11-08,2023-11-08,0,2.01,2.01,1,0
662_674,22.23117,70.45679,1,1,2023-04-04,2023-04-04,0,5.54,5.54,0,1
662_693,22.23189,70.52615,1,1,2023-04-01,2023-04-01,0,8.52,8.52,1,0
662_824,22.23308,71.00262,1,1,2023-04-19,2023-04-19,0,6.68,6.68,1,0
662_960,22.23059,71.49929,1,1,2023-04-18,2023-04-18,0,8.18,8.18,1,0
662_961,22.2315,71.5034,1,1,2023-04-18,2023-04-18,0,8.18,8.18,1,0
663_1429,22.23429,73.20638,1,1,2023-04-10,2023-04-10,0,6.41,6.41,0,1
663_1470,22.23496,73.35715,1,1,2023-01-31,2023-01-31,0,4.03,4.03,1,0
663_1638,22.23659,73.96681,1,1,2023-03-28,2023-03-28,0,1.42,1.42,1,0
663_1712,22.2364,74.23749,1,1,2023-03-20,2023-03-20,0,1.98,1.98,1,0
663_583,22.23671,70.12421,1,1,2023-11-14,2023-11-14,0,0.9,0.9,1,0
663_674,22.23483,70.45757,1,1,2023-04-04,2023-04-04,0,0.67,0.67,0,1
663_961,22.23358,71.50326,1,1,2023-04-18,2023-04-18,0,18.1,18.1,1,0
664_1374,22.2387,73.00725,1,1,2023-03-04,2023-03-04,0,9.48,9.48,0,1
664_1375,22.23806,73.01111,1,1,2023-03-04,2023-03-04,0,24.83,24.83,0,1
664_1428,22.23969,73.20395,1,1,2023-02-28,2023-02-28,0,4.55,4.55,1,0
664_1462,22.23711,73.32602,1,1,2023-04-17,2023-04-17,0,8.47,8.47,1,0
664_1741,22.23821,74.34225,1,1,2023-02-25,2023-02-25,0,8.68,8.68,1,0
664_370,22.2377,69.3496,1,1,2023-04-19,2023-04-19,0,3.16,3.16,1,0
664_461,22.23756,69.6825,1,1,2023-12-27,2023-12-27,0,0.46,0.46,0,1
664_538,22.23783,69.96133,1,1,2023-01-31,2023-01-31,0,4.97,4.97,1,0
664_973,22.23951,71.54752,1,1,2023-04-12,2023-04-12,0,2.63,2.63,0,1
664_975,22.238685,71.55247,2,1,2023-04-12,2023-04-12,0,4.115,5.71,0,2
665_1050,22.24245,71.82495,1,1,2023-10-30,2023-10-30,0,1.45,1.45,1,0
665_1379,22.24274,73.024,1,1,2023-01-24,2023-01-24,0,0.23,0.23,0,1
665_369,22.24023,69.34692,1,1,2023-04-15,2023-04-15,0,10.1,10.1,1,0
665_370,22.24233,69.3491,1,1,2023-04-19,2023-04-19,0,5.19,5.19,1,0
665_669,22.24075,70.43897,1,1,2023-01-31,2023-01-31,0,0.5,0.5,0,1
665_703,22.24284,70.56342,1,1,2023-03-07,2023-03-07,0,2.57,2.57,1,0
665_714,22.24315,70.60414,1,1,2023-03-27,2023-03-27,0,3.51,3.51,1,0
665_715,22.24217,70.60654,1,1,2023-03-27,2023-03-27,0,8.77,8.77,1,0
665_725,22.24194,70.64276,1,1,2023-03-25,2023-03-25,0,19.74,19.74,1,0
665_784,22.24298,70.85835,1,1,2023-04-17,2023-04-17,0,15.74,15.74,1,0
665_819,22.24143,70.98608,1,1,2023-01-03,2023-01-03,0,0.44,0.44,0,1
666_1004,22.24525,71.65803,1,1,2023-02-26,2023-02-26,0,7.15,7.15,1,0
666_1039,22.24522,71.78615,1,1,2023-04-02,2023-04-02,0,3.63,3.63,1,0
666_1301,22.24477,72.73917,1,1,2023-01-05,2023-01-05,0,4.72,4.72,1,0
666_1302,22.244590000000002,72.743555,2,2,2023-01-05,2023-12-23,352,8.995000000000001,10.55,2,0
666_1655,22.24498,74.02834,1,1,2023-03-12,2023-03-12,0,3.52,3.52,1,0
666_1656,22.24577,74.03196,1,1,2023-03-12,2023-03-12,0,3.52,3.52,1,0
666_360,22.24611,69.31475,1,1,2023-02-25,2023-02-25,0,1.51,1.51,1,0
666_619,22.24416,70.25478,1,1,2023-03-31,2023-03-31,0,7.47,7.47,1,0
666_725,22.24434,70.6423,1,1,2023-03-25,2023-03-25,0,24.54,24.54,1,0
667_1040,22.24773,71.78798,1,1,2023-04-02,2023-04-02,0,4.9,4.9,1,0
667_1083,22.24884,71.94807,1,1,2023-03-25,2023-03-25,0,7.12,7.12,1,0
667_1299,22.248395000000002,72.73477,2,2,2023-01-05,2023-12-23,352,6.16,7.6,2,0
667_1338,22.248730000000002,72.87523999999999,2,2,2023-03-07,2023-03-09,2,11.045,13.87,2,0
667_1339,22.24911,72.87941,1,1,2023-03-07,2023-03-07,0,1.93,1.93,1,0
667_266,22.24774,68.97165,1,1,2023-10-18,2023-10-18,0,2.61,2.61,1,0
667_267,22.24889,68.9731,1,1,2023-10-18,2023-10-18,0,3.48,3.48,1,0
667_368,22.24972,69.34146,1,1,2023-04-15,2023-04-15,0,9.24,9.24,1,0
667_553,22.2492,70.01571,1,1,2023-03-13,2023-03-13,0,1.53,1.53,1,0
667_633,22.24927,70.30711,1,1,2023-05-15,2023-05-15,0,4.52,4.52,1,0
667_665,22.24692,70.42345,1,1,2023-03-23,2023-03-23,0,3.05,3.05,1,0
667_688,22.24905,70.50829,1,1,2023-04-02,2023-04-02,0,6.94,6.94,1,0
668_1056,22.25296,71.84873,1,1,2023-11-21,2023-11-21,0,5.76,5.76,1,0
668_1298,22.25141,72.730265,2,2,2023-01-05,2023-12-23,352,5.29,7.6,2,0
668_1340,22.250870000000003,72.88286333333333,3,2,2023-03-07,2023-04-03,27,5.74,8.22,3,0
668_1343,22.25048,72.89291,1,1,2023-03-19,2023-03-19,0,19.55,19.55,1,0
668_1459,22.25106,73.3148,1,1,2023-03-22,2023-03-22,0,5.71,5.71,1,0
668_631,22.251645,70.30132,2,2,2023-12-11,2023-12-12,1,0.35,0.5,0,2
668_633,22.25087,70.30733,1,1,2023-05-15,2023-05-15,0,5.97,5.97,1,0
668_731,22.25261,70.6658,1,1,2023-03-28,2023-03-28,0,5.53,5.53,1,0
669_1017,22.25696,71.70596,1,1,2023-05-13,2023-05-13,0,2.94,2.94,0,1
669_1056,22.25644,71.84806,1,1,2023-11-21,2023-11-21,0,5.76,5.76,1,0
669_1057,22.25367,71.85289,1,1,2023-11-21,2023-11-21,0,5.76,5.76,1,0
669_1167,22.25392,72.25057,1,1,2023-04-12,2023-04-12,0,27.86,27.86,1,0
669_1338,22.25619,72.87617,1,1,2023-03-11,2023-03-11,0,32.71,32.71,1,0
669_1339,22.25534,72.87775,1,1,2023-03-07,2023-03-07,0,1.93,1.93,1,0
669_1405,22.2561,73.11853,1,1,2023-03-10,2023-03-10,0,3.66,3.66,1,0
669_1643,22.25445,73.98508,1,1,2023-04-21,2023-04-21,0,3.22,3.22,1,0
669_266,22.25404,68.97219,1,1,2023-11-04,2023-11-04,0,2.98,2.98,1,0
66_1353,20.2237,72.93115,1,1,2023-03-26,2023-03-26,0,1.9,1.9,1,0
66_1456,20.22525,73.30531,1,1,2023-04-15,2023-04-15,0,1.66,1.66,0,1
66_1489,20.22461,73.42355,1,1,2023-04-11,2023-04-11,0,6.94,6.94,1,0
66_1595,20.22373,73.81041,1,1,2023-04-28,2023-04-28,0,1.05,1.05,1,0
670_1039,22.2578,71.78523,1,1,2023-04-09,2023-04-09,0,13.62,13.62,1,0
670_1055,22.25922,71.84323,1,1,2023-11-21,2023-11-21,0,2.77,2.77,1,0
670_1057,22.25715,71.8522,1,1,2023-11-21,2023-11-21,0,5.76,5.76,1,0
670_1335,22.25866,72.86275,1,1,2023-03-18,2023-03-18,0,5.11,5.11,1,0
670_1452,22.2599,73.29217,1,1,2023-01-22,2023-01-22,0,2.24,2.24,1,0
670_1643,22.25795,73.98451,1,1,2023-04-21,2023-04-21,0,3.22,3.22,1,0
670_405,22.25917,69.4753,1,1,2023-12-04,2023-12-04,0,1.25,1.25,1,0
670_599,22.25892,70.18278,1,1,2023-02-22,2023-02-22,0,1.81,1.81,1,0
670_621,22.25991,70.26202,1,1,2023-06-23,2023-06-23,0,8.71,8.71,1,0
670_753,22.25957,70.74468,1,1,2023-02-22,2023-02-22,0,1.74,1.74,1,0
670_803,22.25775,70.92661,1,1,2023-06-11,2023-06-11,0,2.26,2.26,1,0
670_831,22.25837,71.02795,1,1,2023-04-03,2023-04-03,0,2.15,2.15,1,0
671_1054,22.2627,71.84254,1,1,2023-11-21,2023-11-21,0,2.77,2.77,1,0
671_1056,22.26341,71.8467,1,1,2023-11-21,2023-11-21,0,6.04,6.04,1,0
671_1338,22.2618,72.87457,1,1,2023-01-02,2023-01-02,0,5.5,5.5,1,0
671_1409,22.26095,73.13309,1,1,2023-04-23,2023-04-23,0,2.92,2.92,1,0
671_1495,22.26169,73.4482,1,1,2023-04-03,2023-04-03,0,5.35,5.35,1,0
671_1669,22.26219,74.08137,1,1,2023-03-12,2023-03-12,0,1.88,1.88,1,0
671_301,22.26195,69.09731,1,1,2023-04-13,2023-04-13,0,1.42,1.42,1,0
671_426,22.26252,69.55356,1,1,2023-03-01,2023-03-01,0,5.21,5.21,1,0
671_595,22.26077,70.1674,1,1,2023-03-14,2023-03-14,0,2.95,2.95,1,0
672_1342,22.2663,72.89016,1,1,2023-05-23,2023-05-23,0,12.8,12.8,1,0
672_1445,22.26671,73.26332,1,1,2023-02-23,2023-02-23,0,2.87,2.87,1,0
672_1532,22.26624,73.58001,1,1,2023-05-17,2023-05-17,0,3.09,3.09,1,0
672_1668,22.26672,74.07652,1,1,2023-03-12,2023-03-12,0,1.88,1.88,1,0
672_1697,22.26454,74.18404,1,1,2023-03-10,2023-03-10,0,2.23,2.23,1,0
672_377,22.26547,69.37335,1,1,2023-03-17,2023-03-17,0,3.99,3.99,1,0
672_426,22.26516,69.55295,1,1,2023-03-01,2023-03-01,0,5.0,5.0,1,0
672_603,22.26646,70.19683,1,1,2023-03-17,2023-03-17,0,1.83,1.83,1,0
672_616,22.26597,70.24427,1,1,2023-04-26,2023-04-26,0,10.16,10.16,1,0
672_776,22.26467,70.8281,1,1,2023-03-09,2023-03-09,0,2.76,2.76,1,0
672_967,22.2663,71.52281500000001,2,2,2023-01-04,2023-01-06,2,5.66,6.67,2,0
673_1630,22.2683,73.9389,1,1,2023-05-11,2023-05-11,0,2.34,2.34,1,0
673_1631,22.2686,73.94205,1,1,2023-05-11,2023-05-11,0,2.34,2.34,1,0
673_1671,22.26918,74.08777,1,1,2023-03-12,2023-03-12,0,3.71,3.71,1,0
673_284,22.26774,69.03594,1,1,2023-04-08,2023-04-08,0,3.08,3.08,1,0
673_358,22.26916,69.3065,1,1,2023-03-25,2023-03-25,0,1.99,1.99,1,0
673_805,22.26981,70.93382,1,1,2023-06-11,2023-06-11,0,2.08,2.08,1,0
673_806,22.27017,70.93789,1,1,2023-06-11,2023-06-11,0,2.08,2.08,1,0
674_1450,22.2709,73.28345,1,1,2023-06-13,2023-06-13,0,14.12,14.12,1,0
674_1667,22.27204,74.07531,1,1,2023-03-12,2023-03-12,0,2.16,2.16,1,0
674_1669,22.27288,74.07914,1,1,2023-03-12,2023-03-12,0,2.16,2.16,1,0
674_376,22.27176,69.37289,1,1,2023-03-17,2023-03-17,0,3.99,3.99,1,0
674_526,22.27262,69.91638,1,1,2023-05-23,2023-05-23,0,5.39,5.39,1,0
675_1449,22.2742,73.27814,1,1,2023-04-13,2023-04-13,0,3.52,3.52,1,0
675_1652,22.2768,74.02064,1,1,2023-05-25,2023-05-25,0,2.58,2.58,1,0
675_1665,22.27699,74.06691,1,1,2023-03-10,2023-03-10,0,3.12,3.12,1,0
675_1678,22.27627,74.11496,1,1,2023-02-25,2023-02-25,0,1.02,1.02,0,1
675_1679,22.27459,74.11718,1,1,2023-03-10,2023-03-10,0,3.56,3.56,1,0
676_1045,22.27743,71.80914,1,1,2023-02-16,2023-02-16,0,0.36,0.36,0,1
676_1110,22.27898,72.04406,1,1,2023-04-11,2023-04-11,0,1.46,1.46,1,0
676_1336,22.27753,72.86816,1,1,2023-02-14,2023-02-14,0,10.51,10.51,1,0
676_1350,22.27872,72.91861,1,1,2023-04-27,2023-04-27,0,6.77,6.77,1,0
676_1633,22.28014,73.94801,1,1,2023-02-25,2023-02-25,0,6.17,6.17,1,0
676_1668,22.27818,74.07786,1,1,2023-03-12,2023-03-12,0,2.16,2.16,1,0
676_1678,22.27951,74.114,1,1,2023-03-09,2023-03-09,0,9.21,9.21,1,0
676_1681,22.28004,74.12615,1,1,2023-03-09,2023-03-09,0,2.68,2.68,0,1
676_819,22.27994,70.98386,1,1,2023-03-30,2023-03-30,0,4.1,4.1,1,0
676_951,22.27877,71.46713,1,1,2023-02-24,2023-02-24,0,4.11,4.11,1,0
677_1110,22.28244,72.04339,1,1,2023-04-11,2023-04-11,0,3.62,3.62,1,0
677_1111,22.28313,72.0475,1,1,2023-04-11,2023-04-11,0,3.62,3.62,1,0
677_1286,22.28302,72.68635,1,1,2023-01-26,2023-01-26,0,1.95,1.95,1,0
677_1465,22.28101,73.33939,1,1,2023-05-28,2023-05-28,0,4.44,4.44,1,0
677_1674,22.28297,74.09853,1,1,2023-03-14,2023-03-14,0,1.85,1.85,1,0
677_1681,22.28237,74.12346,1,1,2023-03-10,2023-03-10,0,3.39,3.39,1,0
677_472,22.28389,69.72038,1,1,2023-04-09,2023-04-09,0,10.16,10.16,1,0
677_473,22.28365,69.72292,1,1,2023-04-09,2023-04-09,0,12.69,12.69,1,0
677_612,22.28142,70.22998,1,1,2023-03-17,2023-03-17,0,4.58,4.58,1,0
678_1109,22.28591,72.04271,1,1,2023-04-11,2023-04-11,0,3.62,3.62,1,0
678_1113,22.28405,72.05704,1,1,2023-04-02,2023-04-02,0,1.49,1.49,1,0
678_1449,22.28539,73.27877,1,1,2023-02-27,2023-02-27,0,6.93,6.93,1,0
678_1456,22.285525,73.305555,2,1,2023-06-07,2023-06-07,0,2.0149999999999997,2.32,2,0
678_1469,22.28687,73.35325,1,1,2023-02-20,2023-02-20,0,3.23,3.23,1,0
678_1661,22.286434999999997,74.052605,2,1,2023-03-27,2023-03-27,0,6.04,7.16,2,0
678_1685,22.28547,74.14042,1,1,2023-03-11,2023-03-11,0,0.7,0.7,0,1
678_545,22.28548,69.98722,1,1,2023-03-25,2023-03-25,0,2.49,2.49,1,0
678_612,22.28575,70.23193,1,1,2023-03-17,2023-03-17,0,4.4,4.4,1,0
678_717,22.28666,70.61323,1,1,2023-04-01,2023-04-01,0,11.91,11.91,1,0
678_951,22.28492,71.46542,1,1,2023-02-24,2023-02-24,0,4.11,4.11,1,0
679_1039,22.29032,71.78592,1,1,2023-05-19,2023-05-19,0,3.71,3.71,1,0
679_1062,22.28997,71.87118,1,1,2023-04-09,2023-04-09,0,8.75,8.75,1,0
679_1064,22.2905,71.87588,1,1,2023-04-09,2023-04-09,0,8.75,8.75,1,0
679_1089,22.28882,71.96823,1,1,2023-04-01,2023-04-01,0,4.99,4.99,1,0
679_1113,22.28948,72.05566,1,1,2023-04-02,2023-04-02,0,1.49,1.49,1,0
679_1472,22.29002,73.3624,1,1,2023-12-23,2023-12-23,0,1.98,1.98,1,0
679_1663,22.28836,74.05738,1,1,2023-03-27,2023-03-27,0,4.15,4.15,1,0
679_395,22.29036,69.43882,1,1,2023-11-12,2023-11-12,0,3.39,3.39,1,0
679_454,22.290465,69.65537,2,1,2023-04-12,2023-04-12,0,6.285,6.41,2,0
679_506,22.28825,69.84509,1,1,2023-01-31,2023-01-31,0,4.68,4.68,1,0
679_518,22.28966,69.88773,1,1,2023-01-18,2023-01-18,0,1.84,1.84,1,0
679_725,22.28948,70.64371,1,1,2023-03-23,2023-03-23,0,4.61,4.61,1,0
67_1385,20.22695,73.04482,1,1,2023-04-27,2023-04-27,0,0.74,0.74,0,1
67_1530,20.22828,73.57424,1,1,2023-05-23,2023-05-23,0,6.99,6.99,1,0
680_1089,22.29163,71.96783,1,1,2023-04-01,2023-04-01,0,5.34,5.34,1,0
680_1101,22.29198,72.01223,1,1,2023-04-06,2023-04-06,0,5.4,5.4,1,0
680_1105,22.29072,72.02692,1,1,2023-04-20,2023-04-20,0,10.7,10.7,1,0
680_1112,22.29292,72.05228,1,1,2023-04-02,2023-04-02,0,15.12,15.12,1,0
680_1114,22.29344,72.06022,1,1,2023-04-02,2023-04-02,0,15.12,15.12,1,0
680_1116,22.29395,72.06815,1,1,2023-04-02,2023-04-02,0,13.31,13.31,1,0
680_1121,22.29332,72.08379,1,1,2023-04-26,2023-04-26,0,1.44,1.44,0,1
680_1662,22.2936,74.05408,1,1,2023-04-20,2023-04-20,0,5.11,5.11,1,0
680_1671,22.29094,74.0882,1,1,2023-03-09,2023-03-09,0,1.02,1.02,0,1
680_1672,22.29205,74.0903,1,1,2023-03-12,2023-03-12,0,1.41,1.41,1,0
680_1681,22.29133,74.12589,1,1,2023-03-11,2023-03-11,0,1.34,1.34,0,1
680_394,22.29248,69.43801,1,1,2023-11-12,2023-11-12,0,3.22,3.22,1,0
680_430,22.29177,69.56929,1,1,2023-04-05,2023-04-05,0,4.91,4.91,1,0
680_455,22.29114,69.6582,1,1,2023-04-12,2023-04-12,0,6.16,6.16,1,0
680_611,22.29178,70.22681,1,1,2023-10-25,2023-10-25,0,5.62,5.62,1,0
680_634,22.293475,70.31144,2,1,2023-03-17,2023-03-17,0,3.385,3.48,2,0
680_699,22.29239,70.5464,1,1,2023-03-28,2023-03-28,0,3.93,3.93,1,0
680_995,22.29132,71.62618,1,1,2023-03-16,2023-03-16,0,1.9,1.9,1,0
681_1100,22.29562,72.00886,1,1,2023-04-22,2023-04-22,0,5.05,5.05,1,0
681_1104,22.29449,72.02409,1,1,2023-04-22,2023-04-22,0,40.69,40.69,1,0
681_1470,22.29685,73.35483,1,1,2023-04-24,2023-04-24,0,11.12,11.12,1,0
681_1672,22.29462,74.09036,1,1,2023-03-12,2023-03-12,0,2.02,2.02,1,0
681_1680,22.29582,74.12255,1,1,2023-03-11,2023-03-11,0,0.53,0.53,0,1
681_434,22.295994999999998,69.58329499999999,2,1,2023-05-15,2023-05-15,0,2.855,3.0,2,0
681_444,22.29601,69.61758,1,1,2023-10-30,2023-10-30,0,3.33,3.33,1,0
681_454,22.2957,69.65461,1,1,2023-04-12,2023-04-12,0,6.41,6.41,1,0
681_611,22.29528,70.22614,1,1,2023-10-25,2023-10-25,0,2.72,2.72,1,0
681_643,22.29468,70.34534,1,1,2023-03-28,2023-03-28,0,2.7,2.7,1,0
681_725,22.29508,70.64317,1,1,2023-03-23,2023-03-23,0,4.61,4.61,1,0
681_751,22.29424,70.73706,1,1,2023-04-02,2023-04-02,0,2.11,2.11,1,0
682_1059,22.2978,71.86064,1,1,2023-04-09,2023-04-09,0,14.01,14.01,1,0
682_1465,22.29906,73.33756,1,1,2023-03-01,2023-03-01,0,3.75,3.75,1,0
682_1470,22.29956,73.35598,1,1,2023-04-04,2023-04-04,0,6.87,6.87,1,0
682_1685,22.30054,74.1376,1,1,2023-03-10,2023-03-10,0,0.64,0.64,0,1
682_308,22.29761,69.12494,1,1,2023-04-11,2023-04-11,0,4.68,4.68,1,0
682_309,22.29832,69.12869,1,1,2023-04-11,2023-04-11,0,4.52,4.52,1,0
682_584,22.30057,70.12894,1,1,2023-02-15,2023-02-15,0,4.84,4.84,1,0
682_740,22.30057,70.69848,1,1,2023-04-22,2023-04-22,0,0.25,0.25,0,1
683_1151,22.30374,72.19238,1,1,2023-05-29,2023-05-29,0,25.43,25.43,1,0
683_1298,22.30396,72.72812,1,1,2023-01-21,2023-01-21,0,1.88,1.88,1,0
683_1474,22.301,73.37123,1,1,2023-02-04,2023-02-04,0,0.65,0.65,0,1
683_1610,22.30116,73.86466,1,1,2023-04-09,2023-04-09,0,3.65,3.65,1,0
683_1691,22.30087,74.16157,1,1,2023-03-14,2023-03-14,0,1.87,1.87,0,1
683_258,22.30145,68.94176,1,1,2023-02-14,2023-02-14,0,2.62,2.62,1,0
683_646,22.30416,70.35522,1,1,2023-03-25,2023-03-25,0,5.23,5.23,1,0
684_1113,22.30722,72.05749,1,1,2023-04-03,2023-04-03,0,1.65,1.65,1,0
684_1150,22.30719,72.19171,1,1,2023-05-29,2023-05-29,0,25.43,25.43,1,0
684_1484,22.30644,73.40673,1,1,2023-01-01,2023-01-01,0,2.73,2.73,1,0
684_1485,22.30678,73.41006,1,1,2023-01-01,2023-01-01,0,4.48,4.48,1,0
684_1512,22.30592,73.51014,1,1,2023-03-26,2023-03-26,0,2.82,2.82,1,0
684_429,22.30447,69.56539,1,1,2023-04-25,2023-04-25,0,1.87,1.87,0,1
684_646,22.30749,70.35464,1,1,2023-03-25,2023-03-25,0,5.23,5.23,1,0
684_667,22.3055,70.43105,1,1,2023-03-24,2023-03-24,0,3.12,3.12,1,0
685_1115,22.30757,72.06137,1,1,2023-04-03,2023-04-03,0,1.65,1.65,1,0
685_1151,22.30788,72.19579,1,1,2023-05-29,2023-05-29,0,25.43,25.43,1,0
685_1179,22.31011,72.2952,1,1,2023-03-05,2023-03-05,0,14.64,14.64,1,0
685_1518,22.30993,73.5313,1,1,2023-06-08,2023-06-08,0,6.17,6.17,1,0
685_1681,22.30947,74.12388,1,1,2023-03-10,2023-03-10,0,1.18,1.18,0,1
685_519,22.31088,69.89095,1,1,2023-11-16,2023-11-16,0,2.05,2.05,1,0
685_608,22.30847,70.21735,1,1,2023-01-31,2023-01-31,0,0.47,0.47,0,1
685_745,22.30908,70.7168,1,1,2023-04-06,2023-04-06,0,2.04,2.04,1,0
686_1140,22.31308,72.15373,1,1,2023-04-25,2023-04-25,0,3.94,3.94,1,0
686_1180,22.31093,72.29989,1,1,2023-03-05,2023-03-05,0,14.64,14.64,1,0
686_1556,22.31404,73.67087,1,1,2023-04-11,2023-04-11,0,6.0,6.0,1,0
686_1662,22.31323,74.05545,1,1,2023-03-10,2023-03-10,0,2.42,2.42,0,1
686_1679,22.31265,74.11798,1,1,2023-03-09,2023-03-09,0,1.21,1.21,0,1
686_508,22.31273,69.85381,1,1,2023-10-22,2023-10-22,0,1.97,1.97,0,1
686_510,22.313392,69.85952999999999,5,5,2023-02-28,2023-10-22,236,1.68,3.19,1,4
686_511,22.312555,69.862785,2,2,2023-09-30,2023-10-22,22,1.585,1.71,0,2
686_542,22.31403,69.97768,1,1,2023-04-03,2023-04-03,0,1.86,1.86,1,0
686_614,22.31143,70.2373,1,1,2023-10-06,2023-10-06,0,4.05,4.05,1,0
686_643,22.31247,70.34451,1,1,2023-05-12,2023-05-12,0,23.13,23.13,1,0
686_644,22.31302,70.34825,1,1,2023-05-12,2023-05-12,0,26.93,26.93,1,0
686_694,22.31313,70.52785,1,1,2023-03-24,2023-03-24,0,1.79,1.79,1,0
686_745,22.31308,70.71594,1,1,2023-04-06,2023-04-06,0,3.89,3.89,1,0
687_1112,22.31553,72.05117,1,1,2023-04-10,2023-04-10,0,6.94,6.94,1,0
687_1533,22.31513,73.58376,1,1,2023-06-07,2023-06-07,0,4.8,4.8,1,0
687_509,22.315953333333336,69.85542,3,2,2023-06-14,2023-09-30,108,3.05,4.76,0,3
687_510,22.315528999999998,69.859517,10,9,2023-01-15,2023-10-23,281,1.8780000000000001,6.91,2,8
687_511,22.3156325,69.86241749999999,4,4,2023-06-14,2023-10-22,130,1.82,2.74,0,4
687_512,22.31758,69.86541,1,1,2023-10-28,2023-10-28,0,2.44,2.44,0,1
687_515,22.316805000000002,69.878185,2,2,2023-09-04,2023-10-22,48,6.0,9.89,1,1
687_517,22.31564,69.88338,1,1,2023-10-22,2023-10-22,0,6.54,6.54,1,0
687_585,22.31473,70.13156,1,1,2023-03-23,2023-03-23,0,1.96,1.96,1,0
687_693,22.31722,70.5273,1,1,2023-03-24,2023-03-24,0,1.79,1.79,1,0
688_1186,22.31803,72.32208,1,1,2023-12-06,2023-12-06,0,5.39,5.39,1,0
688_1218,22.31904,72.43649,1,1,2023-12-23,2023-12-23,0,5.98,5.98,1,0
688_1531,22.31783,73.57785,1,1,2023-04-21,2023-04-21,0,8.11,8.11,1,0
688_1567,22.320075,73.708575,2,2,2023-03-13,2023-05-07,55,2.15,3.39,1,1
688_472,22.31777,69.72162,1,1,2023-06-11,2023-06-11,0,1.28,1.28,1,0
688_488,22.31786,69.77914,1,1,2023-04-03,2023-04-03,0,4.68,4.68,1,0
688_491,22.32026,69.78905,1,1,2023-04-02,2023-04-02,0,13.75,13.75,1,0
688_492,22.32069,69.79469,1,1,2023-04-02,2023-04-02,0,23.33,23.33,1,0
688_509,22.31902,69.85741,1,1,2023-06-14,2023-06-14,0,2.74,2.74,0,1
688_510,22.31876,69.85839,1,1,2023-02-28,2023-02-28,0,1.62,1.62,0,1
688_511,22.31837,69.86272,1,1,2023-06-14,2023-06-14,0,2.74,2.74,0,1
688_515,22.32097,69.87707,1,1,2023-10-21,2023-10-21,0,5.45,5.45,0,1
688_516,22.320227499999998,69.88081625,8,7,2023-03-17,2023-10-31,228,4.0075,8.01,5,3
688_517,22.319626666666665,69.88422,3,3,2023-10-01,2023-10-22,21,7.733333333333333,9.89,2,1
688_518,22.32045,69.888625,2,2,2023-10-22,2023-11-09,18,5.65,8.49,1,1
688_682,22.31818,70.48461,1,1,2023-05-09,2023-05-09,0,0.46,0.46,0,1
688_687,22.32099,70.50555,1,1,2023-04-01,2023-04-01,0,3.16,3.16,1,0
689_1132,22.32434,72.12585,1,1,2023-10-30,2023-10-30,0,5.06,5.06,1,0
689_1216,22.3218,72.43185,1,1,2023-12-23,2023-12-23,0,2.45,2.45,1,0
689_1537,22.32355,73.60105,1,1,2023-02-24,2023-02-24,0,1.85,1.85,0,1
689_1539,22.32145,73.6081,1,1,2023-02-25,2023-02-25,0,4.42,4.42,1,0
689_1540,22.32208,73.61108,1,1,2023-02-25,2023-02-25,0,3.69,3.69,1,0
689_1551,22.32139,73.65085,1,1,2023-03-26,2023-03-26,0,6.11,6.11,1,0
689_1567,22.32405,73.70892,1,1,2023-05-07,2023-05-07,0,3.57,3.57,1,0
689_1568,22.32115,73.71351,1,1,2023-05-07,2023-05-07,0,3.39,3.39,1,0
689_488,22.32264,69.77859,1,1,2023-04-03,2023-04-03,0,4.68,4.68,1,0
689_514,22.32121,69.87441,1,1,2023-04-13,2023-04-13,0,2.76,2.76,0,1
689_515,22.323275,69.87811166666665,6,5,2023-09-04,2023-11-17,74,3.87,7.16,1,5
689_516,22.322632499999997,69.88197625,8,7,2023-01-31,2023-11-17,290,6.04,10.3,3,5
689_517,22.32182,69.885525,6,5,2023-03-17,2023-12-31,289,5.236666666666666,9.78,1,5
689_675,22.32232,70.46098,1,1,2023-03-28,2023-03-28,0,2.96,2.96,1,0
689_681,22.32433,70.48354,1,1,2023-04-03,2023-04-03,0,4.61,4.61,1,0
68_1474,20.23075,73.36936,1,1,2023-04-16,2023-04-16,0,5.8,5.8,1,0
68_1488,20.22955,73.4226,1,1,2023-04-28,2023-04-28,0,5.44,5.44,1,0
68_1490,20.2294,73.42969,1,1,2023-04-26,2023-04-26,0,11.48,11.48,1,0
68_1494,20.22992,73.44372,1,1,2023-05-02,2023-05-02,0,7.87,7.87,1,0
68_1500,20.23214,73.46408,1,1,2023-05-06,2023-05-06,0,5.33,5.33,1,0
68_1595,20.22948,73.80958,1,1,2023-02-27,2023-02-27,0,0.44,0.44,0,1
690_1524,22.32599,73.5526,1,1,2023-06-01,2023-06-01,0,2.16,2.16,1,0
690_1532,22.32519,73.58214,1,1,2023-04-19,2023-04-19,0,2.03,2.03,0,1
690_1562,22.32729,73.69189,1,1,2023-03-12,2023-03-12,0,0.54,0.54,0,1
690_1568,22.32461,73.71299,1,1,2023-05-07,2023-05-07,0,3.57,3.57,1,0
690_1569,22.32518,73.71709,1,1,2023-05-07,2023-05-07,0,2.96,2.96,1,0
690_486,22.32636,69.7717,1,1,2023-03-14,2023-03-14,0,1.67,1.67,1,0
690_504,22.32749,69.83701,1,1,2023-09-14,2023-09-14,0,15.57,15.57,0,1
690_505,22.327516666666668,69.84067,3,2,2023-09-14,2023-10-27,43,8.276666666666667,10.84,0,3
690_506,22.32693,69.84508,6,5,2023-03-24,2023-10-27,217,4.211666666666667,8.84,1,5
690_516,22.324905,69.88016999999999,2,2,2023-10-05,2023-10-31,26,2.0949999999999998,2.61,1,1
690_517,22.325945,69.88484500000001,2,1,2023-04-12,2023-04-12,0,1.1,1.1,0,2
690_710,22.32482,70.58685,1,1,2023-04-02,2023-04-02,0,4.76,4.76,1,0
690_821,22.32452,70.99261,1,1,2023-04-02,2023-04-02,0,4.25,4.25,1,0
690_983,22.32716,71.58244,1,1,2023-04-10,2023-04-10,0,7.63,7.63,1,0
691_1541,22.32929,73.6147,1,1,2023-04-07,2023-04-07,0,6.4,6.4,1,0
691_472,22.32969,69.72207,1,1,2023-03-31,2023-03-31,0,5.57,5.57,1,0
691_476,22.32789,69.73627,1,1,2023-01-13,2023-01-13,0,3.56,3.56,0,1
691_477,22.33004,69.738805,2,2,2023-01-13,2023-01-30,17,22.540000000000003,40.2,1,1
691_479,22.33044,69.74757,1,1,2023-03-21,2023-03-21,0,1.8,1.8,0,1
691_480,22.330345238095234,69.74938809523807,21,21,2023-01-08,2023-12-22,348,1.5219047619047619,1.93,0,21
691_503,22.3281,69.83508,1,1,2023-09-14,2023-09-14,0,8.95,8.95,0,1
691_505,22.328245,69.841715,2,2,2023-03-24,2023-03-25,1,1.645,1.97,1,1
691_506,22.329118,69.844038,5,5,2023-03-24,2023-10-27,217,5.718,17.25,1,4
691_507,22.32863,69.84879,1,1,2023-10-27,2023-10-27,0,17.57,17.57,0,1
691_575,22.32998,70.09763,1,1,2023-03-30,2023-03-30,0,7.01,7.01,1,0
691_577,22.33054,70.1016,1,1,2023-03-30,2023-03-30,0,19.14,19.14,1,0
691_720,22.32961,70.624955,2,1,2023-03-28,2023-03-28,0,8.21,9.22,2,0
691_721,22.3304,70.62909,1,1,2023-03-28,2023-03-28,0,8.78,8.78,1,0
692_1553,22.33217,73.65927,1,1,2023-03-26,2023-03-26,0,2.09,2.09,0,1
692_1560,22.33353,73.68387,1,1,2023-03-09,2023-03-09,0,7.95,7.95,1,0
692_1561,22.33218,73.68626,1,1,2023-03-09,2023-03-09,0,17.14,17.14,1,0
692_1662,22.33235,74.05367,1,1,2023-03-10,2023-03-10,0,7.36,7.36,1,0
692_474,22.33198,69.72968,1,1,2023-02-07,2023-02-07,0,1.11,1.11,0,1
692_475,22.333199999999998,69.73184499999999,4,4,2023-02-07,2023-06-05,118,1.4625000000000001,2.95,0,4
692_476,22.332008,69.735266,5,5,2023-01-13,2023-07-14,182,2.684,4.88,0,5
692_477,22.332573333333332,69.73792666666667,3,2,2023-01-13,2023-06-05,143,3.996666666666667,5.48,0,3
692_480,22.331515,69.74952,6,6,2023-01-02,2023-12-17,349,1.5633333333333332,1.96,0,6
692_487,22.3319,69.7774,1,1,2023-01-04,2023-01-04,0,2.66,2.66,1,0
692_507,22.33265,69.84796,1,1,2023-10-27,2023-10-27,0,8.84,8.84,0,1
692_512,22.334023333333334,69.86739166666666,6,6,2023-01-02,2023-11-04,306,2.265,2.85,0,6
692_513,22.3343,69.86896,2,2,2023-04-05,2023-10-19,197,1.7600000000000002,2.99,0,2
692_723,22.33391,70.63551,1,1,2023-03-23,2023-03-23,0,3.31,3.31,1,0
693_1186,22.33555,72.32331,1,1,2023-11-30,2023-11-30,0,3.9,3.9,1,0
693_1191,22.33612,72.341,1,1,2023-05-17,2023-05-17,0,10.08,10.08,1,0
693_1231,22.33557,72.48612,1,1,2023-04-20,2023-04-20,0,6.99,6.99,1,0
693_1260,22.33679,72.59226,1,1,2023-05-17,2023-05-17,0,11.67,11.67,1,0
693_1419,22.33556,73.16939,1,1,2023-10-21,2023-10-21,0,1.09,1.09,1,0
693_1556,22.33666,73.66763,1,1,2023-03-10,2023-03-10,0,13.15,13.15,1,0
693_1558,22.33784,73.67516,1,1,2023-03-10,2023-03-10,0,3.28,3.28,1,0
693_1562,22.33704,73.69092,1,1,2023-03-11,2023-03-11,0,0.75,0.75,0,1
693_473,22.33558,69.72604,1,1,2023-06-05,2023-06-05,0,1.82,1.82,0,1
693_474,22.33604,69.7268,1,1,2023-06-05,2023-06-05,0,3.42,3.42,0,1
693_475,22.33521,69.73258,3,1,2023-06-05,2023-06-05,0,3.21,4.37,0,3
693_476,22.33495,69.73639,1,1,2023-02-03,2023-02-03,0,0.97,0.97,0,1
693_508,22.33598,69.8523025,4,4,2023-07-15,2023-10-27,104,2.565,3.84,0,4
693_509,22.33604,69.855875,2,2,2023-03-25,2023-05-28,64,1.9699999999999998,2.03,0,2
693_511,22.33629,69.86409,1,1,2023-11-17,2023-11-17,0,3.78,3.78,0,1
693_512,22.335919767441855,69.86743023255814,43,42,2023-01-02,2023-12-27,359,2.404186046511628,3.56,0,43
693_513,22.33611909090909,69.86903545454544,11,11,2023-01-09,2023-12-12,337,2.3718181818181816,4.84,0,11
693_723,22.33771,70.63508,1,1,2023-03-23,2023-03-23,0,3.16,3.16,1,0
694_1180,22.34093,72.30038,1,1,2023-11-20,2023-11-20,0,8.93,8.93,1,0
694_1185,22.34104,72.31837,1,1,2023-12-08,2023-12-08,0,7.43,7.43,1,0
694_1273,22.33994,72.6391,1,1,2023-02-27,2023-02-27,0,10.94,10.94,1,0
694_1569,22.33946,73.71687,1,1,2023-03-03,2023-03-03,0,7.23,7.23,1,0
694_1651,22.340495,74.01456999999999,2,1,2023-04-07,2023-04-07,0,6.390000000000001,7.24,2,0
694_1681,22.3392,74.12447,1,1,2023-03-10,2023-03-10,0,0.78,0.78,0,1
694_508,22.3399175,69.85365,4,4,2023-07-15,2023-12-17,155,2.435,3.23,0,4
694_509,22.339136296296303,69.85561111111112,27,26,2023-01-03,2023-12-28,359,1.931111111111111,3.28,0,27
694_511,22.34067,69.86325,1,1,2023-01-16,2023-01-16,0,2.95,2.95,0,1
694_512,22.340053333333334,69.86668,3,3,2023-01-25,2023-11-18,297,2.796666666666667,4.83,1,2
694_513,22.340753333333335,69.86992333333333,3,2,2023-09-15,2023-11-28,74,9.693333333333333,18.84,1,2
694_515,22.340404999999997,69.8765075,4,3,2023-11-17,2023-12-03,16,7.9975,18.84,0,4
694_516,22.340595000000004,69.88126125000001,8,7,2023-01-09,2023-11-28,323,4.47625,10.54,1,7
694_517,22.34024666666667,69.88552,3,2,2023-02-03,2023-11-17,287,4.493333333333333,7.86,0,3
694_611,22.34053,70.22609,1,1,2023-03-09,2023-03-09,0,8.15,8.15,1,0
694_675,22.33953,70.45868,1,1,2023-05-12,2023-05-12,0,14.81,14.81,1,0
694_715,22.34087,70.60679,1,1,2023-03-23,2023-03-23,0,9.08,9.08,1,0
695_1078,22.3435,71.92794,1,1,2023-04-01,2023-04-01,0,8.06,8.06,1,0
695_1182,22.34205,72.30872,1,1,2023-11-20,2023-11-20,0,1.78,1.78,1,0
695_1184,22.34262,72.31291,1,1,2023-11-20,2023-11-20,0,4.01,4.01,1,0
695_1684,22.34412,74.13513,1,1,2023-03-09,2023-03-09,0,2.18,2.18,1,0
695_469,22.34164,69.71014,1,1,2023-03-25,2023-03-25,0,0.97,0.97,1,0
695_508,22.34123,69.85362,1,1,2023-12-22,2023-12-22,0,3.18,3.18,0,1
695_509,22.342085,69.85591,2,2,2023-11-17,2023-12-06,19,8.73,16.21,0,2
695_510,22.3425,69.8603,1,1,2023-11-17,2023-11-17,0,35.32,35.32,0,1
695_511,22.3425125,69.86399750000001,4,4,2023-09-27,2023-11-20,54,9.9625,35.32,1,3
695_512,22.342918333333333,69.86725333333332,6,5,2023-05-22,2023-11-28,190,5.005,11.43,6,0
695_513,22.342418,69.870526,5,3,2023-04-26,2023-11-23,211,8.852,21.57,2,3
695_514,22.342585,69.87355833333334,6,5,2023-01-28,2023-11-23,299,3.4166666666666665,7.83,0,6
695_515,22.342670769230764,69.87845076923078,13,11,2023-02-03,2023-12-06,306,8.184615384615384,40.21,5,8
695_516,22.343259629629635,69.88116296296297,27,22,2023-01-09,2023-12-15,340,5.245185185185186,17.39,12,15
695_517,22.342196666666666,69.88435,3,3,2023-11-24,2023-11-29,5,7.453333333333333,13.87,0,3
695_519,22.34405,69.89036,1,1,2023-01-10,2023-01-10,0,0.52,0.52,0,1
695_662,22.34459,70.41425,1,1,2023-03-21,2023-03-21,0,1.09,1.09,1,0
695_674,22.34283,70.45709,1,1,2023-05-10,2023-05-10,0,5.95,5.95,1,0
695_715,22.34247,70.60674,1,1,2023-03-23,2023-03-23,0,8.04,8.04,1,0
696_1036,22.3471,71.77591,1,1,2023-04-05,2023-04-05,0,6.64,6.64,1,0
696_1088,22.34774,71.96371,1,1,2023-06-02,2023-06-02,0,1.33,1.33,0,1
696_1183,22.34612,72.31236,1,1,2023-11-20,2023-11-20,0,3.72,3.72,1,0
696_1519,22.34497,73.53488,1,1,2023-02-02,2023-02-02,0,3.42,3.42,1,0
696_511,22.34516,69.863365,2,2,2023-01-16,2023-10-09,266,1.42,1.48,0,2
696_513,22.346995,69.8709,2,1,2023-11-28,2023-11-28,0,20.105,27.99,0,2
696_514,22.345534999999998,69.8748,2,2,2023-11-27,2023-12-03,6,4.845000000000001,8.13,0,2
696_515,22.345594545454546,69.87782636363637,11,8,2023-01-09,2023-12-03,328,7.09909090909091,18.25,2,9
696_516,22.345311818181823,69.88127909090909,11,10,2023-01-30,2023-11-30,304,7.873636363636364,19.85,5,6
696_517,22.34532,69.88456,2,2,2023-02-03,2023-11-28,298,17.805,25.78,1,1
696_613,22.34574,70.23533,1,1,2023-03-31,2023-03-31,0,7.99,7.99,1,0
696_679,22.3475,70.47531,1,1,2023-03-20,2023-03-20,0,1.73,1.73,1,0
697_1185,22.34982,72.31683,1,1,2023-12-18,2023-12-18,0,2.88,2.88,1,0
697_1186,22.34966,72.32204,1,1,2023-12-16,2023-12-16,0,0.54,0.54,0,1
697_1526,22.34998,73.55878,1,1,2023-03-09,2023-03-09,0,1.33,1.33,0,1
697_1571,22.34868,73.72328,1,1,2023-02-28,2023-02-28,0,3.33,3.33,1,0
697_488,22.35023,69.77917,1,1,2023-03-19,2023-03-19,0,3.58,3.58,1,0
697_517,22.34855,69.88377,1,1,2023-09-27,2023-09-27,0,12.7,12.7,0,1
697_664,22.34827,70.42161,1,1,2023-11-01,2023-11-01,0,2.04,2.04,1,0
697_665,22.34868,70.42215,1,1,2023-11-01,2023-11-01,0,0.62,0.62,1,0
697_668,22.34911,70.43555,1,1,2023-03-25,2023-03-25,0,12.35,12.35,1,0
697_769,22.34999,70.80166,1,1,2023-03-08,2023-03-08,0,4.08,4.08,1,0
698_1182,22.35256,72.30709,1,1,2023-11-20,2023-11-20,0,3.26,3.26,1,0
698_1240,22.35381,72.51663,1,1,2023-12-12,2023-12-12,0,2.1,2.1,1,0
698_1251,22.3545,72.5601,1,1,2023-04-18,2023-04-18,0,5.72,5.72,1,0
698_1529,22.35381,73.5707,1,1,2023-04-06,2023-04-06,0,15.97,15.97,1,0
698_1650,22.35189,74.01279,1,1,2023-03-07,2023-03-07,0,7.16,7.16,1,0
698_1652,22.35232,74.01927,1,1,2023-03-07,2023-03-07,0,8.69,8.69,1,0
698_487,22.352,69.77702,1,1,2023-03-19,2023-03-19,0,1.59,1.59,1,0
698_730,22.35272,70.66125,1,1,2023-01-01,2023-01-01,0,3.82,3.82,1,0
699_1189,22.35551,72.33141,1,1,2023-04-11,2023-04-11,0,11.32,11.32,1,0
699_1190,22.35618,72.33544,1,1,2023-04-11,2023-04-11,0,11.32,11.32,1,0
699_1252,22.35778,72.56206,1,1,2023-04-18,2023-04-18,0,2.81,2.81,1,0
699_1551,22.35693,73.65242,1,1,2023-05-24,2023-05-24,0,9.33,9.33,1,0
699_1553,22.35764,73.6566,1,1,2023-05-24,2023-05-24,0,20.91,20.91,1,0
699_1651,22.35746,74.01397,1,1,2023-03-07,2023-03-07,0,8.14,8.14,1,0
699_1652,22.35795,74.02058,1,1,2023-03-07,2023-03-07,0,8.14,8.14,1,0
699_1687,22.35538,74.14621,1,1,2023-03-04,2023-03-04,0,2.23,2.23,1,0
699_1768,22.35528,74.44289,1,1,2023-04-21,2023-04-21,0,9.0,9.0,1,0
699_1770,22.35586,74.44724,1,1,2023-04-21,2023-04-21,0,9.0,9.0,1,0
699_481,22.3564,69.75406,1,1,2023-01-09,2023-01-09,0,2.7,2.7,1,0
699_491,22.35697,69.79177,1,1,2023-03-21,2023-03-21,0,13.26,13.26,1,0
699_542,22.35736,69.97681,1,1,2023-03-18,2023-03-18,0,7.83,7.83,1,0
699_598,22.35778,70.17914,1,1,2023-04-08,2023-04-08,0,1.49,1.49,1,0
699_763,22.35559,70.78127,1,1,2023-03-21,2023-03-21,0,3.66,3.66,1,0
69_1393,20.23532,73.07407,1,1,2023-04-17,2023-04-17,0,6.15,6.15,1,0
69_1429,20.23481,73.20728,1,1,2023-04-20,2023-04-20,0,0.67,0.67,0,1
69_1492,20.23441,73.43594,1,1,2023-05-08,2023-05-08,0,4.62,4.62,1,0
69_1502,20.23493,73.47118,1,1,2023-05-24,2023-05-24,0,1.82,1.82,1,0
6_1450,20.02277,73.28375,1,1,2023-05-14,2023-05-14,0,1.66,1.66,1,0
6_1577,20.02148,73.74432,1,1,2023-02-09,2023-02-09,0,7.49,7.49,1,0
6_1664,20.02351,74.063,1,1,2023-06-02,2023-06-02,0,1.57,1.57,1,0
700_1226,22.36054,72.46738,1,1,2023-12-10,2023-12-10,0,1.74,1.74,1,0
700_1236,22.35933,72.50478,1,1,2023-12-08,2023-12-08,0,2.63,2.63,1,0
700_1405,22.36068,73.11812,1,1,2023-04-19,2023-04-19,0,1.79,1.79,0,1
700_1549,22.35836,73.64484,1,1,2023-05-09,2023-05-09,0,3.82,3.82,1,0
700_1551,22.35936,73.64988,1,1,2023-05-09,2023-05-09,0,5.29,5.29,1,0
700_1650,22.359219999999997,74.01109666666667,3,1,2023-03-07,2023-03-07,0,4.706666666666667,7.16,3,0
700_1651,22.36052,74.01507,2,1,2023-03-07,2023-03-07,0,3.48,3.54,2,0
700_1652,22.360194999999997,74.019125,2,2,2023-03-07,2023-03-08,1,4.865,8.69,1,1
700_1653,22.35876,74.02183,1,1,2023-03-08,2023-03-08,0,7.42,7.42,1,0
700_1654,22.35908,74.02505,1,1,2023-03-08,2023-03-08,0,7.43,7.43,1,0
700_1684,22.3601,74.13661,2,1,2023-03-10,2023-03-10,0,3.245,5.07,1,1
700_1768,22.35884,74.44232,1,1,2023-04-21,2023-04-21,0,15.95,15.95,1,0
700_491,22.36119,69.79082,1,1,2023-03-21,2023-03-21,0,8.15,8.15,1,0
700_494,22.36074,69.79981,1,1,2023-03-28,2023-03-28,0,3.99,3.99,1,0
700_721,22.3606,70.62883,1,1,2023-04-10,2023-04-10,0,30.43,30.43,1,0
701_1403,22.36367,73.11225666666667,3,3,2023-01-28,2023-05-07,99,1.3366666666666667,2.38,0,3
701_1404,22.363435714285714,73.11582071428572,14,14,2023-01-09,2023-12-22,347,1.7607142857142857,3.22,0,14
701_1405,22.363879999999998,73.118572,5,4,2023-04-30,2023-11-08,192,2.996,4.84,1,4
701_1491,22.36268,73.43399,1,1,2023-04-18,2023-04-18,0,3.62,3.62,1,0
701_1597,22.36422,73.81693,1,1,2023-03-01,2023-03-01,0,3.72,3.72,1,0
701_1651,22.36376,74.0165,1,1,2023-03-09,2023-03-09,0,6.92,6.92,1,0
701_1683,22.36182,74.13238,1,1,2023-03-10,2023-03-10,0,3.54,3.54,0,1
701_493,22.36233,69.79752,1,1,2023-03-28,2023-03-28,0,3.94,3.94,1,0
701_608,22.36399,70.21767,1,1,2023-04-05,2023-04-05,0,4.22,4.22,1,0
701_721,22.36394,70.62827,1,1,2023-04-10,2023-04-10,0,27.67,27.67,1,0
702_1253,22.36516,72.56579,1,1,2023-04-16,2023-04-16,0,13.49,13.49,1,0
702_1402,22.36649,73.10792000000001,2,2,2023-05-21,2023-10-12,144,2.76,3.9,0,2
702_1403,22.366207499999998,73.11256875,8,8,2023-01-17,2023-11-12,299,2.275,6.65,1,7
702_1404,22.365911904761905,73.11562428571429,21,20,2023-01-02,2023-12-05,337,2.6076190476190475,11.09,1,20
702_1405,22.365930000000002,73.118096,5,5,2023-01-08,2023-12-10,336,2.924,5.05,1,4
702_1406,22.36592,73.12175,1,1,2023-01-23,2023-01-23,0,1.62,1.62,0,1
702_1652,22.36589,74.02044,1,1,2023-03-08,2023-03-08,0,1.59,1.59,0,1
702_1653,22.36617,74.02071,1,1,2023-03-08,2023-03-08,0,1.11,1.11,0,1
702_1683,22.36514,74.13296,1,1,2023-03-10,2023-03-10,0,1.43,1.43,0,1
702_475,22.36493,69.73126,1,1,2023-03-17,2023-03-17,0,4.46,4.46,1,0
702_476,22.36644,69.73405,1,1,2023-03-17,2023-03-17,0,3.8,3.8,1,0
702_524,22.36594,69.91048,1,1,2023-03-08,2023-03-08,0,3.95,3.95,1,0
702_540,22.36485,69.96958,1,1,2023-03-21,2023-03-21,0,5.34,5.34,1,0
702_625,22.36612,70.27962,1,1,2023-03-30,2023-03-30,0,4.64,4.64,1,0
702_643,22.36546,70.34409,1,1,2023-03-13,2023-03-13,0,6.54,6.54,1,0
703_1246,22.36944,72.54133,1,1,2023-12-09,2023-12-09,0,3.06,3.06,1,0
703_1247,22.36866,72.54427,1,1,2023-12-09,2023-12-09,0,6.49,6.49,1,0
703_1248,22.37045,72.54577,1,1,2023-12-09,2023-12-09,0,3.06,3.06,1,0
703_1475,22.36979,73.37466,1,1,2023-04-05,2023-04-05,0,2.62,2.62,1,0
703_1547,22.36904,73.63671,1,1,2023-04-22,2023-04-22,0,2.48,2.48,1,0
703_643,22.36993,70.34352,1,1,2023-03-13,2023-03-13,0,6.54,6.54,1,0
703_822,22.37018,70.99417,1,1,2023-05-07,2023-05-07,0,11.89,11.89,1,0
704_1225,22.37397,72.46378,1,1,2023-12-08,2023-12-08,0,2.57,2.57,1,0
704_1229,22.3729,72.4768,1,1,2023-03-02,2023-03-02,0,0.6,0.6,0,1
704_1259,22.37358,72.58882,1,1,2023-04-08,2023-04-08,0,3.97,3.97,1,0
704_1260,22.37397,72.59082,1,1,2023-04-08,2023-04-08,0,3.01,3.01,1,0
704_1441,22.37188,73.24923,1,1,2023-06-08,2023-06-08,0,4.11,4.11,1,0
704_1673,22.37271,74.09696,1,1,2023-02-22,2023-02-22,0,2.91,2.91,1,0
704_743,22.3724,70.70951500000001,2,1,2023-04-03,2023-04-03,0,6.13,8.25,2,0
704_754,22.37341,70.74986,1,1,2023-03-31,2023-03-31,0,8.0,8.0,1,0
704_785,22.37371,70.85982,1,1,2023-11-03,2023-11-03,0,2.44,2.44,1,0
705_1184,22.37538,72.31557,1,1,2023-05-08,2023-05-08,0,30.49,30.49,1,0
705_1413,22.37625,73.147555,2,1,2023-01-02,2023-01-02,0,2.24,3.4,0,2
705_1672,22.37626,74.09223,1,1,2023-03-06,2023-03-06,0,1.46,1.46,1,0
705_631,22.37702,70.29893,1,1,2023-03-19,2023-03-19,0,2.05,2.05,1,0
705_743,22.37664,70.70903,1,1,2023-04-03,2023-04-03,0,4.01,4.01,1,0
705_783,22.37767,70.85542,1,1,2023-06-11,2023-06-11,0,4.87,4.87,1,0
705_785,22.37701,70.86031,1,1,2023-11-14,2023-11-14,0,0.57,0.57,0,1
705_821,22.37709,70.99076,1,1,2023-03-03,2023-03-03,0,3.14,3.14,1,0
706_1052,22.37928,71.83276,1,1,2023-04-25,2023-04-25,0,2.51,2.51,1,0
706_1183,22.38147,72.31004,1,1,2023-12-24,2023-12-24,0,5.26,5.26,1,0
706_1278,22.38109,72.65599,1,1,2023-03-26,2023-03-26,0,2.88,2.88,1,0
706_1407,22.37869,73.12599,1,1,2023-01-13,2023-01-13,0,0.99,0.99,0,1
706_1414,22.37838,73.15223,1,1,2023-01-02,2023-01-02,0,2.78,2.78,0,1
706_1533,22.38034,73.58382,1,1,2023-04-10,2023-04-10,0,1.8,1.8,0,1
706_486,22.37963,69.77091,1,1,2023-03-18,2023-03-18,0,4.4,4.4,1,0
706_522,22.38069,69.90219,1,1,2023-01-30,2023-01-30,0,5.14,5.14,1,0
706_644,22.37932,70.3463,1,1,2023-04-02,2023-04-02,0,3.42,3.42,0,1
706_645,22.380180000000003,70.351725,2,1,2023-04-02,2023-04-02,0,2.46,2.57,0,2
706_766,22.38003,70.79002,1,1,2023-03-31,2023-03-31,0,9.72,9.72,1,0
706_785,22.37932,70.85964,1,1,2023-11-15,2023-11-15,0,5.42,5.42,1,0
706_844,22.37857,71.07734,1,1,2023-04-25,2023-04-25,0,13.14,13.14,1,0
707_1033,22.38404,71.76252,1,1,2023-04-12,2023-04-12,0,9.69,9.69,1,0
707_1160,22.38437,72.22821,1,1,2023-03-05,2023-03-05,0,2.37,2.37,1,0
707_1278,22.38449,72.65534,1,1,2023-03-26,2023-03-26,0,2.87,2.87,1,0
707_1286,22.38214,72.68501,1,1,2023-04-14,2023-04-14,0,2.02,2.02,1,0
707_1401,22.3821,73.10426,1,1,2023-01-21,2023-01-21,0,5.12,5.12,1,0
707_1405,22.38491,73.11887,1,1,2023-01-13,2023-01-13,0,1.12,1.12,0,1
707_1407,22.38444,73.12584,1,1,2023-01-13,2023-01-13,0,1.12,1.12,0,1
707_1408,22.38411,73.12858,1,1,2023-01-13,2023-01-13,0,0.83,0.83,0,1
707_1409,22.38311,73.13287,1,1,2023-01-13,2023-01-13,0,0.83,0.83,0,1
707_1413,22.38199,73.14837,1,1,2023-01-02,2023-01-02,0,1.08,1.08,0,1
707_1431,22.38428,73.21327,1,1,2023-04-14,2023-04-14,0,5.69,5.69,1,0
707_1533,22.38398,73.58459,1,1,2023-04-10,2023-04-10,0,1.8,1.8,0,1
707_644,22.38191,70.34677,1,1,2023-04-02,2023-04-02,0,2.35,2.35,0,1
707_701,22.38344,70.55398,1,1,2023-02-02,2023-02-02,0,1.94,1.94,1,0
707_723,22.38363,70.63501,1,1,2023-03-30,2023-03-30,0,26.46,26.46,1,0
707_772,22.38233,70.81467,1,1,2023-01-10,2023-01-10,0,3.19,3.19,1,0
708_1058,22.38714,71.85394,1,1,2023-03-19,2023-03-19,0,4.97,4.97,1,0
708_1183,22.38586,72.30905,1,1,2023-12-24,2023-12-24,0,5.26,5.26,1,0
708_1404,22.3875675,73.11581999999999,4,4,2023-01-29,2023-12-14,319,7.3975,14.74,2,2
708_1405,22.38749,73.119135,2,2,2023-02-22,2023-12-13,294,7.555,9.59,2,0
708_1532,22.38544,73.58128,1,1,2023-04-10,2023-04-10,0,9.24,9.24,1,0
709_1057,22.39116,71.85339,1,1,2023-03-19,2023-03-19,0,9.34,9.34,1,0
709_1158,22.39143,72.2195,1,1,2023-01-13,2023-01-13,0,4.1,4.1,1,0
709_1404,22.38912,73.11533,2,2,2023-02-22,2023-05-04,71,1.5150000000000001,1.77,0,2
709_1405,22.38881,73.11926,1,1,2023-02-21,2023-02-21,0,8.33,8.33,1,0
709_1523,22.39091,73.55064,1,1,2023-05-23,2023-05-23,0,3.48,3.48,1,0
709_577,22.39036,70.10291,1,1,2023-03-24,2023-03-24,0,2.25,2.25,1,0
709_710,22.39049,70.58829,1,1,2023-11-10,2023-11-10,0,1.4,1.4,1,0
70_1429,20.23782,73.20598,1,1,2023-04-20,2023-04-20,0,0.53,0.53,0,1
70_1463,20.23853,73.33017,1,1,2023-05-08,2023-05-08,0,2.18,2.18,1,0
70_1478,20.23901,73.38546,1,1,2023-04-12,2023-04-12,0,4.63,4.63,1,0
70_1502,20.23761,73.473415,2,2,2023-05-11,2023-05-24,13,3.515,4.29,2,0
70_1607,20.23614,73.85625,1,1,2023-12-25,2023-12-25,0,7.33,7.33,1,0
710_1461,22.39386,73.32235,1,1,2023-05-26,2023-05-26,0,3.31,3.31,1,0
710_1462,22.394930000000002,73.326415,2,1,2023-05-26,2023-05-26,0,4.61,5.07,2,0
710_1503,22.39279,73.47688,1,1,2023-11-16,2023-11-16,0,4.29,4.29,1,0
710_1578,22.39378,73.74924,1,1,2023-05-23,2023-05-23,0,3.86,3.86,1,0
710_1629,22.39224,73.93429,1,1,2023-04-08,2023-04-08,0,4.14,4.14,1,0
710_1630,22.3933,73.93878,1,1,2023-04-08,2023-04-08,0,4.14,4.14,1,0
710_524,22.394285,69.909795,2,2,2023-12-04,2023-12-05,1,4.53,5.28,2,0
710_545,22.39387,69.98559,1,1,2023-01-25,2023-01-25,0,0.96,0.96,1,0
710_576,22.39194,70.09925,1,1,2023-03-24,2023-03-24,0,6.15,6.15,1,0
711_1016,22.39789,71.7021,1,1,2023-05-10,2023-05-10,0,0.6,0.6,0,1
711_1159,22.39568,72.22318,1,1,2023-03-08,2023-03-08,0,5.86,5.86,1,0
711_1242,22.39742,72.52644,1,1,2023-12-10,2023-12-10,0,2.14,2.14,1,0
711_1630,22.39562,73.93755,1,1,2023-04-08,2023-04-08,0,6.14,6.14,1,0
711_524,22.39677,69.91019,1,1,2023-12-04,2023-12-04,0,5.76,5.76,1,0
711_617,22.39585,70.24845,1,1,2023-03-05,2023-03-05,0,4.49,4.49,1,0
711_622,22.39531,70.26896,1,1,2023-04-10,2023-04-10,0,12.64,12.64,1,0
711_736,22.39639,70.68344,1,1,2023-04-13,2023-04-13,0,0.86,0.86,0,1
712_1151,22.39893,72.1928,1,1,2023-10-20,2023-10-20,0,1.09,1.09,1,0
712_1158,22.39958,72.21921,1,1,2023-03-09,2023-03-09,0,0.81,0.81,0,1
712_1159,22.40038,72.22398,1,1,2023-04-11,2023-04-11,0,2.79,2.79,1,0
712_1211,22.39971,72.4118,1,1,2023-12-08,2023-12-08,0,1.37,1.37,1,0
712_1268,22.39906,72.62071,1,1,2023-04-17,2023-04-17,0,13.57,13.57,1,0
712_1547,22.4015,73.63508,1,1,2023-04-21,2023-04-21,0,9.73,9.73,1,0
712_279,22.40068,69.01832967741936,31,29,2023-01-04,2023-12-28,358,1.115483870967742,2.19,0,31
712_280,22.400301875,69.020635,16,16,2023-01-05,2023-12-27,356,0.819375,1.87,0,16
712_508,22.40005,69.85201,1,1,2023-03-31,2023-03-31,0,5.1,5.1,1,0
712_645,22.39946,70.35285,1,1,2023-11-14,2023-11-14,0,2.82,2.82,1,0
712_737,22.39978,70.68709,1,1,2023-04-13,2023-04-13,0,2.02,2.02,0,1
712_828,22.39987,71.01807,1,1,2023-10-31,2023-10-31,0,1.89,1.89,0,1
713_1152,22.40305,72.1962,1,1,2023-10-20,2023-10-20,0,2.29,2.29,1,0
713_1153,22.40372,72.20027,1,1,2023-10-20,2023-10-20,0,2.29,2.29,1,0
713_1172,22.40279,72.27221,1,1,2023-03-06,2023-03-06,0,3.76,3.76,1,0
713_1174,22.40401,72.27809,1,1,2023-03-06,2023-03-06,0,7.42,7.42,1,0
713_1404,22.40507,73.114,1,1,2023-10-09,2023-10-09,0,1.91,1.91,1,0
713_1546,22.404094999999998,73.63456,2,1,2023-04-21,2023-04-21,0,9.600000000000001,9.73,2,0
713_279,22.402302857142853,69.01834428571428,7,7,2023-01-16,2023-12-30,348,1.0214285714285714,2.11,0,7
713_280,22.40215,69.02018,2,2,2023-09-02,2023-11-14,73,1.045,1.13,0,2
713_643,22.40218,70.3429,1,1,2023-04-15,2023-04-15,0,14.1,14.1,1,0
713_731,22.40483,70.66518,1,1,2023-03-28,2023-03-28,0,3.75,3.75,1,0
713_736,22.40311,70.68401,1,1,2023-04-13,2023-04-13,0,0.86,0.86,0,1
714_1151,22.4065,72.19553,1,1,2023-10-20,2023-10-20,0,3.35,3.35,1,0
714_1153,22.40717,72.19961,1,1,2023-10-20,2023-10-20,0,3.35,3.35,1,0
714_1234,22.40777,72.49638,1,1,2023-12-07,2023-12-07,0,7.36,7.36,1,0
714_1239,22.40562,72.5143,1,1,2023-11-20,2023-11-20,0,11.86,11.86,1,0
714_1243,22.40715,72.52746,1,1,2023-12-11,2023-12-11,0,7.08,7.08,1,0
714_1410,22.40679,73.13889,1,1,2023-04-24,2023-04-24,0,1.96,1.96,1,0
714_1423,22.4085,73.18484,1,1,2023-04-02,2023-04-02,0,1.83,1.83,1,0
714_1582,22.40524,73.76568,1,1,2023-04-06,2023-04-06,0,1.7,1.7,0,1
714_272,22.40617,68.99178,1,1,2023-12-01,2023-12-01,0,3.03,3.03,1,0
714_683,22.40845,70.49097,1,1,2023-03-11,2023-03-11,0,7.14,7.14,1,0
714_712,22.40623,70.59365,1,1,2023-03-31,2023-03-31,0,10.44,10.44,1,0
715_1547,22.40896,73.63809,1,1,2023-04-21,2023-04-21,0,12.78,12.78,1,0
715_272,22.40961,68.99112,1,1,2023-12-01,2023-12-01,0,3.03,3.03,1,0
715_711,22.40967,70.59298,1,1,2023-03-31,2023-03-31,0,10.44,10.44,1,0
715_713,22.41189,70.59879,1,1,2023-04-03,2023-04-03,0,4.29,4.29,1,0
715_916,22.40954,71.33835,1,1,2023-06-02,2023-06-02,0,14.86,14.86,1,0
716_1015,22.41462,71.69696,1,1,2023-06-07,2023-06-07,0,19.98,19.98,1,0
716_1204,22.41418,72.38856,1,1,2023-04-08,2023-04-08,0,5.99,5.99,1,0
716_1241,22.41389,72.52144,1,1,2023-12-04,2023-12-04,0,7.17,7.17,1,0
716_1446,22.41393,73.26772,1,1,2023-03-28,2023-03-28,0,2.24,2.24,1,0
716_284,22.414781666666666,69.03696000000001,6,6,2023-01-15,2023-03-31,75,0.655,0.78,0,6
716_285,22.414752608695654,69.03922826086958,23,22,2023-01-04,2023-07-04,181,0.8621739130434782,2.15,0,23
716_612,22.41475,70.23034,1,1,2023-03-06,2023-03-06,0,2.64,2.64,1,0
716_636,22.41388,70.31946,1,1,2023-03-05,2023-03-05,0,3.24,3.24,1,0
716_733,22.41418,70.67296,1,1,2023-04-03,2023-04-03,0,4.51,4.51,1,0
716_734,22.4145,70.67613,1,1,2023-04-03,2023-04-03,0,4.51,4.51,1,0
717_1014,22.4169,71.69444,1,1,2023-06-07,2023-06-07,0,16.48,16.48,1,0
717_1202,22.41599,72.38061,1,1,2023-04-05,2023-04-05,0,7.22,7.22,1,0
717_1241,22.4168,72.52251,1,1,2023-12-04,2023-12-04,0,7.68,7.68,1,0
717_1261,22.41547,72.59351,1,1,2023-04-08,2023-04-08,0,4.28,4.28,1,0
717_1276,22.41549,72.64796,1,1,2023-04-18,2023-04-18,0,1.72,1.72,1,0
717_1278,22.41561,72.65514,1,1,2023-04-01,2023-04-01,0,3.69,3.69,1,0
717_1556,22.41541,73.67004,1,1,2023-05-14,2023-05-14,0,1.84,1.84,1,0
717_1621,22.41691,73.90693,1,1,2023-04-09,2023-04-09,0,3.88,3.88,1,0
717_284,22.416357999999995,69.03724066666665,15,15,2023-01-10,2023-04-20,100,0.84,1.38,0,15
717_285,22.416667254901963,69.03964901960785,51,45,2023-01-02,2023-05-23,141,0.9327450980392157,2.85,2,49
717_612,22.41577,70.23037,1,1,2023-03-06,2023-03-06,0,2.15,2.15,1,0
717_626,22.41607,70.28217,1,1,2023-03-14,2023-03-14,0,4.89,4.89,1,0
717_776,22.41742,70.82927,1,1,2023-02-04,2023-02-04,0,4.65,4.65,1,0
717_867,22.41621,71.16135,1,1,2023-01-21,2023-01-21,0,3.82,3.82,1,0
717_874,22.41653,71.18489,1,1,2023-05-23,2023-05-23,0,4.41,4.41,1,0
718_1236,22.42107,72.50383,1,1,2023-12-16,2023-12-16,0,2.34,2.34,1,0
718_1272,22.42059,72.63573,1,1,2023-04-14,2023-04-14,0,7.11,7.11,1,0
718_1275,22.42072,72.64667,1,1,2023-04-18,2023-04-18,0,3.31,3.31,1,0
718_1729,22.42179,74.29942,1,1,2023-03-25,2023-03-25,0,1.88,1.88,1,0
718_285,22.41882,69.03983,1,1,2023-01-17,2023-01-17,0,1.19,1.19,0,1
718_589,22.42034,70.14893,1,1,2023-03-19,2023-03-19,0,5.24,5.24,1,0
718_607,22.42089,70.21433,1,1,2023-04-26,2023-04-26,0,6.56,6.56,1,0
718_661,22.42068,70.40924,1,1,2023-04-23,2023-04-23,0,2.43,2.43,1,0
718_764,22.42072,70.78527,1,1,2023-04-12,2023-04-12,0,7.04,7.04,1,0
718_784,22.42196,70.85637,1,1,2023-04-03,2023-04-03,0,6.48,6.48,1,0
719_1447,22.42378,73.27276,1,1,2023-06-12,2023-06-12,0,3.79,3.79,1,0
719_1544,22.42245,73.62457,1,1,2023-03-22,2023-03-22,0,2.62,2.62,1,0
719_1621,22.42505,73.9053,1,1,2023-03-31,2023-03-31,0,9.75,9.75,1,0
719_1628,22.42422,73.93313,1,1,2023-03-13,2023-03-13,0,1.92,1.92,0,1
719_1629,22.42383,73.93458,1,1,2023-03-13,2023-03-13,0,1.88,1.88,0,1
719_503,22.42313,69.83361,1,1,2023-11-03,2023-11-03,0,2.6,2.6,1,0
719_722,22.42309,70.6332,1,1,2023-03-28,2023-03-28,0,2.13,2.13,1,0
719_776,22.42475,70.82856,1,1,2023-01-26,2023-01-26,0,2.27,2.27,1,0
71_1450,20.24153,73.28141,1,1,2023-05-20,2023-05-20,0,0.62,0.62,1,0
71_1513,20.24129,73.51385,1,1,2023-05-23,2023-05-23,0,3.24,3.24,1,0
720_1283,22.42742,72.67385,1,1,2023-04-12,2023-04-12,0,1.89,1.89,1,0
720_1587,22.42746,73.78213,1,1,2023-03-07,2023-03-07,0,1.09,1.09,0,1
720_1652,22.4262,74.01907,1,1,2023-03-07,2023-03-07,0,1.09,1.09,0,1
720_552,22.42868,70.01302,1,1,2023-03-19,2023-03-19,0,3.33,3.33,1,0
720_755,22.42842,70.75308,1,1,2023-03-09,2023-03-09,0,0.36,0.36,0,1
721_1271,22.43065,72.63126,1,1,2023-04-14,2023-04-14,0,4.51,4.51,1,0
721_1407,22.43075,73.12691,1,1,2023-02-22,2023-02-22,0,1.63,1.63,1,0
721_1436,22.4317,73.23218,1,1,2023-05-31,2023-05-31,0,2.66,2.66,1,0
721_1589,22.43183,73.79081,1,1,2023-03-07,2023-03-07,0,3.71,3.71,1,0
721_502,22.43041666666667,69.83163,3,3,2023-01-16,2023-01-26,10,0.6466666666666667,0.82,0,3
721_503,22.4301275,69.83363375,8,8,2023-01-04,2023-03-25,80,0.49375,0.9,0,8
722_1434,22.43429,73.22653,1,1,2023-11-10,2023-11-10,0,0.71,0.71,0,1
722_1436,22.43484,73.23168,1,1,2023-05-31,2023-05-31,0,2.45,2.45,1,0
722_1544,22.43435,73.62459,1,1,2023-04-17,2023-04-17,0,18.5,18.5,1,0
722_1629,22.43506,73.93591,1,1,2023-03-05,2023-03-05,0,3.42,3.42,1,0
722_1649,22.43337,74.00834,1,1,2023-03-10,2023-03-10,0,12.46,12.46,1,0
722_1725,22.43277,74.28457,1,1,2023-03-10,2023-03-10,0,2.56,2.56,1,0
722_547,22.4339,69.99288,1,1,2023-04-12,2023-04-12,0,0.93,0.93,1,0
722_549,22.43498,70.00233,1,1,2023-04-15,2023-04-15,0,1.08,1.08,0,1
722_550,22.43493,70.00609,1,1,2023-04-09,2023-04-09,0,1.11,1.11,0,1
722_565,22.43466,70.06049,1,1,2023-02-14,2023-02-14,0,2.29,2.29,1,0
722_640,22.43342,70.33366,1,1,2023-10-25,2023-10-25,0,1.99,1.99,1,0
722_654,22.43476,70.38316,1,1,2023-04-01,2023-04-01,0,2.74,2.74,1,0
722_783,22.43501,70.85325499999999,2,1,2023-06-07,2023-06-07,0,14.27,15.1,2,0
722_802,22.43284,70.92362,1,1,2023-04-03,2023-04-03,0,0.46,0.46,0,1
723_1544,22.43703,73.62539,1,1,2023-04-24,2023-04-24,0,5.56,5.56,1,0
723_549,22.43619,70.00241,1,1,2023-04-09,2023-04-09,0,1.27,1.27,0,1
724_1434,22.44065,73.22572,1,1,2023-01-10,2023-01-10,0,2.48,2.48,1,0
724_1543,22.44018,73.62347,1,1,2023-04-24,2023-04-24,0,4.77,4.77,1,0
724_1571,22.44193,73.72535,1,1,2023-03-25,2023-03-25,0,1.91,1.91,1,0
724_1572,22.44041,73.72807,1,1,2023-03-26,2023-03-26,0,0.74,0.74,0,1
724_1594,22.441474999999997,73.808255,2,2,2023-03-10,2023-03-11,1,1.7149999999999999,1.76,0,2
724_1595,22.44026,73.81253,1,1,2023-03-11,2023-03-11,0,2.03,2.03,0,1
724_508,22.43983,69.85114,1,1,2023-06-08,2023-06-08,0,0.48,0.48,0,1
724_509,22.43925,69.85399,1,1,2023-06-07,2023-06-07,0,2.51,2.51,0,1
724_537,22.44134,69.95673,1,1,2023-03-24,2023-03-24,0,2.64,2.64,1,0
724_571,22.4402,70.08291,1,1,2023-12-11,2023-12-11,0,2.5,2.5,1,0
724_581,22.44193,70.11971,1,1,2023-01-20,2023-01-20,0,4.42,4.42,1,0
724_582,22.44047,70.12052,1,1,2023-06-01,2023-06-01,0,1.4,1.4,1,0
724_709,22.44167,70.58463,1,1,2023-06-09,2023-06-09,0,2.92,2.92,1,0
724_837,22.44003,71.05209,1,1,2023-11-11,2023-11-11,0,8.45,8.45,1,0
725_1254,22.44363,72.56838,1,1,2023-04-20,2023-04-20,0,11.1,11.1,1,0
725_1448,22.44542,73.27592,1,1,2023-02-09,2023-02-09,0,2.9,2.9,1,0
725_1546,22.4423,73.63387,1,1,2023-04-21,2023-04-21,0,0.93,0.93,0,1
725_1567,22.44539,73.70882,1,1,2023-03-26,2023-03-26,0,0.77,0.77,0,1
725_1572,22.44255,73.72767,1,1,2023-03-26,2023-03-26,0,1.4,1.4,0,1
725_1573,22.44326,73.73257,1,1,2023-03-28,2023-03-28,0,1.58,1.58,1,0
725_1591,22.44395,73.79656,1,1,2023-03-10,2023-03-10,0,1.12,1.12,0,1
725_1594,22.44555,73.80851,1,1,2023-03-10,2023-03-10,0,1.76,1.76,0,1
725_1595,22.44497,73.81227,1,1,2023-03-10,2023-03-10,0,1.35,1.35,0,1
725_1719,22.44326,74.26408,1,1,2023-03-16,2023-03-16,0,0.72,0.72,0,1
725_1721,22.44267,74.26855,1,1,2023-03-16,2023-03-16,0,0.72,0.72,0,1
725_746,22.44347,70.71902,1,1,2023-04-05,2023-04-05,0,0.8,0.8,0,1
726_1448,22.44718,73.27515,1,1,2023-02-09,2023-02-09,0,3.99,3.99,1,0
726_1466,22.44877,73.34184,1,1,2023-04-05,2023-04-05,0,6.14,6.14,1,0
726_1541,22.44787,73.61443,1,1,2023-04-24,2023-04-24,0,5.54,5.54,1,0
726_1573,22.4479,73.73072,1,1,2023-03-28,2023-03-28,0,4.56,4.56,1,0
726_1591,22.446765,73.79776,2,2,2023-02-25,2023-03-10,13,0.8700000000000001,1.12,0,2
726_1592,22.4467,73.80096,1,1,2023-03-10,2023-03-10,0,1.12,1.12,0,1
726_1594,22.44887,73.80913,1,1,2023-03-10,2023-03-10,0,3.68,3.68,0,1
726_1595,22.4483,73.81289,1,1,2023-03-10,2023-03-10,0,1.21,1.21,0,1
726_1596,22.44893,73.81425,1,1,2023-03-11,2023-03-11,0,4.9,4.9,1,0
726_536,22.44802,69.95352,1,1,2023-04-08,2023-04-08,0,3.82,3.82,1,0
726_540,22.44653,69.9697,1,1,2023-03-28,2023-03-28,0,2.0,2.0,1,0
727_1492,22.45174,73.4372,1,1,2023-04-02,2023-04-02,0,3.31,3.31,1,0
727_1560,22.4523,73.68336,1,1,2023-04-19,2023-04-19,0,3.98,3.98,1,0
727_1591,22.4506,73.79781,1,1,2023-03-10,2023-03-10,0,0.79,0.79,0,1
727_1597,22.45201,73.81901,1,1,2023-03-11,2023-03-11,0,1.43,1.43,0,1
727_537,22.44996,69.95954,1,1,2023-03-21,2023-03-21,0,5.92,5.92,1,0
727_539,22.45076,69.96369,1,1,2023-03-21,2023-03-21,0,7.54,7.54,1,0
727_571,22.44922,70.08152,1,1,2023-03-27,2023-03-27,0,2.81,2.81,1,0
727_634,22.45167,70.31164,1,1,2023-09-11,2023-09-11,0,8.98,8.98,1,0
727_690,22.45027,70.51644,1,1,2023-03-06,2023-03-06,0,1.61,1.61,1,0
727_759,22.45065,70.76773,1,1,2023-01-27,2023-01-27,0,4.5,4.5,1,0
728_1106,22.45267,72.03188,1,1,2023-05-31,2023-05-31,0,2.51,2.51,1,0
728_1195,22.45471,72.35596,1,1,2023-03-05,2023-03-05,0,2.69,2.69,1,0
728_1208,22.4538,72.40287,1,1,2023-06-08,2023-06-08,0,12.64,12.64,1,0
728_1209,22.45467,72.40479,1,1,2023-06-05,2023-06-05,0,3.66,3.66,1,0
728_1560,22.45266,73.68262,1,1,2023-04-19,2023-04-19,0,4.9,4.9,1,0
728_1596,22.452735,73.814375,2,1,2023-03-11,2023-03-11,0,1.75,2.07,1,1
728_1598,22.45566,73.82341,1,1,2023-03-11,2023-03-11,0,1.67,1.67,0,1
728_1599,22.4552,73.82719,1,1,2023-03-11,2023-03-11,0,1.67,1.67,0,1
728_1600,22.45475,73.83099,1,1,2023-03-11,2023-03-11,0,1.84,1.84,0,1
728_537,22.45377,69.95753,1,1,2023-11-05,2023-11-05,0,3.24,3.24,1,0
728_607,22.45408,70.21235,1,1,2023-06-02,2023-06-02,0,2.39,2.39,0,1
728_715,22.45405,70.60532,1,1,2023-04-12,2023-04-12,0,5.85,5.85,1,0
729_1057,22.45734,71.85057,1,1,2023-11-05,2023-11-05,0,4.53,4.53,1,0
729_1067,22.45844,71.8868,1,1,2023-04-05,2023-04-05,0,9.02,9.02,1,0
729_1209,22.45889,72.40529,1,1,2023-05-30,2023-05-30,0,2.19,2.19,1,0
729_1424,22.45907,73.19022,1,1,2023-11-05,2023-11-05,0,0.28,0.28,0,1
729_1596,22.45659,73.81567,1,1,2023-03-11,2023-03-11,0,2.31,2.31,0,1
729_1601,22.45874,73.83401,1,1,2023-03-10,2023-03-10,0,1.46,1.46,0,1
729_1603,22.45641,73.84143,1,1,2023-03-09,2023-03-09,0,2.34,2.34,1,0
729_536,22.45581,69.9544,1,1,2023-11-05,2023-11-05,0,3.44,3.44,1,0
729_633,22.45909,70.3065,1,1,2023-04-17,2023-04-17,0,10.93,10.93,1,0
729_634,22.45876,70.30968,1,1,2023-04-17,2023-04-17,0,17.49,17.49,1,0
729_806,22.45804,70.93736,1,1,2023-04-20,2023-04-20,0,11.72,11.72,1,0
72_1365,20.244085,72.973165,2,1,2023-05-20,2023-05-20,0,2.62,2.63,2,0
72_1493,20.24344,73.44068,1,1,2023-06-08,2023-06-08,0,2.45,2.45,1,0
72_1509,20.24354,73.49726,1,1,2023-04-28,2023-04-28,0,2.19,2.19,1,0
730_1056,22.46082,71.84989,1,1,2023-11-05,2023-11-05,0,4.53,4.53,1,0
730_1058,22.46152,71.85403,1,1,2023-11-05,2023-11-05,0,4.53,4.53,1,0
730_1059,22.46223,71.85818,1,1,2023-11-05,2023-11-05,0,2.85,2.85,1,0
730_1289,22.46122,72.69715,1,1,2023-11-21,2023-11-21,0,1.98,1.98,1,0
730_1500,22.45929,73.46677,1,1,2023-04-10,2023-04-10,0,7.35,7.35,1,0
730_1599,22.46099,73.82546,1,1,2023-04-22,2023-04-22,0,3.69,3.69,1,0
730_1614,22.46193,73.87994,1,1,2023-04-22,2023-04-22,0,1.46,1.46,0,1
730_827,22.45971,71.01328,1,1,2023-01-16,2023-01-16,0,6.59,6.59,1,0
730_840,22.46042,71.06061,2,1,2023-05-10,2023-05-10,0,9.399999999999999,10.77,2,0
730_940,22.46226,71.4257,1,1,2023-11-15,2023-11-15,0,6.92,6.92,1,0
731_1012,22.4641,71.6868,1,1,2023-04-10,2023-04-10,0,8.67,8.67,1,0
731_1030,22.46431,71.75195,1,1,2023-04-08,2023-04-08,0,5.02,5.02,1,0
731_1057,22.465,71.85336,1,1,2023-11-05,2023-11-05,0,3.57,3.57,1,0
731_1227,22.46576,72.47247,1,1,2023-01-13,2023-01-13,0,1.33,1.33,1,0
731_1290,22.46305,72.69855,1,1,2023-11-20,2023-11-20,0,2.9,2.9,1,0
731_1476,22.46354,73.37868,1,1,2023-01-10,2023-01-10,0,1.57,1.57,1,0
731_1513,22.46349,73.51434,1,1,2023-11-11,2023-11-11,0,1.23,1.23,0,1
731_1582,22.46503,73.76299,1,1,2023-03-06,2023-03-06,0,1.78,1.78,1,0
731_1592,22.46473,73.80059,1,1,2023-04-12,2023-04-12,0,1.65,1.65,0,1
731_1597,22.46399,73.81767,1,1,2023-04-21,2023-04-21,0,1.68,1.68,0,1
731_637,22.46513,70.32293,1,1,2023-02-10,2023-02-10,0,3.7,3.7,1,0
732_1030,22.46628,71.7524,1,1,2023-04-08,2023-04-08,0,5.37,5.37,1,0
732_1057,22.46848,71.85268,1,1,2023-11-05,2023-11-05,0,3.57,3.57,1,0
732_1182,22.46647,72.30585,1,1,2023-03-01,2023-03-01,0,2.4,2.4,1,0
732_1199,22.46773,72.36996,1,1,2023-04-12,2023-04-12,0,4.42,4.42,1,0
732_1457,22.46677,73.30849,1,1,2023-02-18,2023-02-18,0,1.67,1.67,0,1
732_1573,22.46845,73.73222,1,1,2023-04-09,2023-04-09,0,3.05,3.05,0,1
732_1575,22.46753,73.7389,1,1,2023-03-25,2023-03-25,0,3.37,3.37,1,0
732_1576,22.468553333333336,73.74323666666668,3,1,2023-05-10,2023-05-10,0,3.0366666666666666,3.77,0,3
732_1613,22.46597,73.87646,1,1,2023-04-22,2023-04-22,0,0.99,0.99,0,1
732_1615,22.467025,73.88382,2,2,2023-04-21,2023-04-22,1,4.375,4.59,2,0
732_540,22.4659,69.96935,1,1,2023-02-21,2023-02-21,0,3.49,3.49,1,0
732_637,22.46609,70.32239,1,1,2023-02-10,2023-02-10,0,3.21,3.21,1,0
732_707,22.46804,70.57699,1,1,2023-03-25,2023-03-25,0,5.23,5.23,1,0
732_714,22.46711,70.60347,1,1,2023-04-10,2023-04-10,0,1.03,1.03,0,1
733_1036,22.46929,71.77425,1,1,2023-06-09,2023-06-09,0,2.05,2.05,1,0
733_1178,22.47153,72.29227,1,1,2023-04-06,2023-04-06,0,12.15,12.15,1,0
733_1445,22.47128,73.26428,1,1,2023-06-11,2023-06-11,0,6.87,6.87,1,0
733_1561,22.47087,73.68613,1,1,2023-04-06,2023-04-06,0,2.68,2.68,0,1
733_1574,22.46999,73.73298,1,1,2023-04-09,2023-04-09,0,3.39,3.39,0,1
733_1575,22.46973,73.73761999999999,2,1,2023-05-10,2023-05-10,0,3.815,4.96,0,2
733_1615,22.47075,73.88233,1,1,2023-04-21,2023-04-21,0,0.49,0.49,0,1
733_296,22.47213,69.08006,1,1,2023-01-04,2023-01-04,0,0.66,0.66,0,1
733_297,22.472,69.08305,1,1,2023-01-26,2023-01-26,0,0.94,0.94,0,1
733_538,22.470315,69.962205,2,1,2023-02-24,2023-02-24,0,3.47,3.7,2,0
733_574,22.47119,70.09164,1,1,2023-03-21,2023-03-21,0,2.93,2.93,1,0
733_630,22.47194,70.29606,1,1,2023-04-06,2023-04-06,0,4.13,4.13,1,0
733_714,22.47155,70.60372,1,1,2023-04-09,2023-04-09,0,14.34,14.34,1,0
733_726,22.47212,70.64779,1,1,2023-02-28,2023-02-28,0,2.78,2.78,1,0
734_1066,22.47556,71.88528,1,1,2023-04-18,2023-04-18,0,6.67,6.67,1,0
734_1103,22.47582,72.01794,1,1,2023-04-06,2023-04-06,0,7.77,7.77,1,0
734_1255,22.47495,72.57384,1,1,2023-04-05,2023-04-05,0,9.44,9.44,1,0
734_1498,22.47354,73.45922,1,1,2023-01-16,2023-01-16,0,3.39,3.39,1,0
734_1710,22.47449,74.2286,1,1,2023-04-14,2023-04-14,0,2.91,2.91,1,0
734_645,22.47297,70.34957,1,1,2023-02-01,2023-02-01,0,1.35,1.35,1,0
735_1107,22.47839,72.03227,1,1,2023-04-06,2023-04-06,0,9.57,9.57,1,0
735_1257,22.47707,72.57896,1,1,2023-04-10,2023-04-10,0,9.75,9.75,1,0
735_1448,22.47616,73.27652,1,1,2023-03-19,2023-03-19,0,9.38,9.38,1,0
735_1474,22.47835,73.36999,2,1,2023-03-29,2023-03-29,0,3.505,4.61,2,0
735_611,22.47786,70.22651,1,1,2023-03-01,2023-03-01,0,5.6,5.6,1,0
735_666,22.47668,70.42854,1,1,2023-03-28,2023-03-28,0,3.63,3.63,1,0
735_711,22.47738,70.59007,1,1,2023-04-18,2023-04-18,0,4.38,4.38,1,0
736_1029,22.48222,71.75034,1,1,2023-03-20,2023-03-20,0,5.87,5.87,1,0
736_1055,22.48241,71.84603,1,1,2023-04-13,2023-04-13,0,4.17,4.17,1,0
736_1167,22.47961,72.25417,1,1,2023-04-08,2023-04-08,0,4.24,4.24,0,1
736_1189,22.48105,72.33385,1,1,2023-04-25,2023-04-25,0,6.42,6.42,1,0
736_1705,22.4821,74.21022,1,1,2023-05-02,2023-05-02,0,1.99,1.99,1,0
736_1709,22.48019,74.22749,1,1,2023-04-14,2023-04-14,0,2.91,2.91,1,0
736_548,22.48119,69.99621,1,1,2023-03-17,2023-03-17,0,2.66,2.66,1,0
736_676,22.48224,70.46393,1,1,2023-04-02,2023-04-02,0,2.66,2.66,1,0
736_682,22.4812,70.4841,1,1,2023-04-12,2023-04-12,0,4.36,4.36,1,0
736_732,22.48001,70.66776,1,1,2023-10-31,2023-10-31,0,2.39,2.39,1,0
737_1030,22.48277,71.75408,1,1,2023-03-20,2023-03-20,0,9.77,9.77,1,0
737_1409,22.48415,73.13297,1,1,2023-03-29,2023-03-29,0,1.21,1.21,1,0
737_1706,22.48392,74.21634,1,1,2023-04-11,2023-04-11,0,1.36,1.36,0,1
737_1708,22.48607,74.2242,1,1,2023-04-09,2023-04-09,0,3.76,3.76,1,0
737_577,22.48285,70.10523,1,1,2023-02-15,2023-02-15,0,2.92,2.92,1,0
737_904,22.48272,71.29565,1,1,2023-11-18,2023-11-18,0,2.67,2.67,1,0
738_1240,22.48771,72.51968,1,1,2023-12-29,2023-12-29,0,12.31,12.31,1,0
738_676,22.48613,70.46404,1,1,2023-04-02,2023-04-02,0,1.95,1.95,1,0
739_1010,22.49059,71.68203,1,1,2023-02-04,2023-02-04,0,2.05,2.05,1,0
739_1042,22.49223,71.79794,1,1,2023-05-06,2023-05-06,0,3.19,3.19,0,1
739_1045,22.49006,71.80722,1,1,2023-04-03,2023-04-03,0,5.48,5.48,1,0
739_1046,22.4904,71.811,1,1,2023-04-03,2023-04-03,0,5.48,5.48,1,0
739_1200,22.49049,72.37339,1,1,2023-12-06,2023-12-06,0,9.7,9.7,1,0
739_1355,22.49059,72.93549,1,1,2023-03-01,2023-03-01,0,1.22,1.22,1,0
739_1446,22.49087,73.26749,1,1,2023-11-07,2023-11-07,0,3.51,3.51,1,0
739_1502,22.49268,73.47421,1,1,2023-03-10,2023-03-10,0,3.24,3.24,0,1
739_1633,22.49256,73.95,1,1,2023-02-27,2023-02-27,0,1.68,1.68,0,1
739_1636,22.49066,73.95926,1,1,2023-02-28,2023-02-28,0,1.84,1.84,0,1
73_1486,20.24755,73.41264,1,1,2023-05-15,2023-05-15,0,6.57,6.57,1,0
73_1487,20.24809,73.41637,1,1,2023-04-21,2023-04-21,0,6.19,6.19,1,0
73_1583,20.24823,73.76862,1,1,2023-05-03,2023-05-03,0,6.11,6.11,1,0
73_1615,20.24744,73.88584,1,1,2023-04-17,2023-04-17,0,5.12,5.12,1,0
740_1039,22.49303,71.78782,1,1,2023-11-15,2023-11-15,0,1.07,1.07,1,0
740_1045,22.49552,71.80667,1,1,2023-04-03,2023-04-03,0,5.08,5.08,1,0
740_1160,22.49508,72.22744,1,1,2023-04-05,2023-04-05,0,8.99,8.99,1,0
740_1161,22.49564,72.23122,1,1,2023-04-05,2023-04-05,0,9.59,9.59,1,0
740_1234,22.49325,72.49538,1,1,2023-06-23,2023-06-23,0,3.54,3.54,1,0
740_1240,22.49335,72.51826,1,1,2023-04-03,2023-04-03,0,3.51,3.51,1,0
740_1413,22.49386,73.1474,1,1,2023-02-22,2023-02-22,0,1.75,1.75,1,0
740_1446,22.49343,73.2694,1,1,2023-11-07,2023-11-07,0,5.13,5.13,1,0
740_1501,22.49326,73.47039,1,1,2023-03-10,2023-03-10,0,3.24,3.24,0,1
740_1552,22.49523,73.654,1,1,2023-04-12,2023-04-12,0,0.41,0.41,0,1
740_1616,22.49291,73.8871,1,1,2023-03-09,2023-03-09,0,4.89,4.89,1,0
740_1617,22.4931,73.89223,1,1,2023-03-11,2023-03-11,0,1.92,1.92,0,1
740_1619,22.49385,73.89999,1,1,2023-02-27,2023-02-27,0,0.55,0.55,0,1
740_1620,22.49287,73.90318,1,1,2023-02-27,2023-02-27,0,3.39,3.39,1,0
740_1633,22.494754999999998,73.94921500000001,2,2,2023-02-27,2023-02-28,1,3.4400000000000004,4.41,2,0
740_1636,22.49405,73.96186,1,1,2023-02-27,2023-02-27,0,0.93,0.93,0,1
740_1637,22.49343,73.96562,1,1,2023-02-27,2023-02-27,0,1.81,1.81,0,1
740_1639,22.49614,73.97002,1,1,2023-02-27,2023-02-27,0,0.68,0.68,0,1
740_549,22.49524,70.00152,1,1,2023-01-18,2023-01-18,0,3.24,3.24,1,0
740_722,22.4931,70.62986,1,1,2023-05-06,2023-05-06,0,7.77,7.77,1,0
741_1603,22.49932,73.84196,1,1,2023-03-11,2023-03-11,0,2.51,2.51,0,1
741_1615,22.49725,73.88333,1,1,2023-03-08,2023-03-08,0,3.01,3.01,1,0
741_1616,22.498055,73.88755499999999,2,1,2023-03-09,2023-03-09,0,4.775,8.66,1,1
741_1638,22.49894,73.96806,1,1,2023-02-27,2023-02-27,0,3.73,3.73,1,0
741_612,22.49835,70.23132,1,1,2023-03-19,2023-03-19,0,5.5,5.5,1,0
741_614,22.497435,70.23832999999999,2,1,2023-03-27,2023-03-27,0,1.355,1.44,2,0
741_654,22.49695,70.38471,1,1,2023-04-22,2023-04-22,0,7.6,7.6,1,0
742_1109,22.50201,72.04234,1,1,2023-04-27,2023-04-27,0,14.93,14.93,1,0
742_1190,22.50231,72.33736,1,1,2023-02-23,2023-02-23,0,3.7,3.7,1,0
742_1241,22.50109,72.52198,1,1,2023-12-23,2023-12-23,0,3.23,3.23,1,0
742_1411,22.5013,73.14211,1,1,2023-03-29,2023-03-29,0,1.35,1.35,1,0
742_1585,22.50059,73.77328,1,1,2023-04-12,2023-04-12,0,5.67,5.67,1,0
742_1606,22.50244,73.85049,1,1,2023-03-11,2023-03-11,0,1.99,1.99,0,1
742_1617,22.50048,73.89098,1,1,2023-03-10,2023-03-10,0,1.5,1.5,0,1
742_1618,22.50181,73.89682,1,1,2023-03-11,2023-03-11,0,6.13,6.13,1,0
742_1619,22.50077,73.89753,1,1,2023-03-11,2023-03-11,0,2.42,2.42,0,1
742_1632,22.49991,73.94537,1,1,2023-04-11,2023-04-11,0,13.99,13.99,1,0
742_1661,22.502415,74.05082999999999,2,1,2023-03-11,2023-03-11,0,1.33,1.34,0,2
742_1662,22.50193,74.05476,2,1,2023-03-11,2023-03-11,0,1.33,1.34,0,2
742_1663,22.501445,74.058705,2,1,2023-03-11,2023-03-11,0,2.2199999999999998,2.26,0,2
742_1664,22.50096,74.062615,2,1,2023-03-11,2023-03-11,0,2.2199999999999998,2.26,0,2
742_1673,22.50088,74.09498,1,1,2023-03-09,2023-03-09,0,4.07,4.07,1,0
742_1699,22.50092,74.18895,1,1,2023-04-17,2023-04-17,0,2.16,2.16,0,1
742_715,22.501455,70.60647,2,2,2023-02-05,2023-04-18,72,3.88,5.47,2,0
742_837,22.50234,71.05092,1,1,2023-12-04,2023-12-04,0,0.31,0.31,0,1
743_1600,22.50488,73.83076,1,1,2023-03-11,2023-03-11,0,1.06,1.06,0,1
743_1602,22.50436,73.83501,1,1,2023-03-11,2023-03-11,0,1.06,1.06,0,1
743_1614,22.5031,73.87874,1,1,2023-03-11,2023-03-11,0,1.91,1.91,0,1
743_1615,22.50494,73.88412,1,1,2023-03-10,2023-03-10,0,1.92,1.92,0,1
743_1616,22.50325,73.8882,1,1,2023-03-10,2023-03-10,0,4.95,4.95,1,0
743_1617,22.5038,73.89159,1,1,2023-03-10,2023-03-10,0,1.45,1.45,0,1
743_1619,22.50595,73.89956,1,1,2023-03-01,2023-03-01,0,2.16,2.16,0,1
743_1636,22.505775,73.95942500000001,2,1,2023-02-24,2023-02-24,0,2.1799999999999997,2.48,0,2
743_1661,22.50621,74.0519,1,1,2023-03-11,2023-03-11,0,1.32,1.32,0,1
743_1662,22.50596,74.055515,2,1,2023-03-11,2023-03-11,0,1.33,1.34,0,2
743_1693,22.50612,74.16665,1,1,2023-04-16,2023-04-16,0,1.81,1.81,0,1
743_1695,22.50488,74.17423,1,1,2023-04-16,2023-04-16,0,1.13,1.13,0,1
743_635,22.50481,70.31568,1,1,2023-04-15,2023-04-15,0,0.43,0.43,0,1
743_704,22.50346,70.56543,1,1,2023-12-11,2023-12-11,0,3.16,3.16,1,0
743_837,22.5039,71.05049,1,1,2023-01-29,2023-01-29,0,0.37,0.37,0,1
744_1600,22.509,73.83127,1,1,2023-03-11,2023-03-11,0,1.06,1.06,0,1
744_1621,22.50733,73.90776,1,1,2023-03-01,2023-03-01,0,4.03,4.03,1,0
744_1622,22.50924,73.91055,1,1,2023-02-27,2023-02-27,0,2.58,2.58,0,1
744_1623,22.50862,73.91431,1,1,2023-02-27,2023-02-27,0,1.04,1.04,0,1
744_1626,22.509055,73.924545,2,1,2023-02-25,2023-02-25,0,0.765,1.07,0,2
744_1636,22.5096,73.96162,1,1,2023-02-24,2023-02-24,0,4.16,4.16,0,1
744_1644,22.5082,73.98888,1,1,2023-03-03,2023-03-03,0,2.65,2.65,1,0
744_1660,22.506935,74.04758,2,1,2023-03-11,2023-03-11,0,1.745,1.76,0,2
744_1661,22.50669,74.05117,1,1,2023-03-11,2023-03-11,0,1.34,1.34,0,1
744_1695,22.50822,74.17482,1,1,2023-04-16,2023-04-16,0,1.13,1.13,0,1
744_1780,22.50839,74.48512,1,1,2023-03-04,2023-03-04,0,0.77,0.77,0,1
744_569,22.50827,70.07348,1,1,2023-11-29,2023-11-29,0,3.32,3.32,1,0
744_602,22.509,70.19328,1,1,2023-03-25,2023-03-25,0,3.05,3.05,1,0
744_605,22.50693,70.2058,1,1,2023-02-04,2023-02-04,0,2.72,2.72,1,0
745_1012,22.50982,71.68623,1,1,2023-04-21,2023-04-21,0,0.82,0.82,0,1
745_1302,22.51211,72.74561,1,1,2023-03-30,2023-03-30,0,2.85,2.85,1,0
745_1303,22.51156,72.74769,1,1,2023-03-30,2023-03-30,0,4.24,4.24,1,0
745_1449,22.51165,73.27921,1,1,2023-06-08,2023-06-08,0,5.56,5.56,1,0
745_1475,22.51073,73.37286,1,1,2023-06-08,2023-06-08,0,5.88,5.88,1,0
745_1616,22.51029,73.88789,1,1,2023-03-11,2023-03-11,0,1.87,1.87,0,1
745_1617,22.50983,73.89158,1,1,2023-03-11,2023-03-11,0,1.87,1.87,0,1
745_1621,22.51252,73.90739,1,1,2023-02-28,2023-02-28,0,3.86,3.86,1,0
745_1624,22.51175,73.9154,1,1,2023-02-27,2023-02-27,0,6.8,6.8,1,0
745_1636,22.50992,73.95982,1,1,2023-02-24,2023-02-24,0,2.56,2.56,0,1
745_1660,22.51121,74.04784,1,1,2023-03-11,2023-03-11,0,1.02,1.02,0,1
745_1662,22.51025,74.05584,1,1,2023-03-11,2023-03-11,0,2.18,2.18,0,1
745_1696,22.51021,74.17848,1,1,2023-03-27,2023-03-27,0,0.8,0.8,0,1
745_1783,22.510469999999998,74.496735,2,1,2023-02-20,2023-02-20,0,7.105,7.26,2,0
745_619,22.51183,70.25604,1,1,2023-03-17,2023-03-17,0,3.25,3.25,1,0
745_631,22.51022,70.30056,1,1,2023-02-01,2023-02-01,0,1.7,1.7,1,0
746_1026,22.51435,71.73869,1,1,2023-04-13,2023-04-13,0,3.24,3.24,1,0
746_1035,22.51454,71.7701,1,1,2023-05-18,2023-05-18,0,3.34,3.34,1,0
746_1126,22.5148,72.10468,1,1,2023-04-01,2023-04-01,0,13.77,13.77,1,0
746_1241,22.51385,72.52268,1,1,2023-04-08,2023-04-08,0,5.7,5.7,1,0
746_1246,22.51316,72.53857,1,1,2023-06-13,2023-06-13,0,2.14,2.14,1,0
746_1247,22.51319,72.54504,1,1,2023-04-18,2023-04-18,0,3.79,3.79,1,0
746_1397,22.51589,73.09122,1,1,2023-03-11,2023-03-11,0,3.51,3.51,1,0
746_1398,22.5139,73.09464,1,1,2023-02-19,2023-02-19,0,4.14,4.14,1,0
746_1458,22.5152,73.31188,1,1,2023-03-26,2023-03-26,0,4.37,4.37,1,0
746_1619,22.51385,73.8998,1,1,2023-02-28,2023-02-28,0,2.02,2.02,0,1
746_1621,22.514685,73.90707,2,2,2023-02-27,2023-02-28,1,2.565,3.86,1,1
746_1624,22.51392,73.91588,1,1,2023-02-26,2023-02-26,0,1.25,1.25,0,1
746_1625,22.514666666666667,73.92098,3,2,2023-02-25,2023-02-26,1,1.3933333333333333,2.01,0,3
746_1626,22.51492,73.925,1,1,2023-02-25,2023-02-25,0,1.07,1.07,0,1
746_1627,22.51405,73.92644,1,1,2023-02-25,2023-02-25,0,1.21,1.21,0,1
746_1635,22.51532,73.95549,1,1,2023-03-26,2023-03-26,0,1.79,1.79,1,0
746_1658,22.51522,74.04057,1,1,2023-04-28,2023-04-28,0,4.52,4.52,1,0
746_620,22.51598,70.25842,1,1,2023-03-17,2023-03-17,0,3.89,3.89,1,0
747_1241,22.51752,72.52351,1,1,2023-04-05,2023-04-05,0,6.84,6.84,1,0
747_1621,22.5171,73.90421,1,1,2023-02-27,2023-02-27,0,1.05,1.05,0,1
747_1622,22.51649,73.90797,1,1,2023-02-27,2023-02-27,0,1.27,1.27,0,1
747_1623,22.51842,73.9142,1,1,2023-02-27,2023-02-27,0,3.42,3.42,1,0
747_1637,22.51958,73.96387,1,1,2023-02-24,2023-02-24,0,3.67,3.67,0,1
747_1658,22.51918,74.0397,1,1,2023-04-28,2023-04-28,0,4.52,4.52,1,0
747_615,22.51851,70.24195,1,1,2023-03-28,2023-03-28,0,1.69,1.69,1,0
747_616,22.51887,70.24402,1,1,2023-04-02,2023-04-02,0,2.14,2.14,1,0
747_659,22.51662,70.40077,1,1,2023-02-01,2023-02-01,0,1.69,1.69,1,0
747_765,22.51691,70.78772,1,1,2023-10-25,2023-10-25,0,3.88,3.88,1,0
747_772,22.51704,70.812325,2,2,2023-02-11,2023-10-25,256,5.655,7.2,2,0
748_1240,22.52244,72.51697,1,1,2023-04-10,2023-04-10,0,9.39,9.39,1,0
748_1620,22.52128,73.90123,1,1,2023-02-28,2023-02-28,0,1.4,1.4,0,1
748_1621,22.520155000000003,73.90548,2,2,2023-02-27,2023-02-28,1,2.055,3.02,1,1
748_1625,22.5214,73.91884,1,1,2023-02-25,2023-02-25,0,1.45,1.45,0,1
748_1668,22.52275,74.07594,1,1,2023-03-29,2023-03-29,0,3.29,3.29,1,0
748_1669,22.52272,74.07985,1,1,2023-03-10,2023-03-10,0,1.16,1.16,0,1
748_1728,22.521195,74.29677000000001,2,1,2023-05-15,2023-05-15,0,1.59,1.83,2,0
748_604,22.52038,70.20042,1,1,2023-04-01,2023-04-01,0,3.64,3.64,1,0
748_615,22.52043,70.24322,1,1,2023-03-28,2023-03-28,0,3.05,3.05,1,0
748_679,22.52032,70.47542,1,1,2023-03-16,2023-03-16,0,3.76,3.76,1,0
748_755,22.52056,70.75265,1,1,2023-01-26,2023-01-26,0,2.86,2.86,1,0
748_760,22.52225,70.77068,1,1,2023-11-10,2023-11-10,0,2.77,2.77,1,0
749_1176,22.5239,72.28409,1,1,2023-04-02,2023-04-02,0,2.06,2.06,1,0
749_1219,22.52322,72.44337,1,1,2023-11-23,2023-11-23,0,3.98,3.98,1,0
749_1223,22.52493,72.45719,1,1,2023-12-11,2023-12-11,0,2.98,2.98,1,0
749_1287,22.52444,72.69008,1,1,2023-03-27,2023-03-27,0,3.91,3.91,1,0
749_1624,22.52564,73.91686,1,1,2023-02-27,2023-02-27,0,6.94,6.94,1,0
749_1627,22.52532,73.92757,1,1,2023-02-26,2023-02-26,0,3.73,3.73,1,0
749_1636,22.52509,73.95974,1,1,2023-02-27,2023-02-27,0,2.77,2.77,1,0
749_1637,22.52541,73.96407,1,1,2023-02-26,2023-02-26,0,4.77,4.77,1,0
749_1638,22.52588,73.96809,1,1,2023-02-26,2023-02-26,0,4.77,4.77,1,0
749_1662,22.52596,74.05526,1,1,2023-04-21,2023-04-21,0,4.93,4.93,1,0
749_1668,22.524735,74.07686,2,2,2023-03-09,2023-03-10,1,1.2149999999999999,1.29,0,2
749_1776,22.52318,74.46955,1,1,2023-05-09,2023-05-09,0,7.28,7.28,1,0
749_657,22.52399,70.39359,1,1,2023-01-31,2023-01-31,0,2.12,2.12,1,0
74_1333,20.25064,72.85734,1,1,2023-04-16,2023-04-16,0,6.41,6.41,1,0
750_1241,22.52828,72.52166,1,1,2023-04-26,2023-04-26,0,10.93,10.93,1,0
750_1305,22.52685,72.7564,1,1,2023-04-01,2023-04-01,0,5.01,5.01,1,0
750_1636,22.527545,73.959135,2,2,2023-02-26,2023-02-27,1,2.265,2.77,1,1
750_1640,22.52692,73.97655,1,1,2023-03-12,2023-03-12,0,1.82,1.82,1,0
750_1663,22.52653,74.05947,1,1,2023-04-21,2023-04-21,0,6.01,6.01,1,0
750_654,22.52742,70.385,1,1,2023-05-08,2023-05-08,0,6.63,6.63,1,0
750_655,22.52721,70.38701,2,2,2023-02-05,2023-02-09,4,2.2800000000000002,2.54,2,0
750_735,22.52815,70.67928,1,1,2023-04-11,2023-04-11,0,1.14,1.14,0,1
750_764,22.52716,70.78576,1,1,2023-10-25,2023-10-25,0,2.96,2.96,1,0
751_1176,22.53201,72.28597,1,1,2023-04-01,2023-04-01,0,8.97,8.97,1,0
751_1306,22.53252,72.75729,1,1,2023-04-05,2023-04-05,0,4.0,4.0,1,0
751_1307,22.53308,72.76116,1,1,2023-04-05,2023-04-05,0,4.0,4.0,1,0
751_1411,22.53124,73.14223,1,1,2023-03-29,2023-03-29,0,0.41,0.41,1,0
751_1637,22.53,73.96363,1,1,2023-02-26,2023-02-26,0,2.39,2.39,0,1
751_1639,22.53009,73.97054,1,1,2023-02-27,2023-02-27,0,2.83,2.83,1,0
751_1644,22.53201,73.98829,1,1,2023-04-25,2023-04-25,0,2.2,2.2,1,0
751_1663,22.53004,74.05891,1,1,2023-04-21,2023-04-21,0,11.24,11.24,1,0
751_1714,22.53198,74.24382,1,1,2023-04-21,2023-04-21,0,1.89,1.89,0,1
751_1715,22.53186,74.24832,1,1,2023-04-25,2023-04-25,0,2.12,2.12,1,0
752_1034,22.53589,71.7693,1,1,2023-05-21,2023-05-21,0,7.67,7.67,1,0
752_1035,22.53624,71.77303,1,1,2023-05-21,2023-05-21,0,13.04,13.04,1,0
752_1104,22.53585,72.02326,1,1,2023-04-06,2023-04-06,0,8.79,8.79,1,0
752_1237,22.535275,72.50799,2,2,2023-11-25,2023-12-11,16,5.945,7.85,2,0
752_1305,22.53589,72.75673,1,1,2023-04-05,2023-04-05,0,7.16,7.16,1,0
752_1436,22.53418,73.2336,1,1,2023-04-19,2023-04-19,0,2.99,2.99,1,0
752_1475,22.53581,73.37456,1,1,2023-10-14,2023-10-14,0,0.57,0.57,0,1
752_1664,22.53555,74.06293,1,1,2023-03-10,2023-03-10,0,1.63,1.63,0,1
752_709,22.53413,70.58508,1,1,2023-03-25,2023-03-25,0,2.93,2.93,1,0
752_772,22.53383,70.81187,1,1,2023-01-26,2023-01-26,0,1.98,1.98,1,0
753_1237,22.5368,72.50634,1,1,2023-11-25,2023-11-25,0,7.43,7.43,1,0
753_1415,22.53836,73.15447,1,1,2023-05-14,2023-05-14,0,2.27,2.27,1,0
753_1436,22.53832,73.232675,2,1,2023-04-19,2023-04-19,0,5.455,8.95,2,0
753_1619,22.53821,73.89731,1,1,2023-06-12,2023-06-12,0,3.13,3.13,1,0
753_1624,22.53667,73.91594,1,1,2023-04-27,2023-04-27,0,3.07,3.07,1,0
753_1629,22.53736,73.93358,1,1,2023-03-11,2023-03-11,0,2.51,2.51,0,1
753_1630,22.537509999999997,73.93885,2,2,2023-03-11,2023-03-31,20,3.24,4.86,1,1
753_1641,22.53919,73.97763,1,1,2023-05-13,2023-05-13,0,12.4,12.4,1,0
753_1707,22.53883,74.21929,1,1,2023-04-16,2023-04-16,0,8.16,8.16,1,0
753_1727,22.53775,74.29189,1,1,2023-04-10,2023-04-10,0,8.42,8.42,1,0
753_709,22.53746,70.5845,1,1,2023-03-25,2023-03-25,0,2.93,2.93,1,0
753_731,22.53908,70.66353,1,1,2023-12-17,2023-12-17,0,2.25,2.25,1,0
753_938,22.53744,71.41799,1,1,2023-12-07,2023-12-07,0,1.68,1.68,1,0
754_1029,22.54105,71.75093,1,1,2023-04-04,2023-04-04,0,4.25,4.25,1,0
754_1212,22.5411,72.4178,1,1,2023-04-18,2023-04-18,0,3.42,3.42,1,0
754_1435,22.54124,73.22916,1,1,2023-04-19,2023-04-19,0,4.29,4.29,1,0
754_1628,22.54177,73.93221,1,1,2023-04-15,2023-04-15,0,3.24,3.24,1,0
754_1629,22.54143,73.93424,1,1,2023-03-11,2023-03-11,0,2.57,2.57,0,1
754_1630,22.54099,73.93796,1,1,2023-03-11,2023-03-11,0,1.45,1.45,0,1
754_1666,22.54289,74.07072,1,1,2023-03-09,2023-03-09,0,1.83,1.83,0,1
754_1675,22.54324,74.10342,1,1,2023-04-21,2023-04-21,0,1.15,1.15,1,0
754_938,22.54155,71.4193,1,1,2023-01-26,2023-01-26,0,4.93,4.93,1,0
755_1045,22.54476,71.80648,1,1,2023-04-25,2023-04-25,0,7.47,7.47,1,0
755_1222,22.545895,72.45395500000001,2,1,2023-11-22,2023-11-22,0,10.84,11.26,2,0
755_1500,22.54646,73.4638,1,1,2023-01-02,2023-01-02,0,3.24,3.24,1,0
755_1628,22.5459,73.93148,1,1,2023-04-15,2023-04-15,0,2.36,2.36,1,0
755_1663,22.54613,74.05713,1,1,2023-03-10,2023-03-10,0,5.8,5.8,1,0
755_1664,22.54534,74.06268,2,1,2023-03-09,2023-03-09,0,2.84,4.49,1,1
755_1666,22.54666,74.0693,1,1,2023-03-09,2023-03-09,0,9.21,9.21,1,0
755_1670,22.54338,74.08618,1,1,2023-03-14,2023-03-14,0,4.2,4.2,1,0
755_652,22.54657,70.37769,1,1,2023-03-17,2023-03-17,0,3.78,3.78,1,0
755_653,22.54502,70.37906,1,1,2023-03-17,2023-03-17,0,5.64,5.64,1,0
755_704,22.54426,70.56703,1,1,2023-04-02,2023-04-02,0,3.28,3.28,1,0
755_874,22.54449,71.18684,1,1,2023-06-09,2023-06-09,0,1.16,1.16,0,1
756_1067,22.54898,71.88707,1,1,2023-04-25,2023-04-25,0,7.66,7.66,1,0
756_1248,22.54713,72.54588,1,1,2023-12-23,2023-12-23,0,3.46,3.46,1,0
756_1499,22.548535,73.4616125,4,4,2023-01-02,2023-12-31,363,2.825,4.04,4,0
756_1662,22.548235,74.05528000000001,2,2,2023-03-09,2023-03-10,1,1.02,1.35,0,2
756_598,22.54894,70.17845,1,1,2023-02-03,2023-02-03,0,3.32,3.32,1,0
756_651,22.5485,70.37184,1,1,2023-05-11,2023-05-11,0,7.32,7.32,1,0
756_654,22.54771,70.38248,1,1,2023-03-17,2023-03-17,0,3.78,3.78,1,0
756_707,22.54754,70.57512,1,1,2023-03-31,2023-03-31,0,37.61,37.61,1,0
756_708,22.548054999999998,70.57983,2,2,2023-03-31,2023-04-12,12,20.405,31.6,2,0
756_762,22.55,70.77559,1,1,2023-04-02,2023-04-02,0,6.06,6.06,1,0
757_1057,22.552875,71.85165,2,1,2023-06-10,2023-06-10,0,0.8,0.81,0,2
757_1193,22.55025,72.34556,1,1,2023-04-14,2023-04-14,0,8.2,8.2,1,0
757_1199,22.55327,72.37037,1,1,2023-04-17,2023-04-17,0,13.56,13.56,1,0
757_1261,22.55243,72.59305,1,1,2023-04-01,2023-04-01,0,3.95,3.95,1,0
757_1499,22.55051,73.46196,1,1,2023-12-31,2023-12-31,0,3.23,3.23,1,0
757_1500,22.55029,73.46356,1,1,2023-12-26,2023-12-26,0,2.55,2.55,1,0
757_1618,22.55246,73.89626,1,1,2023-03-06,2023-03-06,0,0.97,0.97,0,1
757_1663,22.55298,74.05773,1,1,2023-03-09,2023-03-09,0,1.35,1.35,0,1
757_1697,22.5507,74.18329,1,1,2023-03-29,2023-03-29,0,3.26,3.26,1,0
757_649,22.55064,70.36682,1,1,2023-03-17,2023-03-17,0,3.96,3.96,1,0
757_698,22.55286,70.54559,1,1,2023-04-08,2023-04-08,0,3.86,3.86,1,0
757_761,22.5508,70.77207,1,1,2023-04-02,2023-04-02,0,3.16,3.16,1,0
757_762,22.55184,70.77662,1,1,2023-04-02,2023-04-02,0,5.27,5.27,1,0
758_1212,22.55551,72.41664,1,1,2023-04-10,2023-04-10,0,7.11,7.11,1,0
758_1213,22.55609,72.42085,1,1,2023-04-10,2023-04-10,0,7.11,7.11,1,0
758_1217,22.55499,72.4354,1,1,2023-03-09,2023-03-09,0,1.93,1.93,1,0
758_1441,22.555815,73.250355,2,2,2023-03-12,2023-04-12,31,1.7349999999999999,1.92,2,0
758_1613,22.55547,73.87717,1,1,2023-03-12,2023-03-12,0,2.74,2.74,1,0
758_1636,22.55647,73.96076,1,1,2023-04-23,2023-04-23,0,3.44,3.44,1,0
758_1668,22.55582,74.07774,1,1,2023-04-22,2023-04-22,0,0.97,0.97,0,1
758_1687,22.55623,74.14606,1,1,2023-05-06,2023-05-06,0,3.23,3.23,1,0
758_1697,22.55652,74.18353,1,1,2023-03-29,2023-03-29,0,3.26,3.26,1,0
758_619,22.55605,70.25691,1,1,2023-04-06,2023-04-06,0,3.25,3.25,1,0
758_704,22.55442,70.56659,1,1,2023-04-03,2023-04-03,0,4.52,4.52,1,0
758_705,22.55548,70.56809,1,1,2023-04-03,2023-04-03,0,4.47,4.47,1,0
758_729,22.55628,70.65664,1,1,2023-11-10,2023-11-10,0,2.59,2.59,1,0
759_1211,22.55756,72.41406,1,1,2023-12-01,2023-12-01,0,4.02,4.02,1,0
759_1441,22.55901,73.25161,1,1,2023-03-03,2023-03-03,0,1.74,1.74,1,0
759_1486,22.55999,73.41399,1,1,2023-10-16,2023-10-16,0,1.39,1.39,1,0
759_1497,22.55952,73.45557,1,1,2023-05-14,2023-05-14,0,3.31,3.31,0,1
759_1617,22.55722,73.89285,1,1,2023-03-16,2023-03-16,0,3.17,3.17,1,0
759_1618,22.55701,73.89669,1,1,2023-03-06,2023-03-06,0,1.47,1.47,0,1
759_1619,22.55929,73.89857,1,1,2023-04-09,2023-04-09,0,2.42,2.42,0,1
759_1637,22.55738,73.96537,1,1,2023-04-23,2023-04-23,0,3.44,3.44,1,0
759_1648,22.55786,74.00363,1,1,2023-03-28,2023-03-28,0,0.64,0.64,0,1
759_1652,22.55853,74.01845,1,1,2023-03-12,2023-03-12,0,2.02,2.02,1,0
759_1669,22.55816,74.08153,2,1,2023-04-22,2023-04-22,0,1.225,1.48,0,2
759_1674,22.56009,74.09795,1,1,2023-04-12,2023-04-12,0,0.72,0.72,0,1
759_1688,22.55932,74.15011,1,1,2023-04-22,2023-04-22,0,8.78,8.78,1,0
759_1700,22.56012,74.19417,1,1,2023-03-14,2023-03-14,0,1.39,1.39,1,0
759_718,22.55807,70.61875,1,1,2023-03-23,2023-03-23,0,4.97,4.97,1,0
759_719,22.55997,70.61883,1,1,2023-03-23,2023-03-23,0,5.45,5.45,1,0
759_729,22.5597,70.65597,1,1,2023-11-10,2023-11-10,0,2.59,2.59,1,0
760_680,22.56174,70.4803,1,1,2023-03-25,2023-03-25,0,3.59,3.59,1,0
761_1200,22.5654,72.37359,1,1,2023-04-06,2023-04-06,0,10.88,10.88,1,0
761_1217,22.5669,72.43404,1,1,2023-04-18,2023-04-18,0,1.64,1.64,1,0
761_1233,22.56594,72.49342,1,1,2023-12-08,2023-12-08,0,1.67,1.67,1,0
761_1707,22.56667,74.22093,1,1,2023-04-20,2023-04-20,0,3.78,3.78,1,0
761_711,22.56525,70.59053,1,1,2023-03-20,2023-03-20,0,5.28,5.28,1,0
761_712,22.565700000000003,70.59391666666666,3,2,2023-03-20,2023-03-24,4,3.97,5.28,3,0
761_916,22.56664,71.33903,1,1,2023-06-02,2023-06-02,0,11.11,11.11,1,0
761_975,22.56435,71.55124,1,1,2023-05-17,2023-05-17,0,14.87,14.87,1,0
762_1202,22.5679,72.38050999999999,2,1,2023-05-28,2023-05-28,0,12.745000000000001,12.93,2,0
762_1216,22.56908,72.43231,1,1,2023-04-18,2023-04-18,0,4.62,4.62,1,0
762_1234,22.5672,72.49715,1,1,2023-12-23,2023-12-23,0,2.05,2.05,1,0
762_1667,22.56721,74.07314,1,1,2023-02-25,2023-02-25,0,1.28,1.28,0,1
762_1674,22.56816,74.09905,1,1,2023-03-31,2023-03-31,0,1.66,1.66,1,0
762_1681,22.56925,74.1254,1,1,2023-03-14,2023-03-14,0,2.95,2.95,1,0
762_644,22.56783,70.34571,1,1,2023-04-09,2023-04-09,0,7.31,7.31,1,0
762_677,22.56816,70.46675,1,1,2023-03-19,2023-03-19,0,7.52,7.52,1,0
762_757,22.56781,70.76064,1,1,2023-03-28,2023-03-28,0,3.51,3.51,1,0
762_760,22.56936,70.77072,1,1,2023-03-31,2023-03-31,0,7.56,7.56,1,0
763_1337,22.57242,72.87103,1,1,2023-12-29,2023-12-29,0,3.76,3.76,1,0
763_1466,22.5728,73.34212,1,1,2023-04-08,2023-04-08,0,3.71,3.71,1,0
763_1467,22.57222,73.34335,1,1,2023-04-08,2023-04-08,0,3.33,3.33,1,0
763_713,22.57058,70.5995,1,1,2023-04-02,2023-04-02,0,17.69,17.69,1,0
763_755,22.57092,70.75255,1,1,2023-04-06,2023-04-06,0,4.61,4.61,1,0
763_759,22.57211,70.76606,1,1,2023-03-31,2023-03-31,0,7.06,7.06,1,0
763_787,22.57245,70.86665,1,1,2023-04-02,2023-04-02,0,3.92,3.92,1,0
764_1468,22.57398,73.34699,1,1,2023-04-08,2023-04-08,0,4.32,4.32,1,0
764_1669,22.57685,74.07992,1,1,2023-03-08,2023-03-08,0,1.82,1.82,0,1
764_1704,22.57408,74.20674,1,1,2023-04-15,2023-04-15,0,7.59,7.59,1,0
764_1705,22.57457,74.21088,1,1,2023-04-15,2023-04-15,0,7.59,7.59,1,0
764_611,22.574305000000003,70.228745,2,2,2023-01-20,2023-04-05,75,0.63,0.65,0,2
764_713,22.57644,70.59794,1,1,2023-04-02,2023-04-02,0,17.69,17.69,1,0
764_786,22.57696,70.86378,1,1,2023-04-02,2023-04-02,0,3.99,3.99,1,0
765_1109,22.57892,72.04054,1,1,2023-04-24,2023-04-24,0,8.4,8.4,1,0
765_1110,22.57779,72.04445,1,1,2023-04-24,2023-04-24,0,8.97,8.97,1,0
765_1203,22.5781,72.38496,1,1,2023-04-04,2023-04-04,0,5.33,5.33,1,0
765_1243,22.57792,72.52791,1,1,2023-12-09,2023-12-09,0,3.46,3.46,1,0
765_1669,22.57908,74.0805,1,1,2023-03-09,2023-03-09,0,2.74,2.74,1,0
765_1676,22.57798,74.10577,1,1,2023-05-30,2023-05-30,0,4.05,4.05,1,0
765_1696,22.57754,74.18053,1,1,2023-04-07,2023-04-07,0,5.61,5.61,1,0
765_817,22.57972,70.97644,1,1,2023-12-13,2023-12-13,0,3.92,3.92,1,0
765_987,22.57989,71.597385,2,1,2023-04-02,2023-04-02,0,0.5549999999999999,0.57,0,2
766_1089,22.58318,71.9687,1,1,2023-04-22,2023-04-22,0,8.78,8.78,1,0
766_1101,22.58158,72.01058,1,1,2023-04-03,2023-04-03,0,4.58,4.58,1,0
766_1120,22.58283,72.07968,1,1,2023-04-26,2023-04-26,0,13.96,13.96,1,0
766_1121,22.58254,72.08589,1,1,2023-04-01,2023-04-01,0,3.34,3.34,1,0
766_1454,22.58197,73.29724999999999,2,1,2023-02-02,2023-02-02,0,6.140000000000001,6.84,2,0
766_1701,22.58263,74.1972,1,1,2023-05-17,2023-05-17,0,8.42,8.42,1,0
766_650,22.58237,70.36967,1,1,2023-04-08,2023-04-08,0,3.73,3.73,1,0
766_727,22.58239,70.64947,1,1,2023-03-17,2023-03-17,0,3.56,3.56,1,0
766_873,22.58156,71.18245,1,1,2023-03-10,2023-03-10,0,3.23,3.23,1,0
767_1045,22.58419,71.8075,1,1,2023-12-17,2023-12-17,0,4.79,4.79,1,0
767_1082,22.5859,71.94295,1,1,2023-05-25,2023-05-25,0,8.29,8.29,1,0
767_1083,22.58506,71.94706,1,1,2023-03-10,2023-03-10,0,1.01,1.01,0,1
767_1100,22.58563,72.01007,1,1,2023-04-03,2023-04-03,0,5.68,5.68,1,0
767_1119,22.5863,72.07913,1,1,2023-04-26,2023-04-26,0,36.79,36.79,1,0
767_1679,22.58562,74.11881,1,1,2023-04-15,2023-04-15,0,6.7,6.7,1,0
767_1680,22.58544,74.12149,1,1,2023-04-15,2023-04-15,0,6.81,6.81,1,0
767_654,22.58675,70.38246,1,1,2023-04-14,2023-04-14,0,5.97,5.97,1,0
768_1078,22.58764,71.92962,1,1,2023-03-16,2023-03-16,0,2.39,2.39,1,0
768_1082,22.58917,71.9434,1,1,2023-03-10,2023-03-10,0,1.86,1.86,0,1
768_1083,22.58858,71.94763,1,1,2023-03-10,2023-03-10,0,1.01,1.01,0,1
768_1220,22.58946,72.44698,1,1,2023-04-23,2023-04-23,0,17.25,17.25,1,0
768_1232,22.58726,72.48923,1,1,2023-12-11,2023-12-11,0,3.77,3.77,1,0
768_1590,22.5896,73.79287,1,1,2023-02-22,2023-02-22,0,2.86,2.86,1,0
768_1627,22.58912,73.92726,1,1,2023-03-03,2023-03-03,0,1.07,1.07,0,1
768_1678,22.58915,74.1149,1,1,2023-03-06,2023-03-06,0,0.77,0.77,0,1
768_1693,22.58986,74.16772,1,1,2023-04-16,2023-04-16,0,11.16,11.16,1,0
768_619,22.58802,70.25609,1,1,2023-06-11,2023-06-11,0,5.73,5.73,1,0
768_653,22.58891,70.38042,1,1,2023-04-14,2023-04-14,0,4.68,4.68,1,0
768_789,22.58762,70.87511,1,1,2023-04-08,2023-04-08,0,2.93,2.93,1,0
769_1443,22.59118,73.25906,1,1,2023-04-22,2023-04-22,0,4.09,4.09,1,0
769_1500,22.59231,73.46378,1,1,2023-12-09,2023-12-09,0,2.77,2.77,1,0
769_1590,22.59079,73.79285,1,1,2023-02-21,2023-02-21,0,2.2,2.2,0,1
769_1682,22.59076,74.12678,1,1,2023-03-14,2023-03-14,0,3.82,3.82,1,0
769_625,22.59199,70.27866,1,1,2023-03-09,2023-03-09,0,6.77,6.77,1,0
769_648,22.59371,70.36382,1,1,2023-03-30,2023-03-30,0,8.13,8.13,1,0
769_651,22.59198,70.37302,1,1,2023-03-07,2023-03-07,0,1.85,1.85,1,0
769_733,22.59247,70.67128,1,1,2023-03-24,2023-03-24,0,7.16,7.16,1,0
76_1541,20.25934,73.61458,1,1,2023-03-03,2023-03-03,0,1.27,1.27,0,1
76_1574,20.2588,73.73367,1,1,2023-04-18,2023-04-18,0,3.06,3.06,1,0
76_1601,20.25806,73.83175,1,1,2023-02-20,2023-02-20,0,9.85,9.85,1,0
770_1120,22.59591,72.0799,1,1,2023-04-06,2023-04-06,0,9.95,9.95,1,0
770_1354,22.59455,72.93458,1,1,2023-04-02,2023-04-02,0,2.2,2.2,1,0
770_1562,22.59685,73.69064,1,1,2023-04-08,2023-04-08,0,5.99,5.99,1,0
770_1581,22.59616,73.75913,1,1,2023-04-22,2023-04-22,0,4.49,4.49,1,0
770_1680,22.59564,74.12041,1,1,2023-05-08,2023-05-08,0,5.77,5.77,1,0
770_1681,22.595475,74.125575,2,1,2023-03-14,2023-03-14,0,3.025,3.82,1,1
771_1060,22.59963,71.86261,1,1,2023-04-04,2023-04-04,0,3.01,3.01,1,0
771_1188,22.59852,72.32906,1,1,2023-05-14,2023-05-14,0,9.66,9.66,1,0
771_1563,22.598,73.69555,1,1,2023-04-08,2023-04-08,0,7.8,7.8,1,0
771_1565,22.59915,73.70044,1,1,2023-04-08,2023-04-08,0,7.8,7.8,1,0
771_1580,22.59787,73.75484,1,1,2023-04-21,2023-04-21,0,2.52,2.52,0,1
772_1064,22.60192,71.87764,1,1,2023-11-21,2023-11-21,0,3.79,3.79,1,0
772_1123,22.60102,72.09305,1,1,2023-03-01,2023-03-01,0,0.66,0.66,0,1
772_1130,22.60333,72.11923,1,1,2023-04-12,2023-04-12,0,11.9,11.9,1,0
772_1185,22.60242,72.31803,1,1,2023-12-17,2023-12-17,0,1.17,1.17,1,0
772_1189,22.60383,72.33269,1,1,2023-05-14,2023-05-14,0,10.41,10.41,1,0
772_1559,22.60323,73.68159,1,1,2023-04-01,2023-04-01,0,4.39,4.39,1,0
772_639,22.60099,70.33041,1,1,2023-03-21,2023-03-21,0,4.64,4.64,1,0
772_693,22.60272,70.52483,1,1,2023-02-21,2023-02-21,0,3.51,3.51,1,0
772_753,22.60365,70.74615,1,1,2023-03-30,2023-03-30,0,4.29,4.29,1,0
773_1032,22.60411,71.76087,1,1,2023-05-31,2023-05-31,0,3.28,3.28,1,0
773_1110,22.60517,72.04346,1,1,2023-04-03,2023-04-03,0,9.29,9.29,1,0
773_1251,22.60718,72.55943,1,1,2023-06-23,2023-06-23,0,2.98,2.98,1,0
773_1559,22.60692,73.68085,1,1,2023-04-01,2023-04-01,0,4.39,4.39,1,0
773_1560,22.60538,73.68307,1,1,2023-04-01,2023-04-01,0,6.06,6.06,1,0
773_1561,22.60638,73.68788,1,1,2023-04-09,2023-04-09,0,4.63,4.63,1,0
773_1568,22.60526,73.71361,1,1,2023-04-28,2023-04-28,0,15.7,15.7,1,0
773_1575,22.606,73.73776,1,1,2023-04-15,2023-04-15,0,1.1,1.1,0,1
773_1672,22.60574,74.0909,1,1,2023-02-27,2023-02-27,0,0.41,0.41,0,1
773_1728,22.60691,74.29506,1,1,2023-04-02,2023-04-02,0,1.25,1.25,1,0
773_714,22.60721,70.60224,1,1,2023-03-31,2023-03-31,0,6.77,6.77,1,0
773_989,22.60647,71.60481,1,1,2023-04-04,2023-04-04,0,4.12,4.12,1,0
773_990,22.60584,71.60944,1,1,2023-03-16,2023-03-16,0,4.26,4.26,1,0
774_1082,22.6097,71.94255,1,1,2023-10-25,2023-10-25,0,1.95,1.95,1,0
774_1557,22.61041,73.67104,1,1,2023-04-16,2023-04-16,0,1.23,1.23,0,1
774_1558,22.6087,73.67809,1,1,2023-03-20,2023-03-20,0,6.51,6.51,1,0
774_1562,22.60849,73.69181,1,1,2023-03-19,2023-03-19,0,5.37,5.37,1,0
774_1563,22.6096,73.69359,1,1,2023-03-19,2023-03-19,0,2.73,2.73,1,0
774_1564,22.61012,73.69843,1,1,2023-03-19,2023-03-19,0,2.73,2.73,1,0
774_1679,22.61057,74.11764,1,1,2023-02-22,2023-02-22,0,0.88,0.88,0,1
774_1694,22.60957,74.17253,1,1,2023-04-18,2023-04-18,0,1.32,1.32,0,1
774_1697,22.60779,74.18394,1,1,2023-03-26,2023-03-26,0,9.01,9.01,1,0
774_635,22.60926,70.31606,1,1,2023-03-19,2023-03-19,0,4.16,4.16,1,0
774_636,22.60815,70.31815,1,1,2023-03-25,2023-03-25,0,0.59,0.59,0,1
774_742,22.60925,70.70409,1,1,2023-03-26,2023-03-26,0,7.25,7.25,1,0
774_873,22.60806,71.18267,1,1,2023-02-20,2023-02-20,0,0.83,0.83,1,0
775_1109,22.61381,72.03996,1,1,2023-01-17,2023-01-17,0,3.32,3.32,1,0
775_1114,22.6111,72.05898,1,1,2023-06-10,2023-06-10,0,15.93,15.93,1,0
775_1230,22.61307,72.48333,1,1,2023-04-20,2023-04-20,0,8.2,8.2,1,0
775_1554,22.6124,73.66076,1,1,2023-05-07,2023-05-07,0,10.32,10.32,1,0
775_1560,22.61381,73.68201,1,1,2023-03-11,2023-03-11,0,2.1,2.1,0,1
775_1676,22.61262,74.10622,1,1,2023-02-23,2023-02-23,0,3.77,3.77,1,0
776_1106,22.61461,72.03047,1,1,2023-05-19,2023-05-19,0,10.01,10.01,1,0
776_1187,22.61555,72.32397,1,1,2023-05-19,2023-05-19,0,5.38,5.38,1,0
776_1233,22.61655,72.49309,1,1,2023-04-06,2023-04-06,0,6.42,6.42,1,0
776_1234,22.61665,72.49548,1,1,2023-04-06,2023-04-06,0,2.37,2.37,1,0
776_1240,22.6146,72.51797,1,1,2023-04-04,2023-04-04,0,1.83,1.83,1,0
776_1258,22.61589,72.58214,1,1,2023-05-21,2023-05-21,0,5.83,5.83,1,0
776_1554,22.61472,73.66202,1,1,2023-04-10,2023-04-10,0,13.3,13.3,1,0
776_1558,22.61431,73.67794,1,1,2023-03-11,2023-03-11,0,6.12,6.12,0,1
776_1563,22.61475,73.69328,1,1,2023-05-12,2023-05-12,0,2.41,2.41,0,1
776_1570,22.61516,73.71941,1,1,2023-06-08,2023-06-08,0,4.82,4.82,1,0
776_639,22.615565,70.32849999999999,2,1,2023-03-23,2023-03-23,0,3.06,3.49,2,0
776_698,22.61533,70.54468,1,1,2023-04-19,2023-04-19,0,16.72,16.72,1,0
776_699,22.615,70.54929,1,1,2023-04-19,2023-04-19,0,31.68,31.68,1,0
776_700,22.6162,70.55189999999999,2,2,2023-03-30,2023-04-19,20,19.125,20.71,2,0
776_725,22.61468,70.64312,1,1,2023-03-28,2023-03-28,0,7.21,7.21,1,0
777_1108,22.62065,72.03919,1,1,2023-05-31,2023-05-31,0,2.45,2.45,1,0
777_1197,22.61878,72.36104,1,1,2023-05-21,2023-05-21,0,7.46,7.46,1,0
777_1233,22.62016,72.49236,1,1,2023-04-06,2023-04-06,0,6.42,6.42,1,0
777_1560,22.61797,73.68253,1,1,2023-03-11,2023-03-11,0,2.1,2.1,0,1
777_1692,22.6196,74.16369,1,1,2023-02-24,2023-02-24,0,4.15,4.15,1,0
777_1693,22.62039,74.16726,1,1,2023-02-24,2023-02-24,0,4.15,4.15,1,0
777_700,22.6199,70.55231,1,1,2023-03-30,2023-03-30,0,20.71,20.71,1,0
777_825,22.61892,71.00779,1,1,2023-04-18,2023-04-18,0,2.12,2.12,1,0
778_1109,22.62222,72.04006,1,1,2023-05-31,2023-05-31,0,2.64,2.64,1,0
778_1110,22.62175,72.04398,1,1,2023-05-31,2023-05-31,0,3.08,3.08,1,0
778_1138,22.62245,72.1473,1,1,2023-03-24,2023-03-24,0,5.9,5.9,1,0
778_1139,22.62213,72.1502,1,1,2023-03-24,2023-03-24,0,4.45,4.45,1,0
778_1197,22.62152,72.36006,1,1,2023-05-21,2023-05-21,0,6.4,6.4,1,0
778_1233,22.62378,72.49162,1,1,2023-04-06,2023-04-06,0,9.88,9.88,1,0
778_1251,22.622,72.5565,1,1,2023-04-30,2023-04-30,0,6.24,6.24,1,0
778_1268,22.62102,72.6219,1,1,2023-05-21,2023-05-21,0,2.75,2.75,1,0
778_1562,22.62114,73.69118,1,1,2023-03-11,2023-03-11,0,0.45,0.45,0,1
778_1662,22.62168,74.05689,1,1,2023-03-09,2023-03-09,0,12.11,12.11,1,0
778_624,22.62116,70.27353,1,1,2023-04-09,2023-04-09,0,10.01,10.01,1,0
778_943,22.62341,71.43688,1,1,2023-10-31,2023-10-31,0,1.4,1.4,1,0
778_986,22.62105,71.59159,1,1,2023-04-04,2023-04-04,0,2.33,2.33,1,0
779_1105,22.62678,72.02782,1,1,2023-05-19,2023-05-19,0,4.57,4.57,1,0
779_1137,22.62631,72.14324500000001,2,1,2023-03-24,2023-03-24,0,5.675,5.85,2,0
779_1139,22.62753,72.1517,1,1,2023-03-24,2023-03-24,0,5.9,5.9,1,0
779_1140,22.62724,72.15458,1,1,2023-03-24,2023-03-24,0,4.27,4.27,1,0
779_1155,22.62449,72.20814,1,1,2023-03-27,2023-03-27,0,10.89,10.89,1,0
779_1208,22.62518,72.40231,1,1,2023-04-02,2023-04-02,0,3.12,3.12,1,0
779_1690,22.62711,74.15609,1,1,2023-04-24,2023-04-24,0,1.75,1.75,1,0
779_980,22.6255,71.57225,1,1,2023-04-19,2023-04-19,0,15.51,15.51,1,0
77_1512,20.26274,73.5079,1,1,2023-11-18,2023-11-18,0,5.23,5.23,1,0
77_1540,20.26027,73.60994,1,1,2023-03-03,2023-03-03,0,1.27,1.27,0,1
77_1563,20.26112,73.69329,1,1,2023-05-24,2023-05-24,0,6.05,6.05,1,0
780_1107,22.62933,72.0321,1,1,2023-01-14,2023-01-14,0,35.85,35.85,1,0
780_1115,22.63043,72.06203,1,1,2023-06-12,2023-06-12,0,9.72,9.72,1,0
780_1175,22.62845,72.28323,1,1,2023-04-18,2023-04-18,0,3.32,3.32,1,0
780_1235,22.6305,72.50156,1,1,2023-04-08,2023-04-08,0,14.28,14.28,1,0
780_1250,22.62931,72.55423,1,1,2023-04-26,2023-04-26,0,9.6,9.6,1,0
780_1572,22.62924,73.72596,1,1,2023-04-21,2023-04-21,0,6.28,6.28,1,0
780_636,22.62993,70.31712,1,1,2023-04-05,2023-04-05,0,6.65,6.65,1,0
780_652,22.63089,70.37661,1,1,2023-03-14,2023-03-14,0,1.68,1.68,1,0
780_655,22.62975,70.38625,1,1,2023-03-04,2023-03-04,0,1.65,1.65,1,0
780_656,22.62798,70.39096,1,1,2023-03-12,2023-03-12,0,9.11,9.11,1,0
780_672,22.62923,70.44937,1,1,2023-02-22,2023-02-22,0,2.69,2.69,1,0
781_1106,22.63115,72.03194,1,1,2023-02-02,2023-02-02,0,16.39,16.39,1,0
781_1107,22.63356,72.03548,1,1,2023-03-05,2023-03-05,0,3.99,3.99,1,0
781_1170,22.63206,72.26199,1,1,2023-04-06,2023-04-06,0,15.16,15.16,1,0
781_1188,22.63114,72.3295,1,1,2023-05-31,2023-05-31,0,3.1,3.1,1,0
781_1194,22.63247,72.35236,1,1,2023-11-21,2023-11-21,0,4.53,4.53,1,0
781_1235,22.63321,72.50143,1,1,2023-04-08,2023-04-08,0,10.83,10.83,1,0
781_1237,22.63365,72.50674,1,1,2023-04-08,2023-04-08,0,10.83,10.83,1,0
781_1686,22.63362,74.14357,1,1,2023-04-05,2023-04-05,0,6.83,6.83,1,0
781_943,22.63364,71.43594,1,1,2023-03-22,2023-03-22,0,2.6,2.6,1,0
782_1107,22.63659,72.03338,1,1,2023-04-17,2023-04-17,0,10.66,10.66,1,0
782_1169,22.63467,72.2606,1,1,2023-04-08,2023-04-08,0,3.34,3.34,1,0
782_1194,22.63601,72.351715,2,2,2023-05-11,2023-11-21,194,7.779999999999999,11.03,2,0
782_1235,22.6368,72.50101,1,1,2023-04-08,2023-04-08,0,13.0,13.0,1,0
782_1259,22.63666,72.5892,1,1,2023-05-15,2023-05-15,0,3.7,3.7,1,0
782_1566,22.63543,73.70649,1,1,2023-04-16,2023-04-16,0,0.97,0.97,0,1
782_1567,22.63483,73.71023,1,1,2023-04-16,2023-04-16,0,0.97,0.97,0,1
782_641,22.63573,70.33567,2,1,2023-03-24,2023-03-24,0,2.775,2.78,2,0
782_652,22.63434,70.37605,1,1,2023-03-14,2023-03-14,0,1.68,1.68,1,0
782_665,22.63625,70.42288,1,1,2023-05-06,2023-05-06,0,10.2,10.2,1,0
782_731,22.63536,70.66549,1,1,2023-01-15,2023-01-15,0,2.88,2.88,1,0
782_949,22.63544,71.46008,1,1,2023-11-21,2023-11-21,0,2.59,2.59,1,0
783_1104,22.6401,72.02438,1,1,2023-03-04,2023-03-04,0,2.75,2.75,1,0
783_1107,22.640185000000002,72.03304,2,2,2023-01-15,2023-04-17,92,7.475,12.78,2,0
783_1188,22.63794,72.32762,1,1,2023-05-23,2023-05-23,0,1.54,1.54,1,0
783_1197,22.63847,72.36087,1,1,2023-11-09,2023-11-09,0,3.29,3.29,1,0
783_1207,22.63786,72.39761,1,1,2023-05-23,2023-05-23,0,4.74,4.74,1,0
783_1239,22.64056,72.51359,1,1,2023-04-22,2023-04-22,0,12.4,12.4,1,0
783_1563,22.64047,73.69402,1,1,2023-04-17,2023-04-17,0,1.53,1.53,0,1
783_1566,22.638965,73.7055,2,2,2023-04-16,2023-04-17,1,1.7149999999999999,2.46,0,2
783_1567,22.64039,73.71014,1,1,2023-04-15,2023-04-15,0,1.67,1.67,0,1
783_1568,22.63842,73.71214,1,1,2023-04-16,2023-04-16,0,6.46,6.46,1,0
783_1569,22.63897,73.71591,1,1,2023-04-16,2023-04-16,0,6.46,6.46,1,0
783_732,22.63974,70.66628,1,1,2023-02-15,2023-02-15,0,7.35,7.35,1,0
783_794,22.64073,70.89252,1,1,2023-11-10,2023-11-10,0,1.99,1.99,1,0
783_810,22.63868,70.95187,1,1,2023-04-11,2023-04-11,0,0.8,0.8,0,1
783_905,22.63914,71.29662,1,1,2023-05-20,2023-05-20,0,2.2,2.2,1,0
784_1107,22.64306,72.03301,1,1,2023-01-15,2023-01-15,0,2.17,2.17,1,0
784_1193,22.64412,72.34814,1,1,2023-05-17,2023-05-17,0,8.05,8.05,1,0
784_1565,22.64217,73.70062,1,1,2023-04-18,2023-04-18,0,5.73,5.73,1,0
784_1566,22.64265,73.70398,1,1,2023-04-16,2023-04-16,0,2.07,2.07,0,1
784_1567,22.64348,73.7105,1,1,2023-04-15,2023-04-15,0,5.22,5.22,1,0
784_1568,22.64321,73.71439,2,1,2023-04-15,2023-04-15,0,8.045,8.58,2,0
784_1685,22.64289,74.14007,1,1,2023-02-16,2023-02-16,0,5.71,5.71,1,0
784_690,22.64247,70.51574,1,1,2023-03-31,2023-03-31,0,2.09,2.09,1,0
784_737,22.64283,70.68746,1,1,2023-05-18,2023-05-18,0,14.19,14.19,1,0
784_747,22.64408,70.72212,1,1,2023-04-01,2023-04-01,0,4.79,4.79,1,0
784_865,22.64244,71.15337,1,1,2023-06-04,2023-06-04,0,5.11,5.11,1,0
785_1112,22.64708,72.05359,1,1,2023-03-31,2023-03-31,0,6.7,6.7,1,0
785_1252,22.64758,72.56108,1,1,2023-06-10,2023-06-10,0,5.95,5.95,1,0
785_1377,22.64509,73.01842,1,1,2023-01-17,2023-01-17,0,2.85,2.85,1,0
785_1566,22.64508,73.70732,1,1,2023-04-15,2023-04-15,0,2.23,2.23,0,1
785_1567,22.64613,73.70995,1,1,2023-04-15,2023-04-15,0,4.13,4.13,1,0
785_1684,22.64646,74.1362,1,1,2023-02-22,2023-02-22,0,2.03,2.03,1,0
785_1687,22.64705,74.14483,1,1,2023-05-11,2023-05-11,0,4.26,4.26,1,0
785_638,22.64709,70.32634,1,1,2023-03-24,2023-03-24,0,5.69,5.69,1,0
785_746,22.64477,70.7206,1,1,2023-04-15,2023-04-15,0,14.24,14.24,1,0
785_773,22.64593,70.81747,1,1,2023-04-02,2023-04-02,0,5.76,5.76,1,0
785_774,22.6454,70.81995,1,1,2023-04-02,2023-04-02,0,5.13,5.13,1,0
785_785,22.64615,70.86133,1,1,2023-10-31,2023-10-31,0,15.75,15.75,1,0
786_1111,22.64981,72.04922,1,1,2023-03-31,2023-03-31,0,27.43,27.43,1,0
786_1194,22.64853,72.35158,1,1,2023-11-24,2023-11-24,0,2.89,2.89,1,0
786_1318,22.64903,72.80178,1,1,2023-05-06,2023-05-06,0,5.02,5.02,1,0
786_1565,22.64945,73.70145,1,1,2023-04-16,2023-04-16,0,1.14,1.14,0,1
786_1567,22.64906,73.70821,1,1,2023-04-15,2023-04-15,0,2.23,2.23,0,1
786_1683,22.64919,74.13185,1,1,2023-02-22,2023-02-22,0,3.57,3.57,1,0
786_1684,22.64977,74.13559,1,1,2023-02-22,2023-02-22,0,2.03,2.03,1,0
786_640,22.64857,70.33297,1,1,2023-11-15,2023-11-15,0,0.38,0.38,0,1
786_761,22.64902,70.77255,1,1,2023-03-18,2023-03-18,0,5.4,5.4,1,0
786_938,22.64931,71.41819,1,1,2023-12-29,2023-12-29,0,6.89,6.89,1,0
786_980,22.65038,71.56975,1,1,2023-06-08,2023-06-08,0,0.86,0.86,0,1
787_1090,22.65277,71.97025,1,1,2023-04-10,2023-04-10,0,11.62,11.62,1,0
787_1099,22.65192,72.00623,1,1,2023-04-18,2023-04-18,0,6.2,6.2,1,0
787_1111,22.65313,72.04861,1,1,2023-03-31,2023-03-31,0,27.43,27.43,1,0
787_1112,22.65372,72.05238,1,1,2023-03-31,2023-03-31,0,27.43,27.43,1,0
787_1192,22.65431,72.34451,1,1,2023-05-21,2023-05-21,0,17.69,17.69,1,0
787_1244,22.65401,72.53372,1,1,2023-04-14,2023-04-14,0,7.43,7.43,1,0
787_1565,22.65276,73.70206,1,1,2023-04-16,2023-04-16,0,1.14,1.14,0,1
787_1567,22.65304,73.70911,1,1,2023-04-15,2023-04-15,0,2.72,2.72,0,1
787_1677,22.65411,74.10979,1,1,2023-03-04,2023-03-04,0,0.71,0.71,0,1
787_1684,22.65432,74.13531,1,1,2023-03-01,2023-03-01,0,5.86,5.86,1,0
787_648,22.65183,70.36315,1,1,2023-03-23,2023-03-23,0,2.31,2.31,1,0
787_712,22.65354,70.59634,1,1,2023-03-11,2023-03-11,0,5.93,5.93,1,0
787_741,22.652,70.70252,1,1,2023-04-22,2023-04-22,0,10.86,10.86,1,0
787_782,22.65264,70.8504,1,1,2023-12-12,2023-12-12,0,1.32,1.32,1,0
787_923,22.65412,71.3621,1,1,2023-04-17,2023-04-17,0,0.73,0.73,0,1
788_1112,22.65704,72.05177,1,1,2023-03-31,2023-03-31,0,3.48,3.48,1,0
788_1136,22.65534,72.13985,1,1,2023-03-02,2023-03-02,0,2.31,2.31,1,0
788_1176,22.65763,72.28516,1,1,2023-12-17,2023-12-17,0,8.0,8.0,1,0
788_1180,22.65691,72.30106,1,1,2023-05-23,2023-05-23,0,4.31,4.31,1,0
788_1193,22.65466,72.34857,1,1,2023-05-21,2023-05-21,0,32.24,32.24,1,0
788_1212,22.65662,72.41647,1,1,2023-03-30,2023-03-30,0,4.69,4.69,1,0
788_1221,22.65754,72.44739,1,1,2023-05-21,2023-05-21,0,3.58,3.58,1,0
788_1231,22.65503,72.48463,1,1,2023-11-16,2023-11-16,0,3.0,3.0,1,0
788_1595,22.65674,73.81141,1,1,2023-02-22,2023-02-22,0,1.98,1.98,1,0
788_672,22.65784,70.44913,1,1,2023-03-17,2023-03-17,0,3.2,3.2,1,0
788_687,22.65515,70.50364,1,1,2023-08-12,2023-08-12,0,2.47,2.47,1,0
788_703,22.65786,70.56391,1,1,2023-04-12,2023-04-12,0,5.7,5.7,1,0
788_737,22.65623,70.68663,1,1,2023-04-08,2023-04-08,0,3.37,3.37,1,0
788_923,22.65513,71.36449,1,1,2023-04-17,2023-04-17,0,0.8,0.8,0,1
789_1083,22.6596,71.94573,1,1,2023-04-21,2023-04-21,0,7.35,7.35,1,0
789_1187,22.65864,72.32574,1,1,2023-04-12,2023-04-12,0,7.44,7.44,1,0
789_1193,22.66031,72.34803,1,1,2023-05-21,2023-05-21,0,6.04,6.04,1,0
789_1194,22.65971,72.35064,1,1,2023-12-12,2023-12-12,0,2.27,2.27,1,0
789_1222,22.6579,72.45152,1,1,2023-05-21,2023-05-21,0,3.58,3.58,1,0
789_1708,22.65944,74.22303,1,1,2023-04-20,2023-04-20,0,6.43,6.43,1,0
789_671,22.65857,70.44485,1,1,2023-03-17,2023-03-17,0,1.61,1.61,1,0
78_1512,20.26362,73.51025,1,1,2023-11-18,2023-11-18,0,5.01,5.01,1,0
78_1649,20.26313,74.00925,1,1,2023-05-09,2023-05-09,0,0.85,0.85,0,1
790_1193,22.66271,72.34806,1,1,2023-12-09,2023-12-09,0,6.33,6.33,1,0
790_1194,22.66177,72.34975,1,1,2023-12-09,2023-12-09,0,4.98,4.98,1,0
790_1223,22.66173,72.45612,1,1,2023-12-17,2023-12-17,0,1.02,1.02,1,0
790_1565,22.66261,73.70167,1,1,2023-04-04,2023-04-04,0,3.07,3.07,1,0
790_648,22.66271,70.36349,1,1,2023-03-13,2023-03-13,0,5.59,5.59,1,0
790_676,22.66454,70.46507,1,1,2023-03-02,2023-03-02,0,0.79,0.79,0,1
790_728,22.66178,70.65473,1,1,2023-03-05,2023-03-05,0,0.52,0.52,0,1
790_738,22.66355,70.68938,1,1,2023-04-06,2023-04-06,0,5.94,5.94,1,0
790_806,22.66252,70.93885,1,1,2023-11-15,2023-11-15,0,1.31,1.31,1,0
791_1180,22.66521,72.30018,1,1,2023-06-01,2023-06-01,0,2.64,2.64,1,0
791_1190,22.66655,72.33793,1,1,2023-11-16,2023-11-16,0,2.16,2.16,1,0
791_649,22.66502,70.36496,1,1,2023-03-13,2023-03-13,0,6.76,6.76,1,0
791_785,22.6673,70.86213,1,1,2023-02-13,2023-02-13,0,0.28,0.28,0,1
793_1069,22.6736,71.896,1,1,2023-04-15,2023-04-15,0,0.75,0.75,0,1
793_1181,22.67335,72.30377,1,1,2023-11-21,2023-11-21,0,1.43,1.43,1,0
793_1201,22.67162,72.37516,1,1,2023-05-14,2023-05-14,0,7.96,7.96,1,0
793_1226,22.67189,72.46784,1,1,2023-05-22,2023-05-22,0,6.46,6.46,1,0
793_1317,22.672,72.80016,1,1,2023-03-28,2023-03-28,0,5.05,5.05,1,0
793_1318,22.67364,72.80113,1,1,2023-03-28,2023-03-28,0,5.44,5.44,1,0
793_1321,22.67286,72.81216,1,1,2023-03-14,2023-03-14,0,2.54,2.54,1,0
793_663,22.67418,70.41649,1,1,2023-03-24,2023-03-24,0,10.71,10.71,1,0
793_696,22.67306,70.53866,1,1,2023-03-23,2023-03-23,0,8.28,8.28,1,0
794_1063,22.67631,71.87483,1,1,2023-06-23,2023-06-23,0,9.67,9.67,1,0
794_1072,22.67707,71.90762,1,1,2023-04-16,2023-04-16,0,0.7,0.7,0,1
794_1198,22.67776,72.36699,1,1,2023-12-09,2023-12-09,0,6.24,6.24,1,0
794_1199,22.67694,72.36871,1,1,2023-12-09,2023-12-09,0,5.15,5.15,1,0
794_1247,22.67669,72.54385,1,1,2023-04-18,2023-04-18,0,1.05,1.05,1,0
794_1266,22.67517,72.612725,2,2,2023-04-15,2023-04-18,3,8.100000000000001,10.05,2,0
794_1308,22.67543,72.76614,1,1,2023-03-26,2023-03-26,0,3.9,3.9,1,0
794_1649,22.67499,74.0065,1,1,2023-03-27,2023-03-27,0,0.73,0.73,0,1
794_628,22.67584,70.29086,1,1,2023-02-09,2023-02-09,0,2.82,2.82,1,0
794_634,22.67477,70.31187,1,1,2023-02-22,2023-02-22,0,1.86,1.86,1,0
794_650,22.677335,70.36841000000001,2,1,2023-03-08,2023-03-08,0,9.8,10.42,2,0
794_751,22.67663,70.73798,1,1,2023-04-18,2023-04-18,0,11.01,11.01,1,0
794_752,22.67565,70.73975,1,1,2023-04-18,2023-04-18,0,8.15,8.15,1,0
794_776,22.67748,70.82861,1,1,2023-05-02,2023-05-02,0,6.39,6.39,1,0
795_1151,22.67973,72.19312,1,1,2023-04-10,2023-04-10,0,14.08,14.08,1,0
795_1236,22.67954,72.50216,1,1,2023-02-25,2023-02-25,0,4.57,4.57,1,0
795_1241,22.68035,72.52347,1,1,2023-04-05,2023-04-05,0,5.69,5.69,1,0
795_1265,22.68113,72.60874,1,1,2023-03-30,2023-03-30,0,3.96,3.96,1,0
795_1296,22.6808,72.72371,1,1,2023-03-25,2023-03-25,0,1.52,1.52,1,0
795_629,22.67846,70.29279,1,1,2023-02-09,2023-02-09,0,1.87,1.87,1,0
795_647,22.68098,70.35827,1,1,2023-04-05,2023-04-05,0,3.8,3.8,1,0
795_658,22.67847,70.39845,1,1,2023-03-25,2023-03-25,0,13.11,13.11,1,0
795_662,22.68108,70.41245,1,1,2023-01-31,2023-01-31,0,0.32,0.32,0,1
795_995,22.68024,71.62766,1,1,2023-04-02,2023-04-02,0,2.04,2.04,1,0
796_1075,22.68333,71.91581,1,1,2023-03-20,2023-03-20,0,4.03,4.03,1,0
796_1159,22.68283,72.22246,1,1,2023-03-28,2023-03-28,0,2.4,2.4,1,0
796_1255,22.68273,72.57188,1,1,2023-04-18,2023-04-18,0,7.73,7.73,1,0
796_1658,22.68475,74.03958,1,1,2023-02-27,2023-02-27,0,0.71,0.71,0,1
796_765,22.68393,70.78706,1,1,2023-10-30,2023-10-30,0,1.36,1.36,1,0
797_1015,22.68663,71.70026,1,1,2023-06-06,2023-06-06,0,9.08,9.08,1,0
797_1150,22.68544,72.19064,1,1,2023-04-14,2023-04-14,0,7.72,7.72,1,0
797_1216,22.68788,72.4293,1,1,2023-03-30,2023-03-30,0,5.46,5.46,1,0
797_1260,22.68794,72.58959,1,1,2023-02-16,2023-02-16,0,3.53,3.53,1,0
797_1586,22.68699,73.77956,1,1,2023-03-10,2023-03-10,0,0.59,0.59,0,1
797_1587,22.68642,73.78335,1,1,2023-03-10,2023-03-10,0,1.07,1.07,0,1
797_633,22.68724,70.30682,1,1,2023-02-17,2023-02-17,0,3.93,3.93,1,0
797_652,22.68742,70.37807,1,1,2023-02-05,2023-02-05,0,2.63,2.63,1,0
797_737,22.68662,70.68573,1,1,2023-05-22,2023-05-22,0,13.96,13.96,1,0
798_1165,22.68832,72.24479,1,1,2023-03-26,2023-03-26,0,8.02,8.02,1,0
798_1168,22.69007,72.256,1,1,2023-04-01,2023-04-01,0,5.08,5.08,1,0
798_1189,22.69055,72.33357,1,1,2023-05-25,2023-05-25,0,7.01,7.01,1,0
798_1272,22.6899,72.63432,1,1,2023-03-31,2023-03-31,0,13.63,13.63,1,0
798_638,22.69091,70.3257,1,1,2023-02-01,2023-02-01,0,4.45,4.45,1,0
798_654,22.68965,70.38337,1,1,2023-05-11,2023-05-11,0,11.85,11.85,1,0
798_747,22.68948,70.72339,1,1,2023-11-09,2023-11-09,0,2.87,2.87,1,0
798_761,22.68969,70.77258,1,1,2023-03-30,2023-03-30,0,2.48,2.48,1,0
799_1130,22.69395,72.11677,2,1,2023-04-17,2023-04-17,0,13.495000000000001,13.83,2,0
799_1131,22.69166,72.12013,1,1,2023-03-22,2023-03-22,0,11.57,11.57,1,0
799_1162,22.69396,72.23426,1,1,2023-11-10,2023-11-10,0,2.69,2.69,1,0
799_1179,22.69415,72.29573,1,1,2023-06-04,2023-06-04,0,1.77,1.77,1,0
799_1190,22.692525,72.336105,2,2,2023-05-25,2023-10-25,153,7.335,11.66,2,0
799_1201,22.69396,72.37464,1,1,2023-05-16,2023-05-16,0,5.9,5.9,1,0
799_1281,22.69389,72.66577,1,1,2023-03-03,2023-03-03,0,1.55,1.55,0,1
799_638,22.694245000000002,70.326345,2,1,2023-02-04,2023-02-04,0,3.745,4.03,2,0
799_645,22.69264,70.350385,2,1,2023-02-20,2023-02-20,0,3.74,3.77,2,0
799_668,22.69457,70.43555,1,1,2023-03-19,2023-03-19,0,7.91,7.91,1,0
799_702,22.69278,70.55891,1,1,2023-04-09,2023-04-09,0,7.65,7.65,1,0
799_741,22.69485,70.70189,1,1,2023-04-06,2023-04-06,0,12.56,12.56,1,0
799_785,22.69353,70.86275,1,1,2023-03-26,2023-03-26,0,2.81,2.81,1,0
799_786,22.69329,70.86421,1,1,2023-03-26,2023-03-26,0,6.14,6.14,1,0
799_985,22.6929,71.58857,1,1,2023-04-08,2023-04-08,0,2.44,2.44,1,0
79_1409,20.26945,73.13295,1,1,2023-05-23,2023-05-23,0,6.89,6.89,1,0
79_1498,20.26777,73.45687,1,1,2023-05-20,2023-05-20,0,2.28,2.28,1,0
79_1527,20.26698,73.56426,1,1,2023-02-01,2023-02-01,0,2.24,2.24,1,0
79_1594,20.2684,73.80788,2,2,2023-03-03,2023-11-10,252,2.38,2.96,2,0
79_1672,20.26715,74.09064,1,1,2023-03-24,2023-03-24,0,5.63,5.63,1,0
7_1649,20.02667,74.00751,1,1,2023-12-23,2023-12-23,0,1.77,1.77,1,0
7_1660,20.02455,74.04976,1,1,2023-12-12,2023-12-12,0,3.61,3.61,1,0
7_1752,20.02363,74.38264,1,1,2023-05-30,2023-05-30,0,9.94,9.94,1,0
800_1110,22.69509,72.04374,1,1,2023-05-09,2023-05-09,0,0.76,0.76,0,1
800_1119,22.69532,72.07719,1,1,2023-05-08,2023-05-08,0,14.35,14.35,1,0
800_1125,22.69594,72.09881,2,1,2023-02-25,2023-02-25,0,4.505,5.17,2,0
800_1130,22.69759,72.11862,1,1,2023-03-26,2023-03-26,0,5.25,5.25,1,0
800_1163,22.69519,72.23933,1,1,2023-04-01,2023-04-01,0,4.22,4.22,1,0
800_1193,22.69634,72.34778,1,1,2023-12-12,2023-12-12,0,2.14,2.14,1,0
800_1281,22.69589,72.66758,1,1,2023-03-03,2023-03-03,0,2.53,2.53,0,1
800_815,22.69592,70.96934,1,1,2023-05-13,2023-05-13,0,37.74,37.74,1,0
801_1110,22.70021,72.04436,1,1,2023-05-09,2023-05-09,0,1.23,1.23,0,1
801_1111,22.69988,72.04758,1,1,2023-05-09,2023-05-09,0,1.23,1.23,0,1
801_1114,22.69856,72.0605,1,1,2023-05-09,2023-05-09,0,1.73,1.73,0,1
801_1121,22.70074,72.08526,1,1,2023-04-04,2023-04-04,0,10.54,10.54,1,0
801_1135,22.70047,72.13464,1,1,2023-05-22,2023-05-22,0,2.53,2.53,1,0
801_1160,22.70079,72.22728,1,1,2023-12-24,2023-12-24,0,5.76,5.76,1,0
801_1162,22.7015,72.23338,1,1,2023-06-07,2023-06-07,0,11.41,11.41,1,0
801_1163,22.69917,72.23846,1,1,2023-04-01,2023-04-01,0,4.22,4.22,1,0
801_1262,22.70093,72.59819,1,1,2023-05-12,2023-05-12,0,6.13,6.13,1,0
801_674,22.69908,70.45582,1,1,2023-02-21,2023-02-21,0,0.18,0.18,0,1
801_710,22.69931,70.58952,1,1,2023-04-01,2023-04-01,0,2.09,2.09,1,0
801_718,22.70134,70.61734,1,1,2023-05-10,2023-05-10,0,14.31,14.31,1,0
801_776,22.69908,70.82822,1,1,2023-04-04,2023-04-04,0,37.95,37.95,1,0
801_777,22.7003,70.83071,1,1,2023-04-04,2023-04-04,0,37.48,37.48,1,0
802_1008,22.703735,71.67255,2,1,2023-12-15,2023-12-15,0,2.67,3.4,2,0
802_1142,22.70263,72.15973,1,1,2023-04-18,2023-04-18,0,4.33,4.33,1,0
802_1161,22.70272,72.23204,1,1,2023-06-07,2023-06-07,0,10.05,10.05,1,0
802_1180,22.70462,72.30059,1,1,2023-06-01,2023-06-01,0,1.44,1.44,1,0
802_1206,22.7042,72.39311,1,1,2023-05-21,2023-05-21,0,3.8,3.8,1,0
802_1221,22.7033,72.45049,1,1,2023-05-17,2023-05-17,0,12.38,12.38,1,0
802_1243,22.70414,72.52975,1,1,2023-03-30,2023-03-30,0,2.28,2.28,1,0
802_1681,22.70387,74.12479,1,1,2023-04-21,2023-04-21,0,11.17,11.17,1,0
802_741,22.70268,70.70132,1,1,2023-04-04,2023-04-04,0,3.47,3.47,1,0
802_887,22.70365,71.23412,1,1,2023-06-07,2023-06-07,0,9.44,9.44,1,0
803_1109,22.706989999999998,72.04241999999999,2,1,2023-05-10,2023-05-10,0,25.87,34.7,2,0
803_1685,22.7057,74.13831,1,1,2023-04-10,2023-04-10,0,8.05,8.05,1,0
803_628,22.70708,70.28875,1,1,2023-04-08,2023-04-08,0,8.7,8.7,1,0
803_764,22.70535,70.78395,1,1,2023-11-04,2023-11-04,0,2.49,2.49,1,0
803_937,22.70564,71.41295,1,1,2023-01-26,2023-01-26,0,1.1,1.1,1,0
803_938,22.70626,71.4168,1,1,2023-01-26,2023-01-26,0,1.94,1.94,1,0
804_1076,22.71131,71.92181,1,1,2023-03-08,2023-03-08,0,2.1,2.1,0,1
804_1111,22.70963,72.048445,2,2,2023-05-09,2023-05-10,1,10.45,17.04,1,1
804_1116,22.71029,72.06827,1,1,2023-06-12,2023-06-12,0,4.64,4.64,1,0
804_1222,22.71025,72.4519,1,1,2023-04-06,2023-04-06,0,5.18,5.18,1,0
804_777,22.70901,70.83272,1,1,2023-01-15,2023-01-15,0,2.11,2.11,1,0
805_1075,22.71221,71.91737,1,1,2023-03-08,2023-03-08,0,3.34,3.34,0,1
805_1109,22.71271,72.04089,1,1,2023-05-10,2023-05-10,0,17.41,17.41,1,0
805_1110,22.71318,72.04347,1,1,2023-05-10,2023-05-10,0,12.3,12.3,1,0
805_1111,22.71209,72.04824,1,1,2023-05-09,2023-05-09,0,1.33,1.33,0,1
805_1154,22.71194,72.20496,1,1,2023-11-06,2023-11-06,0,7.84,7.84,1,0
805_1192,22.71389,72.34489,1,1,2023-11-09,2023-11-09,0,2.02,2.02,1,0
805_1224,22.71305,72.45883,1,1,2023-03-26,2023-03-26,0,4.08,4.08,1,0
805_1673,22.71466,74.09547,1,1,2023-03-10,2023-03-10,0,4.23,4.23,1,0
805_669,22.71396,70.43781,1,1,2023-05-25,2023-05-25,0,1.3,1.3,1,0
805_694,22.71488,70.53026,1,1,2023-04-05,2023-04-05,0,6.13,6.13,1,0
805_711,22.71346,70.58976,1,1,2023-03-25,2023-03-25,0,7.16,7.16,1,0
805_771,22.71424,70.80978,1,1,2023-04-03,2023-04-03,0,1.47,1.47,1,0
805_772,22.71454,70.81301,1,1,2023-04-03,2023-04-03,0,1.47,1.47,1,0
806_1115,22.71632,72.06303,1,1,2023-05-09,2023-05-09,0,14.37,14.37,1,0
806_1200,22.71518,72.37288,1,1,2023-05-23,2023-05-23,0,4.04,4.04,1,0
806_1253,22.71787,72.56583,1,1,2023-04-15,2023-04-15,0,13.66,13.66,1,0
806_1331,22.71584,72.85075,1,1,2023-02-05,2023-02-05,0,0.36,0.36,0,1
806_742,22.71771,70.70422,1,1,2023-04-08,2023-04-08,0,6.02,6.02,1,0
806_753,22.71827,70.74393,1,1,2023-04-03,2023-04-03,0,3.49,3.49,1,0
807_1099,22.72003,72.00292,1,1,2023-01-10,2023-01-10,0,2.42,2.42,1,0
807_1119,22.72,72.07889,1,1,2023-03-06,2023-03-06,0,9.16,9.16,1,0
807_1120,22.72146,72.08247,1,1,2023-03-06,2023-03-06,0,10.82,10.82,1,0
807_1121,22.72124,72.08488,1,1,2023-03-06,2023-03-06,0,9.16,9.16,1,0
807_1165,22.72133,72.24423,1,1,2023-04-14,2023-04-14,0,8.11,8.11,1,0
807_1177,22.720655,72.28960000000001,2,2,2023-11-11,2023-11-15,4,6.295,7.51,2,0
807_1179,22.721159999999998,72.29583,2,2,2023-06-09,2023-11-24,168,2.99,3.06,2,0
807_1186,22.71869,72.32189,1,1,2023-03-26,2023-03-26,0,6.27,6.27,1,0
807_1191,22.71969,72.34097,1,1,2023-05-25,2023-05-25,0,4.53,4.53,1,0
807_1192,22.71881,72.34449,1,1,2023-11-21,2023-11-21,0,1.98,1.98,1,0
807_1197,22.71853,72.3615,1,1,2023-11-09,2023-11-09,0,5.9,5.9,1,0
807_1200,22.71852,72.37232,1,1,2023-05-23,2023-05-23,0,4.04,4.04,1,0
807_1203,22.72043,72.38332,1,1,2023-05-21,2023-05-21,0,3.81,3.81,1,0
807_1252,22.71975,72.56343,1,1,2023-04-15,2023-04-15,0,13.59,13.59,1,0
807_672,22.72114,70.45058,1,1,2023-02-26,2023-02-26,0,3.14,3.14,1,0
807_699,22.72114,70.54766,1,1,2023-12-12,2023-12-12,0,3.0,3.0,1,0
807_742,22.72019,70.70567,1,1,2023-04-08,2023-04-08,0,7.1,7.1,1,0
807_744,22.71953,70.71127,1,1,2023-04-08,2023-04-08,0,5.77,5.77,1,0
807_771,22.71998,70.8108,1,1,2023-03-24,2023-03-24,0,3.64,3.64,1,0
808_1134,22.72212,72.13351,1,1,2023-02-20,2023-02-20,0,7.31,7.31,1,0
808_1177,22.72474,72.28938,1,1,2023-11-15,2023-11-15,0,22.32,22.32,1,0
808_1178,22.72289,72.29293,1,1,2023-11-22,2023-11-22,0,7.77,7.77,1,0
808_1179,22.723515,72.29591500000001,2,1,2023-11-22,2023-11-22,0,7.395,7.83,2,0
808_1191,22.72196,72.33821,1,1,2023-05-25,2023-05-25,0,7.4,7.4,1,0
808_1192,22.72318,72.34399,1,1,2023-05-25,2023-05-25,0,6.82,6.82,1,0
808_1203,22.72359,72.38336,1,1,2023-05-21,2023-05-21,0,3.4,3.4,1,0
808_672,22.7238,70.44853,1,1,2023-03-30,2023-03-30,0,2.02,2.02,1,0
808_701,22.72383,70.55443,1,1,2023-04-09,2023-04-09,0,9.86,9.86,1,0
808_800,22.72299,70.91689,1,1,2023-11-15,2023-11-15,0,2.65,2.65,1,0
808_801,22.72357,70.92062,1,1,2023-11-15,2023-11-15,0,2.65,2.65,1,0
808_942,22.72276,71.4335,1,1,2023-01-26,2023-01-26,0,16.13,16.13,1,0
808_943,22.72338,71.43735,1,1,2023-01-26,2023-01-26,0,2.71,2.71,1,0
808_944,22.723860000000002,71.439965,2,2,2023-01-26,2023-02-11,16,2.5,2.71,2,0
808_945,22.72448,71.443805,2,2,2023-01-26,2023-02-11,16,2.54,2.79,2,0
808_946,22.72496,71.44644,1,1,2023-02-11,2023-02-11,0,3.12,3.12,1,0
809_1120,22.72635,72.08129,1,1,2023-03-06,2023-03-06,0,10.82,10.82,1,0
809_1121,22.72614,72.08367,1,1,2023-03-06,2023-03-06,0,5.63,5.63,1,0
809_1177,22.72669,72.28878,1,1,2023-11-22,2023-11-22,0,6.96,6.96,1,0
809_1178,22.726716666666665,72.29282333333333,3,2,2023-11-15,2023-11-22,7,10.399999999999999,16.47,3,0
809_1183,22.72831,72.30933,1,1,2023-04-03,2023-04-03,0,3.18,3.18,1,0
809_1347,22.72551,72.90943,1,1,2023-02-22,2023-02-22,0,3.62,3.62,1,0
809_941,22.7255,71.42903,1,1,2023-01-26,2023-01-26,0,4.27,4.27,1,0
809_942,22.72612,71.43287,1,1,2023-01-26,2023-01-26,0,4.27,4.27,1,0
809_944,22.72735,71.44055,1,1,2023-01-26,2023-01-26,0,3.37,3.37,1,0
809_945,22.727835,71.443185,2,2,2023-01-26,2023-02-11,16,2.41,2.53,2,0
80_1308,20.27235,72.76687,1,1,2023-02-15,2023-02-15,0,2.84,2.84,1,0
80_1468,20.27175,73.34903,1,1,2023-05-18,2023-05-18,0,1.86,1.86,1,0
80_1507,20.2704,73.49014,1,1,2023-05-30,2023-05-30,0,6.81,6.81,1,0
80_1584,20.271,73.77122,1,1,2023-11-16,2023-11-16,0,5.51,5.51,1,0
80_1594,20.26995,73.80792,1,1,2023-03-03,2023-03-03,0,2.49,2.49,1,0
80_1601,20.27131,73.83321,1,1,2023-01-08,2023-01-08,0,2.04,2.04,1,0
80_1645,20.27137,73.99431,1,1,2023-04-22,2023-04-22,0,12.1,12.1,1,0
810_1057,22.73134,71.85231,1,1,2023-06-07,2023-06-07,0,2.77,2.77,1,0
810_1060,22.7295,71.86427,1,1,2023-05-24,2023-05-24,0,0.58,0.58,0,1
810_1168,22.72959,72.25774,1,1,2023-04-18,2023-04-18,0,5.73,5.73,1,0
810_1213,22.72947,72.42,1,1,2023-11-10,2023-11-10,0,2.1,2.1,1,0
810_1235,22.73071,72.49823,1,1,2023-03-19,2023-03-19,0,3.14,3.14,1,0
810_456,22.731095,69.663005,2,2,2023-01-17,2023-01-23,6,1.53,2.21,0,2
810_457,22.731279999999998,69.666745,2,2,2023-01-17,2023-01-23,6,3.3899999999999997,5.93,0,2
810_941,22.72885,71.42841,1,1,2023-01-26,2023-01-26,0,4.27,4.27,1,0
811_1074,22.73396,71.91196,1,1,2023-11-21,2023-11-21,0,20.17,20.17,1,0
811_1075,22.73465,71.91606,1,1,2023-11-21,2023-11-21,0,20.17,20.17,1,0
811_1108,22.7334,72.03657,1,1,2023-04-24,2023-04-24,0,16.57,16.57,1,0
811_1109,22.73485,72.04248,1,1,2023-04-24,2023-04-24,0,26.72,26.72,1,0
811_1120,22.73468,72.08129,1,1,2023-06-09,2023-06-09,0,18.43,18.43,1,0
811_1153,22.73207,72.20261,1,1,2023-05-30,2023-05-30,0,4.13,4.13,1,0
811_1205,22.73288,72.38994,1,1,2023-05-25,2023-05-25,0,2.74,2.74,1,0
811_1206,22.73326,72.39391,1,1,2023-11-17,2023-11-17,0,5.24,5.24,1,0
811_1207,22.73443,72.39953,1,1,2023-11-17,2023-11-17,0,5.24,5.24,1,0
811_1210,22.73335,72.40778,1,1,2023-05-28,2023-05-28,0,9.98,9.98,1,0
811_1233,22.73275,72.49105,1,1,2023-12-18,2023-12-18,0,2.2,2.2,1,0
811_1240,22.73345,72.51857,1,1,2023-03-28,2023-03-28,0,4.74,4.74,1,0
811_1241,22.73447,72.52296,1,1,2023-03-28,2023-03-28,0,4.74,4.74,1,0
811_1532,22.73531,73.58173,1,1,2023-03-07,2023-03-07,0,1.34,1.34,0,1
811_455,22.73388,69.66078,1,1,2023-02-01,2023-02-01,0,3.23,3.23,0,1
811_456,22.733779000000006,69.663327,10,9,2023-01-16,2023-01-31,15,3.023,5.27,0,10
811_457,22.73412,69.66622833333332,12,10,2023-01-16,2023-02-16,31,2.405,3.46,2,10
811_700,22.73212,70.54971,1,1,2023-12-12,2023-12-12,0,3.61,3.61,1,0
811_814,22.73218,70.96781,1,1,2023-06-02,2023-06-02,0,2.29,2.29,0,1
811_819,22.7328,70.98424,1,1,2023-02-01,2023-02-01,0,0.27,0.27,0,1
812_1074,22.7381,71.9154,1,1,2023-11-21,2023-11-21,0,20.17,20.17,1,0
812_1084,22.73632,71.95081,1,1,2023-04-03,2023-04-03,0,2.66,2.66,1,0
812_1124,22.73822,72.09432,1,1,2023-06-03,2023-06-03,0,0.56,0.56,0,1
812_1148,22.737115,72.1839,2,2,2023-12-07,2023-12-23,16,5.8,7.84,2,0
812_1163,22.73765,72.23778,1,1,2023-04-16,2023-04-16,0,13.01,13.01,1,0
812_1172,22.73676,72.27161,1,1,2023-11-24,2023-11-24,0,3.83,3.83,1,0
812_1197,22.73574,72.36336,1,1,2023-04-18,2023-04-18,0,3.43,3.43,1,0
812_1224,22.73795,72.46089,1,1,2023-11-16,2023-11-16,0,3.0,3.0,0,1
812_456,22.736320000000003,69.66311666666667,3,3,2023-01-17,2023-02-02,16,2.04,2.45,0,3
812_457,22.736130000000003,69.6668,2,2,2023-01-19,2023-01-27,8,3.105,4.08,1,1
812_701,22.73734,70.55574,1,1,2023-04-02,2023-04-02,0,2.99,2.99,1,0
812_763,22.73689,70.78056,1,1,2023-04-05,2023-04-05,0,6.5,6.5,1,0
812_764,22.73748,70.7843,1,1,2023-04-05,2023-04-05,0,6.0,6.0,1,0
812_974,22.73809,71.54847,1,1,2023-03-27,2023-03-27,0,3.43,3.43,1,0
813_1072,22.74018,71.9065,1,1,2023-11-21,2023-11-21,0,4.91,4.91,1,0
813_1073,22.74087,71.91061,1,1,2023-11-21,2023-11-21,0,13.03,13.03,1,0
813_1147,22.739875,72.17920000000001,2,2,2023-12-07,2023-12-23,16,3.67,3.76,2,0
813_1148,22.740545,72.18323,2,2,2023-12-07,2023-12-23,16,5.8,7.84,2,0
813_1149,22.74191,72.1866,1,1,2023-12-07,2023-12-07,0,7.84,7.84,1,0
813_1162,22.7416,72.2354,1,1,2023-04-18,2023-04-18,0,6.6,6.6,1,0
813_1164,22.74166,72.242,1,1,2023-04-14,2023-04-14,0,5.56,5.56,1,0
813_1165,22.74197,72.24519,1,1,2023-04-14,2023-04-14,0,5.56,5.56,1,0
813_1181,22.74066,72.30409,1,1,2023-04-02,2023-04-02,0,3.53,3.53,1,0
813_1182,22.74146,72.30771,1,1,2023-04-02,2023-04-02,0,3.53,3.53,1,0
813_1213,22.73948,72.42006,1,1,2023-06-07,2023-06-07,0,6.55,6.55,1,0
813_1263,22.741030000000002,72.603235,2,1,2023-04-03,2023-04-03,0,4.46,4.83,2,0
813_1532,22.7391,73.58341,1,1,2023-03-07,2023-03-07,0,1.53,1.53,0,1
813_1620,22.74049,73.9024,1,1,2023-02-23,2023-02-23,0,11.73,11.73,1,0
813_1721,22.74169,74.27073,1,1,2023-03-10,2023-03-10,0,8.33,8.33,1,0
813_740,22.74048,70.69585,1,1,2023-04-04,2023-04-04,0,9.3,9.3,1,0
813_772,22.74087,70.8149,1,1,2023-10-18,2023-10-18,0,3.48,3.48,1,0
813_986,22.741390000000003,71.59379000000001,2,1,2023-05-08,2023-05-08,0,0.94,1.04,0,2
814_1072,22.74364,71.90584,1,1,2023-11-21,2023-11-21,0,4.91,4.91,1,0
814_1111,22.74274,72.0466,1,1,2023-04-24,2023-04-24,0,17.53,17.53,1,0
814_1148,22.74432333333333,72.18266,3,3,2023-01-05,2023-12-23,352,7.823333333333333,11.29,3,0
814_1149,22.74534,72.18594,1,1,2023-12-07,2023-12-07,0,11.29,11.29,1,0
814_1162,22.74342,72.2359,1,1,2023-04-18,2023-04-18,0,5.94,5.94,1,0
814_1169,22.74353,72.2611,1,1,2023-04-14,2023-04-14,0,6.84,6.84,1,0
814_1213,22.74481,72.42077,1,1,2023-03-26,2023-03-26,0,6.88,6.88,1,0
814_1214,22.74283,72.42348,1,1,2023-11-04,2023-11-04,0,3.27,3.27,1,0
814_1721,22.745,74.27013,1,1,2023-03-10,2023-03-10,0,8.33,8.33,1,0
814_807,22.742179999999998,70.94085,2,1,2023-02-13,2023-02-13,0,2.585,2.71,2,0
815_1126,22.745829999999998,72.104265,2,1,2023-03-16,2023-03-16,0,1.95,2.15,2,0
815_1144,22.7482,72.17015,1,1,2023-01-21,2023-01-21,0,3.31,3.31,1,0
815_1147,22.7481,72.18125,1,1,2023-12-07,2023-12-07,0,11.29,11.29,1,0
815_1148,22.7467,72.18257,1,1,2023-12-23,2023-12-23,0,7.05,7.05,1,0
815_1149,22.74807,72.18594999999999,2,2,2023-12-07,2023-12-23,16,9.559999999999999,11.29,2,0
815_1224,22.74803,72.46115,1,1,2023-03-26,2023-03-26,0,3.33,3.33,1,0
815_1235,22.74612,72.50153,1,1,2023-11-04,2023-11-04,0,1.43,1.43,1,0
815_1240,22.74726,72.51772,1,1,2023-03-26,2023-03-26,0,3.09,3.09,1,0
815_1241,22.7479,72.52168,1,1,2023-03-26,2023-03-26,0,3.09,3.09,1,0
815_680,22.74621,70.47845,1,1,2023-02-09,2023-02-09,0,4.48,4.48,1,0
815_689,22.74787,70.51169,1,1,2023-04-14,2023-04-14,0,9.02,9.02,1,0
815_747,22.74734,70.72203,1,1,2023-04-09,2023-04-09,0,9.57,9.57,1,0
815_838,22.7483,71.05476,1,1,2023-06-07,2023-06-07,0,3.0,3.0,1,0
816_1018,22.75205,71.71116,1,1,2023-05-17,2023-05-17,0,1.68,1.68,1,0
816_1163,22.75026,72.23746,1,1,2023-05-16,2023-05-16,0,5.64,5.64,1,0
816_1211,22.75218,72.41365,1,1,2023-11-05,2023-11-05,0,2.33,2.33,1,0
816_1218,22.75168,72.43982,1,1,2023-03-29,2023-03-29,0,3.4,3.4,1,0
816_1249,22.75203,72.55032,1,1,2023-03-29,2023-03-29,0,2.6,2.6,1,0
816_1625,22.74985,73.91908,1,1,2023-04-01,2023-04-01,0,6.92,6.92,1,0
816_761,22.75135,70.77389,1,1,2023-03-04,2023-03-04,0,3.41,3.41,1,0
817_1144,22.75248,72.16783,1,1,2023-11-11,2023-11-11,0,5.24,5.24,1,0
817_1173,22.75437,72.27503,1,1,2023-03-28,2023-03-28,0,3.61,3.61,1,0
817_1182,22.75237,72.30603,1,1,2023-12-04,2023-12-04,0,5.83,5.83,1,0
817_1189,22.75232,72.33157,1,1,2023-04-02,2023-04-02,0,2.28,2.28,1,0
817_1197,22.75237,72.36298,1,1,2023-11-06,2023-11-06,0,2.85,2.85,1,0
817_1206,22.75325,72.39432,1,1,2023-03-30,2023-03-30,0,5.38,5.38,1,0
817_1273,22.75517,72.63763,1,1,2023-06-08,2023-06-08,0,5.47,5.47,1,0
817_1623,22.75249,73.91216,1,1,2023-03-26,2023-03-26,0,4.23,4.23,1,0
817_1656,22.75312,74.03431,1,1,2023-03-09,2023-03-09,0,3.41,3.41,1,0
817_427,22.754873333333336,69.55708666666668,3,2,2023-01-04,2023-01-05,1,13.879999999999999,35.37,2,1
817_428,22.753442,69.56074799999999,5,4,2023-01-04,2023-06-19,166,3.068,5.19,1,4
817_429,22.75359,69.56499,1,1,2023-06-14,2023-06-14,0,2.81,2.81,0,1
817_782,22.75544,70.85131,1,1,2023-04-16,2023-04-16,0,2.5,2.5,0,1
817_783,22.754150000000003,70.854485,2,1,2023-04-16,2023-04-16,0,2.5700000000000003,2.64,0,2
818_1009,22.75622,71.67722,1,1,2023-10-12,2023-10-12,0,4.17,4.17,1,0
818_1104,22.75804,72.02144,1,1,2023-05-03,2023-05-03,0,4.77,4.77,1,0
818_1160,22.75578,72.22653,1,1,2023-05-14,2023-05-14,0,9.73,9.73,1,0
818_1247,22.758519999999997,72.544495,2,1,2023-03-26,2023-03-26,0,5.095000000000001,7.07,2,0
818_1254,22.75727,72.56757,1,1,2023-05-04,2023-05-04,0,0.95,0.95,1,0
818_1268,22.75777,72.62012,1,1,2023-11-05,2023-11-05,0,1.83,1.83,1,0
818_1627,22.75658,73.92613,1,1,2023-03-29,2023-03-29,0,2.39,2.39,1,0
818_427,22.757240000000003,69.55776,5,3,2023-01-04,2023-06-19,166,7.936,15.63,4,1
818_428,22.756933571428565,69.56111214285716,14,11,2023-05-27,2023-09-07,103,5.5685714285714285,10.08,8,6
818_429,22.757295,69.56451000000001,2,2,2023-05-28,2023-06-14,17,2.925,3.04,1,1
818_711,22.75833,70.5909,1,1,2023-03-13,2023-03-13,0,5.02,5.02,1,0
818_783,22.7569,70.85416,1,1,2023-04-16,2023-04-16,0,2.64,2.64,0,1
818_792,22.75824,70.88704,1,1,2023-11-16,2023-11-16,0,0.59,0.59,0,1
818_992,22.75822,71.61593,1,1,2023-05-18,2023-05-18,0,0.65,0.65,0,1
819_1158,22.76174,72.21833,1,1,2023-05-17,2023-05-17,0,11.37,11.37,1,0
819_1190,22.75995,72.33722,1,1,2023-03-08,2023-03-08,0,2.61,2.61,1,0
819_1248,22.75921,72.54805,1,1,2023-03-26,2023-03-26,0,3.42,3.42,1,0
819_428,22.75969,69.55952500000001,2,2,2023-05-28,2023-06-02,5,5.699999999999999,8.36,2,0
819_737,22.7618,70.68543,1,1,2023-12-12,2023-12-12,0,6.35,6.35,1,0
819_740,22.76018,70.69725,1,1,2023-04-03,2023-04-03,0,1.1,1.1,1,0
819_864,22.75971,71.14941,1,1,2023-05-24,2023-05-24,0,6.7,6.7,1,0
819_865,22.76034,71.15105,1,1,2023-05-24,2023-05-24,0,6.68,6.68,1,0
81_1408,20.27564,73.1311,1,1,2023-04-02,2023-04-02,0,2.31,2.31,1,0
81_1767,20.27339,74.43597,1,1,2023-01-16,2023-01-16,0,0.34,0.34,0,1
820_1067,22.76448,71.88783,1,1,2023-10-20,2023-10-20,0,1.19,1.19,1,0
820_1068,22.76517,71.89195,1,1,2023-10-20,2023-10-20,0,2.46,2.46,1,0
820_1102,22.76413,72.01474,1,1,2023-06-06,2023-06-06,0,2.9,2.9,1,0
820_1243,22.76522,72.52967,1,1,2023-04-06,2023-04-06,0,3.02,3.02,1,0
820_1276,22.76408,72.6494,1,1,2023-04-15,2023-04-15,0,0.69,0.69,0,1
820_1632,22.76402,73.94543,1,1,2023-02-25,2023-02-25,0,5.75,5.75,1,0
820_737,22.76521,70.68478,1,1,2023-12-12,2023-12-12,0,6.35,6.35,1,0
821_1064,22.76656,71.87887,1,1,2023-10-20,2023-10-20,0,2.92,2.92,1,0
821_1066,22.76725,71.88301,1,1,2023-10-20,2023-10-20,0,6.93,6.93,1,0
821_1067,22.76795,71.88714,1,1,2023-10-20,2023-10-20,0,6.93,6.93,1,0
821_1068,22.76864,71.89128,1,1,2023-10-20,2023-10-20,0,14.27,14.27,1,0
821_1069,22.76587,71.89608,1,1,2023-10-20,2023-10-20,0,2.46,2.46,1,0
821_1101,22.76702,72.01334,1,1,2023-06-06,2023-06-06,0,4.26,4.26,1,0
821_1109,22.76615,72.0422,1,1,2023-05-06,2023-05-06,0,11.58,11.58,1,0
821_1122,22.7688,72.08679,1,1,2023-05-22,2023-05-22,0,11.55,11.55,1,0
821_1154,22.76568,72.20554,1,1,2023-06-04,2023-06-04,0,1.72,1.72,1,0
821_1168,22.76872,72.25695,1,1,2023-11-16,2023-11-16,0,3.87,3.87,1,0
821_1239,22.76746,72.51465,1,1,2023-03-26,2023-03-26,0,2.78,2.78,1,0
821_1243,22.76653,72.52842,1,1,2023-11-10,2023-11-10,0,1.25,1.25,1,0
821_1631,22.76628,73.9425,1,1,2023-02-25,2023-02-25,0,5.84,5.84,1,0
821_1673,22.76604,74.09478,1,1,2023-02-18,2023-02-18,0,3.58,3.58,1,0
821_692,22.7672,70.52271,1,1,2023-03-05,2023-03-05,0,1.87,1.87,1,0
821_885,22.765875,71.22581,2,1,2023-05-24,2023-05-24,0,8.82,10.58,2,0
822_1064,22.77003,71.87819,1,1,2023-10-20,2023-10-20,0,2.92,2.92,1,0
822_1065,22.77072,71.88232,1,1,2023-10-20,2023-10-20,0,6.93,6.93,1,0
822_1067,22.77142,71.88647,1,1,2023-10-20,2023-10-20,0,6.93,6.93,1,0
822_1068,22.77211,71.8906,1,1,2023-10-20,2023-10-20,0,14.27,14.27,1,0
822_1069,22.76934,71.8954,1,1,2023-10-20,2023-10-20,0,14.27,14.27,1,0
822_1070,22.77003,71.89954,1,1,2023-10-20,2023-10-20,0,5.52,5.52,1,0
822_1074,22.77211,71.91192,1,1,2023-10-20,2023-10-20,0,6.66,6.66,1,0
822_1076,22.77003,71.92085,1,1,2023-10-20,2023-10-20,0,3.82,3.82,1,0
822_1077,22.77073,71.92496,1,1,2023-10-20,2023-10-20,0,3.18,3.18,1,0
822_1535,22.77161,73.59153,1,1,2023-05-23,2023-05-23,0,7.63,7.63,1,0
822_663,22.7705,70.41492,1,1,2023-06-03,2023-06-03,0,10.93,10.93,1,0
822_686,22.77005,70.50049,1,1,2023-12-12,2023-12-12,0,2.0,2.0,1,0
822_687,22.77072,70.50455,1,1,2023-12-12,2023-12-12,0,2.0,2.0,1,0
822_721,22.77045,70.62615,1,1,2023-03-20,2023-03-20,0,2.62,2.62,1,0
822_722,22.77199,70.63141,1,1,2023-02-09,2023-02-09,0,2.23,2.23,1,0
823_1065,22.77419,71.88165,1,1,2023-10-20,2023-10-20,0,5.47,5.47,1,0
823_1066,22.77489,71.88579,1,1,2023-10-20,2023-10-20,0,5.47,5.47,1,0
823_1067,22.77558,71.88992,1,1,2023-10-20,2023-10-20,0,2.73,2.73,1,0
823_1069,22.7728,71.89473,1,1,2023-10-20,2023-10-20,0,14.27,14.27,1,0
823_1070,22.7735,71.89886,1,1,2023-10-20,2023-10-20,0,5.52,5.52,1,0
823_1072,22.77488,71.90711,1,1,2023-10-20,2023-10-20,0,6.66,6.66,1,0
823_1073,22.77558,71.91125,1,1,2023-10-20,2023-10-20,0,6.66,6.66,1,0
823_1075,22.77415,71.917225,2,2,2023-10-20,2023-11-05,16,6.1899999999999995,9.84,2,0
823_1076,22.7735,71.92017,1,1,2023-10-20,2023-10-20,0,9.84,9.84,1,0
823_1077,22.77419,71.92429,1,1,2023-10-20,2023-10-20,0,8.9,8.9,1,0
823_1078,22.77488,71.92841,1,1,2023-10-20,2023-10-20,0,8.9,8.9,1,0
823_1079,22.77557,71.93253,1,1,2023-10-20,2023-10-20,0,2.37,2.37,1,0
823_1165,22.77395,72.24374,1,1,2023-04-21,2023-04-21,0,11.26,11.26,1,0
823_1170,22.7751,72.26277,1,1,2023-04-19,2023-04-19,0,3.48,3.48,1,0
823_1171,22.77544,72.26682,1,1,2023-04-19,2023-04-19,0,3.48,3.48,1,0
823_1180,22.77578,72.30019,1,1,2023-11-12,2023-11-12,0,1.75,1.75,1,0
823_1205,22.77358,72.3917,1,1,2023-11-16,2023-11-16,0,4.85,4.85,1,0
823_1206,22.77408,72.39309,1,1,2023-11-16,2023-11-16,0,4.36,4.36,1,0
823_1270,22.77574,72.62681,1,1,2023-06-13,2023-06-13,0,1.57,1.57,1,0
823_1315,22.7748,72.79102,1,1,2023-06-14,2023-06-14,0,2.95,2.95,1,0
823_715,22.77258,70.60667,1,1,2023-01-16,2023-01-16,0,2.32,2.32,1,0
823_780,22.77445,70.84145,1,1,2023-03-30,2023-03-30,0,2.79,2.79,1,0
823_821,22.77554,70.9915,1,1,2023-04-02,2023-04-02,0,4.61,4.61,1,0
824_1067,22.77905,71.88924,1,1,2023-10-20,2023-10-20,0,2.73,2.73,1,0
824_1070,22.77697,71.89819,1,1,2023-10-20,2023-10-20,0,6.22,6.22,1,0
824_1071,22.77766,71.90231,1,1,2023-10-20,2023-10-20,0,6.22,6.22,1,0
824_1072,22.77835,71.90644,1,1,2023-10-20,2023-10-20,0,7.72,7.72,1,0
824_1073,22.77904,71.91056,1,1,2023-10-20,2023-10-20,0,7.72,7.72,1,0
824_1074,22.77627,71.91537,1,1,2023-10-20,2023-10-20,0,9.84,9.84,1,0
824_1076,22.77657,71.92099999999999,2,2,2023-10-20,2023-11-05,16,6.1899999999999995,9.84,2,0
824_1077,22.77765,71.92362,1,1,2023-10-20,2023-10-20,0,8.9,8.9,1,0
824_1078,22.77835,71.92774,1,1,2023-10-20,2023-10-20,0,8.9,8.9,1,0
824_1079,22.77903,71.93185,1,1,2023-10-20,2023-10-20,0,2.37,2.37,1,0
824_1214,22.7784,72.4252,1,1,2023-04-03,2023-04-03,0,2.33,2.33,1,0
824_1265,22.7781,72.61089,1,1,2023-03-31,2023-03-31,0,3.47,3.47,1,0
824_1269,22.77643,72.62527,1,1,2023-06-13,2023-06-13,0,3.57,3.57,1,0
824_1518,22.77579,73.52956,1,1,2023-05-31,2023-05-31,0,1.16,1.16,1,0
824_719,22.77681,70.62029,1,1,2023-05-13,2023-05-13,0,1.83,1.83,1,0
824_768,22.77728,70.79991,1,1,2023-01-04,2023-01-04,0,1.54,1.54,0,1
824_793,22.77676,70.89121,1,1,2023-05-30,2023-05-30,0,3.85,3.85,1,0
824_794,22.77672,70.89213,1,1,2023-10-30,2023-10-30,0,2.39,2.39,0,1
825_1071,22.78113,71.90163,1,1,2023-10-20,2023-10-20,0,6.22,6.22,1,0
825_1077,22.78112,71.92294,1,1,2023-10-20,2023-10-20,0,17.02,17.02,1,0
825_1078,22.78181,71.92706,1,1,2023-10-20,2023-10-20,0,17.02,17.02,1,0
825_1079,22.7825,71.93118,1,1,2023-10-20,2023-10-20,0,9.98,9.98,1,0
825_1210,22.78092,72.41049,1,1,2023-11-16,2023-11-16,0,3.38,3.38,1,0
825_782,22.77926,70.8509,1,1,2023-06-03,2023-06-03,0,0.56,0.56,0,1
825_784,22.78003,70.85637,1,1,2023-01-29,2023-01-29,0,0.48,0.48,0,1
825_801,22.77972,70.92016,1,1,2023-11-15,2023-11-15,0,0.97,0.97,0,1
825_885,22.77951,71.22446,1,1,2023-05-14,2023-05-14,0,10.34,10.34,1,0
825_886,22.78131,71.22719,1,1,2023-05-14,2023-05-14,0,8.97,8.97,1,0
825_991,22.77937,71.61248,1,1,2023-05-25,2023-05-25,0,4.38,4.38,1,0
826_1075,22.78389,71.91814,1,1,2023-10-20,2023-10-20,0,28.23,28.23,1,0
826_1076,22.78458,71.92226,1,1,2023-10-20,2023-10-20,0,17.02,17.02,1,0
826_1078,22.784865,71.927875,2,2,2023-10-20,2023-11-05,16,10.795,17.02,2,0
826_1149,22.78471,72.18711,1,1,2023-04-02,2023-04-02,0,0.76,0.76,0,1
826_1166,22.78462,72.2475,1,1,2023-04-04,2023-04-04,0,3.41,3.41,1,0
826_1269,22.78512,72.62495,1,1,2023-04-12,2023-04-12,0,5.16,5.16,1,0
826_801,22.78547,70.91763,1,1,2023-11-11,2023-11-11,0,2.54,2.54,1,0
826_815,22.78328,70.96861,1,1,2023-04-02,2023-04-02,0,1.96,1.96,1,0
827_1076,22.78805,71.92159,1,1,2023-10-20,2023-10-20,0,1.33,1.33,1,0
827_1079,22.78596,71.9305,1,1,2023-10-20,2023-10-20,0,9.98,9.98,1,0
827_1170,22.78856,72.26245,1,1,2023-11-16,2023-11-16,0,1.95,1.95,1,0
827_1175,22.78721,72.28109,1,1,2023-05-22,2023-05-22,0,9.23,9.23,1,0
827_760,22.78849,70.76965,1,1,2023-04-04,2023-04-04,0,3.04,3.04,1,0
827_780,22.78614,70.84459,1,1,2023-12-07,2023-12-07,0,0.45,0.45,0,1
827_800,22.787955,70.91633,2,2,2023-01-20,2023-05-15,115,1.82,2.79,0,2
827_801,22.787325000000003,70.91948,4,3,2023-09-03,2023-12-05,93,0.77,1.12,0,4
827_923,22.78652,71.36446,1,1,2023-04-15,2023-04-15,0,9.61,9.61,1,0
827_924,22.78608,71.36736,1,1,2023-04-15,2023-04-15,0,3.81,3.81,1,0
828_1150,22.79112,72.18924,1,1,2023-04-06,2023-04-06,0,9.31,9.31,1,0
828_1163,22.791,72.23826,1,1,2023-04-14,2023-04-14,0,4.35,4.35,1,0
828_1265,22.78958,72.60964,1,1,2023-03-10,2023-03-10,0,4.17,4.17,1,0
828_1268,22.78936,72.62014,1,1,2023-04-04,2023-04-04,0,3.28,3.28,1,0
828_739,22.79082,70.69283,1,1,2023-12-10,2023-12-10,0,11.64,11.64,1,0
828_800,22.791323333333327,70.91628333333334,3,3,2023-01-12,2023-10-31,292,1.23,2.22,0,3
828_801,22.791886666666667,70.91893333333333,3,3,2023-01-16,2023-06-02,137,1.6566666666666667,2.94,0,3
829_1164,22.7928,72.23967,1,1,2023-04-14,2023-04-14,0,5.28,5.28,1,0
829_1693,22.79599,74.16676,1,1,2023-01-19,2023-01-19,0,7.31,7.31,1,0
829_749,22.79356,70.72981,1,1,2023-01-31,2023-01-31,0,1.03,1.03,1,0
829_752,22.79522,70.74109,1,1,2023-03-20,2023-03-20,0,6.87,6.87,1,0
829_800,22.794485,70.91677,2,2,2023-10-31,2023-11-23,23,0.865,0.91,0,2
829_801,22.7947875,70.9196975,4,4,2023-01-16,2023-11-23,311,1.365,2.94,0,4
829_803,22.79535,70.92786,1,1,2023-11-18,2023-11-18,0,5.5,5.5,1,0
82_1338,20.27633,72.87519,1,1,2023-04-16,2023-04-16,0,3.6,3.6,1,0
82_1558,20.27784,73.67717,1,1,2023-05-28,2023-05-28,0,6.35,6.35,1,0
82_1594,20.27758,73.80593,1,1,2023-02-28,2023-02-28,0,10.25,10.25,1,0
82_1745,20.27883,74.35723,1,1,2023-01-23,2023-01-23,0,0.81,0.81,0,1
830_1028,22.79823,71.74496,1,1,2023-03-16,2023-03-16,0,5.17,5.17,1,0
830_1167,22.79606,72.25281,1,1,2023-04-08,2023-04-08,0,5.75,5.75,1,0
830_1180,22.79654,72.30108,1,1,2023-11-24,2023-11-24,0,2.02,2.02,1,0
830_729,22.79623,70.65716,1,1,2023-06-11,2023-06-11,0,5.77,5.77,1,0
830_732,22.79749,70.66862,1,1,2023-03-26,2023-03-26,0,9.33,9.33,1,0
830_878,22.79728,71.20007,1,1,2023-10-05,2023-10-05,0,2.97,2.97,1,0
830_882,22.79659,71.21278,1,1,2023-02-27,2023-02-27,0,4.96,4.96,1,0
831_1162,22.80256,72.23518,1,1,2023-04-24,2023-04-24,0,8.29,8.29,1,0
831_1634,22.80004,73.95482,1,1,2023-05-12,2023-05-12,0,2.79,2.79,0,1
831_1692,22.80121,74.1662,1,1,2023-01-19,2023-01-19,0,4.75,4.75,1,0
831_794,22.80208,70.89383,1,1,2023-02-13,2023-02-13,0,2.72,2.72,1,0
832_1142,22.80405,72.16003,1,1,2023-04-14,2023-04-14,0,5.89,5.89,1,0
832_1143,22.80435,72.16319,1,1,2023-04-14,2023-04-14,0,7.11,7.11,1,0
832_1160,22.80297,72.22578,1,1,2023-04-16,2023-04-16,0,15.24,15.24,1,0
832_1180,22.804,72.29992,1,1,2023-11-20,2023-11-20,0,1.14,1.14,1,0
832_1184,22.80552,72.31599,1,1,2023-11-16,2023-11-16,0,3.41,3.41,1,0
832_1209,22.80281,72.40638,1,1,2023-04-04,2023-04-04,0,3.62,3.62,1,0
832_1285,22.804965,72.68176500000001,2,1,2023-06-06,2023-06-06,0,1.1600000000000001,1.3,2,0
832_1635,22.80371,73.95565,1,1,2023-05-12,2023-05-12,0,2.79,2.79,0,1
832_879,22.80582,71.20404,1,1,2023-02-11,2023-02-11,0,3.76,3.76,1,0
833_1015,22.80812,71.69814,1,1,2023-11-03,2023-11-03,0,1.89,1.89,1,0
833_1150,22.80851,72.19033,1,1,2023-04-19,2023-04-19,0,3.98,3.98,1,0
833_1158,22.80789,72.21858,1,1,2023-04-21,2023-04-21,0,9.75,9.75,1,0
833_1184,22.807765,72.31567000000001,2,2,2023-11-16,2023-12-12,26,2.9850000000000003,3.41,2,0
833_1190,22.8078,72.33525,1,1,2023-11-08,2023-11-08,0,2.25,2.25,1,0
833_1209,22.80844,72.40421,1,1,2023-04-01,2023-04-01,0,7.92,7.92,1,0
833_1210,22.80759,72.40781,1,1,2023-04-01,2023-04-01,0,6.62,6.62,1,0
833_1214,22.80889,72.42231,1,1,2023-04-04,2023-04-04,0,2.1,2.1,1,0
833_1252,22.807705,72.562895,2,2,2023-10-15,2023-10-27,12,0.47000000000000003,0.56,0,2
833_1253,22.80754333333333,72.56486666666666,3,2,2023-03-10,2023-11-29,264,0.26,0.33,0,3
833_1495,22.80897,73.44836,1,1,2023-05-10,2023-05-10,0,7.86,7.86,1,0
833_407,22.80792,69.48243,1,1,2023-10-15,2023-10-15,0,2.59,2.59,1,0
833_712,22.80657,70.5947,1,1,2023-05-13,2023-05-13,0,7.44,7.44,1,0
834_1158,22.812060000000002,72.22023,2,2,2023-04-08,2023-05-08,30,7.1899999999999995,10.92,2,0
834_1193,22.81086,72.34734,1,1,2023-02-09,2023-02-09,0,4.36,4.36,1,0
834_1272,22.80951,72.63422,1,1,2023-01-01,2023-01-01,0,2.97,2.97,1,0
834_1540,22.81104,73.6115,1,1,2023-02-11,2023-02-11,0,1.33,1.33,1,0
834_1690,22.81034,74.15775,1,1,2023-01-25,2023-01-25,0,1.14,1.14,0,1
834_457,22.81037,69.66708,1,1,2023-09-08,2023-09-08,0,2.65,2.65,1,0
834_748,22.81244,70.72565,1,1,2023-01-10,2023-01-10,0,1.16,1.16,1,0
835_1157,22.81447,72.21729,1,1,2023-04-08,2023-04-08,0,3.05,3.05,1,0
835_1158,22.81293,72.21874,1,1,2023-04-08,2023-04-08,0,4.52,4.52,1,0
835_1161,22.81605,72.22932,1,1,2023-11-12,2023-11-12,0,2.98,2.98,1,0
835_1166,22.81454,72.25008,1,1,2023-05-14,2023-05-14,0,12.15,12.15,1,0
835_1174,22.81379,72.27967,1,1,2023-05-27,2023-05-27,0,5.86,5.86,1,0
835_1175,22.81346,72.28153,1,1,2023-05-27,2023-05-27,0,5.04,5.04,1,0
835_1176,22.81351,72.28434,1,1,2023-05-28,2023-05-28,0,20.97,20.97,1,0
835_1184,22.81457,72.31337,1,1,2023-04-05,2023-04-05,0,5.26,5.26,1,0
835_1193,22.81619,72.34827,1,1,2023-04-05,2023-04-05,0,5.27,5.27,1,0
835_1199,22.81314,72.36775,1,1,2023-11-20,2023-11-20,0,1.51,1.51,1,0
835_1213,22.81613,72.41953,1,1,2023-03-27,2023-03-27,0,8.03,8.03,1,0
835_1214,22.81308,72.42175,1,1,2023-04-04,2023-04-04,0,2.1,2.1,1,0
835_1217,22.81415,72.43616,1,1,2023-04-02,2023-04-02,0,2.76,2.76,1,0
835_1417,22.81356,73.1624,1,1,2023-03-28,2023-03-28,0,7.8,7.8,1,0
835_1689,22.81518,74.15477,1,1,2023-01-25,2023-01-25,0,0.52,0.52,0,1
835_449,22.81408,69.63779,1,1,2023-10-30,2023-10-30,0,3.05,3.05,1,0
836_1044,22.81644,71.8053,1,1,2023-05-17,2023-05-17,0,5.38,5.38,1,0
836_1067,22.81735,71.88653,1,1,2023-04-01,2023-04-01,0,2.53,2.53,1,0
836_1160,22.81805,72.22774,1,1,2023-11-12,2023-11-12,0,4.4,4.4,1,0
836_1161,22.81886,72.23132,1,1,2023-11-12,2023-11-12,0,3.77,3.77,1,0
836_1175,22.81644,72.28238,1,1,2023-11-12,2023-11-12,0,1.9,1.9,1,0
836_1205,22.81826,72.39069,1,1,2023-04-01,2023-04-01,0,8.7,8.7,1,0
836_1214,22.8164,72.42198,1,1,2023-05-23,2023-05-23,0,7.49,7.49,1,0
836_1216,22.81772,72.43026,1,1,2023-04-05,2023-04-05,0,4.31,4.31,1,0
836_1670,22.81857,74.08334,1,1,2023-04-14,2023-04-14,0,5.44,5.44,1,0
836_1691,22.8185,74.15962,1,1,2023-01-25,2023-01-25,0,1.09,1.09,0,1
837_1165,22.82177,72.24344,1,1,2023-04-21,2023-04-21,0,12.96,12.96,1,0
837_1224,22.82192,72.46024,1,1,2023-03-16,2023-03-16,0,5.57,5.57,1,0
837_1257,22.82115,72.5799,1,1,2023-05-19,2023-05-19,0,9.86,9.86,1,0
837_1699,22.82224,74.18927,1,1,2023-02-21,2023-02-21,0,1.12,1.12,0,1
837_459,22.82233,69.67454,1,1,2023-03-07,2023-03-07,0,0.56,0.56,0,1
837_816,22.82071,70.97501,1,1,2023-05-24,2023-05-24,0,10.93,10.93,1,0
837_908,22.8203,71.31038,1,1,2023-11-09,2023-11-09,0,1.72,1.72,1,0
838_1157,22.82416,72.21613,1,1,2023-04-26,2023-04-26,0,13.46,13.46,1,0
838_1205,22.82363,72.3922,1,1,2023-11-20,2023-11-20,0,1.81,1.81,1,0
838_742,22.82341,70.70378,1,1,2023-03-02,2023-03-02,0,3.38,3.38,1,0
838_843,22.82371,71.072845,2,1,2023-05-09,2023-05-09,0,1.045,1.3,0,2
838_844,22.82324,71.07568,1,1,2023-05-09,2023-05-09,0,0.79,0.79,0,1
839_1699,22.82968,74.19093,1,1,2023-02-21,2023-02-21,0,0.68,0.68,0,1
83_1490,20.28242,73.42993,1,1,2023-04-27,2023-04-27,0,7.25,7.25,1,0
83_1532,20.28126,73.58019,1,1,2023-05-24,2023-05-24,0,2.22,2.22,1,0
83_1663,20.28109,74.0596,1,1,2023-05-02,2023-05-02,0,1.36,1.36,0,1
840_1214,22.83192,72.4231,1,1,2023-03-28,2023-03-28,0,2.34,2.34,1,0
840_1215,22.83116,72.42592,1,1,2023-03-25,2023-03-25,0,6.2,6.2,1,0
840_1244,22.83263,72.53419,1,1,2023-04-08,2023-04-08,0,7.4,7.4,1,0
840_1263,22.83052,72.60311,1,1,2023-05-04,2023-05-04,0,2.22,2.22,1,0
840_1647,22.83019,74.0015,1,1,2023-05-21,2023-05-21,0,2.2,2.2,1,0
840_1693,22.83027,74.16962,1,1,2023-04-04,2023-04-04,0,1.04,1.04,0,1
840_1701,22.8325,74.1966,1,1,2023-02-21,2023-02-21,0,0.4,0.4,0,1
841_1020,22.83591,71.71864,1,1,2023-03-17,2023-03-17,0,4.23,4.23,1,0
841_1178,22.83483,72.29288,1,1,2023-11-08,2023-11-08,0,8.81,8.81,1,0
841_1187,22.83416,72.32642,1,1,2023-05-16,2023-05-16,0,1.98,1.98,1,0
841_1189,22.83479,72.33161,1,1,2023-04-10,2023-04-10,0,5.46,5.46,1,0
841_801,22.83483,70.91971,2,1,2023-11-08,2023-11-08,0,0.8999999999999999,1.17,2,0
841_980,22.83555,71.5703,1,1,2023-03-26,2023-03-26,0,2.45,2.45,1,0
841_982,22.83309,71.57934,1,1,2023-05-04,2023-05-04,0,8.73,8.73,1,0
842_1021,22.83705,71.7206,1,1,2023-03-17,2023-03-17,0,7.8,7.8,1,0
842_1022,22.83681,71.72253,1,1,2023-03-17,2023-03-17,0,5.64,5.64,1,0
842_1183,22.83968,72.30988,1,1,2023-05-21,2023-05-21,0,2.32,2.32,1,0
842_1219,22.83868,72.44257,1,1,2023-03-27,2023-03-27,0,2.11,2.11,1,0
842_1246,22.83696,72.54116,1,1,2023-04-02,2023-04-02,0,2.94,2.94,1,0
842_343,22.83918,69.25031,1,1,2023-06-07,2023-06-07,0,6.33,6.33,1,0
842_417,22.83662,69.51976,1,1,2023-10-06,2023-10-06,0,2.22,2.22,1,0
842_467,22.83922,69.70267,1,1,2023-02-02,2023-02-02,0,2.92,2.92,1,0
842_790,22.83954,70.88052,1,1,2023-03-25,2023-03-25,0,2.22,2.22,1,0
843_1219,22.84001,72.44337,1,1,2023-03-27,2023-03-27,0,1.93,1.93,1,0
843_1678,22.84056,74.11524,1,1,2023-04-16,2023-04-16,0,0.92,0.92,0,1
843_1713,22.84113,74.23999,1,1,2023-01-21,2023-01-21,0,2.87,2.87,1,0
843_464,22.84187,69.69217,1,1,2023-05-05,2023-05-05,0,4.02,4.02,1,0
843_465,22.84166,69.69458,1,1,2023-05-05,2023-05-05,0,3.79,3.79,1,0
843_482,22.84114,69.75764,1,1,2023-10-23,2023-10-23,0,2.39,2.39,1,0
843_765,22.841605,70.78762499999999,2,1,2023-11-18,2023-11-18,0,3.4,3.53,2,0
843_808,22.84239,70.94305,1,1,2023-03-26,2023-03-26,0,2.57,2.57,1,0
844_1028,22.84363,71.74535,1,1,2023-03-20,2023-03-20,0,3.84,3.84,1,0
844_1215,22.84586,72.42765,1,1,2023-03-20,2023-03-20,0,1.96,1.96,1,0
844_1249,22.84443,72.55029,1,1,2023-04-02,2023-04-02,0,2.84,2.84,1,0
844_1263,22.84549,72.60309,1,1,2023-04-08,2023-04-08,0,2.6,2.6,1,0
844_1679,22.84388,74.11588,1,1,2023-04-16,2023-04-16,0,0.92,0.92,0,1
844_471,22.84488,69.71581,1,1,2023-03-24,2023-03-24,0,1.26,1.26,1,0
844_482,22.84317,69.75623,1,1,2023-10-05,2023-10-05,0,2.91,2.91,1,0
844_935,22.84634,71.40826,1,1,2023-11-04,2023-11-04,0,2.91,2.91,1,0
845_1046,22.84855,71.81112,1,1,2023-11-05,2023-11-05,0,3.62,3.62,1,0
845_1215,22.84903,72.42612,1,1,2023-03-27,2023-03-27,0,4.51,4.51,1,0
845_1216,22.84989,72.43062,1,1,2023-03-27,2023-03-27,0,2.68,2.68,1,0
845_1702,22.84671,74.20037,1,1,2023-03-02,2023-03-02,0,5.77,5.77,1,0
845_462,22.84943,69.68294,1,1,2023-02-08,2023-02-08,0,0.71,0.71,0,1
845_465,22.84821,69.69592,1,1,2023-12-08,2023-12-08,0,0.6,0.6,0,1
846_1023,22.85216,71.72799,1,1,2023-04-08,2023-04-08,0,4.4,4.4,1,0
846_1024,22.85257,71.73277,1,1,2023-04-08,2023-04-08,0,4.4,4.4,1,0
846_1203,22.85168,72.3827,1,1,2023-05-17,2023-05-17,0,8.33,8.33,1,0
846_1206,22.85147,72.39536,1,1,2023-03-20,2023-03-20,0,4.92,4.92,1,0
846_1215,22.85027,72.42699,1,1,2023-03-27,2023-03-27,0,6.36,6.36,1,0
846_465,22.850435,69.69679,2,1,2023-12-08,2023-12-08,0,1.905,2.88,1,1
846_769,22.85007,70.80219,1,1,2023-03-11,2023-03-11,0,0.79,0.79,0,1
846_914,22.85166,71.32931,1,1,2023-03-20,2023-03-20,0,11.44,11.44,1,0
847_1023,22.8537,71.72849,1,1,2023-04-08,2023-04-08,0,10.42,10.42,1,0
847_1156,22.85399,72.21252,1,1,2023-04-10,2023-04-10,0,0.92,0.92,0,1
847_1160,22.85546,72.22786,1,1,2023-04-22,2023-04-22,0,39.38,39.38,1,0
847_1228,22.85542,72.47367,1,1,2023-03-26,2023-03-26,0,2.86,2.86,1,0
847_1238,22.85566,72.51051,1,1,2023-04-23,2023-04-23,0,10.55,10.55,1,0
847_1242,22.85356,72.5255,1,1,2023-11-14,2023-11-14,0,4.21,4.21,1,0
847_1692,22.85548,74.16551,1,1,2023-03-18,2023-03-18,0,6.42,6.42,1,0
847_455,22.85589,69.65799,1,1,2023-10-29,2023-10-29,0,5.56,5.56,1,0
847_465,22.85357,69.69658,1,1,2023-12-08,2023-12-08,0,0.26,0.26,0,1
847_766,22.855945,70.791155,2,1,2023-12-13,2023-12-13,0,4.475,4.87,2,0
848_1119,22.85846,72.07888,1,1,2023-03-27,2023-03-27,0,7.48,7.48,1,0
848_1185,22.85976,72.31669,1,1,2023-04-18,2023-04-18,0,2.67,2.67,1,0
848_1228,22.85882,72.47302,1,1,2023-03-26,2023-03-26,0,2.86,2.86,1,0
848_467,22.8584,69.70396,1,1,2023-01-17,2023-01-17,0,1.88,1.88,1,0
848_689,22.85844,70.51149,1,1,2023-05-10,2023-05-10,0,12.49,12.49,1,0
848_807,22.85778,70.94044,1,1,2023-10-29,2023-10-29,0,0.81,0.81,0,1
848_894,22.85886,71.25867,1,1,2023-10-17,2023-10-17,0,3.72,3.72,1,0
848_955,22.85711,71.48169,1,1,2023-03-30,2023-03-30,0,2.56,2.56,1,0
848_985,22.85784,71.58846,1,1,2023-10-25,2023-10-25,0,1.94,1.94,1,0
849_1164,22.86008,72.2422,1,1,2023-04-30,2023-04-30,0,4.31,4.31,1,0
849_1185,22.86209,72.31706,1,1,2023-04-18,2023-04-18,0,2.41,2.41,1,0
849_1194,22.86061,72.35201,1,1,2023-11-16,2023-11-16,0,2.17,2.17,1,0
849_1207,22.86221,72.39941999999999,2,1,2023-03-18,2023-03-18,0,4.33,4.85,2,0
849_883,22.86326,71.21633,1,1,2023-04-23,2023-04-23,0,4.36,4.36,1,0
849_908,22.86228,71.30978,1,1,2023-03-22,2023-03-22,0,5.43,5.43,1,0
84_1356,20.28631,72.94143,1,1,2023-02-24,2023-02-24,0,3.14,3.14,1,0
84_1522,20.2854,73.54443,1,1,2023-05-06,2023-05-06,0,3.67,3.67,1,0
84_1663,20.28446,74.0602,1,1,2023-05-02,2023-05-02,0,1.23,1.23,0,1
84_1733,20.28457,74.31384,1,1,2023-04-15,2023-04-15,0,4.83,4.83,1,0
850_1506,22.8663,73.48698,1,1,2023-02-13,2023-02-13,0,14.48,14.48,1,0
850_1507,22.86576,73.48908,1,1,2023-02-13,2023-02-13,0,5.73,5.73,1,0
851_1018,22.86999,71.70969,1,1,2023-10-24,2023-10-24,0,1.9,1.9,1,0
851_1169,22.86916,72.25786,1,1,2023-05-04,2023-05-04,0,5.25,5.25,1,0
851_1171,22.86813,72.26781,1,1,2023-05-20,2023-05-20,0,4.1,4.1,1,0
851_1173,22.86932,72.27467,1,1,2023-04-08,2023-04-08,0,3.44,3.44,1,0
851_1235,22.86697,72.49925,1,1,2023-11-20,2023-11-20,0,1.02,1.02,1,0
851_1236,22.86755,72.50356,1,1,2023-11-20,2023-11-20,0,4.06,4.06,1,0
851_1238,22.86856,72.51225,1,1,2023-11-21,2023-11-21,0,8.44,8.44,1,0
851_1268,22.86871,72.62003,1,1,2023-04-11,2023-04-11,0,8.76,8.76,1,0
851_419,22.86759,69.52963,1,1,2023-05-22,2023-05-22,0,2.13,2.13,0,1
851_476,22.86908,69.73381,1,1,2023-12-05,2023-12-05,0,3.32,3.32,1,0
852_1039,22.87287,71.78658,1,1,2023-05-14,2023-05-14,0,4.37,4.37,1,0
852_1149,22.87096,72.18847,1,1,2023-04-17,2023-04-17,0,12.66,12.66,1,0
852_1150,22.87167,72.19222,1,1,2023-04-17,2023-04-17,0,21.8,21.8,1,0
852_1157,22.87101,72.21442,1,1,2023-11-12,2023-11-12,0,2.66,2.66,1,0
852_1168,22.87289,72.25504,1,1,2023-03-28,2023-03-28,0,3.19,3.19,1,0
852_1223,22.87183,72.45576,1,1,2023-12-06,2023-12-06,0,1.57,1.57,1,0
852_1275,22.87334,72.64612,1,1,2023-04-22,2023-04-22,0,9.74,9.74,1,0
852_1506,22.870945,73.48682,2,1,2023-02-13,2023-02-13,0,16.795,19.11,2,0
852_1663,22.87219,74.05828,1,1,2023-05-14,2023-05-14,0,9.1,9.1,1,0
852_391,22.87315,69.42723,1,1,2023-11-30,2023-11-30,0,6.1,6.1,1,0
852_420,22.87108,69.53033,1,1,2023-05-22,2023-05-22,0,2.26,2.26,0,1
852_754,22.87021,70.74842,1,1,2023-11-15,2023-11-15,0,2.58,2.58,1,0
853_1163,22.87595,72.23643,1,1,2023-11-14,2023-11-14,0,2.47,2.47,1,0
853_1168,22.87675,72.25493,1,1,2023-05-12,2023-05-12,0,1.56,1.56,0,1
853_1173,22.875525,72.27299500000001,2,1,2023-04-08,2023-04-08,0,6.005,8.57,2,0
853_1195,22.87453,72.3558,1,1,2023-04-14,2023-04-14,0,6.45,6.45,1,0
853_1255,22.87477,72.57398,1,1,2023-11-10,2023-11-10,0,2.67,2.67,1,0
853_1267,22.87465,72.61765,1,1,2023-04-02,2023-04-02,0,2.78,2.78,1,0
853_1268,22.87552,72.61994,2,1,2023-04-02,2023-04-02,0,4.79,6.8,2,0
853_328,22.87488,69.19717,1,1,2023-01-26,2023-01-26,0,2.53,2.53,1,0
853_962,22.87506,71.50497,1,1,2023-11-09,2023-11-09,0,2.84,2.84,1,0
854_1032,22.87837,71.75888,1,1,2023-03-28,2023-03-28,0,4.38,4.38,1,0
854_1111,22.87869,72.04855,1,1,2023-05-21,2023-05-21,0,11.56,11.56,1,0
854_1172,22.88,72.27191,1,1,2023-05-03,2023-05-03,0,6.72,6.72,1,0
854_1236,22.87966,72.50239,1,1,2023-04-05,2023-04-05,0,6.96,6.96,1,0
854_1255,22.87855,72.57468,1,1,2023-12-18,2023-12-18,0,2.29,2.29,1,0
854_1261,22.87818,72.59637,1,1,2023-11-10,2023-11-10,0,3.05,3.05,1,0
854_1474,22.87704,73.37158,1,1,2023-03-25,2023-03-25,0,1.48,1.48,1,0
854_715,22.87974,70.60652,1,1,2023-03-07,2023-03-07,0,2.78,2.78,1,0
854_716,22.88009,70.61053,1,1,2023-03-07,2023-03-07,0,3.56,3.56,1,0
854_774,22.87984,70.82167,1,1,2023-06-09,2023-06-09,0,7.02,7.02,1,0
854_781,22.87854,70.84679,1,1,2023-11-15,2023-11-15,0,6.55,6.55,1,0
854_972,22.87813,71.54109,1,1,2023-11-04,2023-11-04,0,0.18,0.18,0,1
855_1137,22.88253,72.14265,1,1,2023-04-14,2023-04-14,0,5.0,5.0,1,0
855_1156,22.88207,72.21411,1,1,2023-04-15,2023-04-15,0,15.09,15.09,1,0
855_1471,22.88081,73.36006,1,1,2023-06-02,2023-06-02,0,7.74,7.74,1,0
855_362,22.88183,69.32114,1,1,2023-11-07,2023-11-07,0,0.89,0.89,1,0
855_781,22.88185,70.84619,1,1,2023-11-15,2023-11-15,0,4.89,4.89,1,0
855_795,22.88269,70.89736,1,1,2023-04-26,2023-04-26,0,7.46,7.46,1,0
855_934,22.88314,71.40208,1,1,2023-10-25,2023-10-25,0,2.02,2.02,1,0
856_1192,22.8855,72.34436,1,1,2023-11-20,2023-11-20,0,4.03,4.03,1,0
856_466,22.88433,69.69861,2,1,2023-05-08,2023-05-08,0,3.7649999999999997,4.09,2,0
856_933,22.88649,71.40145,1,1,2023-10-25,2023-10-25,0,2.4,2.4,1,0
856_984,22.88381,71.58471,1,1,2023-10-31,2023-10-31,0,3.04,3.04,1,0
857_1154,22.88985,72.20454,1,1,2023-04-24,2023-04-24,0,6.89,6.89,1,0
857_1515,22.88919,73.5216,1,1,2023-06-01,2023-06-01,0,1.94,1.94,1,0
857_1516,22.88901,73.5226,1,1,2023-06-01,2023-06-01,0,2.22,2.22,1,0
857_759,22.88791,70.76627,1,1,2023-04-15,2023-04-15,0,10.94,10.94,1,0
858_1169,22.89367,72.26093,1,1,2023-04-06,2023-04-06,0,9.27,9.27,1,0
858_1170,22.89156,72.26469,1,1,2023-04-06,2023-04-06,0,14.34,14.34,1,0
858_1182,22.89139,72.30592,1,1,2023-11-11,2023-11-11,0,5.97,5.97,1,0
858_1265,22.89128,72.60922,1,1,2023-11-21,2023-11-21,0,5.84,5.84,1,0
858_1664,22.89186,74.06367,1,1,2023-03-29,2023-03-29,0,2.63,2.63,1,0
858_1665,22.89221,74.06768,1,1,2023-03-29,2023-03-29,0,2.7,2.7,1,0
858_713,22.89242,70.59975,1,1,2023-05-30,2023-05-30,0,4.53,4.53,1,0
858_714,22.89077,70.60221,1,1,2023-05-30,2023-05-30,0,4.53,4.53,1,0
858_896,22.89276,71.2659,1,1,2023-03-14,2023-03-14,0,2.74,2.74,1,0
859_1153,22.89631,72.20238499999999,2,2,2023-04-05,2023-04-24,19,4.31,6.89,2,0
859_1169,22.8944,72.25932,1,1,2023-04-06,2023-04-06,0,14.34,14.34,1,0
859_1170,22.8952,72.26394,1,1,2023-04-06,2023-04-06,0,14.34,14.34,1,0
859_1171,22.8945,72.26554,1,1,2023-04-06,2023-04-06,0,9.27,9.27,1,0
859_1185,22.89563,72.31938,1,1,2023-11-15,2023-11-15,0,2.94,2.94,1,0
859_1484,22.89541,73.40583,1,1,2023-03-06,2023-03-06,0,6.75,6.75,1,0
859_1485,22.89642,73.41074,1,1,2023-03-06,2023-03-06,0,6.1,6.1,1,0
859_460,22.8945,69.67593,1,1,2023-01-22,2023-01-22,0,1.58,1.58,1,0
859_523,22.89573,69.90738,1,1,2023-01-03,2023-01-03,0,7.05,7.05,1,0
859_524,22.89645,69.91014,1,1,2023-01-01,2023-01-01,0,2.49,2.49,1,0
859_525,22.8937,69.91335,1,1,2023-01-11,2023-01-11,0,7.71,7.71,1,0
859_803,22.89485,70.92532,1,1,2023-03-28,2023-03-28,0,1.59,1.59,1,0
85_1325,20.2885,72.82704,1,1,2023-01-10,2023-01-10,0,1.76,1.76,1,0
85_1377,20.28862,73.01768,1,1,2023-06-01,2023-06-01,0,1.85,1.85,0,1
85_1495,20.28767,73.44527,1,1,2023-05-24,2023-05-24,0,9.36,9.36,1,0
860_1142,22.898186666666664,72.16085666666666,3,2,2023-04-23,2023-05-19,26,5.966666666666667,10.85,3,0
860_1146,22.90026,72.17519,1,1,2023-04-04,2023-04-04,0,3.69,3.69,1,0
860_1165,22.89993,72.24557,1,1,2023-04-18,2023-04-18,0,2.73,2.73,1,0
860_1243,22.89962,72.52944,1,1,2023-02-17,2023-02-17,0,2.44,2.44,1,0
860_1254,22.9003,72.5676,1,1,2023-12-18,2023-12-18,0,2.95,2.95,1,0
860_389,22.89883,69.41924,1,1,2023-03-19,2023-03-19,0,4.66,4.66,1,0
860_413,22.89773,69.50735,1,1,2023-04-11,2023-04-11,0,6.47,6.47,1,0
860_522,22.89905,69.90131,1,1,2023-01-03,2023-01-03,0,5.99,5.99,1,0
860_525,22.898935,69.91300000000001,2,2,2023-01-01,2023-01-06,5,1.71,3.12,1,1
860_527,22.89799,69.92031,1,1,2023-01-10,2023-01-10,0,3.93,3.93,1,0
861_1138,22.9007,72.14741,1,1,2023-04-12,2023-04-12,0,3.8,3.8,1,0
861_1141,22.90219,72.15941,1,1,2023-05-19,2023-05-19,0,6.58,6.58,1,0
861_1175,22.90076,72.28033,1,1,2023-05-08,2023-05-08,0,15.69,15.69,1,0
861_1240,22.90216,72.51648,1,1,2023-03-28,2023-03-28,0,3.36,3.36,1,0
861_1263,22.90106,72.60081,1,1,2023-02-10,2023-02-10,0,3.92,3.92,1,0
861_1565,22.90126,73.70264,1,1,2023-03-07,2023-03-07,0,0.74,0.74,0,1
861_1666,22.90162,74.07139,1,1,2023-05-07,2023-05-07,0,5.25,5.25,1,0
861_1698,22.90161,74.18679,1,1,2023-02-26,2023-02-26,0,7.7,7.7,1,0
861_752,22.90359,70.7422,1,1,2023-04-06,2023-04-06,0,35.98,35.98,1,0
862_1136,22.905079999999998,72.13928,2,1,2023-04-10,2023-04-10,0,0.855,0.87,0,2
862_1138,22.90509,72.14639,1,1,2023-04-12,2023-04-12,0,3.8,3.8,1,0
862_1142,22.90648,72.16278,1,1,2023-03-24,2023-03-24,0,8.04,8.04,1,0
862_1144,22.90702,72.16779,1,1,2023-03-24,2023-03-24,0,5.03,5.03,1,0
862_1145,22.90393,72.17063,1,1,2023-04-04,2023-04-04,0,3.95,3.95,1,0
862_1146,22.90439,72.17464,1,1,2023-04-04,2023-04-04,0,6.35,6.35,1,0
862_1147,22.90486,72.17864,1,1,2023-04-04,2023-04-04,0,6.35,6.35,1,0
862_1172,22.90677,72.27106,1,1,2023-05-02,2023-05-02,0,6.31,6.31,1,0
862_1180,22.90467,72.30129,1,1,2023-04-30,2023-04-30,0,2.03,2.03,1,0
862_1193,22.90561,72.34847,1,1,2023-06-07,2023-06-07,0,3.73,3.73,1,0
862_1201,22.90446,72.37785,1,1,2023-05-25,2023-05-25,0,8.86,8.86,1,0
862_1263,22.90417,72.60273,1,1,2023-11-21,2023-11-21,0,2.8,2.8,1,0
862_1566,22.90692,73.70421,1,1,2023-03-07,2023-03-07,0,0.68,0.68,0,1
862_465,22.90529,69.69654,1,1,2023-02-13,2023-02-13,0,1.01,1.01,0,1
862_466,22.90661545454546,69.69917818181818,11,11,2023-03-18,2023-12-31,288,1.2645454545454546,2.51,0,11
862_467,22.90667333333333,69.70136666666667,3,3,2023-01-03,2023-11-17,318,1.1966666666666665,1.68,0,3
862_799,22.90448,70.91199,1,1,2023-05-10,2023-05-10,0,8.85,8.85,1,0
862_817,22.90593,70.97676,1,1,2023-03-29,2023-03-29,0,1.88,1.88,1,0
862_820,22.90532,70.98743,1,1,2023-04-03,2023-04-03,0,1.0,1.0,1,0
863_1173,22.90735,72.27481,1,1,2023-05-02,2023-05-02,0,6.31,6.31,1,0
863_1174,22.90834,72.27686,1,1,2023-11-08,2023-11-08,0,6.7,6.7,1,0
863_1175,22.90901,72.28123,1,1,2023-11-09,2023-11-09,0,5.13,5.13,1,0
863_1217,22.908605,72.43523,2,2,2023-05-23,2023-06-08,16,6.85,9.06,2,0
863_1226,22.91009,72.46616,1,1,2023-12-17,2023-12-17,0,5.25,5.25,1,0
863_305,22.90924,69.11106,1,1,2023-12-26,2023-12-26,0,6.47,6.47,1,0
863_465,22.908568000000002,69.69637700000001,10,10,2023-01-05,2023-12-27,356,1.159,1.97,0,10
863_466,22.908707200000002,69.6993292,25,24,2023-01-09,2023-12-28,353,1.414,2.92,0,25
863_467,22.90841727272727,69.70188272727273,11,11,2023-01-03,2023-12-13,344,1.3900000000000001,1.86,0,11
863_514,22.90741,69.87377,1,1,2023-12-22,2023-12-22,0,0.88,0.88,0,1
863_784,22.90992,70.85867,1,1,2023-11-08,2023-11-08,0,4.34,4.34,1,0
864_1194,22.91256,72.35189,1,1,2023-11-17,2023-11-17,0,3.2,3.2,1,0
864_1272,22.91083,72.63344,1,1,2023-03-28,2023-03-28,0,1.47,1.47,1,0
864_1615,22.91368,73.88492,1,1,2023-04-19,2023-04-19,0,6.19,6.19,1,0
864_1616,22.91327,73.88754,1,1,2023-04-19,2023-04-19,0,6.15,6.15,1,0
864_1668,22.91141,74.07639,1,1,2023-04-14,2023-04-14,0,4.24,4.24,1,0
864_466,22.9109875,69.6998725,4,4,2023-03-06,2023-12-26,295,0.9475,1.75,0,4
864_761,22.911315000000002,70.77344,2,1,2023-04-04,2023-04-04,0,3.685,3.97,2,0
864_815,22.91097,70.97141,1,1,2023-11-07,2023-11-07,0,2.82,2.82,1,0
864_816,22.91378,70.97397,1,1,2023-11-07,2023-11-07,0,4.9,4.9,1,0
864_902,22.91138,71.28786,1,1,2023-03-12,2023-03-12,0,3.05,3.05,1,0
864_903,22.91247,71.28998,1,1,2023-03-12,2023-03-12,0,4.39,4.39,1,0
864_959,22.91272,71.49579,1,1,2023-03-22,2023-03-22,0,2.43,2.43,1,0
865_1122,22.9171,72.09018,1,1,2023-12-17,2023-12-17,0,3.01,3.01,1,0
865_1142,22.91607,72.16172,1,1,2023-04-10,2023-04-10,0,11.16,11.16,1,0
865_1150,22.91667,72.19073,1,1,2023-04-02,2023-04-02,0,4.26,4.26,1,0
865_1155,22.91464,72.20935,1,1,2023-05-12,2023-05-12,0,10.56,10.56,1,0
865_1169,22.91423,72.25922,1,1,2023-04-04,2023-04-04,0,2.18,2.18,1,0
865_1170,22.9147,72.26328,1,1,2023-04-04,2023-04-04,0,3.91,3.91,1,0
865_1220,22.915,72.44609,1,1,2023-10-14,2023-10-14,0,2.41,2.41,1,0
865_1234,22.91569,72.4949,1,1,2023-03-28,2023-03-28,0,5.98,5.98,1,0
865_527,22.91589,69.91958,1,1,2023-05-31,2023-05-31,0,3.25,3.25,1,0
865_749,22.9141,70.73141,1,1,2023-05-21,2023-05-21,0,2.71,2.71,1,0
866_1137,22.91887,72.14459,1,1,2023-10-15,2023-10-15,0,2.25,2.25,1,0
866_1151,22.92027,72.1934,1,1,2023-03-26,2023-03-26,0,2.73,2.73,1,0
866_1154,22.91756,72.20464,1,1,2023-05-12,2023-05-12,0,10.56,10.56,1,0
866_1155,22.91813,72.20879,1,1,2023-05-12,2023-05-12,0,10.56,10.56,1,0
866_1160,22.91875,72.22767,1,1,2023-05-14,2023-05-14,0,9.0,9.0,1,0
866_1164,22.91835,72.2402,1,1,2023-11-10,2023-11-10,0,2.69,2.69,1,0
866_1166,22.91806,72.24724,1,1,2023-05-14,2023-05-14,0,8.59,8.59,1,0
866_1169,22.91839,72.25867,1,1,2023-04-04,2023-04-04,0,2.18,2.18,1,0
866_1172,22.91907,72.26987,1,1,2023-04-28,2023-04-28,0,8.66,8.66,1,0
866_1189,22.91959,72.33415,1,1,2023-11-12,2023-11-12,0,1.75,1.75,1,0
866_1230,22.92029,72.48241,1,1,2023-11-25,2023-11-25,0,6.71,6.71,1,0
866_1235,22.91899,72.49966,1,1,2023-05-22,2023-05-22,0,6.77,6.77,1,0
866_577,22.919964999999998,70.10368,2,2,2023-01-23,2023-01-28,5,0.79,0.9,0,2
866_578,22.92032,70.10768,1,1,2023-01-23,2023-01-23,0,0.84,0.84,0,1
866_759,22.91894,70.76591,1,1,2023-04-09,2023-04-09,0,9.87,9.87,1,0
866_900,22.91739,71.28069,1,1,2023-11-15,2023-11-15,0,1.86,1.86,1,0
866_920,22.92028,71.35408,1,1,2023-02-11,2023-02-11,0,2.59,2.59,1,0
866_921,22.92049,71.3567,1,1,2023-01-26,2023-01-26,0,3.28,3.28,1,0
867_1122,22.92187,72.08881,1,1,2023-04-18,2023-04-18,0,4.93,4.93,1,0
867_1135,22.92123,72.13558,1,1,2023-04-02,2023-04-02,0,2.54,2.54,1,0
867_1154,22.92105,72.20409,1,1,2023-05-12,2023-05-12,0,0.86,0.86,1,0
867_1155,22.92161,72.20825,1,1,2023-05-12,2023-05-12,0,0.86,0.86,1,0
867_1156,22.92218,72.21241,1,1,2023-05-12,2023-05-12,0,1.75,1.75,1,0
867_1160,22.92287,72.22597999999999,2,1,2023-03-26,2023-03-26,0,3.865,3.95,2,0
867_1234,22.92204,72.49725,1,1,2023-03-28,2023-03-28,0,6.97,6.97,1,0
867_1393,22.92181,73.07713,1,1,2023-05-31,2023-05-31,0,2.13,2.13,1,0
867_1776,22.92336,74.46991,1,1,2023-02-09,2023-02-09,0,3.29,3.29,1,0
867_500,22.9238,69.82231,1,1,2023-11-17,2023-11-17,0,0.87,0.87,0,1
867_577,22.922572,70.10458866666666,15,14,2023-01-14,2023-11-28,318,1.9906666666666666,9.11,2,13
867_578,22.922583333333336,70.10688345238096,84,60,2023-01-15,2023-12-05,324,2.851547619047619,13.94,26,58
867_579,22.921495,70.109145,2,2,2023-10-18,2023-11-17,30,1.5699999999999998,1.71,0,2
867_749,22.92394,70.73132,1,1,2023-03-04,2023-03-04,0,2.14,2.14,1,0
867_759,22.92312,70.76537,1,1,2023-04-09,2023-04-09,0,10.11,10.11,1,0
867_921,22.92237,71.356995,2,2,2023-01-26,2023-02-11,16,3.31,4.03,2,0
867_997,22.9217,71.63259,1,1,2023-11-11,2023-11-11,0,0.56,0.56,0,1
868_1000,22.92655,71.64302,1,1,2023-11-09,2023-11-09,0,4.77,4.77,1,0
868_1001,22.92716,71.64767,1,1,2023-11-09,2023-11-09,0,4.85,4.85,1,0
868_1179,22.92557,72.29472,1,1,2023-11-20,2023-11-20,0,2.17,2.17,1,0
868_1210,22.92737,72.41035,1,1,2023-11-22,2023-11-22,0,2.49,2.49,1,0
868_1667,22.92596,74.07199,1,1,2023-11-09,2023-11-09,0,1.92,1.92,1,0
868_484,22.92634,69.76342,1,1,2023-12-30,2023-12-30,0,5.11,5.11,1,0
868_499,22.92564,69.82114,1,1,2023-03-27,2023-03-27,0,0.62,0.62,0,1
868_500,22.926026034482753,69.82329965517242,58,56,2023-01-02,2023-12-26,358,0.8844827586206897,2.33,0,58
868_501,22.92641142857143,69.82550357142857,14,14,2023-01-19,2023-12-17,332,0.7307142857142858,1.31,0,14
868_504,22.92578,69.83806,1,1,2023-10-27,2023-10-27,0,7.61,7.61,1,0
868_577,22.925760952380955,70.10430857142858,21,20,2023-01-21,2023-11-10,293,2.6614285714285715,8.97,3,18
868_578,22.925296031746033,70.10694206349207,63,48,2023-01-04,2023-11-30,330,4.716031746031746,15.22,25,38
868_579,22.925953999999997,70.10928799999999,5,5,2023-10-10,2023-11-14,35,3.994,8.97,2,3
868_886,22.92679,71.2277,1,1,2023-11-05,2023-11-05,0,2.2,2.2,1,0
868_887,22.92527,71.23219,1,1,2023-11-09,2023-11-09,0,2.68,2.68,1,0
868_904,22.92569,71.29581,1,1,2023-03-22,2023-03-22,0,6.78,6.78,1,0
868_918,22.92678,71.34711,1,1,2023-03-25,2023-03-25,0,4.6,4.6,1,0
868_921,22.925725,71.35637,2,2,2023-01-26,2023-02-11,16,3.31,4.03,2,0
868_922,22.92487,71.36116,1,1,2023-02-11,2023-02-11,0,4.62,4.62,1,0
869_1122,22.92974,72.08945,1,1,2023-05-11,2023-05-11,0,0.59,0.59,0,1
869_1152,22.93032,72.19788,1,1,2023-04-03,2023-04-03,0,0.69,0.69,0,1
869_1162,22.92968,72.2355,1,1,2023-03-27,2023-03-27,0,5.02,5.02,1,0
869_1168,22.93053,72.25654,1,1,2023-04-10,2023-04-10,0,2.47,2.47,0,1
869_1169,22.92983,72.26058,1,1,2023-04-10,2023-04-10,0,1.56,1.56,0,1
869_1234,22.92879,72.49585,1,1,2023-12-10,2023-12-10,0,5.56,5.56,1,0
869_1325,22.9302,72.82791,1,1,2023-03-27,2023-03-27,0,3.55,3.55,1,0
869_1650,22.93044,74.01247,1,1,2023-04-09,2023-04-09,0,3.21,3.21,1,0
869_466,22.930442499999998,69.69825,4,4,2023-08-31,2023-11-04,65,1.1425,1.95,0,4
869_484,22.92878,69.76639,1,1,2023-12-30,2023-12-30,0,3.15,3.15,1,0
869_499,22.92788,69.82072,1,1,2023-02-13,2023-02-13,0,0.6,0.6,0,1
869_500,22.927752499999997,69.823203125,16,16,2023-01-16,2023-12-28,346,0.7425,1.26,0,16
869_501,22.92809,69.82493,1,1,2023-01-28,2023-01-28,0,0.72,0.72,0,1
869_530,22.92766,69.93243,1,1,2023-01-18,2023-01-18,0,1.33,1.33,1,0
869_577,22.92865642857143,70.10424285714285,14,10,2023-02-20,2023-10-16,238,1.5478571428571428,8.18,1,13
869_578,22.9291403125,70.10677749999999,32,25,2023-01-22,2023-10-22,273,3.3721875,10.05,13,19
869_750,22.92764,70.73443,1,1,2023-03-22,2023-03-22,0,3.59,3.59,1,0
869_921,22.92761,71.35667,1,1,2023-02-11,2023-02-11,0,2.9,2.9,1,0
86_1368,20.29103,72.98419,1,1,2023-01-08,2023-01-08,0,2.95,2.95,1,0
86_1495,20.29218,73.44618,1,1,2023-05-07,2023-05-07,0,3.22,3.22,1,0
870_1137,22.93293,72.14435,1,1,2023-04-16,2023-04-16,0,1.82,1.82,1,0
870_1142,22.93249,72.15953,1,1,2023-11-22,2023-11-22,0,2.02,2.02,1,0
870_1146,22.93403,72.17506,1,1,2023-04-01,2023-04-01,0,1.8,1.8,1,0
870_1148,22.93323,72.18135,1,1,2023-03-30,2023-03-30,0,6.88,6.88,1,0
870_1167,22.93215,72.25323,1,1,2023-04-10,2023-04-10,0,8.88,8.88,1,0
870_1170,22.93245,72.26492,1,1,2023-04-11,2023-04-11,0,9.14,9.14,1,0
870_1172,22.93313,72.26893,1,1,2023-04-11,2023-04-11,0,9.14,9.14,1,0
870_1174,22.93325,72.27762,1,1,2023-05-14,2023-05-14,0,5.11,5.11,1,0
870_1179,22.93256,72.29452,1,1,2023-05-20,2023-05-20,0,3.33,3.33,1,0
870_1232,22.93146,72.48934,1,1,2023-12-12,2023-12-12,0,3.45,3.45,1,0
870_1237,22.93075,72.50877,1,1,2023-03-23,2023-03-23,0,3.76,3.76,1,0
870_1654,22.93352,74.02493,1,1,2023-04-18,2023-04-18,0,2.11,2.11,0,1
870_465,22.93190777777778,69.69657555555555,9,9,2023-09-01,2023-10-25,54,1.3455555555555556,2.34,0,9
870_466,22.93217588235294,69.69889735294116,34,32,2023-01-01,2023-12-22,355,1.4873529411764705,4.31,5,29
870_467,22.932599999999997,69.70139666666667,3,3,2023-01-14,2023-10-12,271,1.08,1.39,0,3
870_577,22.931905999999998,70.10494200000001,5,5,2023-01-20,2023-03-18,57,1.494,6.12,1,4
870_578,22.931101428571427,70.10710428571429,7,7,2023-02-19,2023-07-16,147,4.362857142857143,8.54,5,2
870_807,22.93377,70.94242,1,1,2023-11-14,2023-11-14,0,4.01,4.01,1,0
870_921,22.93097,71.35604,1,1,2023-02-11,2023-02-11,0,2.9,2.9,1,0
870_950,22.93195,71.46316,1,1,2023-10-30,2023-10-30,0,1.74,1.74,1,0
871_1170,22.93669,72.26196,1,1,2023-04-10,2023-04-10,0,1.12,1.12,0,1
871_1171,22.93599,72.26601,1,1,2023-04-10,2023-04-10,0,1.12,1.12,0,1
871_1172,22.93671,72.272,1,1,2023-05-14,2023-05-14,0,14.22,14.22,1,0
871_328,22.93609,69.19682,1,1,2023-04-27,2023-04-27,0,2.94,2.94,1,0
871_465,22.936557307692304,69.69644576923075,26,26,2023-01-01,2023-12-28,361,1.0326923076923078,3.34,1,25
871_466,22.936599743589742,69.69886076923076,39,38,2023-01-09,2023-12-28,353,0.9535897435897436,3.4,1,38
871_791,22.93421,70.88412,1,1,2023-11-20,2023-11-20,0,2.19,2.19,1,0
871_903,22.93682,71.2914,1,1,2023-12-25,2023-12-25,0,3.92,3.92,1,0
872_1137,22.94058,72.14179,1,1,2023-04-18,2023-04-18,0,5.12,5.12,1,0
872_1146,22.93801,72.17419,1,1,2023-04-01,2023-04-01,0,1.8,1.8,1,0
872_1149,22.93923,72.18601,1,1,2023-03-31,2023-03-31,0,5.78,5.78,1,0
872_1151,22.94044,72.19326,1,1,2023-11-20,2023-11-20,0,2.52,2.52,1,0
872_1156,22.94053,72.21208,1,1,2023-05-04,2023-05-04,0,1.54,1.54,1,0
872_1159,22.93934,72.22442,1,1,2023-11-14,2023-11-14,0,2.31,2.31,1,0
872_1174,22.93762,72.27661,1,1,2023-05-14,2023-05-14,0,14.22,14.22,1,0
872_1177,22.93841,72.28815,1,1,2023-04-02,2023-04-02,0,1.95,1.95,1,0
872_1232,22.9408,72.48992,1,1,2023-11-25,2023-11-25,0,6.28,6.28,1,0
872_465,22.938475714285715,69.69634857142857,35,35,2023-01-04,2023-12-23,353,0.962,2.83,1,34
872_466,22.93846723404256,69.69851936170217,47,47,2023-01-02,2023-12-26,358,0.9097872340425532,2.2,0,47
872_882,22.9385,71.21375,1,1,2023-03-05,2023-03-05,0,5.5,5.5,1,0
872_899,22.93897,71.27644,1,1,2023-03-06,2023-03-06,0,3.45,3.45,1,0
873_1169,22.94328,72.25882,1,1,2023-04-17,2023-04-17,0,12.85,12.85,1,0
873_1170,22.94398,72.26254,1,1,2023-04-17,2023-04-17,0,12.38,12.38,1,0
873_1183,22.94147,72.30982,1,1,2023-03-25,2023-03-25,0,2.99,2.99,1,0
873_1187,22.94149,72.32481,1,1,2023-10-31,2023-10-31,0,5.4,5.4,1,0
873_1190,22.94242,72.33644,1,1,2023-11-06,2023-11-06,0,2.7,2.7,1,0
873_1202,22.94354,72.37875,1,1,2023-03-25,2023-03-25,0,3.28,3.28,1,0
873_1204,22.94404,72.38815,1,1,2023-04-02,2023-04-02,0,6.49,6.49,1,0
873_1233,22.94168,72.49193,1,1,2023-04-01,2023-04-01,0,12.54,12.54,1,0
873_1240,22.94227,72.51749,1,1,2023-03-19,2023-03-19,0,2.74,2.74,1,0
873_285,22.94398,69.03841,1,1,2023-02-16,2023-02-16,0,1.71,1.71,1,0
873_466,22.94093,69.69788,1,1,2023-12-14,2023-12-14,0,0.75,0.75,0,1
873_805,22.94248,70.93234,1,1,2023-04-18,2023-04-18,0,8.34,8.34,1,0
873_806,22.94348,70.9367,1,1,2023-04-18,2023-04-18,0,8.34,8.34,1,0
873_822,22.94215,70.99503,1,1,2023-03-31,2023-03-31,0,2.08,2.08,1,0
873_878,22.94375,71.20154,1,1,2023-03-11,2023-03-11,0,5.53,5.53,1,0
874_1115,22.94432,72.06266,1,1,2023-11-24,2023-11-24,0,1.68,1.68,1,0
874_1128,22.94513,72.11168,1,1,2023-11-10,2023-11-10,0,2.93,2.93,1,0
874_1130,22.94631,72.11918,1,1,2023-11-10,2023-11-10,0,4.04,4.04,1,0
874_1153,22.94583,72.19985,1,1,2023-04-11,2023-04-11,0,2.07,2.07,0,1
874_1156,22.94448,72.21272,1,1,2023-04-10,2023-04-10,0,7.5,7.5,1,0
874_1157,22.94505,72.21692,1,1,2023-04-10,2023-04-10,0,7.5,7.5,1,0
874_1175,22.94713,72.28213,1,1,2023-01-25,2023-01-25,0,21.59,21.59,1,0
874_1181,22.9443,72.30419,1,1,2023-11-05,2023-11-05,0,4.85,4.85,1,0
874_1184,22.94539,72.3134,1,1,2023-03-17,2023-03-17,0,1.99,1.99,1,0
874_1228,22.94745,72.47328,1,1,2023-11-10,2023-11-10,0,1.47,1.47,1,0
874_750,22.94652,70.73295,1,1,2023-01-10,2023-01-10,0,1.11,1.11,1,0
874_782,22.94663,70.84903,1,1,2023-05-30,2023-05-30,0,2.63,2.63,1,0
874_924,22.94557,71.36557,1,1,2023-11-10,2023-11-10,0,1.81,1.81,1,0
875_1009,22.95018,71.67618,1,1,2023-05-13,2023-05-13,0,1.18,1.18,0,1
875_1010,22.94959,71.68056,1,1,2023-05-13,2023-05-13,0,1.18,1.18,0,1
875_1148,22.94816,72.18147,1,1,2023-04-05,2023-04-05,0,3.55,3.55,1,0
875_1158,22.94967,72.2201,1,1,2023-04-11,2023-04-11,0,8.19,8.19,1,0
875_1192,22.94779,72.34263,1,1,2023-11-10,2023-11-10,0,1.22,1.22,1,0
875_1206,22.94889,72.39349,1,1,2023-03-29,2023-03-29,0,5.71,5.71,1,0
875_1216,22.949775000000002,72.431435,2,2,2023-04-01,2023-04-05,4,4.635,5.13,2,0
875_1233,22.94979,72.49454,1,1,2023-10-25,2023-10-25,0,6.12,6.12,1,0
875_1262,22.94955,72.59692,1,1,2023-05-25,2023-05-25,0,3.07,3.07,1,0
875_1782,22.95061,74.49337,1,1,2023-05-11,2023-05-11,0,4.48,4.48,1,0
875_1783,22.95094,74.49685,1,1,2023-05-11,2023-05-11,0,11.0,11.0,1,0
875_286,22.94778,69.0425,1,1,2023-03-05,2023-03-05,0,3.09,3.09,1,0
876_1140,22.95428,72.15318,1,1,2023-04-05,2023-04-05,0,20.06,20.06,1,0
876_1153,22.95368,72.20029,1,1,2023-04-18,2023-04-18,0,5.03,5.03,1,0
876_1188,22.95267,72.32785,1,1,2023-05-21,2023-05-21,0,3.23,3.23,1,0
876_1194,22.95173,72.35069,1,1,2023-11-03,2023-11-03,0,6.01,6.01,1,0
876_1233,22.95161,72.49175,1,1,2023-03-18,2023-03-18,0,7.86,7.86,1,0
876_1261,22.95428,72.59578,1,1,2023-05-25,2023-05-25,0,8.39,8.39,1,0
876_1627,22.95262,73.92668,1,1,2023-03-12,2023-03-12,0,2.8,2.8,1,0
876_1646,22.95406,73.99785,1,1,2023-04-11,2023-04-11,0,1.19,1.19,0,1
876_1653,22.95172,74.0227,1,1,2023-02-18,2023-02-18,0,3.72,3.72,1,0
876_1726,22.95229,74.28664,1,1,2023-03-11,2023-03-11,0,9.12,9.12,1,0
877_1015,22.9554,71.69817,1,1,2023-11-10,2023-11-10,0,2.3,2.3,1,0
877_1137,22.95439,72.14159,1,1,2023-11-16,2023-11-16,0,1.85,1.85,1,0
877_1150,22.95523,72.18992,1,1,2023-04-11,2023-04-11,0,11.34,11.34,1,0
877_1173,22.95506,72.2737,1,1,2023-03-18,2023-03-18,0,6.08,6.08,1,0
877_1220,22.95515,72.44675,1,1,2023-04-18,2023-04-18,0,5.51,5.51,1,0
877_1223,22.95718,72.45621,1,1,2023-11-16,2023-11-16,0,1.35,1.35,1,0
877_1252,22.95745,72.56346,1,1,2023-01-15,2023-01-15,0,0.69,0.69,0,1
877_1648,22.95663,74.00526,1,1,2023-04-27,2023-04-27,0,7.38,7.38,1,0
877_1780,22.95659,74.48624,1,1,2023-04-12,2023-04-12,0,6.76,6.76,1,0
877_1782,22.955415000000002,74.493315,2,1,2023-05-11,2023-05-11,0,7.55,10.62,2,0
877_1783,22.95524,74.49725,1,1,2023-05-11,2023-05-11,0,8.11,8.11,1,0
877_716,22.95451,70.61028,1,1,2023-12-18,2023-12-18,0,4.23,4.23,1,0
877_898,22.9554,71.27192,1,1,2023-04-24,2023-04-24,0,1.0,1.0,0,1
878_1001,22.96073,71.64857,1,1,2023-11-17,2023-11-17,0,2.05,2.05,1,0
878_1157,22.95871,72.21627,1,1,2023-04-10,2023-04-10,0,2.22,2.22,0,1
878_1158,22.95802,72.22031,1,1,2023-04-10,2023-04-10,0,2.22,2.22,0,1
878_1168,22.95945,72.25676,1,1,2023-10-07,2023-10-07,0,2.52,2.52,1,0
878_1173,22.95819,72.27563,1,1,2023-03-18,2023-03-18,0,4.18,4.18,1,0
878_1176,22.95778,72.28358,1,1,2023-04-10,2023-04-10,0,16.81,16.81,1,0
878_1248,22.95896,72.54913,1,1,2023-04-22,2023-04-22,0,2.19,2.19,0,1
878_1250,22.95833,72.55384,1,1,2023-04-22,2023-04-22,0,2.16,2.16,0,1
878_1253,22.96078,72.56409,1,1,2023-01-15,2023-01-15,0,0.69,0.69,0,1
878_1570,22.95808,73.71885,1,1,2023-05-10,2023-05-10,0,11.53,11.53,1,0
878_1782,22.95815,74.49213,1,1,2023-04-03,2023-04-03,0,8.95,8.95,1,0
878_542,22.95808,69.97739,1,1,2023-01-13,2023-01-13,0,4.06,4.06,1,0
878_673,22.95861,70.45312,1,1,2023-06-14,2023-06-14,0,1.94,1.94,0,1
878_803,22.9589,70.92538,1,1,2023-11-09,2023-11-09,0,0.5,0.5,0,1
878_814,22.95951,70.96692,1,1,2023-11-09,2023-11-09,0,2.93,2.93,1,0
878_865,22.96089,71.15297,1,1,2023-03-31,2023-03-31,0,2.19,2.19,1,0
879_1140,22.96275,72.15455,2,1,2023-03-31,2023-03-31,0,9.565,12.91,2,0
879_1146,22.96429,72.17483,1,1,2023-04-05,2023-04-05,0,4.54,4.54,1,0
879_1168,22.96259,72.25504,1,1,2023-10-07,2023-10-07,0,2.29,2.29,1,0
879_1175,22.96129,72.28304,1,1,2023-04-10,2023-04-10,0,16.81,16.81,1,0
879_1183,22.96195,72.31087,1,1,2023-11-21,2023-11-21,0,3.17,3.17,1,0
879_1233,22.96387,72.4922,1,1,2023-11-04,2023-11-04,0,3.38,3.38,1,0
879_1247,22.96152,72.54534,1,1,2023-02-17,2023-02-17,0,1.18,1.18,0,1
879_1248,22.96172,72.54594,1,1,2023-01-31,2023-01-31,0,0.83,0.83,0,1
879_1517,22.96136,73.52576,1,1,2023-03-08,2023-03-08,0,4.8,4.8,1,0
879_1646,22.96276,73.99859,1,1,2023-05-09,2023-05-09,0,11.41,11.41,1,0
879_542,22.96152,69.9753,1,1,2023-01-20,2023-01-20,0,2.31,2.31,1,0
879_763,22.96422,70.78091,1,1,2023-05-17,2023-05-17,0,5.58,5.58,1,0
879_824,22.96349,71.0046,1,1,2023-03-21,2023-03-21,0,5.81,5.81,1,0
879_889,22.9618,71.24043,1,1,2023-11-02,2023-11-02,0,0.5,0.5,0,1
879_991,22.96412,71.6131,1,1,2023-11-04,2023-11-04,0,0.93,0.93,0,1
87_1368,20.29445,72.98357,1,1,2023-02-10,2023-02-10,0,1.14,1.14,0,1
880_1009,22.96753,71.67836,1,1,2023-11-09,2023-11-09,0,0.36,0.36,0,1
880_1069,22.96458,71.89433,1,1,2023-05-25,2023-05-25,0,7.16,7.16,1,0
880_1106,22.96672,72.03107,1,1,2023-04-10,2023-04-10,0,34.24,34.24,1,0
880_1230,22.96453,72.48352,1,1,2023-05-10,2023-05-10,0,4.3,4.3,1,0
880_1249,22.96737,72.54987,1,1,2023-02-22,2023-02-22,0,3.18,3.18,1,0
880_1250,22.96759,72.55511,2,2,2023-01-05,2023-02-17,43,0.625,0.85,0,2
880_1259,22.96517,72.58913,1,1,2023-11-12,2023-11-12,0,0.27,0.27,0,1
880_779,22.96555,70.83774,1,1,2023-12-01,2023-12-01,0,8.84,8.84,1,0
880_789,22.96573,70.87593,1,1,2023-11-16,2023-11-16,0,0.82,0.82,0,1
880_826,22.9654,71.00999,1,1,2023-04-03,2023-04-03,0,5.32,5.32,1,0
880_923,22.96686,71.3631,1,1,2023-03-10,2023-03-10,0,7.17,7.17,1,0
881_1013,22.96814,71.6919,1,1,2023-11-10,2023-11-10,0,2.21,2.21,1,0
881_1140,22.97088,72.15336,1,1,2023-04-04,2023-04-04,0,2.29,2.29,1,0
881_1193,22.969,72.34538,1,1,2023-04-06,2023-04-06,0,11.66,11.66,1,0
881_1229,22.96848,72.47884,1,1,2023-05-14,2023-05-14,0,7.21,7.21,1,0
881_1249,22.968685,72.55154,2,2,2023-03-01,2023-10-31,244,0.9850000000000001,1.34,0,2
881_1251,22.96945,72.55968,1,1,2023-02-16,2023-02-16,0,1.39,1.39,0,1
881_949,22.97021,71.45913,1,1,2023-11-05,2023-11-05,0,1.36,1.36,1,0
882_1013,22.97148,71.69129,1,1,2023-11-10,2023-11-10,0,2.21,2.21,1,0
882_1090,22.97178,71.97371,1,1,2023-03-20,2023-03-20,0,3.19,3.19,1,0
882_1135,22.97319,72.13485,1,1,2023-11-15,2023-11-15,0,1.42,1.42,1,0
882_1141,22.97253,72.157265,2,1,2023-04-04,2023-04-04,0,5.699999999999999,5.85,2,0
882_1148,22.97269,72.18438,1,1,2023-04-19,2023-04-19,0,0.67,0.67,0,1
882_1152,22.97318,72.19802,1,1,2023-04-17,2023-04-17,0,13.27,13.27,1,0
882_1153,22.97388,72.20177,1,1,2023-04-17,2023-04-17,0,17.46,17.46,1,0
882_1183,22.97375,72.30987,1,1,2023-04-05,2023-04-05,0,9.14,9.14,1,0
882_795,22.97365,70.89898,1,1,2023-11-12,2023-11-12,0,2.14,2.14,1,0
882_965,22.97287,71.51623,1,1,2023-05-16,2023-05-16,0,6.25,6.25,1,0
882_995,22.9743,71.62672,1,1,2023-11-20,2023-11-20,0,0.53,0.53,0,1
883_1034,22.97789,71.76941,1,1,2023-06-13,2023-06-13,0,3.27,3.27,1,0
883_1104,22.97732,72.02135,1,1,2023-03-27,2023-03-27,0,2.74,2.74,1,0
883_1151,22.97636,72.19304,1,1,2023-04-19,2023-04-19,0,1.26,1.26,0,1
883_1190,22.97568,72.33624,1,1,2023-12-22,2023-12-22,0,0.59,0.59,0,1
883_1191,22.97768,72.3387,1,1,2023-03-25,2023-03-25,0,3.87,3.87,1,0
883_1253,22.976730000000003,72.5653910526316,19,16,2023-01-10,2023-12-29,353,1.1589473684210527,2.0,0,19
883_1254,22.97756,72.56826,1,1,2023-12-16,2023-12-16,0,0.73,0.73,0,1
883_1275,22.97602,72.64699,1,1,2023-02-05,2023-02-05,0,0.55,0.55,0,1
883_1542,22.97602,73.61884,1,1,2023-06-08,2023-06-08,0,3.72,3.72,1,0
883_303,22.97461,69.10423,1,1,2023-01-25,2023-01-25,0,3.58,3.58,1,0
883_768,22.97735,70.79782,1,1,2023-04-01,2023-04-01,0,8.86,8.86,1,0
883_782,22.97467,70.85056,1,1,2023-03-31,2023-03-31,0,4.33,4.33,1,0
883_791,22.97498,70.88265,1,1,2023-06-04,2023-06-04,0,4.88,4.88,1,0
884_1103,22.9785,72.01934,1,1,2023-03-27,2023-03-27,0,4.24,4.24,1,0
884_1124,22.98054,72.09482,1,1,2023-05-25,2023-05-25,0,10.91,10.91,1,0
884_1157,22.98101,72.21743,1,1,2023-04-04,2023-04-04,0,1.18,1.18,1,0
884_1180,22.97928,72.30031,1,1,2023-04-02,2023-04-02,0,0.56,0.56,0,1
884_1215,22.97849,72.4286,1,1,2023-11-16,2023-11-16,0,2.08,2.08,1,0
884_1252,22.98013,72.56339,2,2,2023-10-11,2023-12-16,66,1.2149999999999999,2.09,0,2
884_1253,22.9791775,72.56564750000001,16,15,2023-01-04,2023-12-26,356,1.07375,2.16,0,16
884_1254,22.9798675,72.5677275,4,4,2023-11-02,2023-12-16,44,1.03,1.77,0,4
884_436,22.98022,69.59088,1,1,2023-11-20,2023-11-20,0,3.14,3.14,1,0
884_800,22.98069,70.9145,1,1,2023-04-10,2023-04-10,0,5.46,5.46,1,0
884_811,22.97822,70.95477,1,1,2023-06-03,2023-06-03,0,9.89,9.89,1,0
884_826,22.98116,71.01001,1,1,2023-11-03,2023-11-03,0,2.64,2.64,1,0
884_988,22.98042,71.6,1,1,2023-04-05,2023-04-05,0,0.48,0.48,0,1
885_1125,22.98211,72.09949,2,1,2023-05-25,2023-05-25,0,15.135,19.36,2,0
885_1141,22.98271,72.15867,1,1,2023-04-10,2023-04-10,0,1.33,1.33,0,1
885_1150,22.98182,72.18988,1,1,2023-11-14,2023-11-14,0,2.83,2.83,1,0
885_1253,22.9833575,72.5659425,4,3,2023-01-16,2023-11-12,300,0.5425,0.87,0,4
885_1254,22.982586666666666,72.56860333333334,6,6,2023-02-12,2023-11-15,276,3.7216666666666667,7.19,4,2
885_330,22.98285,69.20504,1,1,2023-11-22,2023-11-22,0,0.9,0.9,1,0
885_608,22.98282,70.21573,1,1,2023-06-13,2023-06-13,0,4.01,4.01,1,0
885_704,22.98297,70.56586,1,1,2023-11-24,2023-11-24,0,0.48,0.48,0,1
885_800,22.98405,70.91393,1,1,2023-04-10,2023-04-10,0,5.46,5.46,1,0
886_1141,22.98546,72.15905,1,1,2023-04-11,2023-04-11,0,17.19,17.19,1,0
886_1256,22.98523,72.57796,1,1,2023-01-05,2023-01-05,0,0.18,0.18,0,1
886_1257,22.985996,72.58038,5,5,2023-01-17,2023-11-04,291,0.854,1.46,0,5
886_1259,22.986871428571426,72.58768,7,7,2023-06-07,2023-12-14,190,0.8271428571428572,2.45,0,7
886_1260,22.986876000000002,72.590396,5,5,2023-01-05,2023-12-23,352,0.8300000000000001,1.74,0,5
886_328,22.98797,69.19524,1,1,2023-03-28,2023-03-28,0,2.46,2.46,1,0
886_357,22.98677,69.30334,1,1,2023-05-09,2023-05-09,0,3.57,3.57,1,0
886_807,22.98796,70.93947,1,1,2023-10-23,2023-10-23,0,6.26,6.26,1,0
886_840,22.98571,71.06031,1,1,2023-03-17,2023-03-17,0,2.0,2.0,1,0
886_886,22.9874,71.2306,1,1,2023-05-28,2023-05-28,0,0.74,0.74,0,1
886_913,22.98733,71.32663,1,1,2023-03-17,2023-03-17,0,4.24,4.24,1,0
886_916,22.9873,71.33951,1,1,2023-03-17,2023-03-17,0,2.32,2.32,1,0
886_928,22.9847,71.38225,1,1,2023-02-11,2023-02-11,0,2.14,2.14,1,0
887_1177,22.98895,72.28985,1,1,2023-04-26,2023-04-26,0,13.1,13.1,1,0
887_1181,22.99106,72.30318,1,1,2023-11-20,2023-11-20,0,4.13,4.13,1,0
887_1192,22.99125,72.34308,1,1,2023-11-21,2023-11-21,0,5.96,5.96,1,0
887_1219,22.98997,72.44048,1,1,2023-04-03,2023-04-03,0,2.59,2.59,1,0
887_1229,22.98911,72.47944,1,1,2023-02-27,2023-02-27,0,3.03,3.03,1,0
887_1259,22.989032222222225,72.58772444444445,9,9,2023-02-01,2023-12-18,320,0.5266666666666666,0.96,0,9
887_1260,22.988812,72.589886,5,5,2023-02-20,2023-12-17,300,1.096,2.39,0,5
887_1274,22.98821,72.64285,1,1,2023-01-12,2023-01-12,0,0.64,0.64,0,1
887_1781,22.98831,74.48696,1,1,2023-05-18,2023-05-18,0,1.49,1.49,1,0
887_436,22.98949,69.59152,1,1,2023-04-11,2023-04-11,0,4.26,4.26,1,0
887_449,22.98969,69.63699,1,1,2023-10-08,2023-10-08,0,1.93,1.93,1,0
887_784,22.98945,70.85842,1,1,2023-10-30,2023-10-30,0,2.01,2.01,1,0
887_807,22.99083,70.94168,1,1,2023-10-23,2023-10-23,0,3.9,3.9,1,0
887_857,22.98892,71.12148,1,1,2023-03-28,2023-03-28,0,2.0,2.0,1,0
887_913,22.99012,71.32571,1,1,2023-03-17,2023-03-17,0,3.94,3.94,1,0
888_1146,22.99399,72.17467,1,1,2023-03-30,2023-03-30,0,7.54,7.54,1,0
888_1162,22.99209,72.23392,1,1,2023-04-21,2023-04-21,0,8.35,8.35,1,0
888_1647,22.99441,73.99977,1,1,2023-02-09,2023-02-09,0,3.94,3.94,1,0
888_1766,22.99347,74.43276,1,1,2023-03-29,2023-03-29,0,3.79,3.79,1,0
888_856,22.99316,71.12086,1,1,2023-03-28,2023-03-28,0,3.5,3.5,1,0
888_898,22.99161,71.27222,1,1,2023-03-22,2023-03-22,0,1.17,1.17,1,0
889_1028,22.99672,71.74783,1,1,2023-06-10,2023-06-10,0,8.77,8.77,1,0
889_1762,22.99681,74.42133,1,1,2023-02-05,2023-02-05,0,2.94,2.94,1,0
889_807,22.99553,70.94115,1,1,2023-10-23,2023-10-23,0,2.23,2.23,1,0
889_945,22.99779,71.44547,1,1,2023-10-19,2023-10-19,0,0.96,0.96,0,1
88_1543,20.29694,73.62096,1,1,2023-04-19,2023-04-19,0,8.84,8.84,1,0
88_1544,20.29734,73.62541,1,1,2023-04-19,2023-04-19,0,8.84,8.84,1,0
88_1614,20.2975,73.87894,1,1,2023-03-28,2023-03-28,0,3.26,3.26,1,0
88_1615,20.2984,73.88297,1,1,2023-03-28,2023-03-28,0,3.26,3.26,1,0
88_1713,20.29771,74.24271,1,1,2023-03-24,2023-03-24,0,2.66,2.66,1,0
88_1714,20.29907,74.24413,1,1,2023-03-24,2023-03-24,0,2.58,2.58,1,0
890_1010,22.99991,71.68118,2,1,2023-04-03,2023-04-03,0,2.23,2.27,2,0
890_1140,22.99865,72.15393,1,1,2023-11-15,2023-11-15,0,1.92,1.92,1,0
890_1192,22.99973,72.34328,1,1,2023-04-14,2023-04-14,0,10.29,10.29,1,0
890_1213,23.00039,72.42033,1,1,2023-04-01,2023-04-01,0,5.12,5.12,1,0
890_1547,23.00028,73.63815,1,1,2023-04-05,2023-04-05,0,15.32,15.32,1,0
890_1585,23.00005,73.77381,1,1,2023-04-18,2023-04-18,0,9.47,9.47,1,0
890_575,22.99851,70.0967,1,1,2023-04-30,2023-04-30,0,5.88,5.88,1,0
890_578,22.999533333333332,70.10664666666666,3,3,2023-02-13,2023-02-22,9,5.566666666666666,8.27,3,0
890_579,22.99983,70.10934,1,1,2023-02-22,2023-02-22,0,4.65,4.65,1,0
890_795,22.99897,70.89727,1,1,2023-06-11,2023-06-11,0,4.59,4.59,1,0
890_852,22.99832,71.1039,1,1,2023-05-16,2023-05-16,0,1.59,1.59,1,0
890_984,23.00041,71.58691,1,1,2023-11-03,2023-11-03,0,2.66,2.66,1,0
891_1110,23.00447,72.0433,1,1,2023-11-12,2023-11-12,0,2.46,2.46,1,0
891_1146,23.00316,72.17441,1,1,2023-04-17,2023-04-17,0,0.78,0.78,0,1
891_272,23.00323,68.99294,1,1,2023-11-15,2023-11-15,0,2.82,2.82,1,0
891_389,23.00404,69.41956,1,1,2023-11-03,2023-11-03,0,6.72,6.72,1,0
891_555,23.00473,70.02409,1,1,2023-05-15,2023-05-15,0,2.42,2.42,1,0
891_576,23.00413,70.09985,1,1,2023-05-24,2023-05-24,0,2.87,2.87,1,0
891_828,23.00368,71.01847,1,1,2023-04-04,2023-04-04,0,4.55,4.55,1,0
891_886,23.00443,71.22887,1,1,2023-03-31,2023-03-31,0,4.16,4.16,1,0
891_893,23.00399,71.25518,1,1,2023-03-22,2023-03-22,0,1.54,1.54,1,0
892_1002,23.0071,71.65282,1,1,2023-11-15,2023-11-15,0,1.7,1.7,1,0
892_1079,23.00551,71.93311,1,1,2023-09-07,2023-09-07,0,1.98,1.98,1,0
892_1101,23.00503,72.0115,1,1,2023-05-25,2023-05-25,0,10.43,10.43,1,0
892_1181,23.00629,72.30357,1,1,2023-05-08,2023-05-08,0,10.66,10.66,1,0
892_1215,23.00601,72.42732,1,1,2023-11-03,2023-11-03,0,0.58,0.58,0,1
892_1552,23.00529,73.65568,1,1,2023-03-25,2023-03-25,0,2.71,2.71,1,0
892_1752,23.00571,74.38364,1,1,2023-05-17,2023-05-17,0,4.0,4.0,1,0
892_259,23.00777,68.94683,1,1,2023-05-09,2023-05-09,0,4.15,4.15,1,0
892_381,23.00694,69.39034,1,1,2023-02-21,2023-02-21,0,4.13,4.13,1,0
892_436,23.005335000000002,69.59049999999999,2,1,2023-01-29,2023-01-29,0,0.41000000000000003,0.45,0,2
892_576,23.00553,70.09924,1,1,2023-05-08,2023-05-08,0,3.37,3.37,1,0
892_824,23.0056,71.00241,1,1,2023-04-04,2023-04-04,0,2.94,2.94,1,0
892_886,23.0056,71.22883,1,1,2023-03-31,2023-03-31,0,5.47,5.47,1,0
893_1008,23.01046,71.67503,1,1,2023-03-31,2023-03-31,0,2.9,2.9,1,0
893_1129,23.00939,72.11233,1,1,2023-11-21,2023-11-21,0,1.71,1.71,1,0
893_1160,23.00859,72.22677,1,1,2023-04-30,2023-04-30,0,7.18,7.18,1,0
893_1161,23.00964,72.23024,1,1,2023-11-15,2023-11-15,0,3.22,3.22,1,0
893_1173,23.01019,72.27383,1,1,2023-02-13,2023-02-13,0,4.39,4.39,1,0
893_1193,23.00971,72.34599,1,1,2023-04-04,2023-04-04,0,2.16,2.16,1,0
893_1523,23.01081,73.54992,1,1,2023-04-12,2023-04-12,0,4.23,4.23,1,0
893_259,23.01084,68.94675,1,1,2023-05-09,2023-05-09,0,2.85,2.85,1,0
893_576,23.00883,70.1013,1,1,2023-03-17,2023-03-17,0,1.01,1.01,0,1
893_577,23.011246666666665,70.10288333333334,3,3,2023-04-02,2023-11-17,229,1.1099999999999999,1.44,0,3
893_714,23.00917,70.60329,1,1,2023-03-05,2023-03-05,0,0.98,0.98,1,0
893_747,23.01122,70.72219,1,1,2023-03-05,2023-03-05,0,3.4,3.4,1,0
893_787,23.01016,70.86728,1,1,2023-11-09,2023-11-09,0,1.69,1.69,1,0
893_799,23.00869,70.91377,1,1,2023-04-03,2023-04-03,0,1.93,1.93,1,0
894_1137,23.0128,72.14296,1,1,2023-04-05,2023-04-05,0,6.11,6.11,1,0
894_1138,23.01336,72.14676,1,1,2023-04-05,2023-04-05,0,6.11,6.11,1,0
894_1211,23.012430000000002,72.413515,2,1,2023-11-23,2023-11-23,0,5.300000000000001,5.69,2,0
894_1212,23.01371,72.41763,1,1,2023-11-23,2023-11-23,0,4.91,4.91,1,0
894_1213,23.01316,72.41813,1,1,2023-11-23,2023-11-23,0,5.69,5.69,1,0
894_1545,23.01307,73.62768,1,1,2023-04-05,2023-04-05,0,3.63,3.63,1,0
894_1631,23.01391,73.94371,1,1,2023-03-14,2023-03-14,0,8.33,8.33,1,0
894_576,23.013493913043476,70.10105130434785,23,23,2023-01-01,2023-11-23,326,1.106086956521739,2.66,0,23
894_577,23.01361523809524,70.10317452380951,84,79,2023-01-02,2023-12-24,356,0.9371428571428572,3.31,0,84
894_578,23.01378,70.10531,2,2,2023-02-14,2023-04-19,64,1.08,1.19,0,2
894_580,23.01381,70.11549,1,1,2023-04-11,2023-04-11,0,6.86,6.86,1,0
894_862,23.01494,71.13986,1,1,2023-03-26,2023-03-26,0,3.25,3.25,1,0
894_997,23.01433,71.63354,1,1,2023-11-05,2023-11-05,0,4.21,4.21,1,0
895_1004,23.01743,71.66027,1,1,2023-11-14,2023-11-14,0,1.89,1.89,1,0
895_1213,23.01519,72.41969,1,1,2023-01-10,2023-01-10,0,1.83,1.83,1,0
895_1631,23.01809,73.94311,1,1,2023-03-14,2023-03-14,0,8.33,8.33,1,0
895_575,23.01726,70.09733,1,1,2023-01-03,2023-01-03,0,4.44,4.44,1,0
895_576,23.016009999999998,70.10098625,8,7,2023-01-03,2023-11-28,329,1.5125,4.44,2,6
895_577,23.015704074074073,70.10274925925927,27,27,2023-01-01,2023-12-17,350,0.9874074074074074,2.49,0,27
895_580,23.01755,70.1147,1,1,2023-04-11,2023-04-11,0,7.49,7.49,1,0
895_752,23.01759,70.74073,1,1,2023-11-15,2023-11-15,0,3.61,3.61,1,0
895_792,23.01779,70.88792,1,1,2023-10-30,2023-10-30,0,3.35,3.35,1,0
895_800,23.01772,70.91735,1,1,2023-04-09,2023-04-09,0,6.91,6.91,1,0
895_833,23.01578,71.03634,1,1,2023-03-22,2023-03-22,0,2.14,2.14,1,0
896_1158,23.01933,72.21825,1,1,2023-04-18,2023-04-18,0,4.14,4.14,1,0
896_1605,23.01936,73.84679,1,1,2023-04-11,2023-04-11,0,8.01,8.01,1,0
896_1631,23.01864,73.94314,1,1,2023-03-14,2023-03-14,0,2.74,2.74,1,0
896_576,23.019595000000002,70.10072500000001,2,1,2023-12-09,2023-12-09,0,4.4399999999999995,5.22,2,0
896_883,23.01937,71.21742,1,1,2023-03-04,2023-03-04,0,1.63,1.63,1,0
897_1119,23.02452,72.07874,1,1,2023-03-31,2023-03-31,0,0.88,0.88,0,1
897_1175,23.02356,72.28163,1,1,2023-03-11,2023-03-11,0,7.99,7.99,1,0
897_1736,23.02392,74.32361,1,1,2023-04-06,2023-04-06,0,1.84,1.84,1,0
898_1100,23.02792,72.00724,1,1,2023-02-26,2023-02-26,0,3.33,3.33,1,0
898_1101,23.02831,72.0125,1,1,2023-11-21,2023-11-21,0,2.35,2.35,1,0
898_1118,23.02676,72.075215,2,1,2023-03-31,2023-03-31,0,0.9,0.92,0,2
898_1119,23.02786,72.07933,1,1,2023-03-31,2023-03-31,0,0.92,0.92,0,1
898_1130,23.02559,72.11717,1,1,2023-06-07,2023-06-07,0,3.3,3.3,1,0
898_1141,23.02649,72.15703,1,1,2023-11-15,2023-11-15,0,0.77,0.77,1,0
898_1735,23.02729,74.32296,1,1,2023-04-06,2023-04-06,0,1.4,1.4,1,0
898_1751,23.02751,74.38037,1,1,2023-03-26,2023-03-26,0,3.62,3.62,1,0
898_534,23.02652,69.94615,1,1,2023-04-09,2023-04-09,0,10.55,10.55,1,0
898_567,23.02567,70.06721,1,1,2023-06-07,2023-06-07,0,11.3,11.3,1,0
898_576,23.02576,70.10138,1,1,2023-12-06,2023-12-06,0,6.5,6.5,1,0
898_582,23.02778,70.12033,1,1,2023-05-25,2023-05-25,0,4.04,4.04,1,0
898_602,23.02796,70.19494,1,1,2023-12-03,2023-12-03,0,0.49,0.49,0,1
898_757,23.02662,70.75999,1,1,2023-04-03,2023-04-03,0,0.6,0.6,1,0
898_810,23.0263,70.95055,1,1,2023-11-15,2023-11-15,0,1.66,1.66,1,0
899_1117,23.03108,72.06963,1,1,2023-04-23,2023-04-23,0,16.84,16.84,1,0
899_1177,23.02992,72.28771,1,1,2023-02-13,2023-02-13,0,3.11,3.11,1,0
899_1194,23.03014,72.35147,1,1,2023-04-02,2023-04-02,0,2.23,2.23,1,0
899_1750,23.03025,74.37605,1,1,2023-03-26,2023-03-26,0,8.61,8.61,1,0
899_1751,23.03082,74.37978,1,1,2023-03-26,2023-03-26,0,8.61,8.61,1,0
899_519,23.03066,69.8914,1,1,2023-02-05,2023-02-05,0,2.99,2.99,1,0
899_580,23.02847,70.11491,1,1,2023-05-24,2023-05-24,0,3.99,3.99,0,1
899_581,23.03137,70.11624,1,1,2023-05-25,2023-05-25,0,7.44,7.44,1,0
89_1494,20.30195,73.44186,1,1,2023-04-28,2023-04-28,0,7.27,7.27,1,0
89_1586,20.30065,73.77829,1,1,2023-11-13,2023-11-13,0,1.94,1.94,1,0
89_1614,20.30041,73.87873,1,1,2023-03-28,2023-03-28,0,4.16,4.16,1,0
89_1615,20.30128,73.8828,1,1,2023-03-28,2023-03-28,0,4.16,4.16,1,0
89_1681,20.30117,74.12453,1,1,2023-06-03,2023-06-03,0,9.98,9.98,1,0
8_1486,20.02873,73.41375,1,1,2023-04-28,2023-04-28,0,7.1,7.1,1,0
8_1510,20.02781,73.5006,1,1,2023-05-14,2023-05-14,0,3.04,3.04,1,0
8_1536,20.02858,73.59772,1,1,2023-05-21,2023-05-21,0,4.35,4.35,1,0
8_1615,20.02823,73.88419,1,1,2023-04-11,2023-04-11,0,3.35,3.35,1,0
8_1662,20.02974,74.0545,1,1,2023-12-03,2023-12-03,0,4.22,4.22,1,0
900_1056,23.03305,71.848725,2,1,2023-01-17,2023-01-17,0,0.585,0.59,0,2
900_1092,23.03499,71.97807,1,1,2023-05-17,2023-05-17,0,10.61,10.61,1,0
900_1118,23.03234,72.07552,1,1,2023-04-23,2023-04-23,0,17.63,17.63,1,0
900_1149,23.03421,72.18838,1,1,2023-04-14,2023-04-14,0,5.06,5.06,1,0
900_1173,23.03488,72.27328,1,1,2023-11-10,2023-11-10,0,0.82,0.82,0,1
900_409,23.03229,69.49254,1,1,2023-12-11,2023-12-11,0,3.76,3.76,1,0
901_1056,23.03534,71.8484,1,1,2023-02-27,2023-02-27,0,4.18,4.18,1,0
901_1151,23.03848,72.19579,1,1,2023-04-17,2023-04-17,0,0.36,0.36,0,1
901_1153,23.03543,72.20113,1,1,2023-04-14,2023-04-14,0,2.35,2.35,1,0
901_1168,23.03833,72.25498,1,1,2023-04-24,2023-04-24,0,3.24,3.24,1,0
901_1172,23.037515,72.271785,2,2,2023-02-09,2023-12-26,320,1.09,1.36,0,2
901_1173,23.037506666666662,72.27363833333334,6,5,2023-02-03,2023-12-06,306,2.0216666666666665,3.65,0,6
901_1190,23.03594,72.33589,1,1,2023-04-17,2023-04-17,0,12.11,12.11,1,0
901_1210,23.03701,72.41,1,1,2023-06-07,2023-06-07,0,3.82,3.82,1,0
901_1258,23.03613,72.58539,1,1,2023-11-11,2023-11-11,0,2.3,2.3,0,1
901_365,23.03718,69.3324,1,1,2023-03-31,2023-03-31,0,0.68,0.68,1,0
901_409,23.03567,69.49197,1,1,2023-12-11,2023-12-11,0,3.76,3.76,1,0
901_465,23.03815,69.69687,1,1,2023-04-23,2023-04-23,0,4.49,4.49,1,0
901_466,23.03715,69.69933,1,1,2023-04-23,2023-04-23,0,5.13,5.13,1,0
901_788,23.03613,70.87206,1,1,2023-11-09,2023-11-09,0,3.15,3.15,1,0
901_867,23.038,71.16089,1,1,2023-11-10,2023-11-10,0,1.36,1.36,1,0
902_1235,23.0395,72.50156,1,1,2023-10-05,2023-10-05,0,1.95,1.95,1,0
902_1236,23.04141,72.50204,1,1,2023-03-27,2023-03-27,0,2.52,2.52,1,0
902_1632,23.03951,73.94579,1,1,2023-02-27,2023-02-27,0,1.09,1.09,0,1
902_1750,23.04095,74.37714,1,1,2023-04-15,2023-04-15,0,10.43,10.43,1,0
902_1772,23.04154,74.45704,1,1,2023-04-25,2023-04-25,0,1.09,1.09,0,1
902_295,23.04151,69.07676,1,1,2023-12-21,2023-12-21,0,0.31,0.31,0,1
902_367,23.04154,69.33836,1,1,2023-11-19,2023-11-19,0,3.39,3.39,1,0
902_475,23.03888,69.7335,1,1,2023-04-06,2023-04-06,0,4.17,4.17,1,0
902_539,23.041565,69.96572499999999,2,2,2023-01-16,2023-08-28,224,2.8,3.03,2,0
902_870,23.04045,71.17213,1,1,2023-09-06,2023-09-06,0,2.33,2.33,1,0
902_984,23.04065,71.58436,1,1,2023-10-29,2023-10-29,0,1.67,1.67,1,0
903_1060,23.04451,71.86229,1,1,2023-11-21,2023-11-21,0,3.9,3.9,1,0
903_1143,23.0424,72.16414,1,1,2023-05-25,2023-05-25,0,4.9,4.9,1,0
903_1155,23.04411,72.2104,1,1,2023-12-18,2023-12-18,0,5.17,5.17,1,0
903_1180,23.04473,72.30082,1,1,2023-01-18,2023-01-18,0,3.97,3.97,1,0
903_1181,23.04287,72.30452,1,1,2023-04-03,2023-04-03,0,2.41,2.41,1,0
903_1230,23.04439,72.48121,1,1,2023-01-09,2023-01-09,0,3.13,3.13,1,0
903_1631,23.04214,73.94106,1,1,2023-04-21,2023-04-21,0,7.4,7.4,1,0
903_408,23.04362,69.48621,1,1,2023-12-25,2023-12-25,0,2.4,2.4,1,0
903_571,23.04464,70.08075,1,1,2023-01-01,2023-01-01,0,3.3,3.3,1,0
903_582,23.04379,70.12123,1,1,2023-10-08,2023-10-08,0,4.33,4.33,0,1
903_583,23.04313,70.12514,1,1,2023-10-08,2023-10-08,0,3.26,3.26,0,1
903_733,23.04413,70.67043,1,1,2023-06-03,2023-06-03,0,9.02,9.02,1,0
903_864,23.04369,71.14945,1,1,2023-11-14,2023-11-14,0,0.41,0.41,0,1
904_1059,23.04727,71.85751,1,1,2023-11-21,2023-11-21,0,4.69,4.69,1,0
904_1060,23.047363333333333,71.86329333333333,3,2,2023-11-21,2023-12-07,16,3.1933333333333334,3.9,3,0
904_1062,23.047755000000002,71.86823,2,1,2023-12-07,2023-12-07,0,2.84,2.88,2,0
904_1124,23.04654,72.0946,1,1,2023-04-10,2023-04-10,0,13.22,13.22,1,0
904_1170,23.04724,72.26199,1,1,2023-04-05,2023-04-05,0,2.11,2.11,1,0
904_1192,23.04839,72.34332,1,1,2023-04-10,2023-04-10,0,9.74,9.74,1,0
904_1460,23.04725,73.31988,1,1,2023-10-31,2023-10-31,0,2.29,2.29,1,0
904_1529,23.04751,73.57023,1,1,2023-04-08,2023-04-08,0,11.25,11.25,1,0
904_1566,23.04688,73.70582,1,1,2023-03-28,2023-03-28,0,1.19,1.19,0,1
904_1567,23.04654,73.70961,1,1,2023-03-28,2023-03-28,0,1.16,1.16,0,1
904_455,23.04857,69.66052,1,1,2023-04-02,2023-04-02,0,3.41,3.41,1,0
904_837,23.04779,71.05016,1,1,2023-03-28,2023-03-28,0,4.74,4.74,1,0
904_907,23.04776,71.30621,1,1,2023-03-17,2023-03-17,0,3.47,3.47,1,0
905_1060,23.050816666666666,71.86261,3,2,2023-11-21,2023-12-07,16,2.7733333333333334,2.88,3,0
905_1061,23.05035666666667,71.86694,3,2,2023-11-21,2023-12-07,16,3.1933333333333334,3.9,3,0
905_1062,23.04934,71.86982,1,1,2023-11-21,2023-11-21,0,9.83,9.83,1,0
905_1154,23.0507,72.20394,1,1,2023-05-14,2023-05-14,0,12.11,12.11,1,0
905_1182,23.05106,72.30812,1,1,2023-12-23,2023-12-23,0,2.35,2.35,1,0
905_1190,23.04975,72.33598,1,1,2023-11-21,2023-11-21,0,3.39,3.39,1,0
905_1223,23.04984,72.45531,1,1,2023-06-22,2023-06-22,0,4.46,4.46,1,0
905_1525,23.04971,73.5548,1,1,2023-05-13,2023-05-13,0,1.21,1.21,0,1
905_407,23.04939,69.4847,1,1,2023-05-16,2023-05-16,0,0.92,0.92,1,0
905_585,23.05135,70.13295,1,1,2023-09-26,2023-09-26,0,3.11,3.11,1,0
905_908,23.0487,71.31032,1,1,2023-03-17,2023-03-17,0,4.21,4.21,1,0
906_1004,23.05502,71.65822,1,1,2023-11-04,2023-11-04,0,0.47,0.47,0,1
906_1017,23.05381,71.70515,1,1,2023-10-25,2023-10-25,0,1.54,1.54,1,0
906_1059,23.05487,71.86026,1,1,2023-11-21,2023-11-21,0,2.64,2.64,1,0
906_1060,23.05466,71.86287,1,1,2023-12-07,2023-12-07,0,3.9,3.9,1,0
906_1061,23.0521,71.86504,1,1,2023-11-21,2023-11-21,0,2.64,2.64,1,0
906_1119,23.05321,72.07636,1,1,2023-04-06,2023-04-06,0,9.46,9.46,1,0
906_1190,23.05442,72.33522,1,1,2023-04-05,2023-04-05,0,4.24,4.24,1,0
906_586,23.053795,70.13608500000001,2,2,2023-11-14,2023-11-28,14,1.115,1.76,0,2
906_812,23.05485,70.95756,1,1,2023-11-09,2023-11-09,0,2.26,2.26,1,0
906_880,23.05305,71.20601,1,1,2023-03-25,2023-03-25,0,0.79,0.79,1,0
907_1060,23.05556,71.86436,1,1,2023-11-21,2023-11-21,0,2.64,2.64,1,0
907_1137,23.05849,72.14272,1,1,2023-03-16,2023-03-16,0,7.56,7.56,1,0
907_254,23.0556,68.92847,1,1,2023-03-09,2023-03-09,0,1.93,1.93,1,0
907_521,23.05871,69.89792,1,1,2023-05-07,2023-05-07,0,3.65,3.65,1,0
907_573,23.05587,70.08947,1,1,2023-12-28,2023-12-28,0,3.61,3.61,1,0
907_574,23.05546,70.09309,1,1,2023-12-28,2023-12-28,0,4.15,4.15,1,0
907_785,23.05868,70.86266,1,1,2023-05-21,2023-05-21,0,1.51,1.51,1,0
907_790,23.05712,70.87808,1,1,2023-03-24,2023-03-24,0,11.23,11.23,1,0
907_988,23.05642,71.60165,1,1,2023-11-15,2023-11-15,0,3.07,3.07,1,0
908_1103,23.05932,72.01965,1,1,2023-05-21,2023-05-21,0,4.22,4.22,1,0
908_1105,23.06047,72.0248,1,1,2023-03-28,2023-03-28,0,8.03,8.03,1,0
908_1120,23.06165,72.08073,1,1,2023-04-06,2023-04-06,0,2.57,2.57,0,1
908_1158,23.06073,72.22069,1,1,2023-04-09,2023-04-09,0,10.28,10.28,1,0
908_1162,23.05962,72.23351,1,1,2023-11-14,2023-11-14,0,2.88,2.88,1,0
908_1577,23.0594,73.74649,1,1,2023-04-09,2023-04-09,0,2.11,2.11,0,1
908_759,23.05888,70.76718,1,1,2023-02-01,2023-02-01,0,17.43,17.43,1,0
909_1031,23.06284,71.7561,1,1,2023-03-09,2023-03-09,0,5.24,5.24,1,0
909_1038,23.06309,71.7834,1,1,2023-04-24,2023-04-24,0,5.32,5.32,1,0
909_1066,23.06245,71.88421,1,1,2023-11-21,2023-11-21,0,4.26,4.26,1,0
909_1122,23.06505,72.08846,1,1,2023-04-12,2023-04-12,0,8.24,8.24,1,0
909_1137,23.06248,72.14185,1,1,2023-03-16,2023-03-16,0,7.56,7.56,1,0
909_1199,23.06539,72.36844,1,1,2023-11-11,2023-11-11,0,4.35,4.35,1,0
909_869,23.06362,71.1654,1,1,2023-03-20,2023-03-20,0,2.79,2.79,1,0
90_1410,20.30468,73.13783,1,1,2023-05-29,2023-05-29,0,0.65,0.65,0,1
910_1162,23.06557,72.23265,1,1,2023-04-10,2023-04-10,0,5.63,5.63,1,0
910_1171,23.06845,72.26742,1,1,2023-04-04,2023-04-04,0,2.12,2.12,1,0
910_1549,23.06562,73.6453,1,1,2023-04-28,2023-04-28,0,4.86,4.86,1,0
910_276,23.06857,69.00619,1,1,2023-05-10,2023-05-10,0,4.55,4.55,1,0
910_799,23.06863,70.91374,1,1,2023-10-30,2023-10-30,0,1.72,1.72,1,0
910_820,23.06606,70.98695,1,1,2023-11-09,2023-11-09,0,1.27,1.27,1,0
911_1029,23.07182,71.74905,1,1,2023-05-17,2023-05-17,0,3.19,3.19,1,0
911_1123,23.069965,72.093005,2,1,2023-12-11,2023-12-11,0,1.495,1.51,2,0
911_779,23.07117,70.83752,1,1,2023-01-31,2023-01-31,0,1.08,1.08,1,0
911_856,23.06898,71.12089,1,1,2023-03-26,2023-03-26,0,2.1,2.1,1,0
911_895,23.07016,71.26261,1,1,2023-10-29,2023-10-29,0,6.22,6.22,1,0
912_1184,23.07325,72.31293,1,1,2023-12-17,2023-12-17,0,4.08,4.08,1,0
912_1230,23.07393,72.48001,1,1,2023-02-27,2023-02-27,0,2.91,2.91,1,0
912_1772,23.07255,74.457,1,1,2023-04-24,2023-04-24,0,7.22,7.22,1,0
912_1774,23.07357,74.46143,1,1,2023-04-24,2023-04-24,0,7.22,7.22,1,0
912_391,23.07334,69.42592,1,1,2023-06-09,2023-06-09,0,4.53,4.53,1,0
912_754,23.07511,70.74875,1,1,2023-11-30,2023-11-30,0,15.34,15.34,1,0
912_768,23.07356,70.80067,1,1,2023-03-08,2023-03-08,0,4.38,4.38,1,0
913_1029,23.07704,71.75143,1,1,2023-04-04,2023-04-04,0,4.21,4.21,1,0
913_1077,23.07762,71.92474,1,1,2023-11-04,2023-11-04,0,4.03,4.03,1,0
913_977,23.07843,71.56162,1,1,2023-11-10,2023-11-10,0,1.88,1.88,1,0
914_1130,23.08163,72.11852,1,1,2023-10-22,2023-10-22,0,4.44,4.44,1,0
914_1162,23.08062,72.23479,1,1,2023-04-12,2023-04-12,0,6.33,6.33,1,0
914_1193,23.08116,72.34875,1,1,2023-05-25,2023-05-25,0,3.74,3.74,1,0
914_1259,23.08207,72.5865,1,1,2023-02-12,2023-02-12,0,1.72,1.72,1,0
914_1325,23.07919,72.82959,1,1,2023-03-06,2023-03-06,0,4.0,4.0,1,0
914_1582,23.08203,73.76525,1,1,2023-04-16,2023-04-16,0,11.48,11.48,1,0
914_215,23.08127,68.78359,1,1,2023-01-23,2023-01-23,0,4.09,4.09,1,0
914_216,23.08216,68.78947,1,1,2023-03-20,2023-03-20,0,6.14,6.14,1,0
914_279,23.08015,69.01872,1,1,2023-05-17,2023-05-17,0,3.41,3.41,1,0
914_516,23.07957,69.88038,1,1,2023-11-26,2023-11-26,0,2.18,2.18,1,0
914_886,23.08197,71.22845,1,1,2023-03-28,2023-03-28,0,2.94,2.94,1,0
915_1041,23.083869999999997,71.79319,2,1,2023-12-18,2023-12-18,0,2.985,3.15,2,0
915_1116,23.08302,72.06796,1,1,2023-04-17,2023-04-17,0,12.11,12.11,1,0
915_1130,23.08335,72.11683,1,1,2023-10-22,2023-10-22,0,4.1,4.1,1,0
915_1131,23.0848,72.1207,1,1,2023-12-24,2023-12-24,0,2.43,2.43,1,0
915_1165,23.08447,72.24618,1,1,2023-04-04,2023-04-04,0,4.95,4.95,1,0
915_1166,23.084049999999998,72.24958000000001,2,1,2023-04-04,2023-04-04,0,6.1850000000000005,7.53,2,0
915_1168,23.08539,72.25432,1,1,2023-04-04,2023-04-04,0,7.53,7.53,1,0
915_1588,23.08537,73.78621,1,1,2023-04-14,2023-04-14,0,6.56,6.56,1,0
915_1772,23.08525,74.45603,1,1,2023-02-26,2023-02-26,0,36.19,36.19,1,0
915_279,23.08349,69.01815,1,1,2023-05-17,2023-05-17,0,3.41,3.41,1,0
915_565,23.08441,70.06103,1,1,2023-01-30,2023-01-30,0,2.74,2.74,1,0
916_1041,23.08812,71.79368,1,1,2023-06-22,2023-06-22,0,4.18,4.18,1,0
916_1164,23.08632,72.24291,1,1,2023-04-06,2023-04-06,0,13.57,13.57,1,0
916_1166,23.08733,72.24837,1,1,2023-04-04,2023-04-04,0,4.99,4.99,1,0
916_1167,23.08782,72.25243,1,1,2023-04-04,2023-04-04,0,4.99,4.99,1,0
916_1226,23.08666,72.46707,1,1,2023-05-09,2023-05-09,0,9.4,9.4,1,0
916_1229,23.08898,72.4783,1,1,2023-05-09,2023-05-09,0,14.74,14.74,1,0
916_1574,23.08579,73.7356,1,1,2023-04-05,2023-04-05,0,1.33,1.33,0,1
916_1773,23.08573,74.46041,1,1,2023-02-26,2023-02-26,0,36.19,36.19,1,0
916_1775,23.0879,74.46667,1,1,2023-03-12,2023-03-12,0,2.23,2.23,1,0
916_1776,23.08864,74.47004,1,1,2023-03-12,2023-03-12,0,2.84,2.84,1,0
916_1779,23.08684,74.48146,1,1,2023-04-13,2023-04-13,0,2.49,2.49,1,0
916_862,23.08611,71.14194,1,1,2023-03-08,2023-03-08,0,8.55,8.55,1,0
916_863,23.08788,71.14503,1,1,2023-03-08,2023-03-08,0,10.58,10.58,1,0
916_896,23.08658,71.26611,1,1,2023-12-22,2023-12-22,0,2.83,2.83,1,0
917_1167,23.08944,72.25215,1,1,2023-12-11,2023-12-11,0,3.43,3.43,1,0
917_1169,23.09001,72.26029,1,1,2023-10-30,2023-10-30,0,2.73,2.73,1,0
917_1176,23.09015,72.28342,1,1,2023-11-21,2023-11-21,0,1.72,1.72,1,0
917_1548,23.08907,73.6384,1,1,2023-02-27,2023-02-27,0,1.28,1.28,1,0
917_1589,23.09103,73.7895,1,1,2023-03-10,2023-03-10,0,1.1,1.1,0,1
917_1770,23.09096,74.45007,1,1,2023-02-26,2023-02-26,0,0.84,0.84,0,1
917_1772,23.08956,74.45553,1,1,2023-02-26,2023-02-26,0,36.19,36.19,1,0
917_1773,23.09005,74.45992,1,1,2023-02-26,2023-02-26,0,36.19,36.19,1,0
917_257,23.09166,68.93958,1,1,2023-04-01,2023-04-01,0,2.96,2.96,1,0
917_887,23.09054,71.23384,1,1,2023-06-02,2023-06-02,0,7.96,7.96,1,0
917_924,23.09004,71.3667,1,1,2023-03-24,2023-03-24,0,3.68,3.68,1,0
917_953,23.08972,71.47341,1,1,2023-11-05,2023-11-05,0,0.67,0.67,0,1
918_1042,23.09275,71.79546,1,1,2023-06-22,2023-06-22,0,3.72,3.72,1,0
918_1583,23.09246,73.76811,1,1,2023-02-14,2023-02-14,0,2.38,2.38,1,0
918_1584,23.09449,73.77004,1,1,2023-04-21,2023-04-21,0,10.37,10.37,1,0
918_1772,23.09429,74.45506,1,1,2023-02-26,2023-02-26,0,1.02,1.02,0,1
918_1774,23.09542,74.46366,1,1,2023-03-28,2023-03-28,0,7.16,7.16,1,0
918_258,23.09437,68.94268,1,1,2023-04-01,2023-04-01,0,4.34,4.34,1,0
918_765,23.09464,70.78963,1,1,2023-03-30,2023-03-30,0,9.15,9.15,1,0
919_1186,23.09636,72.32163,1,1,2023-04-06,2023-04-06,0,3.14,3.14,1,0
919_1192,23.09821,72.34486,1,1,2023-11-15,2023-11-15,0,4.04,4.04,1,0
919_1231,23.09778,72.48536,1,1,2023-04-10,2023-04-10,0,0.96,0.96,0,1
919_755,23.09842,70.75325,1,1,2023-03-11,2023-03-11,0,4.46,4.46,1,0
919_763,23.09841,70.78033,1,1,2023-04-10,2023-04-10,0,9.87,9.87,1,0
919_793,23.09738,70.88982,1,1,2023-04-12,2023-04-12,0,5.25,5.25,1,0
91_1387,20.30696,73.05386,1,1,2023-12-12,2023-12-12,0,1.25,1.25,1,0
91_1610,20.30685,73.86767,1,1,2023-06-09,2023-06-09,0,2.57,2.57,1,0
91_1737,20.3092,74.33023,1,1,2023-03-22,2023-03-22,0,7.76,7.76,1,0
920_1045,23.10247,71.8083,1,1,2023-06-06,2023-06-06,0,2.27,2.27,1,0
920_1547,23.09972,73.63479,1,1,2023-05-08,2023-05-08,0,6.15,6.15,1,0
920_369,23.10168,69.34705,1,1,2023-12-17,2023-12-17,0,2.67,2.67,1,0
920_370,23.10232,69.35098,1,1,2023-12-17,2023-12-17,0,2.98,2.98,1,0
920_564,23.09958,70.05755,1,1,2023-12-08,2023-12-08,0,2.02,2.02,1,0
920_597,23.10227,70.17712,1,1,2023-03-20,2023-03-20,0,1.88,1.88,1,0
920_680,23.10245,70.47907,1,1,2023-06-10,2023-06-10,0,3.88,3.88,1,0
920_928,23.10093,71.38279,1,1,2023-04-04,2023-04-04,0,1.51,1.51,1,0
921_1253,23.1057,72.56525,1,1,2023-11-12,2023-11-12,0,0.82,0.82,0,1
921_599,23.103106666666665,70.18428333333333,3,3,2023-02-02,2023-12-30,331,1.0933333333333333,1.86,0,3
921_600,23.104592222222216,70.18725698412698,63,59,2023-01-03,2023-12-23,354,0.9955555555555555,2.74,0,63
921_601,23.104699545454547,70.18959681818181,22,22,2023-01-09,2023-12-10,335,0.9709090909090909,1.88,0,22
921_791,23.10448,70.88226,1,1,2023-05-13,2023-05-13,0,6.19,6.19,1,0
921_794,23.10353,70.89315,1,1,2023-01-31,2023-01-31,0,3.07,3.07,1,0
921_853,23.10555,71.10991,1,1,2023-03-25,2023-03-25,0,8.84,8.84,1,0
921_876,23.10546,71.19334,1,1,2023-05-01,2023-05-01,0,1.09,1.09,0,1
921_929,23.10398,71.38533,1,1,2023-04-04,2023-04-04,0,5.83,5.83,1,0
921_984,23.10435,71.58661,1,1,2023-11-09,2023-11-09,0,4.21,4.21,1,0
922_1188,23.10876,72.32732,1,1,2023-03-25,2023-03-25,0,3.07,3.07,1,0
922_1191,23.10772,72.33932,1,1,2023-11-15,2023-11-15,0,1.77,1.77,1,0
922_1197,23.1076,72.36317,1,1,2023-11-19,2023-11-19,0,8.88,8.88,1,0
922_1309,23.10855,72.77027,1,1,2023-02-19,2023-02-19,0,0.96,0.96,0,1
922_1483,23.10723,73.40323,1,1,2023-06-08,2023-06-08,0,4.44,4.44,1,0
922_1764,23.10797,74.4272,2,1,2023-03-28,2023-03-28,0,0.7749999999999999,0.86,0,2
922_229,23.10837,68.83735,1,1,2023-11-20,2023-11-20,0,2.4,2.4,1,0
922_599,23.10682,70.18384,1,1,2023-12-30,2023-12-30,0,0.77,0.77,0,1
922_600,23.106584999999992,70.18795045454547,22,21,2023-01-16,2023-12-24,342,0.8745454545454545,2.17,0,22
922_601,23.10618285714286,70.18980285714285,7,7,2023-01-05,2023-12-17,346,0.7342857142857143,1.59,0,7
922_681,23.10864,70.48142,1,1,2023-06-10,2023-06-10,0,3.88,3.88,1,0
922_760,23.10727,70.77074,1,1,2023-11-15,2023-11-15,0,1.58,1.58,1,0
922_839,23.10663,71.0568,1,1,2023-09-11,2023-09-11,0,3.81,3.81,1,0
922_917,23.10823,71.34226,1,1,2023-03-27,2023-03-27,0,8.32,8.32,1,0
922_926,23.106,71.37404,1,1,2023-03-26,2023-03-26,0,1.57,1.57,1,0
923_1145,23.11185,72.17344,1,1,2023-04-05,2023-04-05,0,5.43,5.43,1,0
923_1179,23.10981,72.29771,1,1,2023-02-10,2023-02-10,0,0.31,0.31,0,1
923_1309,23.11176,72.76958,1,1,2023-02-19,2023-02-19,0,1.1,1.1,0,1
923_1310,23.11005,72.77165,1,1,2023-10-26,2023-10-26,0,0.98,0.98,0,1
923_229,23.11061,68.83666,1,1,2023-11-20,2023-11-20,0,3.3,3.3,1,0
923_521,23.11,69.89864,1,1,2023-06-02,2023-06-02,0,5.65,5.65,1,0
923_572,23.111801666666665,70.08549833333333,6,6,2023-01-10,2023-11-20,314,0.6683333333333333,1.5,0,6
923_573,23.11148,70.08733,1,1,2023-01-20,2023-01-20,0,0.39,0.39,0,1
923_813,23.10941,70.96246,1,1,2023-11-15,2023-11-15,0,1.4,1.4,1,0
923_983,23.11042,71.58093,1,1,2023-01-09,2023-01-09,0,2.32,2.32,1,0
924_1224,23.11291,72.46042,1,1,2023-01-26,2023-01-26,0,0.4,0.4,0,1
924_1566,23.1141,73.70621,1,1,2023-04-12,2023-04-12,0,2.16,2.16,0,1
924_1577,23.11413,73.74523,1,1,2023-03-10,2023-03-10,0,2.89,2.89,1,0
924_1593,23.11465,73.80228,1,1,2023-04-08,2023-04-08,0,2.31,2.31,1,0
924_1765,23.11453,74.43003,1,1,2023-02-11,2023-02-11,0,3.85,3.85,1,0
924_1767,23.11566,74.43828,1,1,2023-04-10,2023-04-10,0,25.54,25.54,1,0
924_390,23.11386,69.42172,1,1,2023-12-17,2023-12-17,0,9.51,9.51,1,0
924_521,23.11341,69.89806,1,1,2023-06-02,2023-06-02,0,6.68,6.68,1,0
924_571,23.114526666666666,70.08289666666667,3,3,2023-01-06,2023-06-04,149,0.9533333333333334,1.13,0,3
924_572,23.114218888888885,70.08532888888888,27,26,2023-01-01,2023-12-27,360,1.1648148148148147,2.69,0,27
924_573,23.11417125,70.08773875,8,8,2023-01-20,2023-12-26,340,0.9175,1.92,0,8
924_805,23.11531,70.93301,1,1,2023-03-06,2023-03-06,0,2.18,2.18,1,0
924_931,23.11398,71.39276,1,1,2023-11-17,2023-11-17,0,1.46,1.46,1,0
925_1042,23.11747,71.79571,1,1,2023-06-03,2023-06-03,0,0.55,0.55,0,1
925_1146,23.11775,72.17587,1,1,2023-03-02,2023-03-02,0,2.87,2.87,1,0
925_1247,23.11665,72.54374,1,1,2023-03-20,2023-03-20,0,2.67,2.67,1,0
925_1342,23.11827,72.89133,1,1,2023-05-22,2023-05-22,0,3.81,3.81,1,0
925_1571,23.11915,73.72494,1,1,2023-04-11,2023-04-11,0,6.14,6.14,1,0
925_1577,23.11745,73.74463,1,1,2023-03-10,2023-03-10,0,2.89,2.89,1,0
925_1582,23.11613,73.76279,1,1,2023-03-27,2023-03-27,0,9.22,9.22,1,0
925_1586,23.1176,73.77902,1,1,2023-03-29,2023-03-29,0,3.34,3.34,1,0
925_371,23.11807,69.35168,1,1,2023-02-24,2023-02-24,0,4.66,4.66,1,0
925_571,23.11929,70.08204,1,1,2023-05-03,2023-05-03,0,0.79,0.79,0,1
925_572,23.117242307692308,70.08497923076924,13,12,2023-01-03,2023-12-03,334,1.083076923076923,1.68,0,13
925_573,23.117420000000003,70.08776,2,2,2023-05-07,2023-11-03,180,2.605,3.93,1,1
926_1239,23.12007,72.5164,1,1,2023-12-18,2023-12-18,0,2.49,2.49,1,0
926_1584,23.12271,73.77275,1,1,2023-03-28,2023-03-28,0,2.55,2.55,1,0
926_1586,23.12016,73.77804,1,1,2023-03-29,2023-03-29,0,4.55,4.55,1,0
926_571,23.121456666666663,70.08275166666668,6,6,2023-01-15,2023-11-28,317,1.4483333333333333,1.96,0,6
926_572,23.12096318181818,70.08513363636361,44,40,2023-01-04,2023-12-27,357,2.2797727272727273,8.64,11,33
926_573,23.121342857142857,70.08744285714286,7,6,2023-01-01,2023-11-16,319,1.9885714285714284,4.76,3,4
926_867,23.12159,71.15844,1,1,2023-11-18,2023-11-18,0,2.51,2.51,1,0
926_877,23.12118,71.19771,1,1,2023-12-29,2023-12-29,0,2.58,2.58,1,0
926_907,23.11989,71.30576,1,1,2023-10-26,2023-10-26,0,0.58,0.58,0,1
926_918,23.12135,71.34669,1,1,2023-11-03,2023-11-03,0,1.72,1.72,1,0
927_1226,23.12586,72.46613,1,1,2023-01-26,2023-01-26,0,1.39,1.39,1,0
927_1542,23.123,73.61687,1,1,2023-02-25,2023-02-25,0,3.08,3.08,1,0
927_1560,23.12298,73.68449,1,1,2023-03-11,2023-03-11,0,0.72,0.72,0,1
927_512,23.12288,69.86555,1,1,2023-04-04,2023-04-04,0,4.65,4.65,1,0
927_560,23.12394,70.04147,1,1,2023-10-13,2023-10-13,0,6.5,6.5,1,0
927_571,23.12298,70.08293,2,2,2023-04-06,2023-09-13,160,1.975,2.08,0,2
927_572,23.123308750000003,70.08558625,8,8,2023-01-03,2023-12-27,358,1.01375,2.05,0,8
927_587,23.12597,70.14077,1,1,2023-04-14,2023-04-14,0,12.06,12.06,1,0
927_861,23.12442,71.13611,1,1,2023-11-22,2023-11-22,0,1.17,1.17,0,1
927_863,23.12343,71.14417,1,1,2023-11-15,2023-11-15,0,2.63,2.63,1,0
927_935,23.12462,71.40707,1,1,2023-05-27,2023-05-27,0,2.78,2.78,1,0
928_1784,23.12641,74.49966,1,1,2023-04-11,2023-04-11,0,9.69,9.69,1,0
928_227,23.12785,68.82984,1,1,2023-04-27,2023-04-27,0,0.76,0.76,0,1
928_228,23.12761,68.83194,1,1,2023-04-27,2023-04-27,0,1.25,1.25,0,1
928_359,23.12827,69.30831,1,1,2023-03-01,2023-03-01,0,4.4,4.4,1,0
928_360,23.12869,69.31364,1,1,2023-03-01,2023-03-01,0,6.39,6.39,1,0
928_595,23.12798,70.16829,1,1,2023-02-27,2023-02-27,0,2.1,2.1,0,1
928_825,23.12837,71.00841,1,1,2023-11-05,2023-11-05,0,2.35,2.35,1,0
928_836,23.1262,71.04594,1,1,2023-04-04,2023-04-04,0,6.75,6.75,1,0
928_958,23.12721,71.49084,1,1,2023-04-09,2023-04-09,0,5.91,5.91,1,0
929_1226,23.13083,72.46699,1,1,2023-05-19,2023-05-19,0,9.17,9.17,1,0
929_218,23.13092,68.79405,1,1,2023-03-13,2023-03-13,0,8.59,8.59,1,0
929_795,23.13178,70.89845,1,1,2023-03-08,2023-03-08,0,7.36,7.36,1,0
929_821,23.13158,70.99148,1,1,2023-03-14,2023-03-14,0,4.33,4.33,1,0
929_916,23.13247,71.33854,1,1,2023-10-24,2023-10-24,0,2.42,2.42,1,0
92_1335,20.31256,72.86539,1,1,2023-04-06,2023-04-06,0,7.27,7.27,1,0
92_1481,20.31056,73.39593,1,1,2023-05-08,2023-05-08,0,6.14,6.14,1,0
930_1064,23.13495,71.87878,1,1,2023-05-09,2023-05-09,0,1.12,1.12,0,1
930_1093,23.13498,71.98141,1,1,2023-05-28,2023-05-28,0,10.55,10.55,1,0
930_1166,23.13341,72.24693,1,1,2023-03-30,2023-03-30,0,1.5,1.5,1,0
930_1239,23.13601,72.51527,1,1,2023-04-02,2023-04-02,0,1.23,1.23,1,0
930_1374,23.134,73.00567,1,1,2023-02-07,2023-02-07,0,1.52,1.52,1,0
930_835,23.13452,71.04308,1,1,2023-11-10,2023-11-10,0,2.41,2.41,1,0
930_878,23.13469,71.19933,1,1,2023-03-28,2023-03-28,0,0.82,0.82,0,1
930_899,23.13326,71.27678,1,1,2023-11-15,2023-11-15,0,1.91,1.91,1,0
931_1247,23.13673,72.54312,1,1,2023-02-21,2023-02-21,0,1.75,1.75,1,0
931_1590,23.13891,73.79485,1,1,2023-03-10,2023-03-10,0,3.51,3.51,1,0
931_1599,23.13902,73.82694,1,1,2023-04-27,2023-04-27,0,0.44,0.44,0,1
931_261,23.13953,68.95296,1,1,2023-01-04,2023-01-04,0,1.78,1.78,1,0
931_365,23.13806,69.33249,1,1,2023-05-24,2023-05-24,0,2.78,2.78,1,0
931_566,23.138050000000003,70.06377333333334,3,3,2023-03-20,2023-06-08,80,1.0133333333333332,2.01,0,3
932_1185,23.14092,72.31873,1,1,2023-06-01,2023-06-01,0,2.18,2.18,1,0
932_1591,23.1399,73.79805,1,1,2023-03-10,2023-03-10,0,0.62,0.62,0,1
932_1593,23.14,73.80339,1,1,2023-02-17,2023-02-17,0,16.91,16.91,1,0
932_1611,23.13963,73.86829,1,1,2023-03-10,2023-03-10,0,0.65,0.65,0,1
932_528,23.14169,69.92428,1,1,2023-08-05,2023-08-05,0,2.67,2.67,1,0
932_870,23.14293,71.17162,1,1,2023-01-03,2023-01-03,0,2.02,2.02,1,0
933_1127,23.14532,72.10564,1,1,2023-04-09,2023-04-09,0,0.55,0.55,0,1
933_1152,23.1458,72.19606,1,1,2023-04-21,2023-04-21,0,6.07,6.07,1,0
933_1158,23.14575,72.22011,1,1,2023-04-11,2023-04-11,0,2.25,2.25,1,0
933_1638,23.14586,73.9677,1,1,2023-03-31,2023-03-31,0,5.11,5.11,1,0
933_233,23.14437,68.84948,1,1,2023-02-14,2023-02-14,0,5.6,5.6,1,0
933_269,23.14534,68.98299,1,1,2023-03-19,2023-03-19,0,1.79,1.79,1,0
933_604,23.14588,70.202045,2,1,2023-11-06,2023-11-06,0,4.38,4.85,0,2
933_605,23.14477,70.20527,2,2,2023-04-03,2023-11-06,217,4.76,5.61,1,1
933_801,23.14419,70.91815,1,1,2023-04-08,2023-04-08,0,7.33,7.33,1,0
933_817,23.14564,70.97877,1,1,2023-10-23,2023-10-23,0,5.74,5.74,1,0
933_849,23.14367,71.09409,1,1,2023-05-14,2023-05-14,0,15.32,15.32,1,0
933_867,23.14491,71.16035,1,1,2023-11-01,2023-11-01,0,3.44,3.44,1,0
934_1603,23.14711,73.83897,1,1,2023-04-15,2023-04-15,0,5.14,5.14,1,0
934_1605,23.14805,73.84708,1,1,2023-04-15,2023-04-15,0,11.29,11.29,1,0
934_233,23.14779,68.85013,1,1,2023-02-15,2023-02-15,0,4.84,4.84,1,0
934_378,23.1496,69.3776,1,1,2023-10-02,2023-10-02,0,1.59,1.59,1,0
934_467,23.14694,69.70241,1,1,2023-04-09,2023-04-09,0,6.69,6.69,1,0
934_542,23.149025,69.97615,2,2,2023-02-01,2023-02-02,1,1.8599999999999999,2.26,2,0
934_554,23.14748,70.01787,1,1,2023-02-02,2023-02-02,0,7.61,7.61,1,0
934_772,23.14844,70.812,1,1,2023-03-20,2023-03-20,0,8.37,8.37,1,0
934_834,23.14833,71.03786,1,1,2023-06-14,2023-06-14,0,5.42,5.42,1,0
934_906,23.14637,71.30049,1,1,2023-10-03,2023-10-03,0,2.42,2.42,1,0
935_1193,23.15222,72.34646,1,1,2023-04-09,2023-04-09,0,4.9,4.9,1,0
935_230,23.15305,68.84082,1,1,2023-04-06,2023-04-06,0,3.5,3.5,1,0
935_243,23.15106,68.88723,1,1,2023-04-12,2023-04-12,0,1.47,1.47,1,0
935_604,23.15108,70.20266000000001,2,1,2023-11-06,2023-11-06,0,4.38,4.85,0,2
935_872,23.1499,71.1795,1,1,2023-10-30,2023-10-30,0,4.31,4.31,1,0
935_919,23.15132,71.34768,1,1,2023-11-20,2023-11-20,0,0.51,0.51,0,1
936_1205,23.15423,72.38937,1,1,2023-02-05,2023-02-05,0,3.52,3.52,1,0
936_1576,23.15345,73.74298,1,1,2023-05-10,2023-05-10,0,9.4,9.4,1,0
936_1577,23.15332,73.74654,1,1,2023-03-26,2023-03-26,0,3.97,3.97,1,0
936_554,23.15311,70.01991,1,1,2023-02-02,2023-02-02,0,4.79,4.79,1,0
937_556,23.157305,70.027885,2,2,2023-10-14,2023-11-21,38,0.785,0.93,0,2
937_854,23.15861,71.11349,1,1,2023-11-20,2023-11-20,0,1.6,1.6,1,0
938_1120,23.16036,72.08096,1,1,2023-03-16,2023-03-16,0,3.11,3.11,1,0
938_1264,23.1605,72.60552,1,1,2023-11-23,2023-11-23,0,1.29,1.29,1,0
938_1604,23.16223,73.84525,1,1,2023-04-27,2023-04-27,0,5.05,5.05,1,0
938_196,23.16195,68.71449,1,1,2023-12-11,2023-12-11,0,5.36,5.36,1,0
938_603,23.16009,70.19745,1,1,2023-11-04,2023-11-04,0,5.49,5.49,1,0
938_847,23.16198,71.08516,1,1,2023-11-11,2023-11-11,0,8.5,8.5,1,0
938_854,23.162,71.11293,1,1,2023-11-20,2023-11-20,0,1.6,1.6,1,0
939_1326,23.16391,72.8308,1,1,2023-01-25,2023-01-25,0,0.88,0.88,0,1
939_1559,23.16549,73.67894,1,1,2023-05-02,2023-05-02,0,4.85,4.85,1,0
939_1634,23.16431,73.95274,1,1,2023-03-31,2023-03-31,0,3.69,3.69,1,0
939_299,23.16488,69.09143,1,1,2023-01-25,2023-01-25,0,2.05,2.05,1,0
939_859,23.1663,71.13062,1,1,2023-11-01,2023-11-01,0,1.92,1.92,1,0
93_1446,20.31406,73.2699,1,1,2023-04-28,2023-04-28,0,3.67,3.67,1,0
93_1447,20.31471,73.27074,1,1,2023-04-28,2023-04-28,0,4.3,4.3,1,0
93_1454,20.31442,73.29632,1,1,2023-04-14,2023-04-14,0,0.54,0.54,0,1
93_1474,20.31528,73.3691,1,1,2023-05-14,2023-05-14,0,5.23,5.23,1,0
940_1087,23.1676,71.96052,1,1,2023-06-09,2023-06-09,0,0.92,0.92,1,0
940_214,23.16682,68.7809,1,1,2023-05-11,2023-05-11,0,16.38,16.38,1,0
940_604,23.16912,70.19995,1,1,2023-12-06,2023-12-06,0,2.91,2.91,1,0
940_608,23.168525,70.21692833333334,6,6,2023-01-10,2023-02-26,47,0.645,0.88,0,6
940_609,23.1694525,70.219195,4,4,2023-01-18,2023-10-24,279,0.8025,1.0,0,4
940_841,23.16753,71.06435,1,1,2023-11-05,2023-11-05,0,3.68,3.68,1,0
940_842,23.16828,71.06875,1,1,2023-11-05,2023-11-05,0,3.68,3.68,1,0
940_860,23.16703,71.13393,1,1,2023-11-01,2023-11-01,0,1.92,1.92,1,0
940_866,23.16702,71.15613,1,1,2023-04-05,2023-04-05,0,18.9,18.9,1,0
940_869,23.16975,71.16632,1,1,2023-10-20,2023-10-20,0,4.95,4.95,1,0
941_1092,23.1703,71.97973,1,1,2023-12-07,2023-12-07,0,3.92,3.92,1,0
941_1187,23.1727,72.32641,1,1,2023-06-11,2023-06-11,0,5.12,5.12,1,0
941_1254,23.17053,72.56783,1,1,2023-02-05,2023-02-05,0,3.1,3.1,1,0
941_240,23.17032,68.87637,1,1,2023-02-14,2023-02-14,0,3.52,3.52,1,0
941_603,23.17244,70.19939,1,1,2023-12-06,2023-12-06,0,2.91,2.91,1,0
941_608,23.171265555555557,70.21719999999999,9,9,2023-01-01,2023-12-24,357,0.6077777777777778,0.8,0,9
941_609,23.1706,70.21914444444445,9,9,2023-01-02,2023-11-30,332,0.5766666666666667,0.87,0,9
941_846,23.17112,71.0823,1,1,2023-11-15,2023-11-15,0,1.89,1.89,1,0
941_860,23.17214,71.13265,1,1,2023-11-01,2023-11-01,0,3.96,3.96,1,0
942_1064,23.17397,71.87636,1,1,2023-05-30,2023-05-30,0,2.59,2.59,1,0
942_1131,23.17605,72.12064,1,1,2023-03-16,2023-03-16,0,12.55,12.55,1,0
942_1188,23.17406,72.32902,1,1,2023-06-11,2023-06-11,0,5.01,5.01,1,0
942_1191,23.17638,72.33961,1,1,2023-04-16,2023-04-16,0,6.92,6.92,1,0
942_1256,23.17499,72.57641,1,1,2023-12-12,2023-12-12,0,1.19,1.19,1,0
942_1605,23.17516,73.84765,1,1,2023-04-06,2023-04-06,0,0.99,0.99,0,1
942_1783,23.17467,74.49737,1,1,2023-02-18,2023-02-18,0,4.48,4.48,1,0
943_1616,23.17866,73.88717,1,1,2023-03-12,2023-03-12,0,9.54,9.54,1,0
943_614,23.17684,70.23706,1,1,2023-01-25,2023-01-25,0,7.77,7.77,1,0
944_1104,23.18114,72.02418,1,1,2023-03-16,2023-03-16,0,0.73,0.73,0,1
944_1158,23.181910000000002,72.21961,2,1,2023-03-28,2023-03-28,0,7.6850000000000005,7.82,2,0
944_1173,23.1808,72.27306,1,1,2023-11-11,2023-11-11,0,3.13,3.13,1,0
944_302,23.1818,69.10123,1,1,2023-06-10,2023-06-10,0,3.5,3.5,1,0
944_303,23.18307,69.10426,1,1,2023-06-10,2023-06-10,0,6.93,6.93,1,0
944_339,23.1802,69.23618,1,1,2023-01-13,2023-01-13,0,8.71,8.71,1,0
944_599,23.18103,70.18188,1,1,2023-02-10,2023-02-10,0,7.54,7.54,1,0
944_848,23.18174,71.09093,1,1,2023-03-31,2023-03-31,0,11.05,11.05,1,0
944_849,23.18131,71.09412,1,1,2023-11-11,2023-11-11,0,2.87,2.87,1,0
945_1028,23.1846,71.74641,1,1,2023-10-30,2023-10-30,0,1.53,1.53,1,0
945_1169,23.18534,72.25886,1,1,2023-04-08,2023-04-08,0,4.47,4.47,1,0
945_1172,23.18473,72.2722,1,1,2023-11-11,2023-11-11,0,6.46,6.46,1,0
945_1608,23.18672,73.86037,1,1,2023-02-16,2023-02-16,0,4.43,4.43,1,0
945_1612,23.18647,73.87363,1,1,2023-03-27,2023-03-27,0,5.93,5.93,1,0
945_292,23.1857,69.06479,1,1,2023-11-05,2023-11-05,0,9.16,9.16,1,0
945_487,23.18376,69.7764,1,1,2023-05-29,2023-05-29,0,10.9,10.9,1,0
945_597,23.1839,70.17725,1,1,2023-02-10,2023-02-10,0,2.52,2.52,1,0
945_598,23.18447,70.18133,1,1,2023-02-10,2023-02-10,0,2.52,2.52,1,0
945_848,23.18511,71.09029,1,1,2023-03-31,2023-03-31,0,11.05,11.05,1,0
946_1134,23.18987,72.13145,1,1,2023-12-11,2023-12-11,0,2.3,2.3,1,0
946_1159,23.188225,72.22399999999999,2,1,2023-04-04,2023-04-04,0,2.95,3.09,2,0
946_1172,23.18866,72.27135,1,1,2023-11-11,2023-11-11,0,6.46,6.46,1,0
946_1180,23.18853,72.29797,1,1,2023-11-19,2023-11-19,0,2.03,2.03,1,0
946_1185,23.18882,72.31771,1,1,2023-04-14,2023-04-14,0,1.51,1.51,1,0
946_292,23.18929,69.06711,1,1,2023-03-27,2023-03-27,0,2.89,2.89,1,0
946_293,23.18743,69.06825,1,1,2023-02-07,2023-02-07,0,1.85,1.85,1,0
946_563,23.18715,70.05149,1,1,2023-10-09,2023-10-09,0,0.92,0.92,1,0
946_819,23.18688,70.98455,1,1,2023-07-21,2023-07-21,0,22.1,22.1,1,0
947_1172,23.191815,72.27,2,1,2023-11-11,2023-11-11,0,8.865,13.16,2,0
947_1191,23.19208,72.33974,1,1,2023-04-12,2023-04-12,0,6.53,6.53,1,0
947_1251,23.19107,72.559,1,1,2023-04-14,2023-04-14,0,3.63,3.63,1,0
947_1256,23.19026,72.57737,1,1,2023-12-17,2023-12-17,0,1.57,1.57,1,0
947_1439,23.19175,73.24274,1,1,2023-04-03,2023-04-03,0,3.53,3.53,1,0
947_1602,23.19253,73.83736,1,1,2023-05-14,2023-05-14,0,7.74,7.74,1,0
947_1780,23.19069,74.48555,1,1,2023-04-04,2023-04-04,0,9.19,9.19,1,0
947_619,23.19127,70.25526,1,1,2023-03-08,2023-03-08,0,11.77,11.77,1,0
947_624,23.19254,70.27319,1,1,2023-05-06,2023-05-06,0,10.68,10.68,1,0
947_804,23.19207,70.93086,1,1,2023-07-21,2023-07-21,0,19.18,19.18,1,0
948_1148,23.19373,72.18251,1,1,2023-04-26,2023-04-26,0,19.94,19.94,1,0
948_1152,23.19355,72.19891,1,1,2023-05-28,2023-05-28,0,0.48,0.48,0,1
948_1188,23.19412,72.33003,1,1,2023-04-02,2023-04-02,0,6.77,6.77,1,0
948_1189,23.1949,72.33356,1,1,2023-04-02,2023-04-02,0,6.77,6.77,1,0
948_1191,23.19639,72.33875,1,1,2023-04-12,2023-04-12,0,6.53,6.53,1,0
948_804,23.19545,70.93021,1,1,2023-07-21,2023-07-21,0,24.68,24.68,1,0
948_805,23.1961,70.93415,1,1,2023-07-21,2023-07-21,0,24.68,24.68,1,0
949_1170,23.1981,72.26432,1,1,2023-05-25,2023-05-25,0,3.94,3.94,1,0
949_1172,23.19929,72.27006,1,1,2023-05-25,2023-05-25,0,4.07,4.07,1,0
949_1258,23.20003,72.58269,1,1,2023-03-22,2023-03-22,0,3.95,3.95,1,0
949_1625,23.19711,73.92162,1,1,2023-05-23,2023-05-23,0,7.59,7.59,1,0
950_1180,23.20113,72.29971,1,1,2023-04-08,2023-04-08,0,4.68,4.68,1,0
950_1432,23.20269,73.21751,1,1,2023-02-17,2023-02-17,0,1.17,1.17,0,1
950_1600,23.20124,73.82941,1,1,2023-04-25,2023-04-25,0,3.56,3.56,1,0
950_1609,23.201414999999997,73.861735,2,2,2023-02-16,2023-04-22,65,9.629999999999999,14.52,2,0
950_1704,23.20104,74.20976,1,1,2023-04-22,2023-04-22,0,1.23,1.23,0,1
950_238,23.20329,68.87001,1,1,2023-01-25,2023-01-25,0,24.36,24.36,1,0
950_415,23.20168,69.5135,1,1,2023-02-17,2023-02-17,0,3.74,3.74,1,0
950_622,23.20051,70.26633,1,1,2023-05-17,2023-05-17,0,12.07,12.07,1,0
951_1042,23.20621,71.79547,1,1,2023-01-14,2023-01-14,0,5.8,5.8,1,0
951_1608,23.204,73.85962,1,1,2023-04-11,2023-04-11,0,7.03,7.03,1,0
951_228,23.20639,68.83283,1,1,2023-04-22,2023-04-22,0,0.53,0.53,1,0
951_458,23.20576,69.66982,1,1,2023-05-22,2023-05-22,0,2.7,2.7,1,0
951_498,23.20621,69.81648,1,1,2023-01-15,2023-01-15,0,1.76,1.76,1,0
952_1006,23.20836,71.66686,1,1,2023-06-09,2023-06-09,0,100.83,100.83,1,0
952_1083,23.209335,71.945995,2,1,2023-04-03,2023-04-03,0,0.8049999999999999,0.86,0,2
952_1126,23.20711,72.1034,1,1,2023-05-22,2023-05-22,0,2.88,2.88,1,0
952_1566,23.20707,73.70461,1,1,2023-04-11,2023-04-11,0,2.28,2.28,1,0
952_1608,23.20731,73.85902,1,1,2023-04-11,2023-04-11,0,5.28,5.28,1,0
952_201,23.20782,68.73376,1,1,2023-03-22,2023-03-22,0,3.53,3.53,1,0
952_227,23.21023,68.82872,1,1,2023-04-16,2023-04-16,0,5.47,5.47,1,0
952_228,23.20968,68.8337,1,1,2023-04-22,2023-04-22,0,2.65,2.65,1,0
952_317,23.20743,69.15537,1,1,2023-12-01,2023-12-01,0,2.7,2.7,1,0
952_460,23.20925,69.67693,1,1,2023-01-17,2023-01-17,0,2.86,2.86,1,0
952_601,23.20714,70.18921,1,1,2023-05-07,2023-05-07,0,0.9,0.9,0,1
953_1005,23.21122,71.66113,1,1,2023-06-09,2023-06-09,0,100.83,100.83,1,0
953_1181,23.21162,72.30174,1,1,2023-04-10,2023-04-10,0,6.4,6.4,1,0
953_1624,23.21143,73.9165,1,1,2023-05-31,2023-05-31,0,4.27,4.27,1,0
953_176,23.21076,68.64228,1,1,2023-12-28,2023-12-28,0,5.14,5.14,1,0
953_227,23.21082,68.82904,1,1,2023-03-11,2023-03-11,0,2.66,2.66,1,0
953_472,23.21184,69.72027,1,1,2023-04-04,2023-04-04,0,3.67,3.67,1,0
953_546,23.21115,69.98931,1,1,2023-01-06,2023-01-06,0,4.19,4.19,1,0
954_174,23.21677,68.63436,1,1,2023-12-16,2023-12-16,0,4.36,4.36,1,0
954_176,23.21446,68.6415,1,1,2023-12-28,2023-12-28,0,5.14,5.14,1,0
954_179,23.21498,68.65357,1,1,2023-02-01,2023-02-01,0,4.85,4.85,1,0
954_198,23.21536,68.72378,2,2,2023-01-15,2023-01-17,2,3.76,3.97,2,0
954_227,23.21449,68.8287,1,1,2023-03-11,2023-03-11,0,3.95,3.95,1,0
954_243,23.21675,68.88705,1,1,2023-01-31,2023-01-31,0,14.89,14.89,1,0
954_473,23.21646,69.72643,1,1,2023-10-22,2023-10-22,0,4.95,4.95,1,0
954_507,23.21483,69.84683,1,1,2023-09-11,2023-09-11,0,2.78,2.78,1,0
954_722,23.21578,70.63236,1,1,2023-03-08,2023-03-08,0,10.64,10.64,1,0
955_1027,23.22002,71.7427,1,1,2023-05-10,2023-05-10,0,9.04,9.04,1,0
955_1099,23.2176,72.00329,1,1,2023-06-10,2023-06-10,0,14.43,14.43,1,0
955_1183,23.21849,72.31145,1,1,2023-11-23,2023-11-23,0,1.94,1.94,1,0
955_1550,23.21843,73.64765,1,1,2023-04-03,2023-04-03,0,3.99,3.99,1,0
955_180,23.21986,68.65744,1,1,2023-01-25,2023-01-25,0,4.31,4.31,1,0
955_202,23.21822,68.73577,1,1,2023-03-09,2023-03-09,0,5.53,5.53,1,0
956_1040,23.22159,71.78852,1,1,2023-10-20,2023-10-20,0,2.68,2.68,1,0
956_1140,23.223194,72.154496,5,5,2023-05-04,2023-12-28,238,0.8140000000000001,1.61,0,5
956_1141,23.22277,72.15606,1,1,2023-06-04,2023-06-04,0,0.77,0.77,0,1
956_1181,23.22083,72.30442,1,1,2023-11-15,2023-11-15,0,5.56,5.56,1,0
956_1190,23.22283,72.33439,1,1,2023-03-31,2023-03-31,0,2.38,2.38,1,0
956_1191,23.22341,72.33813,1,1,2023-03-31,2023-03-31,0,1.87,1.87,1,0
956_499,23.22314,69.81991,1,1,2023-04-28,2023-04-28,0,0.99,0.99,0,1
956_617,23.22168,70.25009,1,1,2023-10-27,2023-10-27,0,2.49,2.49,1,0
957_1040,23.22457,71.7899,1,1,2023-11-21,2023-11-21,0,3.5,3.5,1,0
957_1140,23.22585,72.15315000000001,2,1,2023-03-07,2023-03-07,0,0.775,1.05,0,2
957_1494,23.22408,73.44489,1,1,2023-11-21,2023-11-21,0,2.41,2.41,1,0
957_1624,23.22547,73.91566,1,1,2023-02-26,2023-02-26,0,4.35,4.35,1,0
957_214,23.22663,68.78129,1,1,2023-11-25,2023-11-25,0,3.8,3.8,1,0
957_493,23.22502,69.7961,1,1,2023-03-11,2023-03-11,0,1.92,1.92,1,0
957_646,23.2271,70.35441,1,1,2023-02-07,2023-02-07,0,2.33,2.33,1,0
957_664,23.2252,70.41945,1,1,2023-02-23,2023-02-23,0,21.5,21.5,1,0
958_1107,23.23027,72.03542,1,1,2023-03-09,2023-03-09,0,8.07,8.07,1,0
958_1159,23.22762,72.22404,1,1,2023-03-25,2023-03-25,0,5.06,5.06,1,0
958_1628,23.22812,73.9299,1,1,2023-05-27,2023-05-27,0,1.43,1.43,1,0
958_1737,23.23027,74.32686,1,1,2023-12-26,2023-12-26,0,0.35,0.35,0,1
958_435,23.22971,69.58543,1,1,2023-02-09,2023-02-09,0,3.67,3.67,1,0
958_536,23.22978,69.9538,1,1,2023-04-03,2023-04-03,0,4.5,4.5,1,0
958_663,23.23007,70.41826,1,1,2023-02-23,2023-02-23,0,4.87,4.87,1,0
959_1178,23.23216,72.29415,1,1,2023-04-10,2023-04-10,0,2.86,2.86,1,0
959_1188,23.23321,72.32878,1,1,2023-04-10,2023-04-10,0,4.14,4.14,1,0
959_629,23.23286,70.29333,1,1,2023-03-20,2023-03-20,0,3.55,3.55,1,0
95_1317,20.32136,72.79799,1,1,2023-06-01,2023-06-01,0,2.97,2.97,1,0
95_1453,20.32247,73.29298,1,1,2023-05-08,2023-05-08,0,1.94,1.94,1,0
95_1498,20.32101,73.45638,1,1,2023-05-08,2023-05-08,0,2.29,2.29,1,0
95_1593,20.32259,73.80521,1,1,2023-04-22,2023-04-22,0,13.21,13.21,1,0
95_1720,20.3206,74.26509,1,1,2023-02-19,2023-02-19,0,1.36,1.36,0,1
960_1144,23.23677,72.16785,1,1,2023-03-22,2023-03-22,0,9.24,9.24,1,0
960_1176,23.23648,72.28446,1,1,2023-02-27,2023-02-27,0,3.96,3.96,1,0
960_475,23.23531,69.73151,1,1,2023-04-19,2023-04-19,0,4.82,4.82,1,0
960_476,23.23589,69.73713,1,1,2023-04-19,2023-04-19,0,4.82,4.82,1,0
960_596,23.2346,70.17419,1,1,2023-04-12,2023-04-12,0,6.61,6.61,1,0
960_744,23.23515,70.71104,1,1,2023-03-19,2023-03-19,0,7.67,7.67,1,0
961_1178,23.23876,72.2938,1,1,2023-06-08,2023-06-08,0,5.44,5.44,1,0
961_1184,23.23801,72.31472,1,1,2023-05-09,2023-05-09,0,8.75,8.75,1,0
961_1608,23.23871,73.85879,1,1,2023-04-10,2023-04-10,0,10.26,10.26,1,0
961_545,23.24025,69.9881,1,1,2023-01-20,2023-01-20,0,1.89,1.89,1,0
962_1191,23.24145,72.34047,1,1,2023-11-15,2023-11-15,0,4.04,4.04,1,0
962_203,23.24111,68.74162,1,1,2023-05-08,2023-05-08,0,5.17,5.17,1,0
962_438,23.24188,69.59663,1,1,2023-06-11,2023-06-11,0,4.56,4.56,1,0
962_555,23.24314,70.02399,1,1,2023-03-14,2023-03-14,0,4.93,4.93,1,0
963_597,23.24612,70.17446,1,1,2023-06-10,2023-06-10,0,4.7,4.7,1,0
964_1192,23.24911,72.34386,1,1,2023-02-27,2023-02-27,0,10.35,10.35,1,0
964_1204,23.24841,72.38853,1,1,2023-04-15,2023-04-15,0,7.05,7.05,1,0
964_1783,23.24961,74.49483,1,1,2023-02-15,2023-02-15,0,7.38,7.38,1,0
964_391,23.24749,69.42773,1,1,2023-02-02,2023-02-02,0,2.27,2.27,1,0
964_496,23.24907,69.80923,1,1,2023-03-13,2023-03-13,0,10.21,10.21,1,0
964_512,23.2476,69.86779,1,1,2023-03-09,2023-03-09,0,0.57,0.57,0,1
965_1783,23.2508,74.49592,1,1,2023-02-15,2023-02-15,0,10.49,10.49,1,0
965_217,23.25336,68.7916,1,1,2023-04-23,2023-04-23,0,1.53,1.53,1,0
965_242,23.25124,68.88436,1,1,2023-03-20,2023-03-20,0,1.72,1.72,1,0
965_489,23.2511,69.78114,1,1,2023-04-19,2023-04-19,0,0.73,0.73,0,1
965_540,23.25316,69.96704,1,1,2023-12-12,2023-12-12,0,2.66,2.66,1,0
966_217,23.25602,68.79205,1,1,2023-04-23,2023-04-23,0,1.34,1.34,1,0
966_539,23.25665,69.96635,1,1,2023-12-12,2023-12-12,0,4.31,4.31,1,0
966_617,23.256906666666666,70.25072333333333,3,3,2023-10-08,2023-11-04,27,1.0666666666666667,1.53,0,3
966_618,23.256248333333335,70.25259,6,6,2023-02-21,2023-10-30,251,1.415,2.68,0,6
966_620,23.256498333333337,70.26071833333333,6,6,2023-01-20,2023-12-06,320,0.885,1.21,0,6
966_621,23.256318750000002,70.262705,8,8,2023-01-04,2023-12-22,352,0.63875,0.94,0,8
967_1038,23.25913,71.78313,1,1,2023-11-21,2023-11-21,0,5.55,5.55,1,0
967_1039,23.25982,71.78725,1,1,2023-11-21,2023-11-21,0,3.04,3.04,1,0
967_1142,23.2586,72.16122,1,1,2023-06-12,2023-06-12,0,2.48,2.48,1,0
967_598,23.25938,70.180685,2,1,2023-10-18,2023-10-18,0,3.455,3.6,2,0
967_617,23.2603875,70.2493675,4,4,2023-01-01,2023-02-13,43,1.3125,1.51,0,4
967_618,23.25855714285714,70.25215714285714,7,7,2023-01-04,2023-11-07,307,1.0057142857142858,1.64,0,7
967_620,23.25891,70.26111,1,1,2023-03-27,2023-03-27,0,0.98,0.98,0,1
967_621,23.258091999999998,70.26299999999999,5,5,2023-03-25,2023-12-05,255,1.042,1.29,0,5
967_664,23.26035,70.42041,1,1,2023-05-17,2023-05-17,0,9.05,9.05,1,0
968_1038,23.26259,71.78246,1,1,2023-11-21,2023-11-21,0,1.83,1.83,1,0
968_209,23.26405,68.76176,1,1,2023-12-07,2023-12-07,0,1.36,1.36,1,0
968_362,23.26308,69.32194,1,1,2023-12-26,2023-12-26,0,2.37,2.37,1,0
968_534,23.26416,69.94715,1,1,2023-05-08,2023-05-08,0,4.87,4.87,1,0
968_616,23.26197,70.24702,1,1,2023-02-13,2023-02-13,0,1.24,1.24,0,1
968_617,23.262684081632656,70.24983775510205,49,46,2023-01-01,2023-12-31,364,1.293469387755102,2.77,0,49
968_618,23.26263745454545,70.2519801818182,55,53,2023-01-01,2023-12-26,359,1.3689090909090909,2.89,1,54
968_619,23.26335,70.25775,1,1,2023-01-10,2023-01-10,0,1.76,1.76,0,1
968_620,23.26340125,70.25998625,8,8,2023-01-04,2023-02-05,32,0.9675,1.55,0,8
968_621,23.26347,70.26212,1,1,2023-01-25,2023-01-25,0,0.41,0.41,0,1
968_677,23.26171,70.46662,1,1,2023-04-26,2023-04-26,0,8.14,8.14,1,0
969_1039,23.26625,71.78709,1,1,2023-05-10,2023-05-10,0,16.2,16.2,1,0
969_1153,23.26572,72.20297,1,1,2023-05-08,2023-05-08,0,2.99,2.99,1,0
969_1194,23.26654,72.35204,1,1,2023-12-07,2023-12-07,0,3.19,3.19,1,0
969_346,23.26556,69.26063,1,1,2023-03-26,2023-03-26,0,3.12,3.12,1,0
969_465,23.26436,69.69689,1,1,2023-05-21,2023-05-21,0,0.76,0.76,0,1
969_466,23.26507,69.69809,1,1,2023-10-13,2023-10-13,0,2.83,2.83,1,0
969_534,23.26572,69.94526,1,1,2023-03-18,2023-03-18,0,6.45,6.45,1,0
969_572,23.266,70.08466,1,1,2023-01-10,2023-01-10,0,1.67,1.67,1,0
969_589,23.26627,70.14556,1,1,2023-11-16,2023-11-16,0,1.33,1.33,1,0
969_617,23.26472727272727,70.25008545454546,11,11,2023-01-10,2023-12-12,336,1.0163636363636364,1.93,0,11
969_618,23.26474,70.25209000000001,4,4,2023-10-09,2023-12-22,74,1.0725,1.39,0,4
969_619,23.266576428571426,70.25672857142857,14,14,2023-04-10,2023-12-26,260,0.7857142857142857,1.36,0,14
969_620,23.265917199999993,70.2596856,25,25,2023-01-02,2023-12-28,360,0.8452000000000001,2.27,0,25
969_625,23.266270000000002,70.27973666666666,3,3,2023-01-22,2023-04-10,78,0.5,0.57,0,3
969_626,23.2666775,70.28139916666667,12,12,2023-01-02,2023-10-31,302,0.8075,1.65,0,12
969_671,23.26708,70.44576,1,1,2023-01-03,2023-01-03,0,2.21,2.21,1,0
969_721,23.26563,70.6263,1,1,2023-05-30,2023-05-30,0,3.33,3.33,1,0
96_1357,20.32417,72.94351,1,1,2023-02-15,2023-02-15,0,3.55,3.55,1,0
96_1358,20.32409,72.94745,1,1,2023-05-07,2023-05-07,0,2.57,2.57,0,1
96_1568,20.32431,73.71384,1,1,2023-02-11,2023-02-11,0,8.87,8.87,1,0
96_1718,20.32656,74.25746,1,1,2023-02-19,2023-02-19,0,8.3,8.3,1,0
970_1040,23.26793,71.78851,1,1,2023-05-10,2023-05-10,0,2.73,2.73,1,0
970_1097,23.27057,71.99756,1,1,2023-03-23,2023-03-23,0,8.89,8.89,1,0
970_222,23.27037,68.80969,1,1,2023-02-05,2023-02-05,0,1.19,1.19,1,0
970_466,23.26887,69.69804,1,1,2023-05-21,2023-05-21,0,0.76,0.76,0,1
970_534,23.26841,69.94598,1,1,2023-03-18,2023-03-18,0,4.34,4.34,1,0
970_619,23.268136666666667,70.25746666666667,3,3,2023-10-21,2023-12-10,50,0.6233333333333333,0.82,0,3
970_620,23.26785,70.25976,1,1,2023-12-26,2023-12-26,0,0.85,0.85,0,1
970_671,23.26879,70.44531,1,1,2023-01-03,2023-01-03,0,1.74,1.74,1,0
971_1067,23.2723,71.88917,1,1,2023-12-17,2023-12-17,0,1.37,1.37,1,0
971_495,23.27347,69.80495,1,1,2023-05-16,2023-05-16,0,4.36,4.36,1,0
971_600,23.2731,70.18887,1,1,2023-11-03,2023-11-03,0,2.8,2.8,1,0
972_1619,23.27542,73.90036,1,1,2023-06-12,2023-06-12,0,4.81,4.81,1,0
972_517,23.27471,69.88616,1,1,2023-04-17,2023-04-17,0,2.93,2.93,1,0
972_519,23.27757,69.89055,1,1,2023-12-07,2023-12-07,0,6.35,6.35,1,0
972_598,23.27601,70.17941,1,1,2023-06-10,2023-06-10,0,4.12,4.12,1,0
973_1060,23.27776,71.86353,1,1,2023-05-04,2023-05-04,0,0.79,0.79,0,1
973_1175,23.27979,72.2806,1,1,2023-01-05,2023-01-05,0,3.5,3.5,1,0
973_391,23.27782,69.42649,1,1,2023-03-05,2023-03-05,0,2.14,2.14,1,0
974_1022,23.28125,71.72398,1,1,2023-04-22,2023-04-22,0,10.03,10.03,1,0
974_606,23.28231,70.2088,1,1,2023-04-17,2023-04-17,0,3.73,3.73,1,0
975_1770,23.2873,74.44849,1,1,2023-05-10,2023-05-10,0,2.42,2.42,0,1
975_1771,23.28507,74.45074,1,1,2023-05-10,2023-05-10,0,2.75,2.75,0,1
975_199,23.28528,68.72829,1,1,2023-04-23,2023-04-23,0,5.99,5.99,1,0
975_222,23.28528,68.80968,1,1,2023-01-25,2023-01-25,0,3.44,3.44,1,0
976_1132,23.28905,72.12444,1,1,2023-04-04,2023-04-04,0,1.05,1.05,1,0
976_1184,23.28963,72.31535,1,1,2023-10-15,2023-10-15,0,2.21,2.21,1,0
977_606,23.29236,70.21,1,1,2023-03-24,2023-03-24,0,0.83,0.83,1,0
978_1044,23.29729,71.80614,1,1,2023-04-02,2023-04-02,0,0.52,0.52,0,1
978_1045,23.29722,71.80745,1,1,2023-04-02,2023-04-02,0,0.49,0.49,0,1
978_229,23.29667,68.83514,1,1,2023-03-13,2023-03-13,0,4.91,4.91,1,0
978_237,23.296235,68.865555,2,1,2023-05-17,2023-05-17,0,4.02,4.02,2,0
978_671,23.29746,70.44734,1,1,2023-04-12,2023-04-12,0,10.94,10.94,1,0
979_1125,23.29933,72.09994,1,1,2023-06-02,2023-06-02,0,10.82,10.82,1,0
979_1775,23.30036,74.46864,1,1,2023-04-15,2023-04-15,0,1.61,1.61,0,1
979_502,23.30115,69.83152,1,1,2023-01-04,2023-01-04,0,2.46,2.46,1,0
97_1390,20.32966,73.06617,1,1,2023-04-16,2023-04-16,0,12.59,12.59,1,0
97_1451,20.32685,73.28602,1,1,2023-05-14,2023-05-14,0,1.48,1.48,0,1
97_1464,20.32928,73.33249,1,1,2023-05-08,2023-05-08,0,1.46,1.46,1,0
97_1481,20.32913,73.39539,1,1,2023-04-21,2023-04-21,0,5.02,5.02,1,0
97_1522,20.32896,73.54522,1,1,2023-05-17,2023-05-17,0,8.45,8.45,1,0
97_1717,20.32809,74.25524,1,1,2023-02-19,2023-02-19,0,15.09,15.09,1,0
980_1646,23.30259,73.99714,1,1,2023-02-22,2023-02-22,0,0.66,0.66,0,1
980_401,23.30272,69.46226,1,1,2023-06-02,2023-06-02,0,4.04,4.04,1,0
980_496,23.3033,69.80926,1,1,2023-02-14,2023-02-14,0,4.83,4.83,1,0
980_503,23.30171,69.83527,1,1,2023-01-04,2023-01-04,0,2.46,2.46,1,0
980_679,23.30428,70.47521,4,4,2023-01-26,2023-05-01,95,0.8125,0.94,0,4
980_680,23.304042857142857,70.47783714285714,7,7,2023-01-04,2023-04-04,90,1.03,2.03,1,6
981_1021,23.30679,71.719785,2,1,2023-04-09,2023-04-09,0,2.605,3.01,0,2
981_1022,23.30533,71.72346,1,1,2023-04-09,2023-04-09,0,1.83,1.83,0,1
981_1454,23.30719,73.29666,1,1,2023-04-03,2023-04-03,0,11.5,11.5,1,0
981_1455,23.30759,73.30154,1,1,2023-04-03,2023-04-03,0,26.42,26.42,1,0
981_1646,23.30592,73.99774,1,1,2023-02-22,2023-02-22,0,0.93,0.93,0,1
981_221,23.30716,68.80505,1,1,2023-11-10,2023-11-10,0,4.67,4.67,1,0
981_378,23.30528,69.38026,1,1,2023-02-08,2023-02-08,0,2.79,2.79,1,0
981_401,23.30609,69.46171,1,1,2023-06-02,2023-06-02,0,3.48,3.48,1,0
981_476,23.30703,69.73705,1,1,2023-02-20,2023-02-20,0,7.67,7.67,1,0
981_493,23.3047,69.79674,1,1,2023-04-27,2023-04-27,0,1.03,1.03,0,1
981_676,23.306606666666667,70.46509999999999,3,3,2023-01-22,2023-02-07,16,0.43333333333333335,0.52,0,3
981_677,23.306656,70.467612,5,5,2023-02-01,2023-10-19,260,0.63,0.76,0,5
981_679,23.305538000000002,70.475834,5,5,2023-01-20,2023-06-24,155,1.034,1.41,0,5
981_680,23.305315714285715,70.47781714285715,7,7,2023-01-10,2023-10-30,293,1.0185714285714287,1.57,0,7
982_1102,23.30853,72.01529,1,1,2023-03-26,2023-03-26,0,4.91,4.91,1,0
982_272,23.31086,68.99155,1,1,2023-04-14,2023-04-14,0,3.05,3.05,1,0
982_626,23.30978,70.28177,1,1,2023-06-12,2023-06-12,0,4.07,4.07,0,1
983_1101,23.31246,72.01146,2,1,2023-03-27,2023-03-27,0,3.33,3.84,2,0
983_325,23.31317,69.18444,1,1,2023-08-31,2023-08-31,0,3.82,3.82,1,0
983_601,23.31465,70.1905,2,2,2023-04-23,2023-12-08,229,0.435,0.5,0,2
983_603,23.31331,70.19901740740741,27,27,2023-01-02,2023-12-31,363,0.7322222222222222,1.57,0,27
983_604,23.313407999999995,70.200826,15,15,2023-01-26,2023-12-31,339,0.6086666666666667,0.89,0,15
983_682,23.31410722222222,70.48643666666666,18,18,2023-01-06,2023-10-21,288,1.05,1.74,0,18
983_683,23.314270769230767,70.4882423076923,13,13,2023-01-10,2023-12-26,350,1.2207692307692308,2.27,0,13
984_1587,23.31762,73.78345,1,1,2023-04-10,2023-04-10,0,14.14,14.14,1,0
984_1654,23.31691,74.02767,1,1,2023-06-07,2023-06-07,0,4.86,4.86,1,0
984_1693,23.31781,74.16806,1,1,2023-04-15,2023-04-15,0,9.56,9.56,1,0
984_600,23.31513,70.18884,1,1,2023-01-01,2023-01-01,0,0.59,0.59,0,1
984_601,23.316533333333336,70.19031000000001,3,2,2023-02-18,2023-11-22,277,0.6633333333333333,0.73,0,3
984_603,23.31487,70.19927,1,1,2023-12-11,2023-12-11,0,0.66,0.66,0,1
984_604,23.31494,70.20007,1,1,2023-12-10,2023-12-10,0,0.81,0.81,0,1
984_682,23.315842545454544,70.48610672727271,55,55,2023-01-03,2023-12-27,358,1.1354545454545455,1.91,0,55
984_683,23.315709615384613,70.48831730769231,26,26,2023-01-04,2023-12-11,341,1.2119230769230769,2.9,0,26
985_1014,23.32135,71.69666,1,1,2023-05-10,2023-05-10,0,2.31,2.31,1,0
985_1587,23.32141,73.78288,1,1,2023-04-10,2023-04-10,0,14.14,14.14,1,0
985_646,23.32148,70.35515,1,1,2023-10-19,2023-10-19,0,0.47,0.47,0,1
985_702,23.31944,70.5602,1,1,2023-12-12,2023-12-12,0,2.17,2.17,1,0
986_1211,23.32322,72.41106,1,1,2023-01-26,2023-01-26,0,1.65,1.65,0,1
986_1212,23.32265,72.41486,1,1,2023-01-26,2023-01-26,0,1.65,1.65,0,1
986_434,23.32179,69.58211,1,1,2023-05-17,2023-05-17,0,4.41,4.41,1,0
986_702,23.32285,70.55954,1,1,2023-12-12,2023-12-12,0,2.17,2.17,1,0
987_1307,23.32592,72.76334,1,1,2023-04-09,2023-04-09,0,10.61,10.61,1,0
987_1540,23.32722,73.61201,1,1,2023-04-17,2023-04-17,0,2.26,2.26,0,1
987_1647,23.32488,74.00046,1,1,2023-03-29,2023-03-29,0,7.08,7.08,1,0
987_606,23.32597,70.21083,1,1,2023-04-29,2023-04-29,0,0.81,0.81,0,1
987_607,23.32696079999999,70.21345840000001,25,22,2023-01-12,2023-12-24,346,0.9688,1.6,0,25
987_608,23.327157500000002,70.21518625,8,8,2023-01-22,2023-12-13,325,0.9037499999999999,1.21,0,8
988_1460,23.33009,73.32019,1,1,2023-04-08,2023-04-08,0,3.82,3.82,1,0
988_1542,23.33038,73.6176,1,1,2023-04-17,2023-04-17,0,1.96,1.96,0,1
988_570,23.330485000000003,70.07839,2,1,2023-10-23,2023-10-23,0,9.045,10.18,2,0
988_607,23.329310999999997,70.21335400000001,10,10,2023-01-06,2023-12-30,358,1.305,5.54,0,10
988_608,23.328954285714286,70.21517857142858,7,7,2023-02-02,2023-11-17,288,0.8214285714285715,1.1,0,7
988_636,23.32932,70.31687,1,1,2023-05-19,2023-05-19,0,5.9,5.9,1,0
988_637,23.32969,70.32213,1,1,2023-02-15,2023-02-15,0,0.27,0.27,0,1
989_1170,23.33496,72.26346,1,1,2023-05-17,2023-05-17,0,1.15,1.15,1,0
989_1195,23.33241,72.35313,1,1,2023-03-08,2023-03-08,0,3.14,3.14,1,0
989_1759,23.33218,74.40684,1,1,2023-04-27,2023-04-27,0,0.53,0.53,0,1
989_448,23.33315,69.63468,1,1,2023-04-06,2023-04-06,0,2.95,2.95,1,0
989_449,23.33397,69.63888,1,1,2023-04-06,2023-04-06,0,5.81,5.81,1,0
989_607,23.331764999999997,70.21384,2,1,2023-04-12,2023-04-12,0,0.845,0.93,0,2
98_1342,20.331564999999998,72.888955,2,2,2023-02-27,2023-04-11,43,0.44500000000000006,0.56,0,2
98_1500,20.33056,73.46523,1,1,2023-06-01,2023-06-01,0,1.42,1.42,1,0
98_1507,20.33254,73.48936,1,1,2023-04-26,2023-04-26,0,14.86,14.86,1,0
990_1171,23.33623,72.26633,1,1,2023-05-17,2023-05-17,0,1.65,1.65,1,0
990_1759,23.33622,74.40986,1,1,2023-04-28,2023-04-28,0,21.25,21.25,1,0
990_176,23.3371,68.64395,1,1,2023-02-16,2023-02-16,0,8.14,8.14,1,0
990_257,23.33652,68.93903,1,1,2023-06-04,2023-06-04,0,2.57,2.57,1,0
991_1005,23.33925,71.66172,1,1,2023-04-25,2023-04-25,0,9.18,9.18,1,0
991_1105,23.33835,72.02489,1,1,2023-12-10,2023-12-10,0,2.47,2.47,1,0
992_178,23.34236,68.650275,2,2,2023-03-18,2023-04-20,33,3.92,4.74,2,0
992_179,23.34442,68.65357,1,1,2023-01-21,2023-01-21,0,3.79,3.79,1,0
992_403,23.34195,69.4705,1,1,2023-03-31,2023-03-31,0,3.82,3.82,1,0
992_639,23.34497,70.32793,1,1,2023-11-21,2023-11-21,0,0.38,0.38,0,1
993_179,23.34569,68.65327,1,1,2023-03-03,2023-03-03,0,4.11,4.11,1,0
993_185,23.34589,68.67488,1,1,2023-12-11,2023-12-11,0,5.44,5.44,1,0
993_371,23.34808,69.35447,1,1,2023-01-29,2023-01-29,0,4.08,4.08,1,0
993_570,23.34568,70.07966,1,1,2023-10-25,2023-10-25,0,2.21,2.21,1,0
993_571,23.34693,70.08176,1,1,2023-11-10,2023-11-10,0,3.21,3.21,1,0
993_572,23.34638,70.08382,1,1,2023-10-25,2023-10-25,0,2.21,2.21,1,0
993_594,23.3479,70.16495,1,1,2023-05-11,2023-05-11,0,15.39,15.39,1,0
994_1211,23.34877,72.41341,1,1,2023-04-03,2023-04-03,0,5.11,5.11,1,0
994_1469,23.34874,73.35223,1,1,2023-11-16,2023-11-16,0,3.54,3.54,1,0
994_1586,23.35126,73.77872,1,1,2023-05-30,2023-05-30,0,5.94,5.94,1,0
994_192,23.35141,68.70087,1,1,2023-06-10,2023-06-10,0,0.77,0.77,0,1
994_567,23.35178,70.06792,1,1,2023-11-10,2023-11-10,0,2.46,2.46,1,0
994_570,23.34915,70.07896,1,1,2023-10-25,2023-10-25,0,4.15,4.15,1,0
994_571,23.350125,70.082085,2,2,2023-10-25,2023-11-10,16,3.225,4.15,2,0
994_573,23.35054,70.08727,1,1,2023-10-25,2023-10-25,0,4.94,4.94,1,0
994_657,23.34866,70.3934,1,1,2023-02-23,2023-02-23,0,4.16,4.16,1,0
995_1095,23.35324,71.99159,1,1,2023-03-16,2023-03-16,0,3.44,3.44,1,0
995_1163,23.35421,72.2381,1,1,2023-11-19,2023-11-19,0,4.26,4.26,1,0
995_172,23.3525,68.63,1,1,2023-11-11,2023-11-11,0,5.65,5.65,1,0
995_173,23.354865,68.63272,2,2,2023-11-11,2023-12-02,21,12.29,19.16,2,0
995_314,23.352,69.14719,1,1,2023-06-06,2023-06-06,0,3.21,3.21,1,0
995_365,23.35382,69.33022,1,1,2023-03-19,2023-03-19,0,1.32,1.32,1,0
995_566,23.35401,70.06506,1,1,2023-10-25,2023-10-25,0,2.46,2.46,1,0
995_568,23.353595,70.07065,2,2,2023-10-25,2023-11-10,16,4.99,5.12,2,0
995_569,23.35193,70.0741,1,1,2023-10-25,2023-10-25,0,3.46,3.46,1,0
995_570,23.35262,70.07826,1,1,2023-10-25,2023-10-25,0,4.15,4.15,1,0
995_571,23.353595,70.08139,2,2,2023-10-25,2023-11-10,16,3.225,4.15,2,0
995_572,23.354284999999997,70.085545,2,2,2023-10-25,2023-11-10,16,3.62,4.94,2,0
995_656,23.35352,70.39221,1,1,2023-02-23,2023-02-23,0,6.33,6.33,1,0
995_719,23.35505,70.6208,1,1,2023-03-30,2023-03-30,0,5.51,5.51,1,0
996_1162,23.35626,72.23508,1,1,2023-11-10,2023-11-10,0,0.35,0.35,0,1
996_1163,23.35727,72.23638,1,1,2023-11-19,2023-11-19,0,2.85,2.85,1,0
996_1586,23.35523,73.77785,1,1,2023-05-30,2023-05-30,0,0.9,0.9,1,0
996_172,23.35739,68.62879,1,1,2023-11-11,2023-11-11,0,5.65,5.65,1,0
996_173,23.3577,68.632205,2,2,2023-12-02,2023-12-10,8,6.220000000000001,9.14,2,0
996_174,23.35586,68.63653,1,1,2023-12-02,2023-12-02,0,6.37,6.37,1,0
996_215,23.35554,68.78442,1,1,2023-03-23,2023-03-23,0,3.88,3.88,1,0
996_222,23.3563,68.81061,1,1,2023-04-20,2023-04-20,0,1.93,1.93,1,0
996_321,23.35635,69.1698,1,1,2023-05-11,2023-05-11,0,9.98,9.98,1,0
996_566,23.35748,70.06437,1,1,2023-10-25,2023-10-25,0,2.46,2.46,1,0
996_567,23.35525,70.06721,1,1,2023-11-10,2023-11-10,0,4.43,4.43,1,0
996_569,23.356216666666665,70.07427666666666,3,2,2023-10-25,2023-11-10,16,3.71,4.86,3,0
996_570,23.356916666666667,70.07843666666666,3,2,2023-10-25,2023-11-10,16,3.043333333333333,4.35,3,0
996_571,23.35741,70.08198999999999,2,1,2023-10-25,2023-10-25,0,3.46,4.35,2,0
996_572,23.35776,70.084855,2,2,2023-10-25,2023-11-10,16,4.305,6.4,2,0
996_720,23.35746,70.62265,1,1,2023-05-28,2023-05-28,0,6.98,6.98,1,0
997_173,23.35965,68.63026,1,1,2023-10-23,2023-10-23,0,3.84,3.84,1,0
997_1751,23.36152,74.37909,1,1,2023-04-18,2023-04-18,0,1.67,1.67,0,1
997_563,23.36011,70.05334,1,1,2023-11-10,2023-11-10,0,18.17,18.17,1,0
997_564,23.3608,70.0575,1,1,2023-11-10,2023-11-10,0,18.17,18.17,1,0
997_570,23.360185,70.07793000000001,2,2,2023-10-25,2023-11-10,16,3.28,4.35,2,0
997_571,23.36109,70.08190666666667,3,2,2023-10-25,2023-11-10,16,3.043333333333333,4.35,3,0
997_572,23.35985,70.08579499999999,2,1,2023-10-25,2023-10-25,0,4.37,6.4,2,0
997_720,23.35857,70.6235,1,1,2023-06-02,2023-06-02,0,6.03,6.03,1,0
998_1123,23.3624,72.0923,1,1,2023-12-17,2023-12-17,0,2.39,2.39,1,0
998_172,23.36292,68.62715,1,1,2023-10-24,2023-10-24,0,3.13,3.13,1,0
998_174,23.36504,68.63615,1,1,2023-11-01,2023-11-01,0,5.66,5.66,1,0
998_1747,23.36486,74.36617,1,1,2023-03-27,2023-03-27,0,0.72,0.72,0,1
998_1749,23.36301,74.37359,1,1,2023-03-26,2023-03-26,0,0.6,0.6,0,1
998_324,23.36284,69.1837,1,1,2023-03-11,2023-03-11,0,2.09,2.09,1,0
998_564,23.36427,70.05681,1,1,2023-11-10,2023-11-10,0,18.17,18.17,1,0
998_566,23.36213,70.0642,1,1,2023-10-25,2023-10-25,0,1.57,1.57,1,0
998_567,23.36219,70.06582,1,1,2023-11-10,2023-11-10,0,2.77,2.77,1,0
998_569,23.36356,70.07253,1,1,2023-10-25,2023-10-25,0,3.46,3.46,1,0
998_570,23.36427,70.0775,2,2,2023-10-25,2023-11-10,16,2.545,2.97,2,0
998_571,23.36497,70.08165,2,2,2023-10-25,2023-11-10,16,2.545,2.97,2,0
998_572,23.36222,70.08571,1,1,2023-10-25,2023-10-25,0,2.34,2.34,1,0
998_573,23.36219,70.08728,1,1,2023-11-10,2023-11-10,0,1.95,1.95,1,0
998_639,23.3637,70.32852,1,1,2023-12-28,2023-12-28,0,3.71,3.71,1,0
999_1250,23.36534,72.5563,1,1,2023-10-24,2023-10-24,0,8.15,8.15,1,0
999_1573,23.36843,73.73026,1,1,2023-06-03,2023-06-03,0,9.13,9.13,1,0
999_172,23.36625,68.62658,1,1,2023-10-24,2023-10-24,0,3.13,3.13,1,0
999_1734,23.36851,74.31732,1,1,2023-11-21,2023-11-21,0,2.81,2.81,1,0
999_174,23.36624,68.63422,1,1,2023-12-10,2023-12-10,0,2.95,2.95,1,0
999_1750,23.36632,74.37418,1,1,2023-03-26,2023-03-26,0,0.98,0.98,0,1
999_184,23.36813,68.67029,1,1,2023-12-26,2023-12-26,0,4.35,4.35,1,0
999_562,23.36767,70.04825,1,1,2023-11-10,2023-11-10,0,1.45,1.45,1,0
999_563,23.36838,70.05241,1,1,2023-11-10,2023-11-10,0,5.61,5.61,1,0
999_566,23.365634999999997,70.064315,2,2,2023-10-25,2023-11-10,16,2.17,2.77,2,0
999_569,23.36774,70.076,1,1,2023-10-25,2023-10-25,0,2.97,2.97,1,0
999_570,23.36774,70.0776,1,1,2023-11-10,2023-11-10,0,2.12,2.12,1,0
999_571,23.36844,70.08096499999999,2,2,2023-10-25,2023-11-10,16,2.545,2.97,2,0
999_572,23.365675,70.085805,2,2,2023-10-25,2023-11-10,16,2.545,2.78,2,0
999_594,23.36558,70.16426,1,1,2023-12-12,2023-12-12,0,2.02,2.02,1,0
999_628,23.36548,70.28751,1,1,2023-03-25,2023-03-25,0,4.38,4.38,1,0
99_1364,20.33624,72.96829,1,1,2023-04-22,2023-04-22,0,3.87,3.87,1,0
99_1478,20.33488,73.38665,1,1,2023-05-08,2023-05-08,0,1.14,1.14,1,0
99_1501,20.33583,73.46826,1,1,2023-05-27,2023-05-27,0,3.27,3.27,1,0
99_1758,20.33586,74.40327,1,1,2023-03-29,2023-03-29,0,7.08,7.08,1,0
9_1380,20.03294,73.02998,1,1,2023-03-25,2023-03-25,0,4.86,4.86,1,0
9_1483,20.0317,73.40295,1,1,2023-05-14,2023-05-14,0,1.7,1.7,1,0
9_1568,20.03043,73.71128,1,1,2023-03-20,2023-03-20,0,8.04,8.04,1,0
9_1637,20.03347,73.96381,1,1,2023-08-16,2023-08-16,0,6.84,6.84,1,0
9_1745,20.0312,74.35628,1,1,2023-05-25,2023-05-25,0,4.5,4.5,1,0
